entity_id,year,citations
canon_Other_00378,2022,1
canon_Other_00378,2024,1
canon_Other_00009,2022,0
canon_Other_00009,2024,0
canon_Other_00050,2022,1
canon_Other_00050,2024,2
canon_Method_00067,2022,2
canon_Method_00067,2024,3
canon_Material_00014,2022,1
canon_Material_00014,2024,1
canon_Material_00018,2022,0
canon_Material_00018,2024,0
canon_Task_00492,2022,0
canon_Task_00492,2024,0
canon_Material_00055,2022,1
canon_Material_00055,2024,2
canon_Material_00107,2022,1
canon_Material_00107,2024,1
canon_Material_00042,2022,0
canon_Material_00042,2024,0
canon_Method_00172,2022,0
canon_Method_00172,2024,0
canon_Material_00027,2022,1
canon_Material_00027,2024,2
canon_Material_00001,2022,0
canon_Material_00001,2024,0
canon_Other_00080,2022,0
canon_Other_00080,2024,0
canon_Other_00191,2022,0
canon_Other_00191,2024,0
canon_Task_00576,2022,0
canon_Task_00576,2024,0
canon_Material_00023,2022,3
canon_Material_00023,2024,6
canon_Task_00012,2022,0
canon_Task_00012,2024,0
canon_Task_00018,2022,0
canon_Task_00018,2024,0
canon_Material_00096,2022,0
canon_Material_00096,2024,0
canon_Method_00015,2022,0
canon_Method_00015,2024,0
canon_Material_00016,2022,0
canon_Material_00016,2024,0
canon_Method_00029,2022,0
canon_Method_00029,2024,0
canon_Other_00020,2022,0
canon_Other_00020,2024,0
canon_Material_00079,2022,0
canon_Material_00079,2024,0
canon_Material_00030,2022,0
canon_Material_00030,2024,0
canon_Other_00034,2022,1
canon_Other_00034,2024,1
canon_Method_00381,2022,1
canon_Method_00381,2024,1
canon_Other_00005,2022,0
canon_Other_00005,2024,0
canon_Other_00003,2022,0
canon_Other_00003,2024,0
canon_Other_00035,2022,1
canon_Other_00035,2024,1
canon_Other_00011,2022,0
canon_Other_00011,2024,0
canon_Material_00004,2022,0
canon_Material_00004,2024,0
canon_Material_00152,2022,2
canon_Material_00152,2024,3
canon_Method_00391,2022,1
canon_Method_00391,2024,1
canon_Task_00041,2022,1
canon_Task_00041,2024,1
canon_Material_00546,2022,0
canon_Material_00546,2024,0
canon_Method_00178,2022,0
canon_Method_00178,2024,0
canon_Material_00012,2022,0
canon_Material_00012,2024,0
canon_Material_00155,2022,0
canon_Material_00155,2024,0
canon_Material_00002,2022,0
canon_Material_00002,2024,0
canon_Other_00006,2022,1
canon_Other_00006,2024,1
canon_Material_00003,2022,0
canon_Material_00003,2024,0
canon_Material_00109,2022,1
canon_Material_00109,2024,2
canon_Material_00044,2022,1
canon_Material_00044,2024,1
canon_Material_00080,2022,1
canon_Material_00080,2024,2
canon_Method_00022,2022,0
canon_Method_00022,2024,0
canon_Method_00023,2022,0
canon_Method_00023,2024,0
canon_Other_00066,2022,0
canon_Other_00066,2024,0
canon_Other_00067,2022,0
canon_Other_00067,2024,0
canon_Other_00016,2022,1
canon_Other_00016,2024,1
canon_Other_00036,2022,0
canon_Other_00036,2024,0
canon_Material_00584,2022,0
canon_Material_00584,2024,0
canon_Method_00069,2022,0
canon_Method_00069,2024,0
canon_Task_00206,2022,1
canon_Task_00206,2024,1
canon_Task_00029,2022,0
canon_Task_00029,2024,0
canon_Task_00084,2022,1
canon_Task_00084,2024,1
canon_Method_00007,2022,1
canon_Method_00007,2024,1
canon_Other_00052,2022,1
canon_Other_00052,2024,1
canon_Material_00106,2022,1
canon_Material_00106,2024,2
canon_Method_01980,2022,1
canon_Method_01980,2024,1
canon_Material_00007,2022,0
canon_Material_00007,2024,0
canon_Method_00049,2022,2
canon_Method_00049,2024,5
canon_Material_00024,2022,2
canon_Material_00024,2024,5
canon_Method_00030,2022,1
canon_Method_00030,2024,1
canon_Other_00008,2022,1
canon_Other_00008,2024,2
canon_Method_00050,2022,0
canon_Method_00050,2024,0
canon_Other_00122,2022,0
canon_Other_00122,2024,0
canon_Method_00182,2022,1
canon_Method_00182,2024,1
canon_Method_00143,2022,0
canon_Method_00143,2024,0
canon_Material_00112,2022,1
canon_Material_00112,2024,1
canon_Material_00008,2022,0
canon_Material_00008,2024,0
canon_Material_00021,2022,0
canon_Material_00021,2024,0
canon_Method_00019,2022,0
canon_Method_00019,2024,0
canon_Method_00001,2022,0
canon_Method_00001,2024,0
canon_Material_00017,2022,0
canon_Material_00017,2024,0
canon_Task_00008,2022,0
canon_Task_00008,2024,0
canon_Other_00013,2022,0
canon_Other_00013,2024,0
canon_Method_00168,2022,2
canon_Method_00168,2024,5
canon_Method_00457,2022,1
canon_Method_00457,2024,2
canon_Metric_00039,2022,1
canon_Metric_00039,2024,1
canon_Material_00057,2022,0
canon_Material_00057,2024,0
canon_Method_00081,2022,1
canon_Method_00081,2024,1
canon_Method_00465,2022,1
canon_Method_00465,2024,1
canon_Metric_00006,2022,0
canon_Metric_00006,2024,0
canon_Material_00827,2022,1
canon_Material_00827,2024,1
canon_Task_00097,2022,0
canon_Task_00097,2024,0
canon_Material_00028,2022,2
canon_Material_00028,2024,4
canon_Other_00216,2022,0
canon_Other_00216,2024,0
canon_Method_00469,2022,1
canon_Method_00469,2024,2
canon_Material_00081,2022,1
canon_Material_00081,2024,2
canon_Method_00078,2022,0
canon_Method_00078,2024,0
canon_Method_00027,2022,0
canon_Method_00027,2024,0
canon_Method_00020,2022,0
canon_Method_00020,2024,0
canon_Material_00259,2022,0
canon_Material_00259,2024,0
canon_Method_00002,2022,3
canon_Method_00002,2024,6
canon_Metric_00040,2022,1
canon_Metric_00040,2024,1
canon_Method_00003,2022,0
canon_Method_00003,2024,0
canon_Method_00004,2022,4
canon_Method_00004,2024,7
canon_Material_00082,2022,0
canon_Material_00082,2024,0
canon_Material_00182,2022,0
canon_Material_00182,2024,0
canon_Method_00102,2022,1
canon_Method_00102,2024,1
canon_Method_00490,2022,2
canon_Method_00490,2024,5
canon_Metric_00001,2022,0
canon_Metric_00001,2024,0
canon_Method_00071,2022,0
canon_Method_00071,2024,0
canon_Task_00048,2022,1
canon_Task_00048,2024,1
canon_Material_00031,2022,0
canon_Material_00031,2024,0
canon_Method_00103,2022,0
canon_Method_00103,2024,0
canon_Material_00828,2022,1
canon_Material_00828,2024,1
canon_Material_00116,2022,0
canon_Material_00116,2024,0
canon_Method_00497,2022,0
canon_Method_00497,2024,0
canon_Task_00091,2022,0
canon_Task_00091,2024,0
canon_Other_00069,2022,1
canon_Other_00069,2024,1
canon_Task_00093,2022,1
canon_Task_00093,2024,1
canon_Method_00093,2022,1
canon_Method_00093,2024,1
canon_Other_00037,2022,0
canon_Other_00037,2024,0
canon_Other_00226,2022,0
canon_Other_00226,2024,0
canon_Method_00129,2022,0
canon_Method_00129,2024,0
canon_Task_00266,2022,1
canon_Task_00266,2024,1
canon_Method_00278,2022,1
canon_Method_00278,2024,1
canon_Metric_00003,2022,0
canon_Metric_00003,2024,0
canon_Other_00229,2022,0
canon_Other_00229,2024,0
canon_Method_01920,2022,1
canon_Method_01920,2024,1
canon_Material_00118,2022,1
canon_Material_00118,2024,1
canon_Method_00509,2022,0
canon_Method_00509,2024,0
canon_Task_00096,2022,0
canon_Task_00096,2024,0
canon_Material_00204,2022,1
canon_Material_00204,2024,2
canon_Other_00070,2022,1
canon_Other_00070,2024,1
canon_Method_00514,2022,1
canon_Method_00514,2024,1
canon_Material_00083,2022,0
canon_Material_00083,2024,0
canon_Task_00554,2022,0
canon_Task_00554,2024,0
canon_Method_00012,2022,0
canon_Method_00012,2024,0
canon_Other_00055,2022,0
canon_Other_00055,2024,0
canon_Method_00120,2022,1
canon_Method_00120,2024,1
canon_Other_00023,2022,0
canon_Other_00023,2024,0
canon_Task_00099,2022,0
canon_Task_00099,2024,0
canon_Method_00200,2022,0
canon_Method_00200,2024,0
canon_Material_00022,2022,1
canon_Material_00022,2024,1
canon_Method_00159,2022,1
canon_Method_00159,2024,2
canon_Material_00006,2022,0
canon_Material_00006,2024,0
canon_Other_00134,2022,0
canon_Other_00134,2024,0
canon_Method_00062,2022,0
canon_Method_00062,2024,0
canon_Other_00246,2022,0
canon_Other_00246,2024,0
canon_Material_00085,2022,0
canon_Material_00085,2024,0
canon_Method_00024,2022,1
canon_Method_00024,2024,1
canon_Material_00300,2022,2
canon_Material_00300,2024,4
canon_Method_01951,2022,1
canon_Method_01951,2024,1
canon_Material_00058,2022,0
canon_Material_00058,2024,0
canon_Method_00587,2022,0
canon_Method_00587,2024,0
canon_Material_00038,2022,0
canon_Material_00038,2024,0
canon_Material_00125,2022,0
canon_Material_00125,2024,0
canon_Method_00091,2022,1
canon_Method_00091,2024,1
canon_Other_00046,2022,1
canon_Other_00046,2024,1
canon_Method_01165,2022,0
canon_Method_01165,2024,0
canon_Method_00009,2022,0
canon_Method_00009,2024,0
canon_Method_00095,2022,0
canon_Method_00095,2024,0
canon_Material_00437,2022,0
canon_Material_00437,2024,0
canon_Method_00296,2022,0
canon_Method_00296,2024,0
canon_Method_00110,2022,1
canon_Method_00110,2024,1
canon_Method_00111,2022,2
canon_Method_00111,2024,3
canon_Material_00005,2022,7
canon_Material_00005,2024,14
canon_Other_00093,2022,0
canon_Other_00093,2024,0
canon_Material_00881,2022,2
canon_Material_00881,2024,5
canon_Method_00031,2022,2
canon_Method_00031,2024,4
canon_Other_00714,2022,1
canon_Other_00714,2024,1
canon_Task_00341,2022,2
canon_Task_00341,2024,3
canon_Material_00315,2022,0
canon_Material_00315,2024,0
canon_Task_00119,2022,0
canon_Task_00119,2024,0
canon_Material_00202,2022,1
canon_Material_00202,2024,2
canon_Material_00059,2022,0
canon_Material_00059,2024,0
canon_Method_00194,2022,1
canon_Method_00194,2024,2
canon_Method_00611,2022,0
canon_Method_00611,2024,0
canon_Material_00891,2022,1
canon_Material_00891,2024,1
canon_Material_00060,2022,0
canon_Material_00060,2024,0
canon_Method_00788,2022,1
canon_Method_00788,2024,2
canon_Task_00057,2022,1
canon_Task_00057,2024,1
canon_Material_00087,2022,1
canon_Material_00087,2024,2
canon_Method_00205,2022,0
canon_Method_00205,2024,0
canon_Other_00725,2022,1
canon_Other_00725,2024,1
canon_Material_00878,2022,1
canon_Material_00878,2024,2
canon_Material_00061,2022,1
canon_Material_00061,2024,2
canon_Material_00557,2022,0
canon_Material_00557,2024,0
canon_Other_00094,2022,1
canon_Other_00094,2024,1
canon_Material_00010,2022,2
canon_Material_00010,2024,3
canon_Task_00806,2022,2
canon_Task_00806,2024,4
canon_Other_00039,2022,0
canon_Other_00039,2024,0
canon_Material_00755,2022,1
canon_Material_00755,2024,2
canon_Method_00622,2022,1
canon_Method_00622,2024,1
canon_Method_00218,2022,1
canon_Method_00218,2024,2
canon_Other_00096,2022,0
canon_Other_00096,2024,0
canon_Material_00020,2022,0
canon_Material_00020,2024,0
canon_Task_00126,2022,0
canon_Task_00126,2024,0
canon_Method_00626,2022,0
canon_Method_00626,2024,0
canon_Method_00076,2022,0
canon_Method_00076,2024,0
canon_Material_00786,2022,0
canon_Material_00786,2024,0
canon_Metric_00007,2022,0
canon_Metric_00007,2024,0
canon_Material_00019,2022,1
canon_Material_00019,2024,1
canon_Method_00112,2022,1
canon_Method_00112,2024,1
canon_Method_01112,2022,0
canon_Method_01112,2024,0
canon_Other_00258,2022,1
canon_Other_00258,2024,1
canon_Method_00113,2022,1
canon_Method_00113,2024,1
canon_Task_00112,2022,0
canon_Task_00112,2024,0
canon_Method_00080,2022,0
canon_Method_00080,2024,0
canon_Method_00077,2022,1
canon_Method_00077,2024,1
canon_Method_00641,2022,0
canon_Method_00641,2024,0
canon_Other_00760,2022,0
canon_Other_00760,2024,0
canon_Other_00264,2022,1
canon_Other_00264,2024,1
canon_Method_00648,2022,0
canon_Method_00648,2024,0
canon_Method_00649,2022,1
canon_Method_00649,2024,1
canon_Other_00098,2022,2
canon_Other_00098,2024,3
canon_Method_00005,2022,1
canon_Method_00005,2024,1
canon_Material_00062,2022,0
canon_Material_00062,2024,0
canon_Other_00072,2022,0
canon_Other_00072,2024,0
canon_Method_00114,2022,0
canon_Method_00114,2024,0
canon_Method_00116,2022,1
canon_Method_00116,2024,1
canon_Task_00034,2022,1
canon_Task_00034,2024,1
canon_Method_00128,2022,1
canon_Method_00128,2024,1
canon_Task_00013,2022,0
canon_Task_00013,2024,0
canon_Method_00035,2022,4
canon_Method_00035,2024,8
canon_Material_00831,2022,1
canon_Material_00831,2024,1
canon_Material_00136,2022,1
canon_Material_00136,2024,1
canon_Material_00333,2022,0
canon_Material_00333,2024,0
canon_Method_00079,2022,0
canon_Method_00079,2024,0
canon_Material_00137,2022,0
canon_Material_00137,2024,0
canon_Material_00063,2022,1
canon_Material_00063,2024,2
canon_Task_00149,2022,1
canon_Task_00149,2024,1
canon_Method_00678,2022,0
canon_Method_00678,2024,0
canon_Method_00201,2022,0
canon_Method_00201,2024,0
canon_Task_00129,2022,1
canon_Task_00129,2024,1
canon_Task_00003,2022,0
canon_Task_00003,2024,0
canon_Material_00009,2022,0
canon_Material_00009,2024,0
canon_Material_00139,2022,0
canon_Material_00139,2024,0
canon_Method_00204,2022,0
canon_Method_00204,2024,0
canon_Metric_00101,2022,0
canon_Metric_00101,2024,0
canon_Method_00117,2022,1
canon_Method_00117,2024,2
canon_Method_00025,2022,0
canon_Method_00025,2024,0
canon_Task_00368,2022,0
canon_Task_00368,2024,0
canon_Method_00275,2022,1
canon_Method_00275,2024,1
canon_Method_00694,2022,0
canon_Method_00694,2024,0
canon_Metric_00056,2022,0
canon_Metric_00056,2024,0
canon_Material_00088,2022,1
canon_Material_00088,2024,1
canon_Method_01220,2022,0
canon_Method_01220,2024,0
canon_Method_00358,2022,1
canon_Method_00358,2024,2
canon_Method_00036,2022,0
canon_Method_00036,2024,0
canon_Method_00051,2022,0
canon_Method_00051,2024,0
canon_Method_00118,2022,0
canon_Method_00118,2024,0
canon_Other_00804,2022,0
canon_Other_00804,2024,0
canon_Other_00100,2022,0
canon_Other_00100,2024,0
canon_Method_00705,2022,1
canon_Method_00705,2024,2
canon_Method_00706,2022,1
canon_Method_00706,2024,1
canon_Method_00207,2022,1
canon_Method_00207,2024,2
canon_Method_00323,2022,0
canon_Method_00323,2024,0
canon_Material_00011,2022,1
canon_Material_00011,2024,1
canon_Material_00064,2022,0
canon_Material_00064,2024,0
canon_Other_00163,2022,0
canon_Other_00163,2024,0
canon_Material_00046,2022,1
canon_Material_00046,2024,2
canon_Material_00032,2022,1
canon_Material_00032,2024,1
canon_Material_00033,2022,1
canon_Material_00033,2024,1
canon_Method_00287,2022,0
canon_Method_00287,2024,0
canon_Other_00830,2022,0
canon_Other_00830,2024,0
canon_Task_00037,2022,1
canon_Task_00037,2024,1
canon_Material_00361,2022,1
canon_Material_00361,2024,1
canon_Method_00337,2022,1
canon_Method_00337,2024,2
canon_Task_00121,2022,1
canon_Task_00121,2024,1
canon_Metric_00002,2022,0
canon_Metric_00002,2024,0
canon_Method_00756,2022,0
canon_Method_00756,2024,0
canon_Other_00275,2022,0
canon_Other_00275,2024,0
canon_Other_00277,2022,0
canon_Other_00277,2024,0
canon_Material_00804,2022,8
canon_Material_00804,2024,16
canon_Method_00761,2022,1
canon_Method_00761,2024,1
canon_Method_00763,2022,1
canon_Method_00763,2024,1
canon_Material_00149,2022,1
canon_Material_00149,2024,1
canon_Method_00768,2022,1
canon_Method_00768,2024,1
canon_Task_00023,2022,0
canon_Task_00023,2024,0
canon_Material_00195,2022,2
canon_Material_00195,2024,5
canon_Other_00328,2022,0
canon_Other_00328,2024,0
canon_Material_00034,2022,1
canon_Material_00034,2024,2
canon_Method_00021,2022,0
canon_Method_00021,2024,0
canon_Material_00150,2022,0
canon_Material_00150,2024,0
canon_Method_00258,2022,1
canon_Method_00258,2024,1
canon_Method_00144,2022,0
canon_Method_00144,2024,0
canon_Task_00578,2022,0
canon_Task_00578,2024,0
canon_Method_00010,2022,0
canon_Method_00010,2024,0
canon_Material_00559,2022,0
canon_Material_00559,2024,0
canon_Task_00024,2022,0
canon_Task_00024,2024,0
canon_Material_00037,2022,0
canon_Material_00037,2024,0
canon_Method_00780,2022,1
canon_Method_00780,2024,1
canon_Material_00840,2022,1
canon_Material_00840,2024,1
canon_Material_00153,2022,0
canon_Material_00153,2024,0
canon_Material_00089,2022,0
canon_Material_00089,2024,0
canon_Material_00035,2022,0
canon_Material_00035,2024,0
canon_Other_00033,2022,0
canon_Other_00033,2024,0
canon_Material_00198,2022,1
canon_Material_00198,2024,2
canon_Material_00065,2022,0
canon_Material_00065,2024,0
canon_Other_00282,2022,0
canon_Other_00282,2024,0
canon_Method_00783,2022,0
canon_Method_00783,2024,0
canon_Metric_00066,2022,1
canon_Metric_00066,2024,1
canon_Metric_00009,2022,1
canon_Metric_00009,2024,1
canon_Method_00082,2022,1
canon_Method_00082,2024,2
canon_Method_00214,2022,1
canon_Method_00214,2024,1
canon_Material_00066,2022,0
canon_Material_00066,2024,0
canon_Material_00036,2022,0
canon_Material_00036,2024,0
canon_Other_00103,2022,0
canon_Other_00103,2024,0
canon_Task_00071,2022,2
canon_Task_00071,2024,3
canon_Other_00150,2022,1
canon_Other_00150,2024,1
canon_Material_00163,2022,1
canon_Material_00163,2024,1
canon_Method_00790,2022,0
canon_Method_00790,2024,0
canon_Other_00022,2022,3
canon_Other_00022,2024,6
canon_Task_00817,2022,2
canon_Task_00817,2024,3
canon_Material_00398,2022,0
canon_Material_00398,2024,0
canon_Task_00001,2022,6
canon_Task_00001,2024,12
canon_Task_00060,2022,1
canon_Task_00060,2024,1
canon_Method_00016,2022,0
canon_Method_00016,2024,0
canon_Method_00217,2022,0
canon_Method_00217,2024,0
canon_Material_00399,2022,0
canon_Material_00399,2024,0
canon_Method_00799,2022,0
canon_Method_00799,2024,0
canon_Method_01352,2022,0
canon_Method_01352,2024,0
canon_Task_00028,2022,2
canon_Task_00028,2024,5
canon_Material_00092,2022,1
canon_Material_00092,2024,2
canon_Method_00123,2022,1
canon_Method_00123,2024,1
canon_Method_01336,2022,0
canon_Method_01336,2024,0
canon_Method_02023,2022,1
canon_Method_02023,2024,1
canon_Other_00048,2022,1
canon_Other_00048,2024,1
canon_Other_00155,2022,0
canon_Other_00155,2024,0
canon_Method_00088,2022,0
canon_Method_00088,2024,0
canon_Method_00262,2022,0
canon_Method_00262,2024,0
canon_Method_00032,2022,0
canon_Method_00032,2024,0
canon_Material_00071,2022,0
canon_Material_00071,2024,0
canon_Method_00221,2022,1
canon_Method_00221,2024,1
canon_Method_00222,2022,1
canon_Method_00222,2024,1
canon_Method_00821,2022,1
canon_Method_00821,2024,1
canon_Method_00052,2022,1
canon_Method_00052,2024,1
canon_Other_00026,2022,0
canon_Other_00026,2024,0
canon_Material_00047,2022,0
canon_Material_00047,2024,0
canon_Method_00223,2022,1
canon_Method_00223,2024,2
canon_Method_00224,2022,1
canon_Method_00224,2024,2
canon_Method_00831,2022,1
canon_Method_00831,2024,1
canon_Method_00131,2022,0
canon_Method_00131,2024,0
canon_Method_00226,2022,1
canon_Method_00226,2024,1
canon_Material_00093,2022,1
canon_Material_00093,2024,1
canon_Other_00105,2022,1
canon_Other_00105,2024,2
canon_Method_00008,2022,3
canon_Method_00008,2024,6
canon_Method_00028,2022,0
canon_Method_00028,2024,0
canon_Material_00625,2022,0
canon_Material_00625,2024,0
canon_Method_00084,2022,0
canon_Method_00084,2024,0
canon_Material_00161,2022,0
canon_Material_00161,2024,0
canon_Method_00053,2022,0
canon_Method_00053,2024,0
canon_Method_00863,2022,1
canon_Method_00863,2024,1
canon_Method_00865,2022,1
canon_Method_00865,2024,1
canon_Other_00059,2022,0
canon_Other_00059,2024,0
canon_Method_00233,2022,0
canon_Method_00233,2024,0
canon_Task_00062,2022,0
canon_Task_00062,2024,0
canon_Other_00107,2022,0
canon_Other_00107,2024,0
canon_Method_00235,2022,0
canon_Method_00235,2024,0
canon_Method_00236,2022,0
canon_Method_00236,2024,0
canon_Method_00238,2022,0
canon_Method_00238,2024,0
canon_Material_00077,2022,2
canon_Material_00077,2024,3
canon_Material_00166,2022,0
canon_Material_00166,2024,0
canon_Other_00159,2022,0
canon_Other_00159,2024,0
canon_Method_00921,2022,0
canon_Method_00921,2024,0
canon_Task_00438,2022,1
canon_Task_00438,2024,1
canon_Other_00074,2022,1
canon_Other_00074,2024,2
canon_Material_00097,2022,0
canon_Material_00097,2024,0
canon_Material_00167,2022,1
canon_Material_00167,2024,1
canon_Other_00160,2022,0
canon_Other_00160,2024,0
canon_Method_00038,2022,0
canon_Method_00038,2024,0
canon_Material_00098,2022,0
canon_Material_00098,2024,0
canon_Method_01829,2022,1
canon_Method_01829,2024,2
canon_Method_00938,2022,0
canon_Method_00938,2024,0
canon_Material_00048,2022,2
canon_Material_00048,2024,3
canon_Task_00453,2022,1
canon_Task_00453,2024,1
canon_Material_00168,2022,1
canon_Material_00168,2024,1
canon_Other_00108,2022,1
canon_Other_00108,2024,2
canon_Other_00300,2022,0
canon_Other_00300,2024,0
canon_Method_00948,2022,0
canon_Method_00948,2024,0
canon_Method_00954,2022,1
canon_Method_00954,2024,1
canon_Method_00057,2022,2
canon_Method_00057,2024,3
canon_Method_00058,2022,0
canon_Method_00058,2024,0
canon_Method_00956,2022,1
canon_Method_00956,2024,1
canon_Material_00049,2022,1
canon_Material_00049,2024,1
canon_Material_00170,2022,1
canon_Material_00170,2024,1
canon_Other_00075,2022,1
canon_Other_00075,2024,2
canon_Material_00100,2022,0
canon_Material_00100,2024,0
canon_Method_00969,2022,1
canon_Method_00969,2024,1
canon_Method_00248,2022,1
canon_Method_00248,2024,1
canon_Task_00130,2022,1
canon_Task_00130,2024,1
canon_Material_00013,2022,0
canon_Material_00013,2024,0
canon_Method_00268,2022,0
canon_Method_00268,2024,0
canon_Metric_00008,2022,0
canon_Metric_00008,2024,0
canon_Metric_00005,2022,0
canon_Metric_00005,2024,0
canon_Material_00676,2022,0
canon_Material_00676,2024,0
canon_Other_01072,2022,0
canon_Other_01072,2024,0
canon_Task_00459,2022,1
canon_Task_00459,2024,1
canon_Task_00132,2022,0
canon_Task_00132,2024,0
canon_Material_00068,2022,0
canon_Material_00068,2024,0
canon_Method_01149,2022,0
canon_Method_01149,2024,0
canon_Method_00042,2022,0
canon_Method_00042,2024,0
canon_Material_00025,2022,0
canon_Material_00025,2024,0
canon_Material_00101,2022,0
canon_Material_00101,2024,0
canon_Material_00502,2022,1
canon_Material_00502,2024,1
canon_Material_00069,2022,1
canon_Material_00069,2024,1
canon_Material_00070,2022,0
canon_Material_00070,2024,0
canon_Method_01070,2022,0
canon_Method_01070,2024,0
canon_Method_00253,2022,1
canon_Method_00253,2024,1
canon_Material_00026,2022,0
canon_Material_00026,2024,0
canon_Method_01006,2022,0
canon_Method_01006,2024,0
canon_Task_00474,2022,1
canon_Task_00474,2024,1
canon_Task_00475,2022,0
canon_Task_00475,2024,0
canon_Task_00038,2022,0
canon_Task_00038,2024,0
canon_Method_00041,2022,2
canon_Method_00041,2024,4
canon_Other_00110,2022,0
canon_Other_00110,2024,0
canon_Material_00525,2022,1
canon_Material_00525,2024,1
canon_Method_01025,2022,1
canon_Method_01025,2024,1
canon_Material_00072,2022,1
canon_Material_00072,2024,1
canon_Other_00302,2022,1
canon_Other_00302,2024,1
canon_Task_00005,2022,4
canon_Task_00005,2024,8
canon_Other_00303,2022,1
canon_Other_00303,2024,2
canon_Method_00256,2022,0
canon_Method_00256,2024,0
canon_Other_00304,2022,0
canon_Other_00304,2024,0
canon_Method_00259,2022,1
canon_Method_00259,2024,1
canon_Other_00168,2022,1
canon_Other_00168,2024,1
canon_Other_00060,2022,0
canon_Other_00060,2024,0
canon_Task_00480,2022,0
canon_Task_00480,2024,0
canon_Method_01038,2022,0
canon_Method_01038,2024,0
canon_Material_00536,2022,0
canon_Material_00536,2024,0
canon_Material_00537,2022,0
canon_Material_00537,2024,0
canon_Material_00538,2022,0
canon_Material_00538,2024,0
canon_Material_00539,2022,0
canon_Material_00539,2024,0
canon_Material_00039,2022,0
canon_Material_00039,2024,0
canon_Material_00540,2022,0
canon_Material_00540,2024,0
canon_Method_01039,2022,0
canon_Method_01039,2024,0
canon_Metric_00017,2022,0
canon_Metric_00017,2024,0
canon_Method_01040,2022,0
canon_Method_01040,2024,0
canon_Material_00541,2022,0
canon_Material_00541,2024,0
canon_Method_01041,2022,0
canon_Method_01041,2024,0
canon_Material_00542,2022,0
canon_Material_00542,2024,0
canon_Material_00543,2022,0
canon_Material_00543,2024,0
canon_Other_01129,2022,0
canon_Other_01129,2024,0
canon_Material_00544,2022,0
canon_Material_00544,2024,0
canon_Method_01042,2022,0
canon_Method_01042,2024,0
canon_Method_01043,2022,0
canon_Method_01043,2024,0
canon_Material_00545,2022,0
canon_Material_00545,2024,0
canon_Task_00481,2022,0
canon_Task_00481,2024,0
canon_Method_01044,2022,0
canon_Method_01044,2024,0
canon_Other_00306,2022,0
canon_Other_00306,2024,0
canon_Other_00307,2022,0
canon_Other_00307,2024,0
canon_Other_01130,2022,0
canon_Other_01130,2024,0
canon_Other_01131,2022,0
canon_Other_01131,2024,0
canon_Other_01132,2022,0
canon_Other_01132,2024,0
canon_Other_01133,2022,0
canon_Other_01133,2024,0
canon_Other_01134,2022,0
canon_Other_01134,2024,0
canon_Method_00261,2022,0
canon_Method_00261,2024,0
canon_Task_00482,2022,0
canon_Task_00482,2024,0
canon_Other_01135,2022,0
canon_Other_01135,2024,0
canon_Other_00308,2022,0
canon_Other_00308,2024,0
canon_Other_01136,2022,0
canon_Other_01136,2024,0
canon_Other_01137,2022,0
canon_Other_01137,2024,0
canon_Method_01045,2022,0
canon_Method_01045,2024,0
canon_Other_01138,2022,0
canon_Other_01138,2024,0
canon_Other_01139,2022,0
canon_Other_01139,2024,0
canon_Other_01140,2022,0
canon_Other_01140,2024,0
canon_Other_01141,2022,0
canon_Other_01141,2024,0
canon_Other_01142,2022,0
canon_Other_01142,2024,0
canon_Material_00547,2022,0
canon_Material_00547,2024,0
canon_Method_01046,2022,0
canon_Method_01046,2024,0
canon_Other_01143,2022,0
canon_Other_01143,2024,0
canon_Other_01144,2022,0
canon_Other_01144,2024,0
canon_Method_01047,2022,0
canon_Method_01047,2024,0
canon_Method_01048,2022,0
canon_Method_01048,2024,0
canon_Other_01145,2022,0
canon_Other_01145,2024,0
canon_Method_01049,2022,0
canon_Method_01049,2024,0
canon_Method_01050,2022,0
canon_Method_01050,2024,0
canon_Method_01051,2022,0
canon_Method_01051,2024,0
canon_Method_01052,2022,0
canon_Method_01052,2024,0
canon_Material_00548,2022,0
canon_Material_00548,2024,0
canon_Other_00061,2022,0
canon_Other_00061,2024,0
canon_Method_01053,2022,0
canon_Method_01053,2024,0
canon_Material_00549,2022,0
canon_Material_00549,2024,0
canon_Material_00550,2022,0
canon_Material_00550,2024,0
canon_Material_00192,2022,1
canon_Material_00192,2024,1
canon_Material_00551,2022,0
canon_Material_00551,2024,0
canon_Material_00552,2022,0
canon_Material_00552,2024,0
canon_Material_00553,2022,0
canon_Material_00553,2024,0
canon_Method_01054,2022,0
canon_Method_01054,2024,0
canon_Method_01055,2022,0
canon_Method_01055,2024,0
canon_Other_01147,2022,0
canon_Other_01147,2024,0
canon_Other_01148,2022,0
canon_Other_01148,2024,0
canon_Material_00554,2022,0
canon_Material_00554,2024,0
canon_Method_01056,2022,0
canon_Method_01056,2024,0
canon_Other_01150,2022,0
canon_Other_01150,2024,0
canon_Method_01057,2022,0
canon_Method_01057,2024,0
canon_Other_01151,2022,0
canon_Other_01151,2024,0
canon_Other_01152,2022,0
canon_Other_01152,2024,0
canon_Other_01153,2022,0
canon_Other_01153,2024,0
canon_Other_01154,2022,0
canon_Other_01154,2024,0
canon_Other_01155,2022,0
canon_Other_01155,2024,0
canon_Other_01156,2022,0
canon_Other_01156,2024,0
canon_Method_01058,2022,0
canon_Method_01058,2024,0
canon_Method_01059,2022,0
canon_Method_01059,2024,0
canon_Method_01060,2022,0
canon_Method_01060,2024,0
canon_Method_01061,2022,0
canon_Method_01061,2024,0
canon_Method_01062,2022,0
canon_Method_01062,2024,0
canon_Material_00555,2022,0
canon_Material_00555,2024,0
canon_Material_00556,2022,0
canon_Material_00556,2024,0
canon_Other_01157,2022,0
canon_Other_01157,2024,0
canon_Other_00309,2022,0
canon_Other_00309,2024,0
canon_Other_01158,2022,0
canon_Other_01158,2024,0
canon_Method_01063,2022,0
canon_Method_01063,2024,0
canon_Task_00483,2022,0
canon_Task_00483,2024,0
canon_Method_01064,2022,0
canon_Method_01064,2024,0
canon_Method_01409,2022,0
canon_Method_01409,2024,0
canon_Method_01065,2022,0
canon_Method_01065,2024,0
canon_Metric_00085,2022,0
canon_Metric_00085,2024,0
canon_Method_01071,2022,0
canon_Method_01071,2024,0
canon_Method_01066,2022,0
canon_Method_01066,2024,0
canon_Method_01067,2022,0
canon_Method_01067,2024,0
canon_Other_01159,2022,0
canon_Other_01159,2024,0
canon_Other_01160,2022,0
canon_Other_01160,2024,0
canon_Method_01068,2022,0
canon_Method_01068,2024,0
canon_Method_01069,2022,0
canon_Method_01069,2024,0
canon_Other_00169,2022,0
canon_Other_00169,2024,0
canon_Material_00558,2022,0
canon_Material_00558,2024,0
canon_Other_01161,2022,0
canon_Other_01161,2024,0
canon_Other_01162,2022,0
canon_Other_01162,2024,0
canon_Material_00560,2022,0
canon_Material_00560,2024,0
canon_Material_00561,2022,0
canon_Material_00561,2024,0
canon_Task_00486,2022,0
canon_Task_00486,2024,0
canon_Material_00562,2022,0
canon_Material_00562,2024,0
canon_Other_01163,2022,0
canon_Other_01163,2024,0
canon_Material_00102,2022,1
canon_Material_00102,2024,1
canon_Task_00487,2022,0
canon_Task_00487,2024,0
canon_Other_01164,2022,0
canon_Other_01164,2024,0
canon_Method_01072,2022,0
canon_Method_01072,2024,0
canon_Other_01165,2022,0
canon_Other_01165,2024,0
canon_Method_01073,2022,0
canon_Method_01073,2024,0
canon_Method_01074,2022,0
canon_Method_01074,2024,0
canon_Task_00488,2022,0
canon_Task_00488,2024,0
canon_Material_00563,2022,0
canon_Material_00563,2024,0
canon_Other_00173,2022,0
canon_Other_00173,2024,0
canon_Method_00263,2022,0
canon_Method_00263,2024,0
canon_Task_00136,2022,0
canon_Task_00136,2024,0
canon_Other_01166,2022,0
canon_Other_01166,2024,0
canon_Material_00564,2022,0
canon_Material_00564,2024,0
canon_Method_01357,2022,0
canon_Method_01357,2024,0
canon_Other_00310,2022,0
canon_Other_00310,2024,0
canon_Other_01168,2022,0
canon_Other_01168,2024,0
canon_Material_00565,2022,0
canon_Material_00565,2024,0
canon_Material_00566,2022,0
canon_Material_00566,2024,0
canon_Method_01075,2022,0
canon_Method_01075,2024,0
canon_Method_01076,2022,0
canon_Method_01076,2024,0
canon_Material_00567,2022,0
canon_Material_00567,2024,0
canon_Method_00308,2022,0
canon_Method_00308,2024,0
canon_Task_00137,2022,0
canon_Task_00137,2024,0
canon_Other_01169,2022,0
canon_Other_01169,2024,0
canon_Material_00104,2022,1
canon_Material_00104,2024,1
canon_Method_01077,2022,0
canon_Method_01077,2024,0
canon_Other_01170,2022,0
canon_Other_01170,2024,0
canon_Method_01078,2022,0
canon_Method_01078,2024,0
canon_Other_01171,2022,0
canon_Other_01171,2024,0
canon_Material_00568,2022,0
canon_Material_00568,2024,0
canon_Metric_00086,2022,0
canon_Metric_00086,2024,0
canon_Metric_00019,2022,0
canon_Metric_00019,2024,0
canon_Task_00490,2022,0
canon_Task_00490,2024,0
canon_Method_00132,2022,0
canon_Method_00132,2024,0
canon_Method_01079,2022,0
canon_Method_01079,2024,0
canon_Task_00491,2022,0
canon_Task_00491,2024,0
canon_Method_01080,2022,0
canon_Method_01080,2024,0
canon_Other_01172,2022,0
canon_Other_01172,2024,0
canon_Other_01173,2022,0
canon_Other_01173,2024,0
canon_Metric_00087,2022,0
canon_Metric_00087,2024,0
canon_Metric_00088,2022,0
canon_Metric_00088,2024,0
canon_Method_01081,2022,0
canon_Method_01081,2024,0
canon_Other_01174,2022,0
canon_Other_01174,2024,0
canon_Method_00133,2022,0
canon_Method_00133,2024,0
canon_Other_00311,2022,0
canon_Other_00311,2024,0
canon_Other_01175,2022,0
canon_Other_01175,2024,0
canon_Metric_00089,2022,0
canon_Metric_00089,2024,0
canon_Other_01176,2022,0
canon_Other_01176,2024,0
canon_Other_01177,2022,0
canon_Other_01177,2024,0
canon_Method_01082,2022,0
canon_Method_01082,2024,0
canon_Other_00312,2022,0
canon_Other_00312,2024,0
canon_Other_01178,2022,0
canon_Other_01178,2024,0
canon_Material_00569,2022,0
canon_Material_00569,2024,0
canon_Material_00570,2022,0
canon_Material_00570,2024,0
canon_Other_01180,2022,0
canon_Other_01180,2024,0
canon_Other_00313,2022,0
canon_Other_00313,2024,0
canon_Task_00493,2022,0
canon_Task_00493,2024,0
canon_Task_00494,2022,0
canon_Task_00494,2024,0
canon_Task_00495,2022,0
canon_Task_00495,2024,0
canon_Task_00496,2022,0
canon_Task_00496,2024,0
canon_Task_00497,2022,0
canon_Task_00497,2024,0
canon_Method_01083,2022,0
canon_Method_01083,2024,0
canon_Method_01084,2022,0
canon_Method_01084,2024,0
canon_Task_00498,2022,0
canon_Task_00498,2024,0
canon_Task_00499,2022,0
canon_Task_00499,2024,0
canon_Method_01085,2022,0
canon_Method_01085,2024,0
canon_Method_01086,2022,0
canon_Method_01086,2024,0
canon_Method_01087,2022,0
canon_Method_01087,2024,0
canon_Method_01088,2022,0
canon_Method_01088,2024,0
canon_Method_00264,2022,0
canon_Method_00264,2024,0
canon_Method_01089,2022,0
canon_Method_01089,2024,0
canon_Other_01182,2022,0
canon_Other_01182,2024,0
canon_Method_01090,2022,0
canon_Method_01090,2024,0
canon_Method_01091,2022,0
canon_Method_01091,2024,0
canon_Method_01092,2022,0
canon_Method_01092,2024,0
canon_Task_00500,2022,0
canon_Task_00500,2024,0
canon_Material_00571,2022,0
canon_Material_00571,2024,0
canon_Material_00572,2022,0
canon_Material_00572,2024,0
canon_Method_01093,2022,0
canon_Method_01093,2024,0
canon_Method_01094,2022,0
canon_Method_01094,2024,0
canon_Method_01095,2022,0
canon_Method_01095,2024,0
canon_Task_00501,2022,0
canon_Task_00501,2024,0
canon_Method_00265,2022,0
canon_Method_00265,2024,0
canon_Method_01096,2022,0
canon_Method_01096,2024,0
canon_Other_01183,2022,0
canon_Other_01183,2024,0
canon_Method_01097,2022,0
canon_Method_01097,2024,0
canon_Method_01098,2022,0
canon_Method_01098,2024,0
canon_Material_00573,2022,0
canon_Material_00573,2024,0
canon_Other_01185,2022,0
canon_Other_01185,2024,0
canon_Method_01099,2022,0
canon_Method_01099,2024,0
canon_Method_01100,2022,0
canon_Method_01100,2024,0
canon_Task_00066,2022,0
canon_Task_00066,2024,0
canon_Method_01101,2022,0
canon_Method_01101,2024,0
canon_Material_00574,2022,0
canon_Material_00574,2024,0
canon_Material_00575,2022,0
canon_Material_00575,2024,0
canon_Other_00170,2022,0
canon_Other_00170,2024,0
canon_Metric_00090,2022,0
canon_Metric_00090,2024,0
canon_Method_01102,2022,0
canon_Method_01102,2024,0
canon_Method_01103,2022,0
canon_Method_01103,2024,0
canon_Method_01104,2022,0
canon_Method_01104,2024,0
canon_Metric_00091,2022,0
canon_Metric_00091,2024,0
canon_Other_01186,2022,0
canon_Other_01186,2024,0
canon_Method_01105,2022,0
canon_Method_01105,2024,0
canon_Other_01187,2022,0
canon_Other_01187,2024,0
canon_Other_00171,2022,0
canon_Other_00171,2024,0
canon_Other_01188,2022,0
canon_Other_01188,2024,0
canon_Method_01106,2022,0
canon_Method_01106,2024,0
canon_Method_01107,2022,0
canon_Method_01107,2024,0
canon_Other_01189,2022,0
canon_Other_01189,2024,0
canon_Other_01190,2022,0
canon_Other_01190,2024,0
canon_Other_01191,2022,0
canon_Other_01191,2024,0
canon_Method_01108,2022,0
canon_Method_01108,2024,0
canon_Other_01192,2022,0
canon_Other_01192,2024,0
canon_Other_01193,2022,0
canon_Other_01193,2024,0
canon_Metric_00092,2022,0
canon_Metric_00092,2024,0
canon_Method_01109,2022,0
canon_Method_01109,2024,0
canon_Method_01110,2022,0
canon_Method_01110,2024,0
canon_Method_01111,2022,0
canon_Method_01111,2024,0
canon_Other_01194,2022,0
canon_Other_01194,2024,0
canon_Other_01195,2022,0
canon_Other_01195,2024,0
canon_Material_00576,2022,0
canon_Material_00576,2024,0
canon_Task_00503,2022,0
canon_Task_00503,2024,0
canon_Task_00504,2022,0
canon_Task_00504,2024,0
canon_Method_01113,2022,0
canon_Method_01113,2024,0
canon_Other_01196,2022,0
canon_Other_01196,2024,0
canon_Material_00577,2022,0
canon_Material_00577,2024,0
canon_Other_01197,2022,0
canon_Other_01197,2024,0
canon_Other_01198,2022,0
canon_Other_01198,2024,0
canon_Other_01199,2022,0
canon_Other_01199,2024,0
canon_Method_01114,2022,0
canon_Method_01114,2024,0
canon_Task_00505,2022,0
canon_Task_00505,2024,0
canon_Task_00506,2022,0
canon_Task_00506,2024,0
canon_Method_01115,2022,0
canon_Method_01115,2024,0
canon_Other_01200,2022,0
canon_Other_01200,2024,0
canon_Method_01116,2022,0
canon_Method_01116,2024,0
canon_Method_01117,2022,0
canon_Method_01117,2024,0
canon_Method_01118,2022,0
canon_Method_01118,2024,0
canon_Method_01119,2022,0
canon_Method_01119,2024,0
canon_Method_00043,2022,0
canon_Method_00043,2024,0
canon_Other_01201,2022,0
canon_Other_01201,2024,0
canon_Metric_00093,2022,0
canon_Metric_00093,2024,0
canon_Metric_00094,2022,0
canon_Metric_00094,2024,0
canon_Metric_00095,2022,0
canon_Metric_00095,2024,0
canon_Method_01120,2022,0
canon_Method_01120,2024,0
canon_Method_01121,2022,0
canon_Method_01121,2024,0
canon_Method_01122,2022,0
canon_Method_01122,2024,0
canon_Method_01123,2022,0
canon_Method_01123,2024,0
canon_Method_00134,2022,0
canon_Method_00134,2024,0
canon_Task_00507,2022,0
canon_Task_00507,2024,0
canon_Method_01124,2022,0
canon_Method_01124,2024,0
canon_Other_01202,2022,0
canon_Other_01202,2024,0
canon_Other_01203,2022,0
canon_Other_01203,2024,0
canon_Other_01204,2022,0
canon_Other_01204,2024,0
canon_Other_01205,2022,0
canon_Other_01205,2024,0
canon_Method_00266,2022,0
canon_Method_00266,2024,0
canon_Method_01125,2022,0
canon_Method_01125,2024,0
canon_Method_01126,2022,0
canon_Method_01126,2024,0
canon_Method_01127,2022,0
canon_Method_01127,2024,0
canon_Method_01128,2022,0
canon_Method_01128,2024,0
canon_Other_00314,2022,0
canon_Other_00314,2024,0
canon_Other_01206,2022,0
canon_Other_01206,2024,0
canon_Other_01207,2022,0
canon_Other_01207,2024,0
canon_Material_00103,2022,0
canon_Material_00103,2024,0
canon_Method_00267,2022,0
canon_Method_00267,2024,0
canon_Material_00578,2022,0
canon_Material_00578,2024,0
canon_Task_00508,2022,0
canon_Task_00508,2024,0
canon_Task_00509,2022,0
canon_Task_00509,2024,0
canon_Task_00510,2022,0
canon_Task_00510,2024,0
canon_Method_01152,2022,0
canon_Method_01152,2024,0
canon_Other_00172,2022,0
canon_Other_00172,2024,0
canon_Task_00511,2022,0
canon_Task_00511,2024,0
canon_Method_01129,2022,0
canon_Method_01129,2024,0
canon_Method_00164,2022,2
canon_Method_00164,2024,5
canon_Task_00512,2022,0
canon_Task_00512,2024,0
canon_Method_01130,2022,0
canon_Method_01130,2024,0
canon_Task_00140,2022,0
canon_Task_00140,2024,0
canon_Other_01208,2022,0
canon_Other_01208,2024,0
canon_Method_00135,2022,0
canon_Method_00135,2024,0
canon_Method_01131,2022,0
canon_Method_01131,2024,0
canon_Other_01209,2022,0
canon_Other_01209,2024,0
canon_Method_01132,2022,0
canon_Method_01132,2024,0
canon_Method_01133,2022,0
canon_Method_01133,2024,0
canon_Method_01134,2022,0
canon_Method_01134,2024,0
canon_Method_01135,2022,0
canon_Method_01135,2024,0
canon_Other_01210,2022,0
canon_Other_01210,2024,0
canon_Method_01136,2022,0
canon_Method_01136,2024,0
canon_Material_00174,2022,0
canon_Material_00174,2024,0
canon_Method_01137,2022,0
canon_Method_01137,2024,0
canon_Task_00513,2022,0
canon_Task_00513,2024,0
canon_Method_01138,2022,0
canon_Method_01138,2024,0
canon_Method_01139,2022,0
canon_Method_01139,2024,0
canon_Method_01140,2022,0
canon_Method_01140,2024,0
canon_Material_00579,2022,0
canon_Material_00579,2024,0
canon_Metric_00020,2022,1
canon_Metric_00020,2024,1
canon_Method_01141,2022,0
canon_Method_01141,2024,0
canon_Method_01142,2022,0
canon_Method_01142,2024,0
canon_Other_01211,2022,0
canon_Other_01211,2024,0
canon_Material_00580,2022,0
canon_Material_00580,2024,0
canon_Task_00514,2022,0
canon_Task_00514,2024,0
canon_Method_01143,2022,0
canon_Method_01143,2024,0
canon_Method_01144,2022,0
canon_Method_01144,2024,0
canon_Method_01145,2022,0
canon_Method_01145,2024,0
canon_Method_01146,2022,0
canon_Method_01146,2024,0
canon_Task_00515,2022,0
canon_Task_00515,2024,0
canon_Task_00516,2022,0
canon_Task_00516,2024,0
canon_Method_00059,2022,2
canon_Method_00059,2024,3
canon_Method_01147,2022,0
canon_Method_01147,2024,0
canon_Method_00269,2022,0
canon_Method_00269,2024,0
canon_Method_01148,2022,0
canon_Method_01148,2024,0
canon_Material_00581,2022,0
canon_Material_00581,2024,0
canon_Material_00582,2022,0
canon_Material_00582,2024,0
canon_Method_01150,2022,0
canon_Method_01150,2024,0
canon_Material_00583,2022,0
canon_Material_00583,2024,0
canon_Method_00138,2022,0
canon_Method_00138,2024,0
canon_Material_00050,2022,0
canon_Material_00050,2024,0
canon_Method_00270,2022,0
canon_Method_00270,2024,0
canon_Other_01212,2022,0
canon_Other_01212,2024,0
canon_Task_00144,2022,0
canon_Task_00144,2024,0
canon_Task_00517,2022,0
canon_Task_00517,2024,0
canon_Method_00271,2022,0
canon_Method_00271,2024,0
canon_Other_01213,2022,0
canon_Other_01213,2024,0
canon_Material_00585,2022,0
canon_Material_00585,2024,0
canon_Material_00586,2022,0
canon_Material_00586,2024,0
canon_Material_00587,2022,0
canon_Material_00587,2024,0
canon_Material_00175,2022,0
canon_Material_00175,2024,0
canon_Material_00588,2022,0
canon_Material_00588,2024,0
canon_Method_01151,2022,0
canon_Method_01151,2024,0
canon_Material_00589,2022,0
canon_Material_00589,2024,0
canon_Method_01153,2022,0
canon_Method_01153,2024,0
canon_Other_01214,2022,0
canon_Other_01214,2024,0
canon_Method_01154,2022,0
canon_Method_01154,2024,0
canon_Method_01155,2022,0
canon_Method_01155,2024,0
canon_Material_00590,2022,0
canon_Material_00590,2024,0
canon_Task_00518,2022,0
canon_Task_00518,2024,0
canon_Material_00051,2022,0
canon_Material_00051,2024,0
canon_Task_00519,2022,0
canon_Task_00519,2024,0
canon_Method_01156,2022,0
canon_Method_01156,2024,0
canon_Task_00520,2022,0
canon_Task_00520,2024,0
canon_Method_01157,2022,0
canon_Method_01157,2024,0
canon_Method_00272,2022,0
canon_Method_00272,2024,0
canon_Other_01215,2022,0
canon_Other_01215,2024,0
canon_Other_01216,2022,0
canon_Other_01216,2024,0
canon_Task_00521,2022,0
canon_Task_00521,2024,0
canon_Other_01217,2022,0
canon_Other_01217,2024,0
canon_Other_00315,2022,0
canon_Other_00315,2024,0
canon_Task_00623,2022,0
canon_Task_00623,2024,0
canon_Other_01219,2022,0
canon_Other_01219,2024,0
canon_Other_01220,2022,0
canon_Other_01220,2024,0
canon_Method_01158,2022,0
canon_Method_01158,2024,0
canon_Method_01159,2022,0
canon_Method_01159,2024,0
canon_Other_00112,2022,1
canon_Other_00112,2024,2
canon_Task_00522,2022,0
canon_Task_00522,2024,0
canon_Task_00523,2022,0
canon_Task_00523,2024,0
canon_Method_01160,2022,0
canon_Method_01160,2024,0
canon_Method_01161,2022,0
canon_Method_01161,2024,0
canon_Method_01162,2022,0
canon_Method_01162,2024,0
canon_Method_01163,2022,0
canon_Method_01163,2024,0
canon_Other_01221,2022,0
canon_Other_01221,2024,0
canon_Method_01164,2022,0
canon_Method_01164,2024,0
canon_Other_01222,2022,0
canon_Other_01222,2024,0
canon_Method_01166,2022,0
canon_Method_01166,2024,0
canon_Material_00591,2022,0
canon_Material_00591,2024,0
canon_Other_01223,2022,0
canon_Other_01223,2024,0
canon_Other_01224,2022,0
canon_Other_01224,2024,0
canon_Other_01225,2022,0
canon_Other_01225,2024,0
canon_Method_01167,2022,0
canon_Method_01167,2024,0
canon_Task_00524,2022,0
canon_Task_00524,2024,0
canon_Task_00525,2022,0
canon_Task_00525,2024,0
canon_Method_01168,2022,0
canon_Method_01168,2024,0
canon_Task_00526,2022,0
canon_Task_00526,2024,0
canon_Task_00527,2022,0
canon_Task_00527,2024,0
canon_Other_01226,2022,0
canon_Other_01226,2024,0
canon_Other_01227,2022,0
canon_Other_01227,2024,0
canon_Method_01169,2022,0
canon_Method_01169,2024,0
canon_Method_01170,2022,0
canon_Method_01170,2024,0
canon_Method_01171,2022,0
canon_Method_01171,2024,0
canon_Method_01172,2022,0
canon_Method_01172,2024,0
canon_Other_01229,2022,0
canon_Other_01229,2024,0
canon_Method_01173,2022,0
canon_Method_01173,2024,0
canon_Method_00305,2022,0
canon_Method_00305,2024,0
canon_Material_00592,2022,0
canon_Material_00592,2024,0
canon_Method_01174,2022,0
canon_Method_01174,2024,0
canon_Task_00528,2022,0
canon_Task_00528,2024,0
canon_Material_00052,2022,2
canon_Material_00052,2024,3
canon_Method_00136,2022,1
canon_Method_00136,2024,1
canon_Method_01175,2022,0
canon_Method_01175,2024,0
canon_Task_00530,2022,0
canon_Task_00530,2024,0
canon_Material_00593,2022,0
canon_Material_00593,2024,0
canon_Material_00594,2022,0
canon_Material_00594,2024,0
canon_Method_01176,2022,0
canon_Method_01176,2024,0
canon_Method_01177,2022,0
canon_Method_01177,2024,0
canon_Other_01230,2022,0
canon_Other_01230,2024,0
canon_Material_00595,2022,0
canon_Material_00595,2024,0
canon_Material_00176,2022,0
canon_Material_00176,2024,0
canon_Method_00033,2022,0
canon_Method_00033,2024,0
canon_Method_01178,2022,0
canon_Method_01178,2024,0
canon_Method_00137,2022,0
canon_Method_00137,2024,0
canon_Method_01179,2022,0
canon_Method_01179,2024,0
canon_Method_01180,2022,0
canon_Method_01180,2024,0
canon_Task_00141,2022,0
canon_Task_00141,2024,0
canon_Other_01231,2022,0
canon_Other_01231,2024,0
canon_Task_00142,2022,0
canon_Task_00142,2024,0
canon_Task_00531,2022,0
canon_Task_00531,2024,0
canon_Material_00177,2022,0
canon_Material_00177,2024,0
canon_Method_01181,2022,0
canon_Method_01181,2024,0
canon_Method_01182,2022,0
canon_Method_01182,2024,0
canon_Method_01183,2022,0
canon_Method_01183,2024,0
canon_Method_01184,2022,0
canon_Method_01184,2024,0
canon_Method_00017,2022,0
canon_Method_00017,2024,0
canon_Method_01185,2022,0
canon_Method_01185,2024,0
canon_Method_01186,2022,0
canon_Method_01186,2024,0
canon_Method_00060,2022,0
canon_Method_00060,2024,0
canon_Task_00532,2022,0
canon_Task_00532,2024,0
canon_Other_01232,2022,0
canon_Other_01232,2024,0
canon_Task_00533,2022,0
canon_Task_00533,2024,0
canon_Task_00534,2022,0
canon_Task_00534,2024,0
canon_Method_00085,2022,0
canon_Method_00085,2024,0
canon_Method_01187,2022,0
canon_Method_01187,2024,0
canon_Task_00535,2022,0
canon_Task_00535,2024,0
canon_Task_00536,2022,0
canon_Task_00536,2024,0
canon_Method_01188,2022,0
canon_Method_01188,2024,0
canon_Metric_00096,2022,0
canon_Metric_00096,2024,0
canon_Metric_00097,2022,0
canon_Metric_00097,2024,0
canon_Task_00537,2022,0
canon_Task_00537,2024,0
canon_Task_00538,2022,0
canon_Task_00538,2024,0
canon_Method_01189,2022,0
canon_Method_01189,2024,0
canon_Other_01233,2022,0
canon_Other_01233,2024,0
canon_Method_01190,2022,0
canon_Method_01190,2024,0
canon_Method_00273,2022,0
canon_Method_00273,2024,0
canon_Method_01191,2022,0
canon_Method_01191,2024,0
canon_Method_01192,2022,0
canon_Method_01192,2024,0
canon_Method_01193,2022,0
canon_Method_01193,2024,0
canon_Method_01194,2022,0
canon_Method_01194,2024,0
canon_Other_01234,2022,0
canon_Other_01234,2024,0
canon_Method_01195,2022,0
canon_Method_01195,2024,0
canon_Task_00539,2022,0
canon_Task_00539,2024,0
canon_Method_01196,2022,0
canon_Method_01196,2024,0
canon_Method_01197,2022,0
canon_Method_01197,2024,0
canon_Task_00540,2022,0
canon_Task_00540,2024,0
canon_Method_01198,2022,0
canon_Method_01198,2024,0
canon_Other_00316,2022,0
canon_Other_00316,2024,0
canon_Other_01235,2022,0
canon_Other_01235,2024,0
canon_Method_01199,2022,0
canon_Method_01199,2024,0
canon_Method_01200,2022,0
canon_Method_01200,2024,0
canon_Method_01201,2022,0
canon_Method_01201,2024,0
canon_Other_01236,2022,0
canon_Other_01236,2024,0
canon_Other_01237,2022,0
canon_Other_01237,2024,0
canon_Metric_00098,2022,0
canon_Metric_00098,2024,0
canon_Method_01202,2022,0
canon_Method_01202,2024,0
canon_Task_00541,2022,0
canon_Task_00541,2024,0
canon_Material_00596,2022,0
canon_Material_00596,2024,0
canon_Material_00597,2022,0
canon_Material_00597,2024,0
canon_Material_00598,2022,0
canon_Material_00598,2024,0
canon_Method_01203,2022,0
canon_Method_01203,2024,0
canon_Method_01204,2022,0
canon_Method_01204,2024,0
canon_Method_00061,2022,0
canon_Method_00061,2024,0
canon_Method_00086,2022,0
canon_Method_00086,2024,0
canon_Method_00139,2022,0
canon_Method_00139,2024,0
canon_Method_01205,2022,0
canon_Method_01205,2024,0
canon_Metric_00099,2022,0
canon_Metric_00099,2024,0
canon_Task_00542,2022,0
canon_Task_00542,2024,0
canon_Task_00543,2022,0
canon_Task_00543,2024,0
canon_Method_01206,2022,0
canon_Method_01206,2024,0
canon_Method_00276,2022,0
canon_Method_00276,2024,0
canon_Other_01238,2022,0
canon_Other_01238,2024,0
canon_Task_00544,2022,0
canon_Task_00544,2024,0
canon_Method_01754,2022,0
canon_Method_01754,2024,0
canon_Material_00178,2022,0
canon_Material_00178,2024,0
canon_Metric_00100,2022,0
canon_Metric_00100,2024,0
canon_Other_01239,2022,0
canon_Other_01239,2024,0
canon_Metric_00102,2022,0
canon_Metric_00102,2024,0
canon_Method_00140,2022,0
canon_Method_00140,2024,0
canon_Method_00141,2022,0
canon_Method_00141,2024,0
canon_Material_00599,2022,0
canon_Material_00599,2024,0
canon_Material_00600,2022,0
canon_Material_00600,2024,0
canon_Method_00096,2022,1
canon_Method_00096,2024,2
canon_Method_01207,2022,0
canon_Method_01207,2024,0
canon_Method_01208,2022,0
canon_Method_01208,2024,0
canon_Method_00277,2022,0
canon_Method_00277,2024,0
canon_Method_01209,2022,0
canon_Method_01209,2024,0
canon_Other_01241,2022,0
canon_Other_01241,2024,0
canon_Method_00087,2022,0
canon_Method_00087,2024,0
canon_Task_00545,2022,0
canon_Task_00545,2024,0
canon_Task_00546,2022,0
canon_Task_00546,2024,0
canon_Task_00547,2022,0
canon_Task_00547,2024,0
canon_Other_01242,2022,0
canon_Other_01242,2024,0
canon_Other_01243,2022,0
canon_Other_01243,2024,0
canon_Other_01244,2022,0
canon_Other_01244,2024,0
canon_Material_00601,2022,0
canon_Material_00601,2024,0
canon_Material_00602,2022,0
canon_Material_00602,2024,0
canon_Task_00548,2022,0
canon_Task_00548,2024,0
canon_Task_00549,2022,0
canon_Task_00549,2024,0
canon_Task_00158,2022,0
canon_Task_00158,2024,0
canon_Material_00603,2022,0
canon_Material_00603,2024,0
canon_Material_00604,2022,0
canon_Material_00604,2024,0
canon_Task_00550,2022,0
canon_Task_00550,2024,0
canon_Material_00605,2022,0
canon_Material_00605,2024,0
canon_Method_01210,2022,0
canon_Method_01210,2024,0
canon_Task_00551,2022,0
canon_Task_00551,2024,0
canon_Task_00552,2022,0
canon_Task_00552,2024,0
canon_Task_00553,2022,0
canon_Task_00553,2024,0
canon_Other_01245,2022,0
canon_Other_01245,2024,0
canon_Other_01246,2022,0
canon_Other_01246,2024,0
canon_Other_01247,2022,0
canon_Other_01247,2024,0
canon_Other_01248,2022,0
canon_Other_01248,2024,0
canon_Method_01211,2022,0
canon_Method_01211,2024,0
canon_Other_01249,2022,0
canon_Other_01249,2024,0
canon_Other_01250,2022,0
canon_Other_01250,2024,0
canon_Other_00318,2022,0
canon_Other_00318,2024,0
canon_Other_01251,2022,0
canon_Other_01251,2024,0
canon_Other_01252,2022,0
canon_Other_01252,2024,0
canon_Material_00606,2022,0
canon_Material_00606,2024,0
canon_Other_01253,2022,0
canon_Other_01253,2024,0
canon_Other_00319,2022,0
canon_Other_00319,2024,0
canon_Other_01254,2022,0
canon_Other_01254,2024,0
canon_Task_00555,2022,0
canon_Task_00555,2024,0
canon_Other_01255,2022,0
canon_Other_01255,2024,0
canon_Other_01256,2022,1
canon_Other_01256,2024,1
canon_Other_01257,2022,0
canon_Other_01257,2024,0
canon_Method_01212,2022,0
canon_Method_01212,2024,0
canon_Method_01213,2022,0
canon_Method_01213,2024,0
canon_Method_01214,2022,0
canon_Method_01214,2024,0
canon_Method_01215,2022,0
canon_Method_01215,2024,0
canon_Task_00556,2022,0
canon_Task_00556,2024,0
canon_Method_01216,2022,0
canon_Method_01216,2024,0
canon_Metric_00011,2022,1
canon_Metric_00011,2024,1
canon_Material_00607,2022,0
canon_Material_00607,2024,0
canon_Other_01258,2022,0
canon_Other_01258,2024,0
canon_Method_01217,2022,0
canon_Method_01217,2024,0
canon_Method_01218,2022,0
canon_Method_01218,2024,0
canon_Method_01219,2022,0
canon_Method_01219,2024,0
canon_Method_01221,2022,0
canon_Method_01221,2024,0
canon_Method_01222,2022,0
canon_Method_01222,2024,0
canon_Method_00279,2022,0
canon_Method_00279,2024,0
canon_Other_01259,2022,0
canon_Other_01259,2024,0
canon_Other_01260,2022,0
canon_Other_01260,2024,0
canon_Other_01261,2022,0
canon_Other_01261,2024,0
canon_Method_01223,2022,0
canon_Method_01223,2024,0
canon_Other_01262,2022,0
canon_Other_01262,2024,0
canon_Other_01263,2022,0
canon_Other_01263,2024,0
canon_Task_00557,2022,0
canon_Task_00557,2024,0
canon_Method_00280,2022,0
canon_Method_00280,2024,0
canon_Method_01224,2022,0
canon_Method_01224,2024,0
canon_Method_01225,2022,0
canon_Method_01225,2024,0
canon_Other_01264,2022,0
canon_Other_01264,2024,0
canon_Method_01226,2022,0
canon_Method_01226,2024,0
canon_Other_01265,2022,0
canon_Other_01265,2024,0
canon_Method_01227,2022,0
canon_Method_01227,2024,0
canon_Method_01228,2022,0
canon_Method_01228,2024,0
canon_Other_01266,2022,0
canon_Other_01266,2024,0
canon_Other_01267,2022,0
canon_Other_01267,2024,0
canon_Other_01268,2022,0
canon_Other_01268,2024,0
canon_Other_01269,2022,0
canon_Other_01269,2024,0
canon_Other_01270,2022,0
canon_Other_01270,2024,0
canon_Method_00142,2022,0
canon_Method_00142,2024,0
canon_Other_01271,2022,0
canon_Other_01271,2024,0
canon_Other_01272,2022,0
canon_Other_01272,2024,0
canon_Material_00608,2022,0
canon_Material_00608,2024,0
canon_Method_01229,2022,0
canon_Method_01229,2024,0
canon_Method_01230,2022,0
canon_Method_01230,2024,0
canon_Material_00609,2022,0
canon_Material_00609,2024,0
canon_Other_00321,2022,0
canon_Other_00321,2024,0
canon_Other_01273,2022,0
canon_Other_01273,2024,0
canon_Method_01231,2022,0
canon_Method_01231,2024,0
canon_Material_00913,2022,0
canon_Material_00913,2024,0
canon_Method_01232,2022,0
canon_Method_01232,2024,0
canon_Other_01274,2022,0
canon_Other_01274,2024,0
canon_Other_01275,2022,0
canon_Other_01275,2024,0
canon_Method_01233,2022,0
canon_Method_01233,2024,0
canon_Other_01276,2022,0
canon_Other_01276,2024,0
canon_Other_01277,2022,0
canon_Other_01277,2024,0
canon_Method_01234,2022,0
canon_Method_01234,2024,0
canon_Other_01278,2022,0
canon_Other_01278,2024,0
canon_Other_01279,2022,0
canon_Other_01279,2024,0
canon_Other_01280,2022,0
canon_Other_01280,2024,0
canon_Other_01281,2022,0
canon_Other_01281,2024,0
canon_Method_01235,2022,0
canon_Method_01235,2024,0
canon_Method_01236,2022,0
canon_Method_01236,2024,0
canon_Task_00069,2022,0
canon_Task_00069,2024,0
canon_Task_00558,2022,0
canon_Task_00558,2024,0
canon_Material_00610,2022,0
canon_Material_00610,2024,0
canon_Method_01237,2022,0
canon_Method_01237,2024,0
canon_Method_01238,2022,0
canon_Method_01238,2024,0
canon_Method_01239,2022,0
canon_Method_01239,2024,0
canon_Method_00044,2022,1
canon_Method_00044,2024,2
canon_Method_01240,2022,0
canon_Method_01240,2024,0
canon_Task_00559,2022,0
canon_Task_00559,2024,0
canon_Method_01241,2022,0
canon_Method_01241,2024,0
canon_Method_01243,2022,0
canon_Method_01243,2024,0
canon_Task_00560,2022,0
canon_Task_00560,2024,0
canon_Method_01244,2022,0
canon_Method_01244,2024,0
canon_Method_00281,2022,0
canon_Method_00281,2024,0
canon_Other_00322,2022,0
canon_Other_00322,2024,0
canon_Other_01282,2022,0
canon_Other_01282,2024,0
canon_Method_01245,2022,0
canon_Method_01245,2024,0
canon_Other_01283,2022,0
canon_Other_01283,2024,0
canon_Method_01246,2022,0
canon_Method_01246,2024,0
canon_Material_00611,2022,0
canon_Material_00611,2024,0
canon_Material_00179,2022,0
canon_Material_00179,2024,0
canon_Method_01247,2022,0
canon_Method_01247,2024,0
canon_Method_01248,2022,0
canon_Method_01248,2024,0
canon_Method_01249,2022,0
canon_Method_01249,2024,0
canon_Method_01250,2022,0
canon_Method_01250,2024,0
canon_Material_00180,2022,0
canon_Material_00180,2024,0
canon_Method_01251,2022,0
canon_Method_01251,2024,0
canon_Other_00323,2022,0
canon_Other_00323,2024,0
canon_Method_00283,2022,0
canon_Method_00283,2024,0
canon_Method_00282,2022,0
canon_Method_00282,2024,0
canon_Material_00612,2022,0
canon_Material_00612,2024,0
canon_Material_00613,2022,0
canon_Material_00613,2024,0
canon_Other_01284,2022,0
canon_Other_01284,2024,0
canon_Task_00562,2022,0
canon_Task_00562,2024,0
canon_Task_00563,2022,0
canon_Task_00563,2024,0
canon_Task_00564,2022,0
canon_Task_00564,2024,0
canon_Material_00614,2022,0
canon_Material_00614,2024,0
canon_Other_01285,2022,0
canon_Other_01285,2024,0
canon_Other_01286,2022,0
canon_Other_01286,2024,0
canon_Material_00615,2022,0
canon_Material_00615,2024,0
canon_Other_01287,2022,0
canon_Other_01287,2024,0
canon_Material_00616,2022,0
canon_Material_00616,2024,0
canon_Material_00617,2022,0
canon_Material_00617,2024,0
canon_Other_01288,2022,0
canon_Other_01288,2024,0
canon_Other_01289,2022,0
canon_Other_01289,2024,0
canon_Method_00063,2022,0
canon_Method_00063,2024,0
canon_Material_00618,2022,0
canon_Material_00618,2024,0
canon_Material_00076,2022,1
canon_Material_00076,2024,2
canon_Method_01252,2022,0
canon_Method_01252,2024,0
canon_Material_00619,2022,0
canon_Material_00619,2024,0
canon_Other_01290,2022,0
canon_Other_01290,2024,0
canon_Other_01291,2022,0
canon_Other_01291,2024,0
canon_Material_00181,2022,0
canon_Material_00181,2024,0
canon_Material_00620,2022,0
canon_Material_00620,2024,0
canon_Method_01253,2022,0
canon_Method_01253,2024,0
canon_Material_00621,2022,0
canon_Material_00621,2024,0
canon_Material_00622,2022,0
canon_Material_00622,2024,0
canon_Task_00565,2022,0
canon_Task_00565,2024,0
canon_Method_01254,2022,0
canon_Method_01254,2024,0
canon_Material_00623,2022,0
canon_Material_00623,2024,0
canon_Metric_00103,2022,0
canon_Metric_00103,2024,0
canon_Other_00174,2022,1
canon_Other_00174,2024,1
canon_Method_01255,2022,0
canon_Method_01255,2024,0
canon_Method_01256,2022,0
canon_Method_01256,2024,0
canon_Material_00624,2022,0
canon_Material_00624,2024,0
canon_Task_00566,2022,0
canon_Task_00566,2024,0
canon_Task_00002,2022,0
canon_Task_00002,2024,0
canon_Method_01257,2022,0
canon_Method_01257,2024,0
canon_Method_01258,2022,0
canon_Method_01258,2024,0
canon_Method_00284,2022,1
canon_Method_00284,2024,1
canon_Material_00626,2022,0
canon_Material_00626,2024,0
canon_Task_00567,2022,0
canon_Task_00567,2024,0
canon_Other_00324,2022,0
canon_Other_00324,2024,0
canon_Other_01292,2022,0
canon_Other_01292,2024,0
canon_Method_01259,2022,0
canon_Method_01259,2024,0
canon_Method_00285,2022,0
canon_Method_00285,2024,0
canon_Method_00089,2022,0
canon_Method_00089,2024,0
canon_Method_00286,2022,0
canon_Method_00286,2024,0
canon_Other_01293,2022,0
canon_Other_01293,2024,0
canon_Method_01260,2022,0
canon_Method_01260,2024,0
canon_Method_01261,2022,0
canon_Method_01261,2024,0
canon_Method_01262,2022,0
canon_Method_01262,2024,0
canon_Material_00040,2022,0
canon_Material_00040,2024,0
canon_Material_00073,2022,0
canon_Material_00073,2024,0
canon_Material_00627,2022,0
canon_Material_00627,2024,0
canon_Method_01263,2022,0
canon_Method_01263,2024,0
canon_Material_00628,2022,0
canon_Material_00628,2024,0
canon_Method_01264,2022,0
canon_Method_01264,2024,0
canon_Material_00629,2022,0
canon_Material_00629,2024,0
canon_Other_01294,2022,0
canon_Other_01294,2024,0
canon_Material_00630,2022,0
canon_Material_00630,2024,0
canon_Method_01265,2022,0
canon_Method_01265,2024,0
canon_Other_01295,2022,0
canon_Other_01295,2024,0
canon_Method_01266,2022,0
canon_Method_01266,2024,0
canon_Other_01296,2022,0
canon_Other_01296,2024,0
canon_Method_01267,2022,0
canon_Method_01267,2024,0
canon_Material_00631,2022,0
canon_Material_00631,2024,0
canon_Method_01268,2022,0
canon_Method_01268,2024,0
canon_Method_01269,2022,0
canon_Method_01269,2024,0
canon_Material_00632,2022,0
canon_Material_00632,2024,0
canon_Material_00633,2022,0
canon_Material_00633,2024,0
canon_Material_00634,2022,0
canon_Material_00634,2024,0
canon_Material_00635,2022,0
canon_Material_00635,2024,0
canon_Other_01297,2022,0
canon_Other_01297,2024,0
canon_Other_01298,2022,0
canon_Other_01298,2024,0
canon_Task_00569,2022,0
canon_Task_00569,2024,0
canon_Task_00570,2022,0
canon_Task_00570,2024,0
canon_Method_01270,2022,0
canon_Method_01270,2024,0
canon_Material_00636,2022,0
canon_Material_00636,2024,0
canon_Other_01299,2022,0
canon_Other_01299,2024,0
canon_Method_01271,2022,0
canon_Method_01271,2024,0
canon_Other_01300,2022,0
canon_Other_01300,2024,0
canon_Method_01272,2022,0
canon_Method_01272,2024,0
canon_Method_01273,2022,0
canon_Method_01273,2024,0
canon_Method_01274,2022,0
canon_Method_01274,2024,0
canon_Method_01275,2022,0
canon_Method_01275,2024,0
canon_Other_01301,2022,0
canon_Other_01301,2024,0
canon_Other_01302,2022,0
canon_Other_01302,2024,0
canon_Other_01303,2022,0
canon_Other_01303,2024,0
canon_Material_00183,2022,0
canon_Material_00183,2024,0
canon_Material_00637,2022,0
canon_Material_00637,2024,0
canon_Material_00638,2022,0
canon_Material_00638,2024,0
canon_Material_00639,2022,0
canon_Material_00639,2024,0
canon_Material_00640,2022,0
canon_Material_00640,2024,0
canon_Material_00641,2022,0
canon_Material_00641,2024,0
canon_Metric_00104,2022,0
canon_Metric_00104,2024,0
canon_Metric_00105,2022,0
canon_Metric_00105,2024,0
canon_Task_00571,2022,0
canon_Task_00571,2024,0
canon_Other_01304,2022,0
canon_Other_01304,2024,0
canon_Task_00572,2022,0
canon_Task_00572,2024,0
canon_Method_01276,2022,0
canon_Method_01276,2024,0
canon_Method_01277,2022,0
canon_Method_01277,2024,0
canon_Method_01278,2022,0
canon_Method_01278,2024,0
canon_Other_01305,2022,0
canon_Other_01305,2024,0
canon_Other_01306,2022,0
canon_Other_01306,2024,0
canon_Other_01307,2022,0
canon_Other_01307,2024,0
canon_Material_00642,2022,0
canon_Material_00642,2024,0
canon_Task_00573,2022,0
canon_Task_00573,2024,0
canon_Material_00643,2022,0
canon_Material_00643,2024,0
canon_Method_01280,2022,0
canon_Method_01280,2024,0
canon_Method_01281,2022,0
canon_Method_01281,2024,0
canon_Method_01282,2022,0
canon_Method_01282,2024,0
canon_Method_01283,2022,0
canon_Method_01283,2024,0
canon_Method_01284,2022,0
canon_Method_01284,2024,0
canon_Task_00575,2022,0
canon_Task_00575,2024,0
canon_Method_00288,2022,0
canon_Method_00288,2024,0
canon_Method_01285,2022,0
canon_Method_01285,2024,0
canon_Method_01286,2022,0
canon_Method_01286,2024,0
canon_Method_01287,2022,0
canon_Method_01287,2024,0
canon_Method_01288,2022,0
canon_Method_01288,2024,0
canon_Method_01289,2022,0
canon_Method_01289,2024,0
canon_Material_00644,2022,0
canon_Material_00644,2024,0
canon_Metric_00129,2022,0
canon_Metric_00129,2024,0
canon_Other_01308,2022,0
canon_Other_01308,2024,0
canon_Other_00326,2022,0
canon_Other_00326,2024,0
canon_Method_01290,2022,0
canon_Method_01290,2024,0
canon_Method_01291,2022,0
canon_Method_01291,2024,0
canon_Material_00645,2022,0
canon_Material_00645,2024,0
canon_Method_01292,2022,0
canon_Method_01292,2024,0
canon_Material_00646,2022,0
canon_Material_00646,2024,0
canon_Material_00647,2022,0
canon_Material_00647,2024,0
canon_Material_00648,2022,0
canon_Material_00648,2024,0
canon_Material_00649,2022,0
canon_Material_00649,2024,0
canon_Material_00650,2022,0
canon_Material_00650,2024,0
canon_Method_00289,2022,0
canon_Method_00289,2024,0
canon_Method_01293,2022,0
canon_Method_01293,2024,0
canon_Method_01294,2022,0
canon_Method_01294,2024,0
canon_Method_01295,2022,0
canon_Method_01295,2024,0
canon_Method_00097,2022,0
canon_Method_00097,2024,0
canon_Material_00651,2022,0
canon_Material_00651,2024,0
canon_Method_01296,2022,0
canon_Method_01296,2024,0
canon_Method_00145,2022,1
canon_Method_00145,2024,1
canon_Other_01309,2022,0
canon_Other_01309,2024,0
canon_Method_01297,2022,0
canon_Method_01297,2024,0
canon_Task_00161,2022,0
canon_Task_00161,2024,0
canon_Method_01298,2022,0
canon_Method_01298,2024,0
canon_Other_00327,2022,0
canon_Other_00327,2024,0
canon_Method_01299,2022,0
canon_Method_01299,2024,0
canon_Method_01300,2022,0
canon_Method_01300,2024,0
canon_Material_00652,2022,0
canon_Material_00652,2024,0
canon_Method_01301,2022,0
canon_Method_01301,2024,0
canon_Metric_00106,2022,0
canon_Metric_00106,2024,0
canon_Material_00653,2022,0
canon_Material_00653,2024,0
canon_Method_01302,2022,0
canon_Method_01302,2024,0
canon_Material_00654,2022,0
canon_Material_00654,2024,0
canon_Other_01310,2022,0
canon_Other_01310,2024,0
canon_Method_01303,2022,0
canon_Method_01303,2024,0
canon_Other_01311,2022,0
canon_Other_01311,2024,0
canon_Method_01304,2022,0
canon_Method_01304,2024,0
canon_Material_00184,2022,0
canon_Material_00184,2024,0
canon_Material_00185,2022,0
canon_Material_00185,2024,0
canon_Method_00090,2022,1
canon_Method_00090,2024,1
canon_Method_00290,2022,0
canon_Method_00290,2024,0
canon_Method_01305,2022,0
canon_Method_01305,2024,0
canon_Method_01306,2022,0
canon_Method_01306,2024,0
canon_Method_01307,2022,0
canon_Method_01307,2024,0
canon_Method_01308,2022,0
canon_Method_01308,2024,0
canon_Method_01309,2022,0
canon_Method_01309,2024,0
canon_Material_00655,2022,0
canon_Material_00655,2024,0
canon_Material_00656,2022,0
canon_Material_00656,2024,0
canon_Method_01310,2022,0
canon_Method_01310,2024,0
canon_Method_01311,2022,0
canon_Method_01311,2024,0
canon_Method_01312,2022,0
canon_Method_01312,2024,0
canon_Method_01313,2022,0
canon_Method_01313,2024,0
canon_Material_00657,2022,0
canon_Material_00657,2024,0
canon_Method_00291,2022,0
canon_Method_00291,2024,0
canon_Method_01314,2022,0
canon_Method_01314,2024,0
canon_Method_01315,2022,0
canon_Method_01315,2024,0
canon_Method_01316,2022,0
canon_Method_01316,2024,0
canon_Other_01313,2022,0
canon_Other_01313,2024,0
canon_Other_01314,2022,0
canon_Other_01314,2024,0
canon_Other_01315,2022,0
canon_Other_01315,2024,0
canon_Method_01317,2022,0
canon_Method_01317,2024,0
canon_Method_01318,2022,0
canon_Method_01318,2024,0
canon_Method_01319,2022,0
canon_Method_01319,2024,0
canon_Method_01320,2022,0
canon_Method_01320,2024,0
canon_Method_01321,2022,0
canon_Method_01321,2024,0
canon_Method_01322,2022,0
canon_Method_01322,2024,0
canon_Method_01323,2022,0
canon_Method_01323,2024,0
canon_Method_01324,2022,0
canon_Method_01324,2024,0
canon_Other_01316,2022,0
canon_Other_01316,2024,0
canon_Other_01317,2022,0
canon_Other_01317,2024,0
canon_Method_01325,2022,0
canon_Method_01325,2024,0
canon_Other_01318,2022,0
canon_Other_01318,2024,0
canon_Other_01319,2022,0
canon_Other_01319,2024,0
canon_Other_01320,2022,0
canon_Other_01320,2024,0
canon_Task_00577,2022,0
canon_Task_00577,2024,0
canon_Other_01321,2022,0
canon_Other_01321,2024,0
canon_Method_01326,2022,0
canon_Method_01326,2024,0
canon_Other_01322,2022,0
canon_Other_01322,2024,0
canon_Material_00658,2022,0
canon_Material_00658,2024,0
canon_Material_00659,2022,0
canon_Material_00659,2024,0
canon_Material_00660,2022,0
canon_Material_00660,2024,0
canon_Method_01327,2022,0
canon_Method_01327,2024,0
canon_Material_00053,2022,1
canon_Material_00053,2024,1
canon_Task_00579,2022,0
canon_Task_00579,2024,0
canon_Other_01323,2022,0
canon_Other_01323,2024,0
canon_Method_01328,2022,0
canon_Method_01328,2024,0
canon_Method_01329,2022,0
canon_Method_01329,2024,0
canon_Method_01330,2022,0
canon_Method_01330,2024,0
canon_Method_01331,2022,0
canon_Method_01331,2024,0
canon_Method_00064,2022,0
canon_Method_00064,2024,0
canon_Method_00292,2022,0
canon_Method_00292,2024,0
canon_Method_01332,2022,0
canon_Method_01332,2024,0
canon_Other_01324,2022,0
canon_Other_01324,2024,0
canon_Other_01325,2022,0
canon_Other_01325,2024,0
canon_Other_01326,2022,0
canon_Other_01326,2024,0
canon_Other_01327,2022,0
canon_Other_01327,2024,0
canon_Other_01328,2022,0
canon_Other_01328,2024,0
canon_Material_00661,2022,0
canon_Material_00661,2024,0
canon_Method_01333,2022,0
canon_Method_01333,2024,0
canon_Task_00580,2022,0
canon_Task_00580,2024,0
canon_Method_00293,2022,0
canon_Method_00293,2024,0
canon_Method_01334,2022,0
canon_Method_01334,2024,0
canon_Other_01329,2022,0
canon_Other_01329,2024,0
canon_Other_01330,2022,0
canon_Other_01330,2024,0
canon_Method_01335,2022,0
canon_Method_01335,2024,0
canon_Method_00294,2022,0
canon_Method_00294,2024,0
canon_Material_00662,2022,0
canon_Material_00662,2024,0
canon_Method_01337,2022,0
canon_Method_01337,2024,0
canon_Task_00581,2022,0
canon_Task_00581,2024,0
canon_Task_00582,2022,0
canon_Task_00582,2024,0
canon_Method_01338,2022,0
canon_Method_01338,2024,0
canon_Metric_00107,2022,0
canon_Metric_00107,2024,0
canon_Metric_00108,2022,0
canon_Metric_00108,2024,0
canon_Other_01331,2022,0
canon_Other_01331,2024,0
canon_Other_01332,2022,0
canon_Other_01332,2024,0
canon_Other_01333,2022,0
canon_Other_01333,2024,0
canon_Other_01334,2022,0
canon_Other_01334,2024,0
canon_Task_00583,2022,0
canon_Task_00583,2024,0
canon_Task_00584,2022,0
canon_Task_00584,2024,0
canon_Other_01335,2022,0
canon_Other_01335,2024,0
canon_Other_01336,2022,0
canon_Other_01336,2024,0
canon_Method_01339,2022,0
canon_Method_01339,2024,0
canon_Task_00585,2022,0
canon_Task_00585,2024,0
canon_Material_00663,2022,0
canon_Material_00663,2024,0
canon_Material_00664,2022,0
canon_Material_00664,2024,0
canon_Method_01340,2022,0
canon_Method_01340,2024,0
canon_Method_01341,2022,0
canon_Method_01341,2024,0
canon_Method_01342,2022,0
canon_Method_01342,2024,0
canon_Other_01337,2022,0
canon_Other_01337,2024,0
canon_Other_00329,2022,0
canon_Other_00329,2024,0
canon_Other_01338,2022,0
canon_Other_01338,2024,0
canon_Other_01339,2022,0
canon_Other_01339,2024,0
canon_Other_01340,2022,0
canon_Other_01340,2024,0
canon_Other_01341,2022,0
canon_Other_01341,2024,0
canon_Other_01342,2022,0
canon_Other_01342,2024,0
canon_Other_01343,2022,0
canon_Other_01343,2024,0
canon_Other_01344,2022,0
canon_Other_01344,2024,0
canon_Other_01345,2022,0
canon_Other_01345,2024,0
canon_Other_01346,2022,0
canon_Other_01346,2024,0
canon_Other_01347,2022,0
canon_Other_01347,2024,0
canon_Other_01348,2022,0
canon_Other_01348,2024,0
canon_Other_01349,2022,0
canon_Other_01349,2024,0
canon_Material_00665,2022,0
canon_Material_00665,2024,0
canon_Task_00586,2022,0
canon_Task_00586,2024,0
canon_Material_00186,2022,0
canon_Material_00186,2024,0
canon_Material_00666,2022,0
canon_Material_00666,2024,0
canon_Material_00667,2022,0
canon_Material_00667,2024,0
canon_Material_00668,2022,0
canon_Material_00668,2024,0
canon_Material_00187,2022,0
canon_Material_00187,2024,0
canon_Material_00669,2022,0
canon_Material_00669,2024,0
canon_Material_00670,2022,0
canon_Material_00670,2024,0
canon_Material_00671,2022,0
canon_Material_00671,2024,0
canon_Method_01343,2022,0
canon_Method_01343,2024,0
canon_Material_00704,2022,0
canon_Material_00704,2024,0
canon_Material_00672,2022,0
canon_Material_00672,2024,0
canon_Material_00673,2022,0
canon_Material_00673,2024,0
canon_Method_00149,2022,0
canon_Method_00149,2024,0
canon_Other_01351,2022,0
canon_Other_01351,2024,0
canon_Other_01352,2022,0
canon_Other_01352,2024,0
canon_Task_00039,2022,0
canon_Task_00039,2024,0
canon_Method_01344,2022,0
canon_Method_01344,2024,0
canon_Task_00587,2022,0
canon_Task_00587,2024,0
canon_Method_01345,2022,0
canon_Method_01345,2024,0
canon_Method_01346,2022,0
canon_Method_01346,2024,0
canon_Other_01353,2022,0
canon_Other_01353,2024,0
canon_Other_01355,2022,0
canon_Other_01355,2024,0
canon_Task_00588,2022,0
canon_Task_00588,2024,0
canon_Method_01347,2022,0
canon_Method_01347,2024,0
canon_Other_01356,2022,0
canon_Other_01356,2024,0
canon_Task_00589,2022,0
canon_Task_00589,2024,0
canon_Material_00674,2022,0
canon_Material_00674,2024,0
canon_Other_01358,2022,0
canon_Other_01358,2024,0
canon_Task_00590,2022,0
canon_Task_00590,2024,0
canon_Task_00591,2022,0
canon_Task_00591,2024,0
canon_Task_00592,2022,0
canon_Task_00592,2024,0
canon_Other_01359,2022,0
canon_Other_01359,2024,0
canon_Task_00593,2022,0
canon_Task_00593,2024,0
canon_Method_01348,2022,0
canon_Method_01348,2024,0
canon_Method_01349,2022,0
canon_Method_01349,2024,0
canon_Task_00594,2022,0
canon_Task_00594,2024,0
canon_Method_01350,2022,0
canon_Method_01350,2024,0
canon_Material_00675,2022,0
canon_Material_00675,2024,0
canon_Method_01351,2022,0
canon_Method_01351,2024,0
canon_Task_00007,2022,0
canon_Task_00007,2024,0
canon_Metric_00109,2022,0
canon_Metric_00109,2024,0
canon_Metric_00110,2022,0
canon_Metric_00110,2024,0
canon_Metric_00111,2022,0
canon_Metric_00111,2024,0
canon_Other_01360,2022,0
canon_Other_01360,2024,0
canon_Other_01361,2022,0
canon_Other_01361,2024,0
canon_Metric_00112,2022,0
canon_Metric_00112,2024,0
canon_Other_00114,2022,1
canon_Other_00114,2024,1
canon_Other_01362,2022,0
canon_Other_01362,2024,0
canon_Other_01363,2022,0
canon_Other_01363,2024,0
canon_Other_01364,2022,0
canon_Other_01364,2024,0
canon_Other_01365,2022,0
canon_Other_01365,2024,0
canon_Other_01366,2022,0
canon_Other_01366,2024,0
canon_Other_01367,2022,0
canon_Other_01367,2024,0
canon_Method_01353,2022,0
canon_Method_01353,2024,0
canon_Method_01354,2022,0
canon_Method_01354,2024,0
canon_Method_01355,2022,0
canon_Method_01355,2024,0
canon_Task_00595,2022,0
canon_Task_00595,2024,0
canon_Method_01356,2022,0
canon_Method_01356,2024,0
canon_Other_01368,2022,0
canon_Other_01368,2024,0
canon_Other_01369,2022,0
canon_Other_01369,2024,0
canon_Method_01358,2022,0
canon_Method_01358,2024,0
canon_Task_00596,2022,0
canon_Task_00596,2024,0
canon_Other_01370,2022,0
canon_Other_01370,2024,0
canon_Method_01359,2022,0
canon_Method_01359,2024,0
canon_Task_00597,2022,0
canon_Task_00597,2024,0
canon_Method_01360,2022,0
canon_Method_01360,2024,0
canon_Method_01361,2022,0
canon_Method_01361,2024,0
canon_Other_01371,2022,0
canon_Other_01371,2024,0
canon_Method_01362,2022,0
canon_Method_01362,2024,0
canon_Method_01363,2022,0
canon_Method_01363,2024,0
canon_Method_01364,2022,0
canon_Method_01364,2024,0
canon_Material_00677,2022,0
canon_Material_00677,2024,0
canon_Material_00678,2022,0
canon_Material_00678,2024,0
canon_Method_00146,2022,2
canon_Method_00146,2024,3
canon_Method_00147,2022,1
canon_Method_00147,2024,1
canon_Method_00148,2022,2
canon_Method_00148,2024,4
canon_Task_00148,2022,1
canon_Task_00148,2024,1
canon_Other_00330,2022,1
canon_Other_00330,2024,1
canon_Material_00041,2022,2
canon_Material_00041,2024,3
canon_Method_01385,2022,1
canon_Method_01385,2024,1
canon_Method_00150,2022,1
canon_Method_00150,2024,2
canon_Other_00062,2022,2
canon_Other_00062,2024,4
canon_Task_00150,2022,1
canon_Task_00150,2024,2
canon_Material_00201,2022,2
canon_Material_00201,2024,3
canon_Task_00630,2022,1
canon_Task_00630,2024,1
canon_Method_00332,2022,1
canon_Method_00332,2024,1
canon_Method_00300,2022,1
canon_Method_00300,2024,1
canon_Material_00075,2022,1
canon_Material_00075,2024,2
canon_Other_00336,2022,1
canon_Other_00336,2024,1
canon_Method_01417,2022,1
canon_Method_01417,2024,1
canon_Other_01444,2022,1
canon_Other_01444,2024,1
canon_Method_00336,2022,2
canon_Method_00336,2024,5
canon_Method_01468,2022,1
canon_Method_01468,2024,1
canon_Method_00047,2022,8
canon_Method_00047,2024,15
canon_Method_00094,2022,2
canon_Method_00094,2024,3
canon_Method_00153,2022,1
canon_Method_00153,2024,1
canon_Material_00729,2022,1
canon_Material_00729,2024,1
canon_Task_00171,2022,1
canon_Task_00171,2024,2
canon_Other_00176,2022,1
canon_Other_00176,2024,2
canon_Metric_00021,2022,1
canon_Metric_00021,2024,1
canon_Method_00318,2022,1
canon_Method_00318,2024,1
canon_Method_00013,2022,5
canon_Method_00013,2024,10
canon_Task_00719,2022,1
canon_Task_00719,2024,1
canon_Method_00320,2022,1
canon_Method_00320,2024,1
canon_Material_00193,2022,1
canon_Material_00193,2024,1
canon_Method_00066,2022,2
canon_Method_00066,2024,4
canon_Material_00194,2022,1
canon_Material_00194,2024,1
canon_Task_00683,2022,1
canon_Task_00683,2024,1
canon_Method_00326,2022,1
canon_Method_00326,2024,1
canon_Method_01610,2022,1
canon_Method_01610,2024,1
canon_Method_00157,2022,1
canon_Method_00157,2024,1
canon_Method_01616,2022,1
canon_Method_01616,2024,1
canon_Method_00327,2022,1
canon_Method_00327,2024,1
canon_Material_00196,2022,1
canon_Material_00196,2024,1
canon_Task_00162,2022,1
canon_Task_00162,2024,1
canon_Other_00348,2022,1
canon_Other_00348,2024,1
canon_Other_01638,2022,1
canon_Other_01638,2024,1
canon_Other_00182,2022,2
canon_Other_00182,2024,3
canon_Material_00796,2022,1
canon_Material_00796,2024,1
canon_Method_01691,2022,1
canon_Method_01691,2024,1
canon_Metric_00128,2022,1
canon_Metric_00128,2024,1
canon_Material_00797,2022,1
canon_Material_00797,2024,1
canon_Method_01692,2022,1
canon_Method_01692,2024,1
canon_Method_01693,2022,1
canon_Method_01693,2024,1
canon_Method_01694,2022,1
canon_Method_01694,2024,1
canon_Other_01639,2022,1
canon_Other_01639,2024,1
canon_Other_01640,2022,1
canon_Other_01640,2024,1
canon_Other_01641,2022,1
canon_Other_01641,2024,1
canon_Other_01642,2022,1
canon_Other_01642,2024,1
canon_Task_00715,2022,1
canon_Task_00715,2024,1
canon_Task_00716,2022,1
canon_Task_00716,2024,1
canon_Method_01695,2022,1
canon_Method_01695,2024,1
canon_Method_01696,2022,1
canon_Method_01696,2024,1
canon_Method_01697,2022,1
canon_Method_01697,2024,1
canon_Method_01698,2022,1
canon_Method_01698,2024,1
canon_Method_01699,2022,1
canon_Method_01699,2024,1
canon_Method_01700,2022,1
canon_Method_01700,2024,1
canon_Method_01701,2022,1
canon_Method_01701,2024,1
canon_Other_01643,2022,1
canon_Other_01643,2024,1
canon_Other_01644,2022,1
canon_Other_01644,2024,1
canon_Other_01645,2022,1
canon_Other_01645,2024,1
canon_Method_01702,2022,1
canon_Method_01702,2024,1
canon_Other_01646,2022,1
canon_Other_01646,2024,1
canon_Other_00118,2022,2
canon_Other_00118,2024,4
canon_Material_00197,2022,1
canon_Material_00197,2024,2
canon_Method_01703,2022,1
canon_Method_01703,2024,1
canon_Material_00798,2022,1
canon_Material_00798,2024,1
canon_Material_00799,2022,1
canon_Material_00799,2024,1
canon_Method_01704,2022,1
canon_Method_01704,2024,1
canon_Method_01705,2022,1
canon_Method_01705,2024,1
canon_Method_01706,2022,1
canon_Method_01706,2024,1
canon_Other_01647,2022,1
canon_Other_01647,2024,1
canon_Metric_00130,2022,1
canon_Metric_00130,2024,1
canon_Other_00183,2022,2
canon_Other_00183,2024,3
canon_Method_01707,2022,1
canon_Method_01707,2024,1
canon_Method_01708,2022,1
canon_Method_01708,2024,1
canon_Metric_00131,2022,1
canon_Metric_00131,2024,1
canon_Other_01648,2022,1
canon_Other_01648,2024,1
canon_Method_01730,2022,2
canon_Method_01730,2024,3
canon_Method_01709,2022,1
canon_Method_01709,2024,1
canon_Task_00164,2022,2
canon_Task_00164,2024,3
canon_Other_01649,2022,1
canon_Other_01649,2024,1
canon_Material_00800,2022,1
canon_Material_00800,2024,1
canon_Material_00801,2022,1
canon_Material_00801,2024,1
canon_Material_00802,2022,1
canon_Material_00802,2024,1
canon_Material_00803,2022,1
canon_Material_00803,2024,1
canon_Method_01710,2022,1
canon_Method_01710,2024,1
canon_Method_01711,2022,1
canon_Method_01711,2024,1
canon_Other_01650,2022,1
canon_Other_01650,2024,1
canon_Metric_00132,2022,1
canon_Metric_00132,2024,1
canon_Other_01651,2022,1
canon_Other_01651,2024,1
canon_Material_00805,2022,1
canon_Material_00805,2024,1
canon_Other_01652,2022,1
canon_Other_01652,2024,1
canon_Other_01653,2022,1
canon_Other_01653,2024,1
canon_Other_01654,2022,1
canon_Other_01654,2024,1
canon_Method_01712,2022,1
canon_Method_01712,2024,1
canon_Method_01713,2022,1
canon_Method_01713,2024,1
canon_Method_01714,2022,1
canon_Method_01714,2024,1
canon_Task_00165,2022,1
canon_Task_00165,2024,2
canon_Other_01655,2022,1
canon_Other_01655,2024,1
canon_Material_00806,2022,1
canon_Material_00806,2024,1
canon_Material_00807,2022,1
canon_Material_00807,2024,1
canon_Method_01715,2022,1
canon_Method_01715,2024,1
canon_Method_01716,2022,1
canon_Method_01716,2024,1
canon_Method_01717,2022,1
canon_Method_01717,2024,1
canon_Method_01718,2022,1
canon_Method_01718,2024,1
canon_Method_01719,2022,1
canon_Method_01719,2024,1
canon_Other_01656,2022,1
canon_Other_01656,2024,1
canon_Other_01657,2022,1
canon_Other_01657,2024,1
canon_Other_01658,2022,1
canon_Other_01658,2024,1
canon_Material_00808,2022,1
canon_Material_00808,2024,1
canon_Material_00809,2022,1
canon_Material_00809,2024,1
canon_Material_00810,2022,1
canon_Material_00810,2024,1
canon_Material_00811,2022,1
canon_Material_00811,2024,1
canon_Material_00812,2022,1
canon_Material_00812,2024,1
canon_Method_00335,2022,1
canon_Method_00335,2024,2
canon_Metric_00133,2022,1
canon_Metric_00133,2024,1
canon_Method_01720,2022,1
canon_Method_01720,2024,1
canon_Method_01721,2022,1
canon_Method_01721,2024,1
canon_Material_00813,2022,1
canon_Material_00813,2024,1
canon_Other_01659,2022,1
canon_Other_01659,2024,2
canon_Material_00814,2022,1
canon_Material_00814,2024,1
canon_Material_00815,2022,1
canon_Material_00815,2024,1
canon_Other_01660,2022,1
canon_Other_01660,2024,1
canon_Method_01722,2022,1
canon_Method_01722,2024,1
canon_Other_01661,2022,1
canon_Other_01661,2024,1
canon_Task_00717,2022,1
canon_Task_00717,2024,1
canon_Metric_00134,2022,1
canon_Metric_00134,2024,1
canon_Task_00718,2022,1
canon_Task_00718,2024,1
canon_Method_00099,2022,4
canon_Method_00099,2024,7
canon_Material_00816,2022,1
canon_Material_00816,2024,1
canon_Material_00817,2022,1
canon_Material_00817,2024,1
canon_Material_00818,2022,1
canon_Material_00818,2024,1
canon_Other_01662,2022,1
canon_Other_01662,2024,1
canon_Material_00819,2022,1
canon_Material_00819,2024,1
canon_Method_01723,2022,1
canon_Method_01723,2024,1
canon_Material_00820,2022,1
canon_Material_00820,2024,1
canon_Other_01663,2022,1
canon_Other_01663,2024,1
canon_Material_00821,2022,1
canon_Material_00821,2024,1
canon_Method_01724,2022,1
canon_Method_01724,2024,1
canon_Other_01664,2022,1
canon_Other_01664,2024,1
canon_Other_01665,2022,1
canon_Other_01665,2024,1
canon_Other_01666,2022,1
canon_Other_01666,2024,1
canon_Other_01667,2022,1
canon_Other_01667,2024,1
canon_Task_00720,2022,1
canon_Task_00720,2024,1
canon_Method_01725,2022,1
canon_Method_01725,2024,1
canon_Method_01726,2022,1
canon_Method_01726,2024,1
canon_Method_01727,2022,1
canon_Method_01727,2024,1
canon_Other_01668,2022,1
canon_Other_01668,2024,1
canon_Other_01669,2022,1
canon_Other_01669,2024,1
canon_Method_01728,2022,1
canon_Method_01728,2024,2
canon_Method_01729,2022,1
canon_Method_01729,2024,1
canon_Method_00161,2022,2
canon_Method_00161,2024,3
canon_Material_00822,2022,1
canon_Material_00822,2024,1
canon_Material_00823,2022,1
canon_Material_00823,2024,1
canon_Method_00162,2022,2
canon_Method_00162,2024,3
canon_Method_01731,2022,1
canon_Method_01731,2024,2
canon_Other_01670,2022,1
canon_Other_01670,2024,1
canon_Other_01671,2022,1
canon_Other_01671,2024,1
canon_Method_01732,2022,1
canon_Method_01732,2024,1
canon_Other_01672,2022,1
canon_Other_01672,2024,1
canon_Method_01733,2022,1
canon_Method_01733,2024,1
canon_Other_01673,2022,1
canon_Other_01673,2024,1
canon_Task_00722,2022,1
canon_Task_00722,2024,1
canon_Method_01734,2022,1
canon_Method_01734,2024,1
canon_Material_00824,2022,1
canon_Material_00824,2024,1
canon_Task_00723,2022,1
canon_Task_00723,2024,1
canon_Task_00724,2022,1
canon_Task_00724,2024,1
canon_Method_01735,2022,1
canon_Method_01735,2024,1
canon_Task_00725,2022,1
canon_Task_00725,2024,1
canon_Method_01736,2022,1
canon_Method_01736,2024,1
canon_Method_00163,2022,2
canon_Method_00163,2024,3
canon_Other_01674,2022,1
canon_Other_01674,2024,1
canon_Method_01737,2022,1
canon_Method_01737,2024,1
canon_Other_00353,2022,1
canon_Other_00353,2024,2
canon_Other_01675,2022,1
canon_Other_01675,2024,1
canon_Method_01738,2022,1
canon_Method_01738,2024,1
canon_Method_01739,2022,1
canon_Method_01739,2024,1
canon_Method_01740,2022,1
canon_Method_01740,2024,1
canon_Method_01741,2022,1
canon_Method_01741,2024,1
canon_Task_00726,2022,1
canon_Task_00726,2024,1
canon_Other_01676,2022,1
canon_Other_01676,2024,1
canon_Other_01677,2022,1
canon_Other_01677,2024,1
canon_Other_01678,2022,1
canon_Other_01678,2024,1
canon_Method_01742,2022,1
canon_Method_01742,2024,1
canon_Other_01679,2022,1
canon_Other_01679,2024,1
canon_Method_01743,2022,1
canon_Method_01743,2024,1
canon_Method_01744,2022,1
canon_Method_01744,2024,1
canon_Task_00727,2022,1
canon_Task_00727,2024,1
canon_Method_01745,2022,1
canon_Method_01745,2024,1
canon_Method_01746,2022,1
canon_Method_01746,2024,1
canon_Other_01680,2022,1
canon_Other_01680,2024,1
canon_Other_01681,2022,1
canon_Other_01681,2024,1
canon_Method_01747,2022,1
canon_Method_01747,2024,1
canon_Task_00728,2022,1
canon_Task_00728,2024,1
canon_Method_01748,2022,1
canon_Method_01748,2024,1
canon_Method_00338,2022,1
canon_Method_00338,2024,2
canon_Task_00729,2022,1
canon_Task_00729,2024,1
canon_Method_01749,2022,1
canon_Method_01749,2024,1
canon_Method_01750,2022,1
canon_Method_01750,2024,1
canon_Task_00730,2022,1
canon_Task_00730,2024,1
canon_Method_01751,2022,1
canon_Method_01751,2024,1
canon_Material_00825,2022,1
canon_Material_00825,2024,1
canon_Other_00354,2022,1
canon_Other_00354,2024,2
canon_Other_00142,2022,1
canon_Other_00142,2024,1
canon_Other_01682,2022,1
canon_Other_01682,2024,1
canon_Method_01752,2022,1
canon_Method_01752,2024,1
canon_Method_01753,2022,1
canon_Method_01753,2024,1
canon_Method_01755,2022,1
canon_Method_01755,2024,1
canon_Other_01683,2022,1
canon_Other_01683,2024,1
canon_Method_01756,2022,1
canon_Method_01756,2024,1
canon_Method_01757,2022,1
canon_Method_01757,2024,1
canon_Task_00731,2022,1
canon_Task_00731,2024,1
canon_Method_01758,2022,1
canon_Method_01758,2024,1
canon_Other_01684,2022,1
canon_Other_01684,2024,1
canon_Other_01685,2022,1
canon_Other_01685,2024,1
canon_Other_01686,2022,1
canon_Other_01686,2024,1
canon_Other_01687,2022,1
canon_Other_01687,2024,1
canon_Method_01759,2022,1
canon_Method_01759,2024,1
canon_Method_01760,2022,1
canon_Method_01760,2024,1
canon_Method_01761,2022,1
canon_Method_01761,2024,1
canon_Task_00732,2022,1
canon_Task_00732,2024,1
canon_Task_00733,2022,1
canon_Task_00733,2024,1
canon_Method_01762,2022,1
canon_Method_01762,2024,1
canon_Other_01688,2022,1
canon_Other_01688,2024,1
canon_Other_01689,2022,1
canon_Other_01689,2024,1
canon_Other_01690,2022,1
canon_Other_01690,2024,1
canon_Method_01763,2022,1
canon_Method_01763,2024,1
canon_Method_01764,2022,1
canon_Method_01764,2024,1
canon_Other_00355,2022,1
canon_Other_00355,2024,2
canon_Method_01765,2022,1
canon_Method_01765,2024,1
canon_Method_00339,2022,1
canon_Method_00339,2024,2
canon_Task_00734,2022,1
canon_Task_00734,2024,1
canon_Method_01766,2022,1
canon_Method_01766,2024,1
canon_Other_01691,2022,1
canon_Other_01691,2024,1
canon_Other_01692,2022,1
canon_Other_01692,2024,1
canon_Other_01693,2022,1
canon_Other_01693,2024,1
canon_Other_00356,2022,1
canon_Other_00356,2024,2
canon_Other_01694,2022,1
canon_Other_01694,2024,1
canon_Other_01695,2022,1
canon_Other_01695,2024,1
canon_Material_00826,2022,1
canon_Material_00826,2024,1
canon_Other_01696,2022,1
canon_Other_01696,2024,1
canon_Other_01697,2022,1
canon_Other_01697,2024,1
canon_Method_01767,2022,1
canon_Method_01767,2024,1
canon_Method_01768,2022,1
canon_Method_01768,2024,1
canon_Method_01769,2022,1
canon_Method_01769,2024,1
canon_Method_01770,2022,1
canon_Method_01770,2024,1
canon_Method_01771,2022,1
canon_Method_01771,2024,1
canon_Task_00735,2022,1
canon_Task_00735,2024,1
canon_Other_01698,2022,1
canon_Other_01698,2024,1
canon_Other_01699,2022,1
canon_Other_01699,2024,1
canon_Other_01700,2022,1
canon_Other_01700,2024,1
canon_Other_01701,2022,1
canon_Other_01701,2024,1
canon_Method_01772,2022,1
canon_Method_01772,2024,1
canon_Other_01702,2022,1
canon_Other_01702,2024,1
canon_Other_01703,2022,1
canon_Other_01703,2024,1
canon_Method_01773,2022,1
canon_Method_01773,2024,1
canon_Method_01774,2022,1
canon_Method_01774,2024,1
canon_Method_01775,2022,1
canon_Method_01775,2024,1
canon_Method_01776,2022,1
canon_Method_01776,2024,1
canon_Method_01777,2022,1
canon_Method_01777,2024,1
canon_Other_01704,2022,1
canon_Other_01704,2024,1
canon_Task_00736,2022,1
canon_Task_00736,2024,1
canon_Method_01778,2022,1
canon_Method_01778,2024,1
canon_Other_00357,2022,1
canon_Other_00357,2024,2
canon_Method_01779,2022,1
canon_Method_01779,2024,1
canon_Method_01780,2022,1
canon_Method_01780,2024,2
canon_Other_01705,2022,1
canon_Other_01705,2024,1
canon_Method_01781,2022,1
canon_Method_01781,2024,2
canon_Method_01782,2022,1
canon_Method_01782,2024,1
canon_Method_01783,2022,1
canon_Method_01783,2024,1
canon_Other_01706,2022,1
canon_Other_01706,2024,1
canon_Other_01707,2022,1
canon_Other_01707,2024,1
canon_Method_01784,2022,1
canon_Method_01784,2024,1
canon_Other_01708,2022,1
canon_Other_01708,2024,1
canon_Other_01709,2022,1
canon_Other_01709,2024,1
canon_Method_01785,2022,1
canon_Method_01785,2024,1
canon_Other_01710,2022,1
canon_Other_01710,2024,1
canon_Other_01711,2022,1
canon_Other_01711,2024,1
canon_Material_00829,2022,1
canon_Material_00829,2024,1
canon_Method_01786,2022,1
canon_Method_01786,2024,1
canon_Method_01787,2022,1
canon_Method_01787,2024,1
canon_Material_00830,2022,1
canon_Material_00830,2024,1
canon_Material_00832,2022,1
canon_Material_00832,2024,1
canon_Method_01788,2022,1
canon_Method_01788,2024,1
canon_Method_01789,2022,1
canon_Method_01789,2024,1
canon_Other_01712,2022,1
canon_Other_01712,2024,1
canon_Material_00833,2022,1
canon_Material_00833,2024,1
canon_Method_01790,2022,1
canon_Method_01790,2024,1
canon_Task_00737,2022,1
canon_Task_00737,2024,1
canon_Material_00834,2022,1
canon_Material_00834,2024,1
canon_Method_01791,2022,1
canon_Method_01791,2024,1
canon_Other_01713,2022,1
canon_Other_01713,2024,1
canon_Other_01714,2022,1
canon_Other_01714,2024,1
canon_Task_00738,2022,1
canon_Task_00738,2024,1
canon_Material_00835,2022,1
canon_Material_00835,2024,1
canon_Task_00166,2022,1
canon_Task_00166,2024,2
canon_Material_00836,2022,1
canon_Material_00836,2024,1
canon_Task_00739,2022,1
canon_Task_00739,2024,2
canon_Other_01715,2022,1
canon_Other_01715,2024,1
canon_Method_01792,2022,1
canon_Method_01792,2024,1
canon_Material_00837,2022,1
canon_Material_00837,2024,1
canon_Method_01793,2022,1
canon_Method_01793,2024,1
canon_Method_01794,2022,1
canon_Method_01794,2024,1
canon_Other_01716,2022,1
canon_Other_01716,2024,1
canon_Task_00740,2022,1
canon_Task_00740,2024,1
canon_Task_00741,2022,1
canon_Task_00741,2024,1
canon_Task_00742,2022,1
canon_Task_00742,2024,1
canon_Task_00743,2022,1
canon_Task_00743,2024,1
canon_Task_00744,2022,1
canon_Task_00744,2024,1
canon_Task_00745,2022,1
canon_Task_00745,2024,1
canon_Method_01795,2022,1
canon_Method_01795,2024,1
canon_Task_00746,2022,1
canon_Task_00746,2024,1
canon_Task_00747,2022,1
canon_Task_00747,2024,1
canon_Method_00340,2022,1
canon_Method_00340,2024,2
canon_Task_00748,2022,1
canon_Task_00748,2024,1
canon_Method_01796,2022,1
canon_Method_01796,2024,1
canon_Method_01797,2022,1
canon_Method_01797,2024,1
canon_Task_00749,2022,1
canon_Task_00749,2024,1
canon_Method_01798,2022,1
canon_Method_01798,2024,1
canon_Method_01799,2022,1
canon_Method_01799,2024,1
canon_Method_01800,2022,1
canon_Method_01800,2024,1
canon_Material_00838,2022,1
canon_Material_00838,2024,1
canon_Material_00839,2022,1
canon_Material_00839,2024,1
canon_Method_01801,2022,1
canon_Method_01801,2024,1
canon_Task_00750,2022,1
canon_Task_00750,2024,1
canon_Method_01802,2022,1
canon_Method_01802,2024,1
canon_Method_01803,2022,1
canon_Method_01803,2024,1
canon_Method_01804,2022,1
canon_Method_01804,2024,1
canon_Other_00358,2022,1
canon_Other_00358,2024,2
canon_Other_00359,2022,1
canon_Other_00359,2024,2
canon_Method_01805,2022,1
canon_Method_01805,2024,1
canon_Method_01806,2022,1
canon_Method_01806,2024,1
canon_Method_00341,2022,1
canon_Method_00341,2024,2
canon_Method_01807,2022,1
canon_Method_01807,2024,2
canon_Task_00751,2022,1
canon_Task_00751,2024,1
canon_Other_01717,2022,1
canon_Other_01717,2024,1
canon_Method_01808,2022,1
canon_Method_01808,2024,1
canon_Method_01809,2022,1
canon_Method_01809,2024,1
canon_Task_00752,2022,1
canon_Task_00752,2024,1
canon_Method_01810,2022,1
canon_Method_01810,2024,1
canon_Method_01811,2022,1
canon_Method_01811,2024,1
canon_Material_00841,2022,1
canon_Material_00841,2024,1
canon_Method_01812,2022,1
canon_Method_01812,2024,1
canon_Other_01718,2022,1
canon_Other_01718,2024,1
canon_Task_00753,2022,1
canon_Task_00753,2024,1
canon_Other_01719,2022,1
canon_Other_01719,2024,1
canon_Method_01813,2022,1
canon_Method_01813,2024,1
canon_Task_00754,2022,1
canon_Task_00754,2024,1
canon_Other_00360,2022,1
canon_Other_00360,2024,2
canon_Task_00755,2022,1
canon_Task_00755,2024,1
canon_Task_00756,2022,1
canon_Task_00756,2024,1
canon_Task_00757,2022,1
canon_Task_00757,2024,1
canon_Other_01720,2022,1
canon_Other_01720,2024,1
canon_Method_01814,2022,1
canon_Method_01814,2024,1
canon_Method_00098,2022,2
canon_Method_00098,2024,4
canon_Method_01815,2022,1
canon_Method_01815,2024,1
canon_Material_00842,2022,1
canon_Material_00842,2024,1
canon_Material_00843,2022,1
canon_Material_00843,2024,1
canon_Material_00844,2022,1
canon_Material_00844,2024,1
canon_Method_01816,2022,1
canon_Method_01816,2024,1
canon_Method_01817,2022,1
canon_Method_01817,2024,2
canon_Task_00758,2022,1
canon_Task_00758,2024,1
canon_Method_01818,2022,1
canon_Method_01818,2024,1
canon_Task_00759,2022,1
canon_Task_00759,2024,1
canon_Method_00342,2022,1
canon_Method_00342,2024,2
canon_Material_00845,2022,1
canon_Material_00845,2024,1
canon_Material_00846,2022,1
canon_Material_00846,2024,1
canon_Method_01819,2022,1
canon_Method_01819,2024,1
canon_Method_01820,2022,1
canon_Method_01820,2024,1
canon_Method_01821,2022,1
canon_Method_01821,2024,1
canon_Method_01822,2022,1
canon_Method_01822,2024,1
canon_Task_00760,2022,1
canon_Task_00760,2024,1
canon_Other_01721,2022,1
canon_Other_01721,2024,1
canon_Method_01823,2022,1
canon_Method_01823,2024,1
canon_Other_01722,2022,1
canon_Other_01722,2024,1
canon_Method_01824,2022,1
canon_Method_01824,2024,1
canon_Other_01723,2022,1
canon_Other_01723,2024,1
canon_Other_01724,2022,1
canon_Other_01724,2024,1
canon_Other_01725,2022,1
canon_Other_01725,2024,1
canon_Other_01726,2022,1
canon_Other_01726,2024,1
canon_Metric_00135,2022,1
canon_Metric_00135,2024,1
canon_Method_01825,2022,1
canon_Method_01825,2024,1
canon_Method_01826,2022,1
canon_Method_01826,2024,1
canon_Method_01827,2022,1
canon_Method_01827,2024,1
canon_Method_01828,2022,1
canon_Method_01828,2024,1
canon_Other_00361,2022,1
canon_Other_00361,2024,2
canon_Other_01727,2022,1
canon_Other_01727,2024,1
canon_Other_01728,2022,1
canon_Other_01728,2024,1
canon_Other_01729,2022,1
canon_Other_01729,2024,1
canon_Task_00167,2022,1
canon_Task_00167,2024,2
canon_Task_00762,2022,1
canon_Task_00762,2024,1
canon_Task_00763,2022,1
canon_Task_00763,2024,1
canon_Metric_00136,2022,1
canon_Metric_00136,2024,1
canon_Metric_00137,2022,1
canon_Metric_00137,2024,1
canon_Material_00847,2022,1
canon_Material_00847,2024,1
canon_Metric_00138,2022,1
canon_Metric_00138,2024,1
canon_Method_01830,2022,1
canon_Method_01830,2024,1
canon_Other_00362,2022,1
canon_Other_00362,2024,2
canon_Method_00343,2022,1
canon_Method_00343,2024,2
canon_Material_00848,2022,1
canon_Material_00848,2024,1
canon_Metric_00139,2022,1
canon_Metric_00139,2024,1
canon_Task_00765,2022,1
canon_Task_00765,2024,2
canon_Material_00849,2022,1
canon_Material_00849,2024,1
canon_Task_00766,2022,1
canon_Task_00766,2024,1
canon_Task_00168,2022,1
canon_Task_00168,2024,2
canon_Task_00767,2022,1
canon_Task_00767,2024,1
canon_Task_00768,2022,1
canon_Task_00768,2024,1
canon_Material_00850,2022,1
canon_Material_00850,2024,1
canon_Task_00769,2022,1
canon_Task_00769,2024,1
canon_Material_00851,2022,1
canon_Material_00851,2024,1
canon_Method_00345,2022,1
canon_Method_00345,2024,2
canon_Material_00852,2022,1
canon_Material_00852,2024,1
canon_Task_00771,2022,1
canon_Task_00771,2024,1
canon_Task_00772,2022,1
canon_Task_00772,2024,1
canon_Method_00346,2022,1
canon_Method_00346,2024,2
canon_Task_00773,2022,1
canon_Task_00773,2024,1
canon_Method_01832,2022,1
canon_Method_01832,2024,1
canon_Method_00347,2022,1
canon_Method_00347,2024,2
canon_Method_01833,2022,1
canon_Method_01833,2024,1
canon_Method_01834,2022,1
canon_Method_01834,2024,1
canon_Other_01730,2022,1
canon_Other_01730,2024,1
canon_Other_01731,2022,1
canon_Other_01731,2024,1
canon_Other_01732,2022,1
canon_Other_01732,2024,1
canon_Other_01733,2022,1
canon_Other_01733,2024,1
canon_Other_01734,2022,1
canon_Other_01734,2024,1
canon_Other_01735,2022,1
canon_Other_01735,2024,1
canon_Other_01736,2022,1
canon_Other_01736,2024,1
canon_Method_00165,2022,2
canon_Method_00165,2024,3
canon_Other_01737,2022,1
canon_Other_01737,2024,1
canon_Method_01835,2022,1
canon_Method_01835,2024,1
canon_Task_00774,2022,1
canon_Task_00774,2024,1
canon_Task_00775,2022,1
canon_Task_00775,2024,1
canon_Task_00776,2022,1
canon_Task_00776,2024,1
canon_Task_00777,2022,1
canon_Task_00777,2024,1
canon_Metric_00140,2022,1
canon_Metric_00140,2024,1
canon_Method_01836,2022,1
canon_Method_01836,2024,1
canon_Other_01738,2022,1
canon_Other_01738,2024,1
canon_Task_00169,2022,1
canon_Task_00169,2024,2
canon_Method_01837,2022,1
canon_Method_01837,2024,1
canon_Method_01838,2022,1
canon_Method_01838,2024,1
canon_Task_00778,2022,1
canon_Task_00778,2024,1
canon_Material_00199,2022,2
canon_Material_00199,2024,3
canon_Material_00853,2022,1
canon_Material_00853,2024,1
canon_Task_00170,2022,1
canon_Task_00170,2024,2
canon_Method_01839,2022,1
canon_Method_01839,2024,1
canon_Method_01840,2022,1
canon_Method_01840,2024,1
canon_Other_01740,2022,1
canon_Other_01740,2024,1
canon_Other_01742,2022,1
canon_Other_01742,2024,1
canon_Method_01841,2022,1
canon_Method_01841,2024,1
canon_Other_01743,2022,1
canon_Other_01743,2024,1
canon_Other_01744,2022,1
canon_Other_01744,2024,1
canon_Method_01842,2022,1
canon_Method_01842,2024,1
canon_Task_00779,2022,1
canon_Task_00779,2024,1
canon_Material_00854,2022,1
canon_Material_00854,2024,2
canon_Method_01843,2022,1
canon_Method_01843,2024,1
canon_Material_00855,2022,1
canon_Material_00855,2024,1
canon_Method_01844,2022,1
canon_Method_01844,2024,1
canon_Method_01845,2022,1
canon_Method_01845,2024,1
canon_Material_00856,2022,1
canon_Material_00856,2024,1
canon_Method_01846,2022,1
canon_Method_01846,2024,1
canon_Other_01745,2022,1
canon_Other_01745,2024,1
canon_Other_01746,2022,1
canon_Other_01746,2024,1
canon_Other_01747,2022,1
canon_Other_01747,2024,1
canon_Other_01748,2022,1
canon_Other_01748,2024,1
canon_Other_01749,2022,1
canon_Other_01749,2024,1
canon_Other_01750,2022,1
canon_Other_01750,2024,1
canon_Other_01751,2022,1
canon_Other_01751,2024,1
canon_Method_01847,2022,1
canon_Method_01847,2024,1
canon_Method_01848,2022,1
canon_Method_01848,2024,1
canon_Method_01849,2022,1
canon_Method_01849,2024,1
canon_Method_01850,2022,1
canon_Method_01850,2024,1
canon_Method_00348,2022,1
canon_Method_00348,2024,2
canon_Task_00781,2022,1
canon_Task_00781,2024,1
canon_Task_00782,2022,1
canon_Task_00782,2024,1
canon_Other_01752,2022,1
canon_Other_01752,2024,1
canon_Method_00349,2022,1
canon_Method_00349,2024,2
canon_Task_00783,2022,1
canon_Task_00783,2024,1
canon_Other_01753,2022,1
canon_Other_01753,2024,1
canon_Task_00784,2022,1
canon_Task_00784,2024,1
canon_Other_01754,2022,1
canon_Other_01754,2024,1
canon_Metric_00141,2022,1
canon_Metric_00141,2024,1
canon_Task_00172,2022,1
canon_Task_00172,2024,2
canon_Task_00785,2022,1
canon_Task_00785,2024,1
canon_Material_00857,2022,1
canon_Material_00857,2024,1
canon_Method_01851,2022,1
canon_Method_01851,2024,1
canon_Method_01852,2022,1
canon_Method_01852,2024,1
canon_Other_01755,2022,1
canon_Other_01755,2024,1
canon_Task_00786,2022,1
canon_Task_00786,2024,1
canon_Other_01756,2022,1
canon_Other_01756,2024,1
canon_Task_00787,2022,1
canon_Task_00787,2024,1
canon_Other_01757,2022,1
canon_Other_01757,2024,1
canon_Method_01853,2022,1
canon_Method_01853,2024,1
canon_Method_01854,2022,1
canon_Method_01854,2024,1
canon_Other_01758,2022,1
canon_Other_01758,2024,1
canon_Other_01759,2022,1
canon_Other_01759,2024,1
canon_Method_01855,2022,1
canon_Method_01855,2024,1
canon_Other_01760,2022,1
canon_Other_01760,2024,1
canon_Method_01856,2022,1
canon_Method_01856,2024,1
canon_Method_01857,2022,1
canon_Method_01857,2024,1
canon_Task_00788,2022,1
canon_Task_00788,2024,1
canon_Other_01761,2022,1
canon_Other_01761,2024,1
canon_Method_01858,2022,1
canon_Method_01858,2024,1
canon_Method_01859,2022,1
canon_Method_01859,2024,1
canon_Other_01762,2022,1
canon_Other_01762,2024,1
canon_Method_01860,2022,1
canon_Method_01860,2024,1
canon_Method_01861,2022,1
canon_Method_01861,2024,1
canon_Method_01862,2022,1
canon_Method_01862,2024,1
canon_Method_01863,2022,1
canon_Method_01863,2024,1
canon_Other_01763,2022,1
canon_Other_01763,2024,1
canon_Other_01764,2022,1
canon_Other_01764,2024,1
canon_Method_01864,2022,1
canon_Method_01864,2024,1
canon_Other_01765,2022,1
canon_Other_01765,2024,1
canon_Method_01865,2022,1
canon_Method_01865,2024,1
canon_Method_01866,2022,1
canon_Method_01866,2024,1
canon_Material_00858,2022,1
canon_Material_00858,2024,1
canon_Method_01867,2022,1
canon_Method_01867,2024,1
canon_Method_01868,2022,1
canon_Method_01868,2024,1
canon_Method_01869,2022,1
canon_Method_01869,2024,1
canon_Method_01870,2022,1
canon_Method_01870,2024,1
canon_Method_01871,2022,1
canon_Method_01871,2024,1
canon_Method_01872,2022,1
canon_Method_01872,2024,1
canon_Method_00350,2022,1
canon_Method_00350,2024,2
canon_Task_00789,2022,1
canon_Task_00789,2024,1
canon_Method_01873,2022,1
canon_Method_01873,2024,1
canon_Other_01766,2022,1
canon_Other_01766,2024,1
canon_Method_01874,2022,1
canon_Method_01874,2024,2
canon_Method_01875,2022,1
canon_Method_01875,2024,1
canon_Other_01767,2022,1
canon_Other_01767,2024,1
canon_Method_01876,2022,1
canon_Method_01876,2024,1
canon_Method_01877,2022,1
canon_Method_01877,2024,1
canon_Method_01878,2022,1
canon_Method_01878,2024,1
canon_Method_01879,2022,1
canon_Method_01879,2024,1
canon_Method_01880,2022,1
canon_Method_01880,2024,1
canon_Other_01768,2022,1
canon_Other_01768,2024,1
canon_Other_01769,2022,1
canon_Other_01769,2024,1
canon_Other_01770,2022,1
canon_Other_01770,2024,1
canon_Other_01771,2022,1
canon_Other_01771,2024,1
canon_Other_01772,2022,1
canon_Other_01772,2024,1
canon_Other_01773,2022,1
canon_Other_01773,2024,1
canon_Method_01881,2022,1
canon_Method_01881,2024,1
canon_Other_01774,2022,1
canon_Other_01774,2024,1
canon_Method_01882,2022,1
canon_Method_01882,2024,1
canon_Other_00119,2022,2
canon_Other_00119,2024,4
canon_Other_00363,2022,1
canon_Other_00363,2024,2
canon_Other_01775,2022,1
canon_Other_01775,2024,1
canon_Other_01776,2022,1
canon_Other_01776,2024,1
canon_Other_01777,2022,1
canon_Other_01777,2024,1
canon_Other_00364,2022,1
canon_Other_00364,2024,2
canon_Method_01883,2022,1
canon_Method_01883,2024,1
canon_Method_01884,2022,1
canon_Method_01884,2024,1
canon_Method_01885,2022,1
canon_Method_01885,2024,1
canon_Other_00365,2022,1
canon_Other_00365,2024,2
canon_Method_01886,2022,1
canon_Method_01886,2024,1
canon_Other_01778,2022,1
canon_Other_01778,2024,1
canon_Method_01887,2022,1
canon_Method_01887,2024,1
canon_Method_01888,2022,1
canon_Method_01888,2024,1
canon_Method_01889,2022,1
canon_Method_01889,2024,1
canon_Material_00859,2022,1
canon_Material_00859,2024,1
canon_Other_00366,2022,1
canon_Other_00366,2024,2
canon_Method_01890,2022,1
canon_Method_01890,2024,1
canon_Method_01891,2022,1
canon_Method_01891,2024,2
canon_Task_00072,2022,2
canon_Task_00072,2024,3
canon_Method_01892,2022,1
canon_Method_01892,2024,1
canon_Method_00166,2022,2
canon_Method_00166,2024,3
canon_Task_00791,2022,1
canon_Task_00791,2024,1
canon_Task_00792,2022,1
canon_Task_00792,2024,1
canon_Task_00793,2022,1
canon_Task_00793,2024,1
canon_Material_00860,2022,1
canon_Material_00860,2024,1
canon_Material_00861,2022,1
canon_Material_00861,2024,1
canon_Material_00862,2022,1
canon_Material_00862,2024,1
canon_Material_00863,2022,1
canon_Material_00863,2024,1
canon_Material_00864,2022,1
canon_Material_00864,2024,1
canon_Method_01893,2022,1
canon_Method_01893,2024,1
canon_Task_00794,2022,1
canon_Task_00794,2024,1
canon_Other_00184,2022,2
canon_Other_00184,2024,3
canon_Other_01779,2022,1
canon_Other_01779,2024,1
canon_Other_01780,2022,1
canon_Other_01780,2024,1
canon_Other_01781,2022,1
canon_Other_01781,2024,1
canon_Other_00367,2022,1
canon_Other_00367,2024,2
canon_Other_01782,2022,1
canon_Other_01782,2024,1
canon_Other_01783,2022,1
canon_Other_01783,2024,2
canon_Method_01894,2022,1
canon_Method_01894,2024,1
canon_Material_00865,2022,1
canon_Material_00865,2024,1
canon_Method_01895,2022,1
canon_Method_01895,2024,1
canon_Other_01784,2022,1
canon_Other_01784,2024,1
canon_Other_01785,2022,1
canon_Other_01785,2024,1
canon_Task_00795,2022,1
canon_Task_00795,2024,1
canon_Method_01896,2022,1
canon_Method_01896,2024,1
canon_Method_01897,2022,1
canon_Method_01897,2024,1
canon_Task_00796,2022,1
canon_Task_00796,2024,1
canon_Material_00866,2022,1
canon_Material_00866,2024,1
canon_Material_00867,2022,1
canon_Material_00867,2024,1
canon_Method_01898,2022,1
canon_Method_01898,2024,1
canon_Material_00868,2022,1
canon_Material_00868,2024,1
canon_Method_01899,2022,1
canon_Method_01899,2024,2
canon_Method_01900,2022,1
canon_Method_01900,2024,1
canon_Method_01901,2022,1
canon_Method_01901,2024,1
canon_Material_00200,2022,1
canon_Material_00200,2024,2
canon_Material_00869,2022,1
canon_Material_00869,2024,1
canon_Method_01902,2022,1
canon_Method_01902,2024,1
canon_Method_01903,2022,1
canon_Method_01903,2024,1
canon_Method_01904,2022,1
canon_Method_01904,2024,1
canon_Method_01905,2022,1
canon_Method_01905,2024,1
canon_Metric_00142,2022,1
canon_Metric_00142,2024,1
canon_Method_01906,2022,1
canon_Method_01906,2024,1
canon_Material_00870,2022,1
canon_Material_00870,2024,1
canon_Method_00167,2022,2
canon_Method_00167,2024,3
canon_Method_01907,2022,1
canon_Method_01907,2024,1
canon_Method_01908,2022,1
canon_Method_01908,2024,1
canon_Other_00368,2022,1
canon_Other_00368,2024,2
canon_Other_01786,2022,1
canon_Other_01786,2024,1
canon_Material_00871,2022,1
canon_Material_00871,2024,1
canon_Material_00872,2022,1
canon_Material_00872,2024,1
canon_Other_01787,2022,1
canon_Other_01787,2024,1
canon_Other_01788,2022,1
canon_Other_01788,2024,1
canon_Other_01789,2022,1
canon_Other_01789,2024,1
canon_Task_00797,2022,1
canon_Task_00797,2024,1
canon_Method_01909,2022,1
canon_Method_01909,2024,1
canon_Method_01910,2022,1
canon_Method_01910,2024,1
canon_Method_01911,2022,1
canon_Method_01911,2024,1
canon_Method_01912,2022,1
canon_Method_01912,2024,1
canon_Task_00798,2022,1
canon_Task_00798,2024,1
canon_Material_00873,2022,1
canon_Material_00873,2024,1
canon_Other_01790,2022,1
canon_Other_01790,2024,1
canon_Other_01791,2022,1
canon_Other_01791,2024,1
canon_Other_01792,2022,1
canon_Other_01792,2024,1
canon_Other_00369,2022,1
canon_Other_00369,2024,2
canon_Material_00874,2022,1
canon_Material_00874,2024,2
canon_Method_01913,2022,1
canon_Method_01913,2024,1
canon_Other_01793,2022,1
canon_Other_01793,2024,1
canon_Material_00875,2022,1
canon_Material_00875,2024,1
canon_Other_01794,2022,1
canon_Other_01794,2024,1
canon_Other_01795,2022,1
canon_Other_01795,2024,1
canon_Other_01796,2022,1
canon_Other_01796,2024,1
canon_Other_01797,2022,1
canon_Other_01797,2024,2
canon_Other_01798,2022,1
canon_Other_01798,2024,1
canon_Other_01799,2022,1
canon_Other_01799,2024,1
canon_Other_01800,2022,1
canon_Other_01800,2024,1
canon_Other_01801,2022,1
canon_Other_01801,2024,1
canon_Method_01914,2022,1
canon_Method_01914,2024,1
canon_Task_00800,2022,1
canon_Task_00800,2024,1
canon_Method_01915,2022,1
canon_Method_01915,2024,1
canon_Method_01916,2022,1
canon_Method_01916,2024,1
canon_Method_01917,2022,1
canon_Method_01917,2024,1
canon_Material_00876,2022,2
canon_Material_00876,2024,5
canon_Method_01918,2022,1
canon_Method_01918,2024,1
canon_Method_01919,2022,1
canon_Method_01919,2024,1
canon_Task_00801,2022,1
canon_Task_00801,2024,1
canon_Method_01921,2022,1
canon_Method_01921,2024,1
canon_Method_01922,2022,1
canon_Method_01922,2024,1
canon_Method_00351,2022,1
canon_Method_00351,2024,2
canon_Task_00802,2022,1
canon_Task_00802,2024,1
canon_Method_01923,2022,1
canon_Method_01923,2024,1
canon_Other_01802,2022,1
canon_Other_01802,2024,1
canon_Other_00370,2022,1
canon_Other_00370,2024,2
canon_Other_01803,2022,1
canon_Other_01803,2024,1
canon_Metric_00144,2022,1
canon_Metric_00144,2024,1
canon_Other_01804,2022,1
canon_Other_01804,2024,1
canon_Other_00371,2022,1
canon_Other_00371,2024,2
canon_Material_00877,2022,1
canon_Material_00877,2024,1
canon_Method_01924,2022,1
canon_Method_01924,2024,1
canon_Method_01925,2022,1
canon_Method_01925,2024,1
canon_Method_01926,2022,1
canon_Method_01926,2024,1
canon_Method_01927,2022,1
canon_Method_01927,2024,1
canon_Method_01928,2022,1
canon_Method_01928,2024,1
canon_Method_01929,2022,1
canon_Method_01929,2024,1
canon_Method_01930,2022,1
canon_Method_01930,2024,1
canon_Method_01931,2022,1
canon_Method_01931,2024,1
canon_Method_01932,2022,1
canon_Method_01932,2024,1
canon_Other_01805,2022,1
canon_Other_01805,2024,1
canon_Method_00352,2022,2
canon_Method_00352,2024,3
canon_Material_00879,2022,1
canon_Material_00879,2024,1
canon_Material_00880,2022,1
canon_Material_00880,2024,1
canon_Other_01806,2022,1
canon_Other_01806,2024,1
canon_Material_00882,2022,1
canon_Material_00882,2024,1
canon_Method_01933,2022,1
canon_Method_01933,2024,1
canon_Task_00803,2022,1
canon_Task_00803,2024,1
canon_Other_01807,2022,1
canon_Other_01807,2024,1
canon_Other_01808,2022,1
canon_Other_01808,2024,1
canon_Method_01934,2022,1
canon_Method_01934,2024,1
canon_Method_01935,2022,1
canon_Method_01935,2024,1
canon_Material_00883,2022,1
canon_Material_00883,2024,1
canon_Other_01809,2022,1
canon_Other_01809,2024,1
canon_Material_00884,2022,1
canon_Material_00884,2024,1
canon_Other_01810,2022,1
canon_Other_01810,2024,1
canon_Other_01811,2022,1
canon_Other_01811,2024,1
canon_Other_01812,2022,1
canon_Other_01812,2024,1
canon_Other_01813,2022,1
canon_Other_01813,2024,1
canon_Other_01814,2022,1
canon_Other_01814,2024,2
canon_Other_01815,2022,1
canon_Other_01815,2024,1
canon_Other_01816,2022,1
canon_Other_01816,2024,1
canon_Task_00804,2022,1
canon_Task_00804,2024,2
canon_Method_01936,2022,1
canon_Method_01936,2024,1
canon_Other_01818,2022,1
canon_Other_01818,2024,1
canon_Method_01937,2022,1
canon_Method_01937,2024,1
canon_Method_01938,2022,1
canon_Method_01938,2024,1
canon_Method_01939,2022,1
canon_Method_01939,2024,1
canon_Method_01940,2022,1
canon_Method_01940,2024,1
canon_Method_01941,2022,1
canon_Method_01941,2024,1
canon_Material_00885,2022,1
canon_Material_00885,2024,1
canon_Metric_00145,2022,1
canon_Metric_00145,2024,1
canon_Method_01942,2022,1
canon_Method_01942,2024,1
canon_Material_00886,2022,1
canon_Material_00886,2024,1
canon_Method_01943,2022,1
canon_Method_01943,2024,1
canon_Material_00887,2022,1
canon_Material_00887,2024,1
canon_Task_00805,2022,1
canon_Task_00805,2024,1
canon_Material_00888,2022,1
canon_Material_00888,2024,1
canon_Method_00353,2022,1
canon_Method_00353,2024,2
canon_Other_00120,2022,2
canon_Other_00120,2024,4
canon_Method_01944,2022,1
canon_Method_01944,2024,1
canon_Other_01819,2022,1
canon_Other_01819,2024,1
canon_Method_01945,2022,1
canon_Method_01945,2024,1
canon_Other_00185,2022,2
canon_Other_00185,2024,3
canon_Other_01820,2022,1
canon_Other_01820,2024,1
canon_Other_01821,2022,1
canon_Other_01821,2024,1
canon_Other_01822,2022,1
canon_Other_01822,2024,1
canon_Other_01823,2022,1
canon_Other_01823,2024,1
canon_Method_01946,2022,1
canon_Method_01946,2024,1
canon_Other_01824,2022,1
canon_Other_01824,2024,1
canon_Other_00186,2022,2
canon_Other_00186,2024,3
canon_Method_01947,2022,1
canon_Method_01947,2024,1
canon_Method_01948,2022,1
canon_Method_01948,2024,1
canon_Task_00807,2022,1
canon_Task_00807,2024,1
canon_Other_01825,2022,1
canon_Other_01825,2024,1
canon_Task_00808,2022,1
canon_Task_00808,2024,2
canon_Method_01949,2022,1
canon_Method_01949,2024,1
canon_Task_00073,2022,2
canon_Task_00073,2024,3
canon_Method_01950,2022,1
canon_Method_01950,2024,1
canon_Task_00811,2022,1
canon_Task_00811,2024,1
canon_Material_00889,2022,1
canon_Material_00889,2024,1
canon_Method_01952,2022,1
canon_Method_01952,2024,1
canon_Other_01827,2022,1
canon_Other_01827,2024,1
canon_Method_01953,2022,1
canon_Method_01953,2024,1
canon_Method_01954,2022,1
canon_Method_01954,2024,1
canon_Method_01955,2022,1
canon_Method_01955,2024,1
canon_Method_00354,2022,1
canon_Method_00354,2024,2
canon_Method_01956,2022,1
canon_Method_01956,2024,2
canon_Task_00173,2022,1
canon_Task_00173,2024,2
canon_Material_00921,2022,1
canon_Material_00921,2024,2
canon_Material_00890,2022,1
canon_Material_00890,2024,1
canon_Material_00892,2022,1
canon_Material_00892,2024,1
canon_Material_00893,2022,1
canon_Material_00893,2024,1
canon_Method_01957,2022,1
canon_Method_01957,2024,1
canon_Method_01958,2022,1
canon_Method_01958,2024,1
canon_Method_01959,2022,1
canon_Method_01959,2024,1
canon_Method_01960,2022,1
canon_Method_01960,2024,1
canon_Other_01829,2022,1
canon_Other_01829,2024,1
canon_Method_00355,2022,1
canon_Method_00355,2024,2
canon_Task_00812,2022,1
canon_Task_00812,2024,1
canon_Material_00894,2022,1
canon_Material_00894,2024,1
canon_Other_00079,2022,2
canon_Other_00079,2024,5
canon_Other_01830,2022,1
canon_Other_01830,2024,1
canon_Material_00895,2022,1
canon_Material_00895,2024,1
canon_Method_00169,2022,2
canon_Method_00169,2024,3
canon_Other_00372,2022,1
canon_Other_00372,2024,2
canon_Method_00356,2022,1
canon_Method_00356,2024,2
canon_Method_01961,2022,1
canon_Method_01961,2024,1
canon_Metric_00146,2022,1
canon_Metric_00146,2024,1
canon_Method_00357,2022,1
canon_Method_00357,2024,2
canon_Method_01962,2022,1
canon_Method_01962,2024,1
canon_Other_01831,2022,1
canon_Other_01831,2024,1
canon_Material_00896,2022,1
canon_Material_00896,2024,1
canon_Material_00897,2022,1
canon_Material_00897,2024,1
canon_Material_00898,2022,1
canon_Material_00898,2024,1
canon_Material_00899,2022,1
canon_Material_00899,2024,1
canon_Method_01963,2022,1
canon_Method_01963,2024,1
canon_Other_01832,2022,1
canon_Other_01832,2024,1
canon_Other_01833,2022,1
canon_Other_01833,2024,1
canon_Method_01964,2022,1
canon_Method_01964,2024,1
canon_Task_00813,2022,1
canon_Task_00813,2024,1
canon_Other_01834,2022,1
canon_Other_01834,2024,1
canon_Other_01835,2022,1
canon_Other_01835,2024,1
canon_Method_01965,2022,1
canon_Method_01965,2024,1
canon_Method_01966,2022,1
canon_Method_01966,2024,1
canon_Other_01836,2022,1
canon_Other_01836,2024,1
canon_Other_01837,2022,1
canon_Other_01837,2024,1
canon_Method_01967,2022,1
canon_Method_01967,2024,1
canon_Method_01969,2022,1
canon_Method_01969,2024,1
canon_Task_00814,2022,1
canon_Task_00814,2024,1
canon_Material_00900,2022,1
canon_Material_00900,2024,1
canon_Material_00901,2022,1
canon_Material_00901,2024,1
canon_Task_00815,2022,1
canon_Task_00815,2024,1
canon_Material_00902,2022,1
canon_Material_00902,2024,1
canon_Method_01970,2022,1
canon_Method_01970,2024,1
canon_Other_01838,2022,1
canon_Other_01838,2024,1
canon_Task_00816,2022,1
canon_Task_00816,2024,1
canon_Method_00359,2022,1
canon_Method_00359,2024,2
canon_Other_01839,2022,1
canon_Other_01839,2024,1
canon_Method_01971,2022,1
canon_Method_01971,2024,1
canon_Other_01840,2022,1
canon_Other_01840,2024,1
canon_Other_01841,2022,1
canon_Other_01841,2024,1
canon_Method_01972,2022,1
canon_Method_01972,2024,1
canon_Other_00187,2022,2
canon_Other_00187,2024,3
canon_Other_01842,2022,1
canon_Other_01842,2024,1
canon_Method_01973,2022,1
canon_Method_01973,2024,1
canon_Method_01974,2022,1
canon_Method_01974,2024,2
canon_Task_00818,2022,1
canon_Task_00818,2024,1
canon_Other_01843,2022,1
canon_Other_01843,2024,1
canon_Other_01844,2022,1
canon_Other_01844,2024,1
canon_Other_01845,2022,1
canon_Other_01845,2024,1
canon_Other_01846,2022,1
canon_Other_01846,2024,1
canon_Task_00819,2022,1
canon_Task_00819,2024,1
canon_Method_01975,2022,1
canon_Method_01975,2024,1
canon_Method_01976,2022,1
canon_Method_01976,2024,1
canon_Method_01977,2022,1
canon_Method_01977,2024,1
canon_Method_01978,2022,1
canon_Method_01978,2024,1
canon_Method_01979,2022,1
canon_Method_01979,2024,1
canon_Material_00903,2022,1
canon_Material_00903,2024,1
canon_Other_01847,2022,1
canon_Other_01847,2024,1
canon_Other_01848,2022,1
canon_Other_01848,2024,1
canon_Material_00904,2022,1
canon_Material_00904,2024,1
canon_Other_01849,2022,1
canon_Other_01849,2024,1
canon_Method_01981,2022,1
canon_Method_01981,2024,1
canon_Method_01982,2022,1
canon_Method_01982,2024,1
canon_Material_00905,2022,1
canon_Material_00905,2024,1
canon_Material_00906,2022,1
canon_Material_00906,2024,1
canon_Material_00907,2022,1
canon_Material_00907,2024,1
canon_Method_01983,2022,1
canon_Method_01983,2024,1
canon_Other_01851,2022,1
canon_Other_01851,2024,1
canon_Material_00908,2022,1
canon_Material_00908,2024,1
canon_Other_01852,2022,1
canon_Other_01852,2024,1
canon_Other_01853,2022,1
canon_Other_01853,2024,1
canon_Method_01984,2022,1
canon_Method_01984,2024,1
canon_Method_01985,2022,1
canon_Method_01985,2024,1
canon_Method_01986,2022,1
canon_Method_01986,2024,1
canon_Method_01987,2022,1
canon_Method_01987,2024,1
canon_Method_01988,2022,1
canon_Method_01988,2024,1
canon_Task_00820,2022,1
canon_Task_00820,2024,1
canon_Material_00909,2022,1
canon_Material_00909,2024,1
canon_Other_01854,2022,1
canon_Other_01854,2024,1
canon_Other_01855,2022,1
canon_Other_01855,2024,1
canon_Material_00203,2022,1
canon_Material_00203,2024,2
canon_Material_00910,2022,1
canon_Material_00910,2024,1
canon_Method_01989,2022,1
canon_Method_01989,2024,1
canon_Task_00821,2022,1
canon_Task_00821,2024,1
canon_Other_01856,2022,1
canon_Other_01856,2024,1
canon_Other_01857,2022,1
canon_Other_01857,2024,1
canon_Other_01858,2022,1
canon_Other_01858,2024,1
canon_Method_01990,2022,1
canon_Method_01990,2024,1
canon_Other_01859,2022,1
canon_Other_01859,2024,1
canon_Method_01991,2022,1
canon_Method_01991,2024,2
canon_Method_01992,2022,1
canon_Method_01992,2024,1
canon_Other_00188,2022,2
canon_Other_00188,2024,3
canon_Other_01860,2022,1
canon_Other_01860,2024,2
canon_Method_01993,2022,1
canon_Method_01993,2024,1
canon_Material_00911,2022,1
canon_Material_00911,2024,1
canon_Material_00912,2022,1
canon_Material_00912,2024,1
canon_Method_01994,2022,1
canon_Method_01994,2024,1
canon_Method_00170,2022,2
canon_Method_00170,2024,3
canon_Method_00360,2022,1
canon_Method_00360,2024,2
canon_Method_01995,2022,1
canon_Method_01995,2024,1
canon_Method_00361,2022,1
canon_Method_00361,2024,2
canon_Method_01996,2022,1
canon_Method_01996,2024,1
canon_Method_01997,2022,1
canon_Method_01997,2024,1
canon_Other_01861,2022,1
canon_Other_01861,2024,1
canon_Other_01862,2022,1
canon_Other_01862,2024,1
canon_Material_00914,2022,1
canon_Material_00914,2024,1
canon_Method_01998,2022,1
canon_Method_01998,2024,1
canon_Method_01999,2022,1
canon_Method_01999,2024,1
canon_Task_00822,2022,1
canon_Task_00822,2024,1
canon_Method_02000,2022,1
canon_Method_02000,2024,1
canon_Method_02001,2022,1
canon_Method_02001,2024,1
canon_Other_01865,2022,1
canon_Other_01865,2024,1
canon_Material_00915,2022,1
canon_Material_00915,2024,1
canon_Other_01866,2022,1
canon_Other_01866,2024,1
canon_Other_01867,2022,1
canon_Other_01867,2024,1
canon_Other_01868,2022,1
canon_Other_01868,2024,1
canon_Material_00916,2022,1
canon_Material_00916,2024,1
canon_Other_01869,2022,1
canon_Other_01869,2024,1
canon_Other_01870,2022,1
canon_Other_01870,2024,1
canon_Method_02002,2022,1
canon_Method_02002,2024,1
canon_Method_02003,2022,1
canon_Method_02003,2024,1
canon_Material_00917,2022,1
canon_Material_00917,2024,1
canon_Method_02004,2022,1
canon_Method_02004,2024,1
canon_Method_02005,2022,1
canon_Method_02005,2024,1
canon_Method_02006,2022,1
canon_Method_02006,2024,1
canon_Other_01871,2022,1
canon_Other_01871,2024,1
canon_Material_00918,2022,1
canon_Material_00918,2024,1
canon_Material_00919,2022,1
canon_Material_00919,2024,1
canon_Material_00920,2022,1
canon_Material_00920,2024,1
canon_Material_00922,2022,1
canon_Material_00922,2024,1
canon_Material_00923,2022,1
canon_Material_00923,2024,1
canon_Material_00924,2022,1
canon_Material_00924,2024,1
canon_Method_02007,2022,1
canon_Method_02007,2024,1
canon_Material_00925,2022,1
canon_Material_00925,2024,1
canon_Material_00926,2022,1
canon_Material_00926,2024,1
canon_Material_00927,2022,1
canon_Material_00927,2024,1
canon_Method_02008,2022,1
canon_Method_02008,2024,1
canon_Method_02009,2022,1
canon_Method_02009,2024,1
canon_Method_02010,2022,1
canon_Method_02010,2024,1
canon_Method_02011,2022,1
canon_Method_02011,2024,1
canon_Method_02012,2022,1
canon_Method_02012,2024,1
canon_Method_02013,2022,1
canon_Method_02013,2024,1
canon_Method_02014,2022,1
canon_Method_02014,2024,1
canon_Other_01872,2022,1
canon_Other_01872,2024,1
canon_Method_02015,2022,1
canon_Method_02015,2024,1
canon_Method_02016,2022,1
canon_Method_02016,2024,1
canon_Other_01873,2022,1
canon_Other_01873,2024,1
canon_Other_01874,2022,1
canon_Other_01874,2024,1
canon_Task_00823,2022,1
canon_Task_00823,2024,1
canon_Method_02017,2022,1
canon_Method_02017,2024,1
canon_Other_01876,2022,1
canon_Other_01876,2024,1
canon_Method_02018,2022,1
canon_Method_02018,2024,1
canon_Other_01877,2022,1
canon_Other_01877,2024,1
canon_Other_01878,2022,1
canon_Other_01878,2024,1
canon_Other_01879,2022,1
canon_Other_01879,2024,1
canon_Method_02019,2022,1
canon_Method_02019,2024,1
canon_Task_00824,2022,1
canon_Task_00824,2024,1
canon_Other_01880,2022,1
canon_Other_01880,2024,1
canon_Method_02020,2022,1
canon_Method_02020,2024,1
canon_Method_02021,2022,1
canon_Method_02021,2024,1
canon_Method_02022,2022,1
canon_Method_02022,2024,1
canon_Other_01881,2022,1
canon_Other_01881,2024,1
canon_Other_01882,2022,1
canon_Other_01882,2024,1
canon_Other_01883,2022,1
canon_Other_01883,2024,1
canon_Method_02025,2022,1
canon_Method_02025,2024,1
canon_Method_02026,2022,1
canon_Method_02026,2024,1
canon_Other_01884,2022,1
canon_Other_01884,2024,1
canon_Other_01885,2022,1
canon_Other_01885,2024,1
canon_Other_01886,2022,1
canon_Other_01886,2024,1
canon_Other_01887,2022,1
canon_Other_01887,2024,1
canon_Method_02027,2022,1
canon_Method_02027,2024,1
canon_Method_02028,2022,1
canon_Method_02028,2024,1
canon_Other_01888,2022,1
canon_Other_01888,2024,1
canon_Other_01889,2022,1
canon_Other_01889,2024,1
canon_Task_00825,2022,1
canon_Task_00825,2024,1
canon_Other_00373,2022,1
canon_Other_00373,2024,2
canon_Other_01890,2022,1
canon_Other_01890,2024,1
canon_Method_02029,2022,1
canon_Method_02029,2024,1
canon_Method_02030,2022,1
canon_Method_02030,2024,1
canon_Other_01891,2022,1
canon_Other_01891,2024,1
canon_Material_00928,2022,1
canon_Material_00928,2024,2
canon_Other_01892,2022,1
canon_Other_01892,2024,1
canon_Material_00929,2022,1
canon_Material_00929,2024,1
