entity_id,year,citations
canon_Other_00077,2022,1
canon_Other_00077,2024,1
canon_Other_00042,2022,2
canon_Other_00042,2024,3
canon_Material_01097,2022,0
canon_Material_01097,2024,0
canon_Other_00002,2022,2
canon_Other_00002,2024,5
canon_Other_00005,2022,0
canon_Other_00005,2024,0
canon_Metric_00157,2022,0
canon_Metric_00157,2024,0
canon_Other_00006,2022,0
canon_Other_00006,2024,0
canon_Task_00093,2022,0
canon_Task_00093,2024,0
canon_Task_00140,2022,1
canon_Task_00140,2024,1
canon_Method_00578,2022,0
canon_Method_00578,2024,0
canon_Method_00084,2022,0
canon_Method_00084,2024,0
canon_Material_00012,2022,0
canon_Material_00012,2024,0
canon_Method_00015,2022,0
canon_Method_00015,2024,0
canon_Method_00561,2022,0
canon_Method_00561,2024,0
canon_Method_00562,2022,0
canon_Method_00562,2024,0
canon_Metric_00300,2022,1
canon_Metric_00300,2024,2
canon_Method_00029,2022,1
canon_Method_00029,2024,2
canon_Task_00006,2022,0
canon_Task_00006,2024,0
canon_Task_00001,2022,0
canon_Task_00001,2024,0
canon_Material_01740,2022,1
canon_Material_01740,2024,2
canon_Material_00015,2022,0
canon_Material_00015,2024,0
canon_Task_00016,2022,0
canon_Task_00016,2024,0
canon_Metric_00292,2022,1
canon_Metric_00292,2024,2
canon_Other_00783,2022,1
canon_Other_00783,2024,1
canon_Other_00030,2022,1
canon_Other_00030,2024,1
canon_Material_00003,2022,4
canon_Material_00003,2024,7
canon_Other_00004,2022,0
canon_Other_00004,2024,0
canon_Other_00402,2022,0
canon_Other_00402,2024,0
canon_Material_00084,2022,0
canon_Material_00084,2024,0
canon_Other_00014,2022,1
canon_Other_00014,2024,1
canon_Other_00003,2022,0
canon_Other_00003,2024,0
canon_Other_00011,2022,2
canon_Other_00011,2024,3
canon_Other_03075,2022,1
canon_Other_03075,2024,1
canon_Task_00049,2022,0
canon_Task_00049,2024,0
canon_Method_00027,2022,0
canon_Method_00027,2024,0
canon_Metric_00008,2022,0
canon_Metric_00008,2024,0
canon_Task_00142,2022,1
canon_Task_00142,2024,1
canon_Task_00004,2022,1
canon_Task_00004,2024,2
canon_Method_01226,2022,0
canon_Method_01226,2024,0
canon_Method_00279,2022,0
canon_Method_00279,2024,0
canon_Method_00280,2022,1
canon_Method_00280,2024,2
canon_Method_00034,2022,0
canon_Method_00034,2024,0
canon_Other_00018,2022,1
canon_Other_00018,2024,1
canon_Other_00019,2022,0
canon_Other_00019,2024,0
canon_Method_00283,2022,0
canon_Method_00283,2024,0
canon_Material_00229,2022,0
canon_Material_00229,2024,0
canon_Metric_00006,2022,1
canon_Metric_00006,2024,1
canon_Method_00160,2022,0
canon_Method_00160,2024,0
canon_Metric_00021,2022,0
canon_Metric_00021,2024,0
canon_Other_00023,2022,0
canon_Other_00023,2024,0
canon_Other_00068,2022,1
canon_Other_00068,2024,1
canon_Other_00035,2022,1
canon_Other_00035,2024,2
canon_Method_00064,2022,1
canon_Method_00064,2024,2
canon_Other_00032,2022,0
canon_Other_00032,2024,0
canon_Metric_00001,2022,3
canon_Metric_00001,2024,6
canon_Material_00008,2022,0
canon_Material_00008,2024,0
canon_Other_00008,2022,6
canon_Other_00008,2024,13
canon_Other_00010,2022,0
canon_Other_00010,2024,0
canon_Material_00002,2022,4
canon_Material_00002,2024,8
canon_Material_00295,2022,1
canon_Material_00295,2024,2
canon_Task_00096,2022,0
canon_Task_00096,2024,0
canon_Other_00009,2022,0
canon_Other_00009,2024,0
canon_Other_00110,2022,0
canon_Other_00110,2024,0
canon_Task_00094,2022,0
canon_Task_00094,2024,0
canon_Other_00078,2022,1
canon_Other_00078,2024,1
canon_Metric_00339,2022,0
canon_Metric_00339,2024,0
canon_Task_00003,2022,2
canon_Task_00003,2024,4
canon_Material_00055,2022,0
canon_Material_00055,2024,0
canon_Other_00079,2022,2
canon_Other_00079,2024,3
canon_Method_00162,2022,0
canon_Method_00162,2024,0
canon_Other_00318,2022,0
canon_Other_00318,2024,0
canon_Other_00536,2022,0
canon_Other_00536,2024,0
canon_Method_00003,2022,2
canon_Method_00003,2024,4
canon_Material_00040,2022,2
canon_Material_00040,2024,5
canon_Other_00242,2022,1
canon_Other_00242,2024,1
canon_Metric_00289,2022,0
canon_Metric_00289,2024,0
canon_Metric_00119,2022,1
canon_Metric_00119,2024,1
canon_Metric_00022,2022,0
canon_Metric_00022,2024,0
canon_Method_01257,2022,1
canon_Method_01257,2024,1
canon_Material_00155,2022,1
canon_Material_00155,2024,1
canon_Material_00352,2022,2
canon_Material_00352,2024,5
canon_Material_00354,2022,1
canon_Material_00354,2024,1
canon_Other_00028,2022,1
canon_Other_00028,2024,2
canon_Task_00281,2022,1
canon_Task_00281,2024,2
canon_Metric_00024,2022,0
canon_Metric_00024,2024,0
canon_Task_00282,2022,0
canon_Task_00282,2024,0
canon_Task_00283,2022,0
canon_Task_00283,2024,0
canon_Method_01276,2022,0
canon_Method_01276,2024,0
canon_Metric_00046,2022,0
canon_Metric_00046,2024,0
canon_Task_00520,2022,0
canon_Task_00520,2024,0
canon_Other_00015,2022,2
canon_Other_00015,2024,5
canon_Material_00011,2022,0
canon_Material_00011,2024,0
canon_Task_00018,2022,0
canon_Task_00018,2024,0
canon_Material_00232,2022,0
canon_Material_00232,2024,0
canon_Metric_00014,2022,0
canon_Metric_00014,2024,0
canon_Metric_00038,2022,1
canon_Metric_00038,2024,1
canon_Other_00408,2022,0
canon_Other_00408,2024,0
canon_Task_00113,2022,0
canon_Task_00113,2024,0
canon_Task_00143,2022,0
canon_Task_00143,2024,0
canon_Metric_00468,2022,5
canon_Metric_00468,2024,10
canon_Task_00040,2022,0
canon_Task_00040,2024,0
canon_Metric_00018,2022,0
canon_Metric_00018,2024,0
canon_Metric_00489,2022,1
canon_Metric_00489,2024,2
canon_Task_00085,2022,0
canon_Task_00085,2024,0
canon_Other_00262,2022,1
canon_Other_00262,2024,1
canon_Method_00053,2022,0
canon_Method_00053,2024,0
canon_Task_00056,2022,1
canon_Task_00056,2024,1
canon_Task_00634,2022,1
canon_Task_00634,2024,1
canon_Other_00410,2022,0
canon_Other_00410,2024,0
canon_Other_00275,2022,1
canon_Other_00275,2024,1
canon_Method_00085,2022,0
canon_Method_00085,2024,0
canon_Method_00088,2022,0
canon_Method_00088,2024,0
canon_Task_00147,2022,0
canon_Task_00147,2024,0
canon_Task_00022,2022,0
canon_Task_00022,2024,0
canon_Method_00007,2022,1
canon_Method_00007,2024,2
canon_Material_00018,2022,0
canon_Material_00018,2024,0
canon_Task_00011,2022,0
canon_Task_00011,2024,0
canon_Material_00157,2022,1
canon_Material_00157,2024,2
canon_Metric_00232,2022,0
canon_Metric_00232,2024,0
canon_Other_00048,2022,0
canon_Other_00048,2024,0
canon_Task_00050,2022,1
canon_Task_00050,2024,1
canon_Other_00051,2022,0
canon_Other_00051,2024,0
canon_Method_01307,2022,0
canon_Method_01307,2024,0
canon_Task_02337,2022,1
canon_Task_02337,2024,1
canon_Material_00001,2022,0
canon_Material_00001,2024,0
canon_Task_00073,2022,0
canon_Task_00073,2024,0
canon_Material_00158,2022,1
canon_Material_00158,2024,1
canon_Other_00246,2022,1
canon_Other_00246,2024,2
canon_Other_00839,2022,0
canon_Other_00839,2024,0
canon_Other_00173,2022,0
canon_Other_00173,2024,0
canon_Material_00989,2022,2
canon_Material_00989,2024,4
canon_Other_00074,2022,0
canon_Other_00074,2024,0
canon_Metric_00053,2022,0
canon_Metric_00053,2024,0
canon_Task_00070,2022,1
canon_Task_00070,2024,1
canon_Task_00149,2022,1
canon_Task_00149,2024,1
canon_Other_00026,2022,0
canon_Other_00026,2024,0
canon_Material_00159,2022,0
canon_Material_00159,2024,0
canon_Task_00038,2022,0
canon_Task_00038,2024,0
canon_Method_00047,2022,0
canon_Method_00047,2024,0
canon_Other_00033,2022,1
canon_Other_00033,2024,2
canon_Method_01331,2022,1
canon_Method_01331,2024,1
canon_Other_00847,2022,1
canon_Other_00847,2024,1
canon_Metric_00246,2022,1
canon_Metric_00246,2024,1
canon_Task_00028,2022,2
canon_Task_00028,2024,3
canon_Task_00290,2022,1
canon_Task_00290,2024,1
canon_Method_00054,2022,0
canon_Method_00054,2024,0
canon_Other_00248,2022,0
canon_Other_00248,2024,0
canon_Metric_00097,2022,1
canon_Metric_00097,2024,1
canon_Material_00056,2022,1
canon_Material_00056,2024,1
canon_Material_00010,2022,0
canon_Material_00010,2024,0
canon_Other_00417,2022,1
canon_Other_00417,2024,1
canon_Task_00654,2022,1
canon_Task_00654,2024,1
canon_Method_00031,2022,0
canon_Method_00031,2024,0
canon_Other_00419,2022,2
canon_Other_00419,2024,3
canon_Metric_00002,2022,1
canon_Metric_00002,2024,2
canon_Metric_00011,2022,0
canon_Metric_00011,2024,0
canon_Metric_00039,2022,0
canon_Metric_00039,2024,0
canon_Task_00071,2022,1
canon_Task_00071,2024,2
canon_Other_00489,2022,1
canon_Other_00489,2024,1
canon_Other_00080,2022,0
canon_Other_00080,2024,0
canon_Task_00010,2022,1
canon_Task_00010,2024,2
canon_Other_00251,2022,1
canon_Other_00251,2024,2
canon_Other_00055,2022,0
canon_Other_00055,2024,0
canon_Task_00292,2022,0
canon_Task_00292,2024,0
canon_Metric_00091,2022,3
canon_Metric_00091,2024,6
canon_Method_00287,2022,0
canon_Method_00287,2024,0
canon_Task_00097,2022,0
canon_Task_00097,2024,0
canon_Task_00020,2022,0
canon_Task_00020,2024,0
canon_Task_00150,2022,0
canon_Task_00150,2024,0
canon_Method_00288,2022,0
canon_Method_00288,2024,0
canon_Other_00420,2022,0
canon_Other_00420,2024,0
canon_Metric_00291,2022,0
canon_Metric_00291,2024,0
canon_Metric_00418,2022,0
canon_Metric_00418,2024,0
canon_Method_00087,2022,0
canon_Method_00087,2024,0
canon_Material_00160,2022,5
canon_Material_00160,2024,10
canon_Task_00152,2022,0
canon_Task_00152,2024,0
canon_Metric_00506,2022,0
canon_Metric_00506,2024,0
canon_Other_00371,2022,0
canon_Other_00371,2024,0
canon_Metric_00040,2022,0
canon_Metric_00040,2024,0
canon_Other_00423,2022,1
canon_Other_00423,2024,2
canon_Task_00099,2022,1
canon_Task_00099,2024,1
canon_Material_00025,2022,2
canon_Material_00025,2024,3
canon_Other_00132,2022,1
canon_Other_00132,2024,2
canon_Method_01368,2022,0
canon_Method_01368,2024,0
canon_Material_00386,2022,0
canon_Material_00386,2024,0
canon_Other_00175,2022,0
canon_Other_00175,2024,0
canon_Other_00072,2022,0
canon_Other_00072,2024,0
canon_Other_00049,2022,1
canon_Other_00049,2024,2
canon_Task_00077,2022,1
canon_Task_00077,2024,2
canon_Task_00021,2022,0
canon_Task_00021,2024,0
canon_Method_00583,2022,1
canon_Method_00583,2024,1
canon_Other_00425,2022,1
canon_Other_00425,2024,1
canon_Method_00584,2022,0
canon_Method_00584,2024,0
canon_Other_00036,2022,0
canon_Other_00036,2024,0
canon_Task_00052,2022,1
canon_Task_00052,2024,2
canon_Other_00016,2022,2
canon_Other_00016,2024,5
canon_Material_00042,2022,0
canon_Material_00042,2024,0
canon_Other_00112,2022,1
canon_Other_00112,2024,1
canon_Metric_00422,2022,0
canon_Metric_00422,2024,0
canon_Method_00167,2022,0
canon_Method_00167,2024,0
canon_Task_00041,2022,3
canon_Task_00041,2024,6
canon_Material_00032,2022,0
canon_Material_00032,2024,0
canon_Material_00162,2022,2
canon_Material_00162,2024,3
canon_Method_00106,2022,0
canon_Method_00106,2024,0
canon_Other_00092,2022,1
canon_Other_00092,2024,1
canon_Task_01785,2022,0
canon_Task_01785,2024,0
canon_Other_00176,2022,0
canon_Other_00176,2024,0
canon_Method_00872,2022,0
canon_Method_00872,2024,0
canon_Material_00020,2022,1
canon_Material_00020,2024,1
canon_Other_00910,2022,0
canon_Other_00910,2024,0
canon_Other_00177,2022,0
canon_Other_00177,2024,0
canon_Other_00430,2022,1
canon_Other_00430,2024,1
canon_Task_00175,2022,0
canon_Task_00175,2024,0
canon_Metric_00336,2022,3
canon_Metric_00336,2024,6
canon_Task_00035,2022,0
canon_Task_00035,2024,0
canon_Task_00059,2022,0
canon_Task_00059,2024,0
canon_Other_00037,2022,0
canon_Other_00037,2024,0
canon_Material_00123,2022,2
canon_Material_00123,2024,4
canon_Material_00820,2022,1
canon_Material_00820,2024,1
canon_Other_00924,2022,0
canon_Other_00924,2024,0
canon_Metric_00007,2022,0
canon_Metric_00007,2024,0
canon_Task_00023,2022,0
canon_Task_00023,2024,0
canon_Method_00068,2022,1
canon_Method_00068,2024,2
canon_Method_00176,2022,1
canon_Method_00176,2024,1
canon_Other_01148,2022,0
canon_Other_01148,2024,0
canon_Other_00178,2022,0
canon_Other_00178,2024,0
canon_Task_00297,2022,1
canon_Task_00297,2024,1
canon_Task_00383,2022,1
canon_Task_00383,2024,2
canon_Task_00156,2022,0
canon_Task_00156,2024,0
canon_Method_00592,2022,1
canon_Method_00592,2024,1
canon_Other_00256,2022,0
canon_Other_00256,2024,0
canon_Method_00092,2022,0
canon_Method_00092,2024,0
canon_Other_00257,2022,1
canon_Other_00257,2024,1
canon_Material_00089,2022,0
canon_Material_00089,2024,0
canon_Task_00027,2022,2
canon_Task_00027,2024,4
canon_Task_00157,2022,1
canon_Task_00157,2024,1
canon_Material_00006,2022,0
canon_Material_00006,2024,0
canon_Material_00022,2022,0
canon_Material_00022,2024,0
canon_Material_01308,2022,0
canon_Material_01308,2024,0
canon_Other_00935,2022,1
canon_Other_00935,2024,1
canon_Other_00093,2022,0
canon_Other_00093,2024,0
canon_Method_00161,2022,1
canon_Method_00161,2024,1
canon_Metric_00032,2022,2
canon_Metric_00032,2024,3
canon_Material_00413,2022,0
canon_Material_00413,2024,0
canon_Other_00938,2022,0
canon_Other_00938,2024,0
canon_Method_00089,2022,1
canon_Method_00089,2024,2
canon_Other_00260,2022,1
canon_Other_00260,2024,1
canon_Metric_00105,2022,0
canon_Metric_00105,2024,0
canon_Metric_00398,2022,0
canon_Metric_00398,2024,0
canon_Method_00026,2022,2
canon_Method_00026,2024,3
canon_Metric_00442,2022,0
canon_Metric_00442,2024,0
canon_Method_00138,2022,2
canon_Method_00138,2024,3
canon_Material_00082,2022,1
canon_Material_00082,2024,2
canon_Method_00597,2022,0
canon_Method_00597,2024,0
canon_Method_00011,2022,2
canon_Method_00011,2024,5
canon_Task_00159,2022,1
canon_Task_00159,2024,1
canon_Method_00010,2022,0
canon_Method_00010,2024,0
canon_Other_00022,2022,0
canon_Other_00022,2024,0
canon_Method_00599,2022,0
canon_Method_00599,2024,0
canon_Other_00081,2022,1
canon_Other_00081,2024,2
canon_Method_00109,2022,0
canon_Method_00109,2024,0
canon_Material_01390,2022,0
canon_Material_01390,2024,0
canon_Other_00135,2022,0
canon_Other_00135,2024,0
canon_Method_00296,2022,0
canon_Method_00296,2024,0
canon_Task_00697,2022,1
canon_Task_00697,2024,1
canon_Material_01876,2022,1
canon_Material_01876,2024,1
canon_Task_00161,2022,2
canon_Task_00161,2024,3
canon_Material_00005,2022,0
canon_Material_00005,2024,0
canon_Task_00162,2022,0
canon_Task_00162,2024,0
canon_Task_00163,2022,0
canon_Task_00163,2024,0
canon_Material_00016,2022,1
canon_Material_00016,2024,2
canon_Task_00308,2022,1
canon_Task_00308,2024,1
canon_Other_00315,2022,2
canon_Other_00315,2024,4
canon_Task_00026,2022,4
canon_Task_00026,2024,7
canon_Material_00004,2022,0
canon_Material_00004,2024,0
canon_Material_00058,2022,1
canon_Material_00058,2024,1
canon_Method_00602,2022,1
canon_Method_00602,2024,1
canon_Task_00090,2022,0
canon_Task_00090,2024,0
canon_Method_00726,2022,2
canon_Method_00726,2024,3
canon_Task_00009,2022,0
canon_Task_00009,2024,0
canon_Material_00170,2022,0
canon_Material_00170,2024,0
canon_Method_00069,2022,0
canon_Method_00069,2024,0
canon_Other_00263,2022,0
canon_Other_00263,2024,0
canon_Other_00056,2022,0
canon_Other_00056,2024,0
canon_Other_00181,2022,0
canon_Other_00181,2024,0
canon_Other_00264,2022,1
canon_Other_00264,2024,1
canon_Material_00035,2022,0
canon_Material_00035,2024,0
canon_Material_00043,2022,0
canon_Material_00043,2024,0
canon_Method_00090,2022,0
canon_Method_00090,2024,0
canon_Task_00024,2022,0
canon_Task_00024,2024,0
canon_Task_00014,2022,0
canon_Task_00014,2024,0
canon_Metric_00017,2022,0
canon_Metric_00017,2024,0
canon_Metric_00004,2022,1
canon_Metric_00004,2024,2
canon_Other_01550,2022,0
canon_Other_01550,2024,0
canon_Task_01618,2022,0
canon_Task_01618,2024,0
canon_Task_00134,2022,0
canon_Task_00134,2024,0
canon_Method_01512,2022,0
canon_Method_01512,2024,0
canon_Other_00182,2022,2
canon_Other_00182,2024,3
canon_Material_00103,2022,0
canon_Material_00103,2024,0
canon_Metric_00012,2022,2
canon_Metric_00012,2024,3
canon_Other_00057,2022,1
canon_Other_00057,2024,1
canon_Other_00999,2022,1
canon_Other_00999,2024,1
canon_Material_00044,2022,0
canon_Material_00044,2024,0
canon_Other_00268,2022,0
canon_Other_00268,2024,0
canon_Other_00447,2022,0
canon_Other_00447,2024,0
canon_Other_01002,2022,0
canon_Other_01002,2024,0
canon_Metric_00160,2022,0
canon_Metric_00160,2024,0
canon_Other_00052,2022,0
canon_Other_00052,2024,0
canon_Other_02358,2022,0
canon_Other_02358,2024,0
canon_Method_01528,2022,1
canon_Method_01528,2024,1
canon_Other_00137,2022,0
canon_Other_00137,2024,0
canon_Other_01005,2022,0
canon_Other_01005,2024,0
canon_Method_00301,2022,2
canon_Method_00301,2024,4
canon_Other_00183,2022,0
canon_Other_00183,2024,0
canon_Other_00138,2022,0
canon_Other_00138,2024,0
canon_Material_00033,2022,0
canon_Material_00033,2024,0
canon_Other_00082,2022,0
canon_Other_00082,2024,0
canon_Material_00024,2022,0
canon_Material_00024,2024,0
canon_Other_00519,2022,1
canon_Other_00519,2024,1
canon_Other_00114,2022,1
canon_Other_00114,2024,1
canon_Method_00110,2022,0
canon_Method_00110,2024,0
canon_Task_00042,2022,1
canon_Task_00042,2024,1
canon_Task_02304,2022,1
canon_Task_02304,2024,1
canon_Method_00049,2022,1
canon_Method_00049,2024,1
canon_Method_00303,2022,1
canon_Method_00303,2024,1
canon_Method_00169,2022,0
canon_Method_00169,2024,0
canon_Metric_00132,2022,2
canon_Metric_00132,2024,4
canon_Task_00013,2022,0
canon_Task_00013,2024,0
canon_Metric_00522,2022,2
canon_Metric_00522,2024,5
canon_Metric_00009,2022,2
canon_Metric_00009,2024,5
canon_Metric_00086,2022,1
canon_Metric_00086,2024,2
canon_Task_00246,2022,1
canon_Task_00246,2024,2
canon_Other_00270,2022,1
canon_Other_00270,2024,1
canon_Method_01567,2022,0
canon_Method_01567,2024,0
canon_Method_00414,2022,1
canon_Method_00414,2024,1
canon_Other_00058,2022,0
canon_Other_00058,2024,0
canon_Other_00450,2022,0
canon_Other_00450,2024,0
canon_Other_00271,2022,1
canon_Other_00271,2024,1
canon_Task_00316,2022,0
canon_Task_00316,2024,0
canon_Other_00185,2022,1
canon_Other_00185,2024,1
canon_Task_01676,2022,0
canon_Task_01676,2024,0
canon_Other_01034,2022,1
canon_Other_01034,2024,1
canon_Other_00139,2022,0
canon_Other_00139,2024,0
canon_Material_00452,2022,0
canon_Material_00452,2024,0
canon_Other_00186,2022,0
canon_Other_00186,2024,0
canon_Metric_00003,2022,0
canon_Metric_00003,2024,0
canon_Other_01041,2022,1
canon_Other_01041,2024,1
canon_Task_00105,2022,0
canon_Task_00105,2024,0
canon_Other_00272,2022,1
canon_Other_00272,2024,1
canon_Other_00680,2022,0
canon_Other_00680,2024,0
canon_Metric_00356,2022,1
canon_Metric_00356,2024,2
canon_Task_00015,2022,0
canon_Task_00015,2024,0
canon_Metric_00033,2022,0
canon_Metric_00033,2024,0
canon_Metric_00557,2022,1
canon_Metric_00557,2024,1
canon_Metric_00013,2022,0
canon_Metric_00013,2024,0
canon_Other_00452,2022,1
canon_Other_00452,2024,1
canon_Task_00012,2022,0
canon_Task_00012,2024,0
canon_Material_00046,2022,1
canon_Material_00046,2024,2
canon_Task_00466,2022,0
canon_Task_00466,2024,0
canon_Material_00095,2022,0
canon_Material_00095,2024,0
canon_Task_00166,2022,0
canon_Task_00166,2024,0
canon_Task_00755,2022,0
canon_Task_00755,2024,0
canon_Task_01810,2022,0
canon_Task_01810,2024,0
canon_Method_00619,2022,0
canon_Method_00619,2024,0
canon_Material_01371,2022,0
canon_Material_01371,2024,0
canon_Task_00043,2022,0
canon_Task_00043,2024,0
canon_Task_00245,2022,1
canon_Task_00245,2024,1
canon_Task_00074,2022,0
canon_Task_00074,2024,0
canon_Other_01077,2022,1
canon_Other_01077,2024,1
canon_Task_00061,2022,0
canon_Task_00061,2024,0
canon_Material_00026,2022,0
canon_Material_00026,2024,0
canon_Material_00468,2022,0
canon_Material_00468,2024,0
canon_Metric_00010,2022,1
canon_Metric_00010,2024,2
canon_Task_00054,2022,0
canon_Task_00054,2024,0
canon_Other_00116,2022,0
canon_Other_00116,2024,0
canon_Method_00051,2022,0
canon_Method_00051,2024,0
canon_Other_00096,2022,2
canon_Other_00096,2024,3
canon_Method_00788,2022,0
canon_Method_00788,2024,0
canon_Method_00050,2022,0
canon_Method_00050,2024,0
canon_Metric_00459,2022,0
canon_Metric_00459,2024,0
canon_Method_00310,2022,0
canon_Method_00310,2024,0
canon_Method_00112,2022,1
canon_Method_00112,2024,1
canon_Task_00324,2022,1
canon_Task_00324,2024,1
canon_Other_00187,2022,3
canon_Other_00187,2024,6
canon_Task_00168,2022,1
canon_Task_00168,2024,1
canon_Method_01653,2022,0
canon_Method_01653,2024,0
canon_Method_00997,2022,0
canon_Method_00997,2024,0
canon_Task_00326,2022,0
canon_Task_00326,2024,0
canon_Other_00454,2022,1
canon_Other_00454,2024,1
canon_Other_00097,2022,1
canon_Other_00097,2024,1
canon_Other_01095,2022,0
canon_Other_01095,2024,0
canon_Other_00083,2022,0
canon_Other_00083,2024,0
canon_Other_00118,2022,4
canon_Other_00118,2024,7
canon_Other_00458,2022,1
canon_Other_00458,2024,1
canon_Material_00199,2022,0
canon_Material_00199,2024,0
canon_Task_00029,2022,1
canon_Task_00029,2024,2
canon_Other_00099,2022,0
canon_Other_00099,2024,0
canon_Task_00062,2022,1
canon_Task_00062,2024,1
canon_Method_01691,2022,1
canon_Method_01691,2024,1
canon_Material_00487,2022,0
canon_Material_00487,2024,0
canon_Other_00100,2022,0
canon_Other_00100,2024,0
canon_Method_00113,2022,0
canon_Method_00113,2024,0
canon_Other_00140,2022,0
canon_Other_00140,2024,0
canon_Method_00315,2022,0
canon_Method_00315,2024,0
canon_Material_00100,2022,1
canon_Material_00100,2024,1
canon_Task_00002,2022,2
canon_Task_00002,2024,3
canon_Method_00637,2022,1
canon_Method_00637,2024,1
canon_Metric_00483,2022,0
canon_Metric_00483,2024,0
canon_Other_00278,2022,1
canon_Other_00278,2024,1
canon_Material_00252,2022,0
canon_Material_00252,2024,0
canon_Other_02277,2022,0
canon_Other_02277,2024,0
canon_Method_00640,2022,0
canon_Method_00640,2024,0
canon_Metric_00019,2022,0
canon_Metric_00019,2024,0
canon_Other_00463,2022,1
canon_Other_00463,2024,1
canon_Task_00224,2022,1
canon_Task_00224,2024,1
canon_Other_00279,2022,0
canon_Other_00279,2024,0
canon_Material_00888,2022,0
canon_Material_00888,2024,0
canon_Material_00027,2022,0
canon_Material_00027,2024,0
canon_Method_00642,2022,0
canon_Method_00642,2024,0
canon_Other_01134,2022,1
canon_Other_01134,2024,1
canon_Task_00078,2022,1
canon_Task_00078,2024,1
canon_Method_00347,2022,2
canon_Method_00347,2024,3
canon_Task_00474,2022,0
canon_Task_00474,2024,0
canon_Other_00142,2022,1
canon_Other_00142,2024,2
canon_Metric_00179,2022,1
canon_Metric_00179,2024,1
canon_Task_02215,2022,1
canon_Task_02215,2024,2
canon_Method_00322,2022,1
canon_Method_00322,2024,1
canon_Metric_00055,2022,0
canon_Metric_00055,2024,0
canon_Task_00108,2022,1
canon_Task_00108,2024,1
canon_Task_00079,2022,2
canon_Task_00079,2024,3
canon_Task_00109,2022,0
canon_Task_00109,2024,0
canon_Other_00468,2022,0
canon_Other_00468,2024,0
canon_Material_01023,2022,0
canon_Material_01023,2024,0
canon_Metric_00298,2022,2
canon_Metric_00298,2024,3
canon_Task_00810,2022,1
canon_Task_00810,2024,1
canon_Material_00523,2022,1
canon_Material_00523,2024,1
canon_Method_00323,2022,0
canon_Method_00323,2024,0
canon_Method_00073,2022,0
canon_Method_00073,2024,0
canon_Material_00102,2022,1
canon_Material_00102,2024,1
canon_Material_00530,2022,0
canon_Material_00530,2024,0
canon_Other_00283,2022,1
canon_Other_00283,2024,1
canon_Other_00345,2022,0
canon_Other_00345,2024,0
canon_Method_00324,2022,0
canon_Method_00324,2024,0
canon_Task_00037,2022,0
canon_Task_00037,2024,0
canon_Other_01198,2022,0
canon_Other_01198,2024,0
canon_Task_00584,2022,2
canon_Task_00584,2024,3
canon_Other_00190,2022,1
canon_Other_00190,2024,2
canon_Other_01160,2022,0
canon_Other_01160,2024,0
canon_Method_00648,2022,1
canon_Method_00648,2024,1
canon_Task_00055,2022,0
canon_Task_00055,2024,0
canon_Method_00650,2022,0
canon_Method_00650,2024,0
canon_Method_00354,2022,0
canon_Method_00354,2024,0
canon_Metric_00020,2022,0
canon_Metric_00020,2024,0
canon_Method_00651,2022,1
canon_Method_00651,2024,1
canon_Other_01171,2022,0
canon_Other_01171,2024,0
canon_Metric_00075,2022,0
canon_Metric_00075,2024,0
canon_Material_00183,2022,1
canon_Material_00183,2024,1
canon_Method_01769,2022,1
canon_Method_01769,2024,1
canon_Metric_00041,2022,4
canon_Metric_00041,2024,7
canon_Method_00654,2022,0
canon_Method_00654,2024,0
canon_Other_00637,2022,0
canon_Other_00637,2024,0
canon_Method_00326,2022,0
canon_Method_00326,2024,0
canon_Other_00103,2022,2
canon_Other_00103,2024,4
canon_Other_01174,2022,0
canon_Other_01174,2024,0
canon_Method_00182,2022,0
canon_Method_00182,2024,0
canon_Task_00174,2022,1
canon_Task_00174,2024,1
canon_Material_01787,2022,1
canon_Material_01787,2024,2
canon_Other_01177,2022,1
canon_Other_01177,2024,2
canon_Task_00338,2022,0
canon_Task_00338,2024,0
canon_Method_00656,2022,0
canon_Method_00656,2024,0
canon_Method_00657,2022,1
canon_Method_00657,2024,2
canon_Task_00176,2022,0
canon_Task_00176,2024,0
canon_Material_00007,2022,2
canon_Material_00007,2024,3
canon_Other_00474,2022,1
canon_Other_00474,2024,1
canon_Material_01413,2022,0
canon_Material_01413,2024,0
canon_Other_00285,2022,0
canon_Other_00285,2024,0
canon_Other_00475,2022,1
canon_Other_00475,2024,1
canon_Method_00183,2022,0
canon_Method_00183,2024,0
canon_Material_00119,2022,1
canon_Material_00119,2024,1
canon_Metric_00023,2022,2
canon_Metric_00023,2024,5
canon_Other_00286,2022,1
canon_Other_00286,2024,1
canon_Other_00756,2022,1
canon_Other_00756,2024,2
canon_Metric_00395,2022,0
canon_Metric_00395,2024,0
canon_Other_00601,2022,0
canon_Other_00601,2024,0
canon_Task_00032,2022,0
canon_Task_00032,2024,0
canon_Other_00478,2022,0
canon_Other_00478,2024,0
canon_Other_00192,2022,0
canon_Other_00192,2024,0
canon_Other_00144,2022,0
canon_Other_00144,2024,0
canon_Material_00009,2022,1
canon_Material_00009,2024,2
canon_Method_00790,2022,0
canon_Method_00790,2024,0
canon_Task_00845,2022,1
canon_Task_00845,2024,1
canon_Method_00334,2022,0
canon_Method_00334,2024,0
canon_Other_00479,2022,1
canon_Other_00479,2024,1
canon_Material_00553,2022,1
canon_Material_00553,2024,1
canon_Task_00008,2022,1
canon_Task_00008,2024,1
canon_Task_00179,2022,0
canon_Task_00179,2024,0
canon_Task_00017,2022,1
canon_Task_00017,2024,1
canon_Metric_00188,2022,0
canon_Metric_00188,2024,0
canon_Material_00104,2022,0
canon_Material_00104,2024,0
canon_Material_00064,2022,0
canon_Material_00064,2024,0
canon_Other_00034,2022,0
canon_Other_00034,2024,0
canon_Task_00340,2022,0
canon_Task_00340,2024,0
canon_Task_00110,2022,1
canon_Task_00110,2024,1
canon_Other_03397,2022,1
canon_Other_03397,2024,1
canon_Metric_00015,2022,0
canon_Metric_00015,2024,0
canon_Material_00106,2022,1
canon_Material_00106,2024,1
canon_Metric_00077,2022,0
canon_Metric_00077,2024,0
canon_Material_00107,2022,0
canon_Material_00107,2024,0
canon_Material_00184,2022,1
canon_Material_00184,2024,1
canon_Other_00194,2022,0
canon_Other_00194,2024,0
canon_Material_00065,2022,1
canon_Material_00065,2024,2
canon_Material_00108,2022,0
canon_Material_00108,2024,0
canon_Material_00066,2022,0
canon_Material_00066,2024,0
canon_Metric_00192,2022,0
canon_Metric_00192,2024,0
canon_Metric_00016,2022,0
canon_Metric_00016,2024,0
canon_Material_00562,2022,1
canon_Material_00562,2024,1
canon_Method_00667,2022,1
canon_Method_00667,2024,1
canon_Material_01782,2022,1
canon_Material_01782,2024,1
canon_Method_00095,2022,0
canon_Method_00095,2024,0
canon_Task_00207,2022,0
canon_Task_00207,2024,0
canon_Method_01870,2022,1
canon_Method_01870,2024,1
canon_Method_01871,2022,0
canon_Method_01871,2024,0
canon_Task_00343,2022,0
canon_Task_00343,2024,0
canon_Material_00109,2022,0
canon_Material_00109,2024,0
canon_Other_00289,2022,2
canon_Other_00289,2024,3
canon_Method_00036,2022,1
canon_Method_00036,2024,2
canon_Other_00484,2022,1
canon_Other_00484,2024,1
canon_Method_00917,2022,1
canon_Method_00917,2024,1
canon_Material_00207,2022,0
canon_Material_00207,2024,0
canon_Method_00676,2022,0
canon_Method_00676,2024,0
canon_Other_00159,2022,0
canon_Other_00159,2024,0
canon_Method_01900,2022,1
canon_Method_01900,2024,2
canon_Metric_00035,2022,0
canon_Metric_00035,2024,0
canon_Metric_00078,2022,0
canon_Metric_00078,2024,0
canon_Other_00120,2022,1
canon_Other_00120,2024,1
canon_Metric_00034,2022,2
canon_Metric_00034,2024,3
canon_Material_01779,2022,1
canon_Material_01779,2024,2
canon_Method_01903,2022,1
canon_Method_01903,2024,1
canon_Material_00067,2022,0
canon_Material_00067,2024,0
canon_Task_00485,2022,0
canon_Task_00485,2024,0
canon_Other_00487,2022,0
canon_Other_00487,2024,0
canon_Method_00038,2022,0
canon_Method_00038,2024,0
canon_Other_00084,2022,1
canon_Other_00084,2024,1
canon_Metric_00043,2022,1
canon_Metric_00043,2024,2
canon_Material_00111,2022,0
canon_Material_00111,2024,0
canon_Metric_00492,2022,0
canon_Metric_00492,2024,0
canon_Material_01812,2022,1
canon_Material_01812,2024,2
canon_Material_01644,2022,2
canon_Material_01644,2024,3
canon_Other_00491,2022,0
canon_Other_00491,2024,0
canon_Task_00345,2022,0
canon_Task_00345,2024,0
canon_Material_01338,2022,0
canon_Material_01338,2024,0
canon_Task_00365,2022,1
canon_Task_00365,2024,1
canon_Metric_00079,2022,1
canon_Metric_00079,2024,1
canon_Other_00312,2022,0
canon_Other_00312,2024,0
canon_Material_00068,2022,0
canon_Material_00068,2024,0
canon_Other_00147,2022,0
canon_Other_00147,2024,0
canon_Other_03052,2022,1
canon_Other_03052,2024,1
canon_Other_01295,2022,0
canon_Other_01295,2024,0
canon_Material_00188,2022,1
canon_Material_00188,2024,2
canon_Other_01305,2022,0
canon_Other_01305,2024,0
canon_Other_01306,2022,0
canon_Other_01306,2024,0
canon_Material_00048,2022,1
canon_Material_00048,2024,1
canon_Metric_00056,2022,0
canon_Metric_00056,2024,0
canon_Other_00148,2022,0
canon_Other_00148,2024,0
canon_Other_00149,2022,0
canon_Other_00149,2024,0
canon_Other_01322,2022,1
canon_Other_01322,2024,1
canon_Method_00692,2022,0
canon_Method_00692,2024,0
canon_Other_00495,2022,0
canon_Other_00495,2024,0
canon_Task_00348,2022,0
canon_Task_00348,2024,0
canon_Other_00294,2022,1
canon_Other_00294,2024,1
canon_Method_00045,2022,2
canon_Method_00045,2024,3
canon_Material_00069,2022,0
canon_Material_00069,2024,0
canon_Metric_00045,2022,1
canon_Metric_00045,2024,2
canon_Metric_00202,2022,1
canon_Metric_00202,2024,1
canon_Method_00117,2022,0
canon_Method_00117,2024,0
canon_Task_00910,2022,1
canon_Task_00910,2024,1
canon_Metric_00050,2022,0
canon_Metric_00050,2024,0
canon_Method_00118,2022,2
canon_Method_00118,2024,3
canon_Metric_00005,2022,0
canon_Metric_00005,2024,0
canon_Task_00080,2022,0
canon_Task_00080,2024,0
canon_Other_00498,2022,1
canon_Other_00498,2024,1
canon_Metric_00378,2022,0
canon_Metric_00378,2024,0
canon_Other_00501,2022,1
canon_Other_00501,2024,1
canon_Metric_00080,2022,0
canon_Metric_00080,2024,0
canon_Method_00698,2022,0
canon_Method_00698,2024,0
canon_Task_01663,2022,0
canon_Task_01663,2024,0
canon_Task_00351,2022,1
canon_Task_00351,2024,2
canon_Task_00352,2022,1
canon_Task_00352,2024,1
canon_Task_00927,2022,1
canon_Task_00927,2024,1
canon_Task_00111,2022,0
canon_Task_00111,2024,0
canon_Task_02130,2022,1
canon_Task_02130,2024,1
canon_Material_01765,2022,1
canon_Material_01765,2024,2
canon_Method_02045,2022,1
canon_Method_02045,2024,1
canon_Other_00059,2022,1
canon_Other_00059,2024,2
canon_Material_00638,2022,0
canon_Material_00638,2024,0
canon_Task_01667,2022,0
canon_Task_01667,2024,0
canon_Other_00199,2022,2
canon_Other_00199,2024,5
canon_Method_00701,2022,1
canon_Method_00701,2024,2
canon_Method_00189,2022,0
canon_Method_00189,2024,0
canon_Other_00064,2022,0
canon_Other_00064,2024,0
canon_Task_00189,2022,0
canon_Task_00189,2024,0
canon_Method_00037,2022,0
canon_Method_00037,2024,0
canon_Material_00023,2022,0
canon_Material_00023,2024,0
canon_Other_00506,2022,1
canon_Other_00506,2024,1
canon_Task_00358,2022,1
canon_Task_00358,2024,1
canon_Other_00038,2022,0
canon_Other_00038,2024,0
canon_Metric_00026,2022,0
canon_Metric_00026,2024,0
canon_Other_00507,2022,1
canon_Other_00507,2024,2
canon_Material_00114,2022,1
canon_Material_00114,2024,1
canon_Metric_00406,2022,0
canon_Metric_00406,2024,0
canon_Material_00115,2022,0
canon_Material_00115,2024,0
canon_Method_00705,2022,1
canon_Method_00705,2024,2
canon_Method_00706,2022,1
canon_Method_00706,2024,2
canon_Method_01131,2022,1
canon_Method_01131,2024,2
canon_Material_00116,2022,0
canon_Material_00116,2024,0
canon_Material_00117,2022,2
canon_Material_00117,2024,4
canon_Material_00662,2022,0
canon_Material_00662,2024,0
canon_Material_00050,2022,1
canon_Material_00050,2024,2
canon_Other_00201,2022,0
canon_Other_00201,2024,0
canon_Other_00202,2022,1
canon_Other_00202,2024,2
canon_Task_00190,2022,0
canon_Task_00190,2024,0
canon_Task_00362,2022,0
canon_Task_00362,2024,0
canon_Method_00348,2022,0
canon_Method_00348,2024,0
canon_Material_00288,2022,2
canon_Material_00288,2024,3
canon_Method_00119,2022,0
canon_Method_00119,2024,0
canon_Other_00298,2022,0
canon_Other_00298,2024,0
canon_Material_00051,2022,0
canon_Material_00051,2024,0
canon_Task_00115,2022,0
canon_Task_00115,2024,0
canon_Material_00118,2022,0
canon_Material_00118,2024,0
canon_Material_00686,2022,0
canon_Material_00686,2024,0
canon_Other_01422,2022,0
canon_Other_01422,2024,0
canon_Other_00300,2022,0
canon_Other_00300,2024,0
canon_Other_00511,2022,1
canon_Other_00511,2024,1
canon_Other_00299,2022,0
canon_Other_00299,2024,0
canon_Material_00072,2022,0
canon_Material_00072,2024,0
canon_Material_00204,2022,1
canon_Material_00204,2024,1
canon_Method_02160,2022,1
canon_Method_02160,2024,1
canon_Method_00470,2022,0
canon_Method_00470,2024,0
canon_Method_00715,2022,0
canon_Method_00715,2024,0
canon_Method_00350,2022,0
canon_Method_00350,2024,0
canon_Other_00041,2022,0
canon_Other_00041,2024,0
canon_Task_00493,2022,0
canon_Task_00493,2024,0
canon_Other_02385,2022,2
canon_Other_02385,2024,3
canon_Material_00028,2022,1
canon_Material_00028,2024,1
canon_Task_00585,2022,1
canon_Task_00585,2024,2
canon_Material_00314,2022,0
canon_Material_00314,2024,0
canon_Task_01002,2022,1
canon_Task_01002,2024,1
canon_Material_00708,2022,1
canon_Material_00708,2024,1
canon_Material_00710,2022,0
canon_Material_00710,2024,0
canon_Method_00719,2022,0
canon_Method_00719,2024,0
canon_Task_01008,2022,1
canon_Task_01008,2024,1
canon_Method_00022,2022,2
canon_Method_00022,2024,5
canon_Other_00073,2022,0
canon_Other_00073,2024,0
canon_Task_00370,2022,0
canon_Task_00370,2024,0
canon_Method_02209,2022,0
canon_Method_02209,2024,0
canon_Method_00722,2022,0
canon_Method_00722,2024,0
canon_Material_00053,2022,0
canon_Material_00053,2024,0
canon_Method_00352,2022,0
canon_Method_00352,2024,0
canon_Method_02228,2022,0
canon_Method_02228,2024,0
canon_Metric_00297,2022,0
canon_Metric_00297,2024,0
canon_Task_00065,2022,0
canon_Task_00065,2024,0
canon_Task_00131,2022,2
canon_Task_00131,2024,4
canon_Task_02346,2022,1
canon_Task_02346,2024,1
canon_Material_00029,2022,0
canon_Material_00029,2024,0
canon_Metric_00220,2022,0
canon_Metric_00220,2024,0
canon_Material_00121,2022,0
canon_Material_00121,2024,0
canon_Other_00204,2022,1
canon_Other_00204,2024,1
canon_Method_01008,2022,0
canon_Method_01008,2024,0
canon_Other_01495,2022,0
canon_Other_01495,2024,0
canon_Material_00052,2022,0
canon_Material_00052,2024,0
canon_Method_00122,2022,0
canon_Method_00122,2024,0
canon_Method_02275,2022,1
canon_Method_02275,2024,1
canon_Task_00378,2022,1
canon_Task_00378,2024,1
canon_Material_01370,2022,0
canon_Material_01370,2024,0
canon_Material_00210,2022,1
canon_Material_00210,2024,1
canon_Method_02285,2022,0
canon_Method_02285,2024,0
canon_Material_00755,2022,0
canon_Material_00755,2024,0
canon_Task_00380,2022,0
canon_Task_00380,2024,0
canon_Metric_00084,2022,1
canon_Metric_00084,2024,1
canon_Other_00306,2022,0
canon_Other_00306,2024,0
canon_Other_00520,2022,0
canon_Other_00520,2024,0
canon_Other_00152,2022,0
canon_Other_00152,2024,0
canon_Method_02299,2022,0
canon_Method_02299,2024,0
canon_Method_00076,2022,1
canon_Method_00076,2024,2
canon_Material_00761,2022,1
canon_Material_00761,2024,1
canon_Material_01783,2022,1
canon_Material_01783,2024,1
canon_Metric_00085,2022,1
canon_Metric_00085,2024,1
canon_Task_00381,2022,1
canon_Task_00381,2024,1
canon_Material_00211,2022,0
canon_Material_00211,2024,0
canon_Other_00153,2022,1
canon_Other_00153,2024,2
canon_Method_00741,2022,0
canon_Method_00741,2024,0
canon_Task_00005,2022,0
canon_Task_00005,2024,0
canon_Method_00195,2022,2
canon_Method_00195,2024,5
canon_Material_01344,2022,0
canon_Material_01344,2024,0
canon_Other_01532,2022,0
canon_Other_01532,2024,0
canon_Method_00361,2022,0
canon_Method_00361,2024,0
canon_Task_00046,2022,0
canon_Task_00046,2024,0
canon_Method_01157,2022,1
canon_Method_01157,2024,2
canon_Other_00122,2022,1
canon_Other_00122,2024,1
canon_Method_00749,2022,0
canon_Method_00749,2024,0
canon_Method_00014,2022,0
canon_Method_00014,2024,0
canon_Other_01545,2022,0
canon_Other_01545,2024,0
canon_Other_01548,2022,0
canon_Other_01548,2024,0
canon_Task_01074,2022,1
canon_Task_01074,2024,1
canon_Metric_00494,2022,0
canon_Metric_00494,2024,0
canon_Task_00057,2022,0
canon_Task_00057,2024,0
canon_Other_00154,2022,0
canon_Other_00154,2024,0
canon_Other_01553,2022,1
canon_Other_01553,2024,1
canon_Material_00073,2022,0
canon_Material_00073,2024,0
canon_Metric_00238,2022,0
canon_Metric_00238,2024,0
canon_Method_00364,2022,0
canon_Method_00364,2024,0
canon_Material_00791,2022,0
canon_Material_00791,2024,0
canon_Metric_00047,2022,0
canon_Metric_00047,2024,0
canon_Other_00529,2022,1
canon_Other_00529,2024,1
canon_Method_00754,2022,0
canon_Method_00754,2024,0
canon_Task_00030,2022,0
canon_Task_00030,2024,0
canon_Method_00388,2022,0
canon_Method_00388,2024,0
canon_Method_00999,2022,0
canon_Method_00999,2024,0
canon_Method_00756,2022,1
canon_Method_00756,2024,1
canon_Other_00062,2022,0
canon_Other_00062,2024,0
canon_Method_02404,2022,0
canon_Method_02404,2024,0
canon_Material_00265,2022,1
canon_Material_00265,2024,1
canon_Other_02808,2022,1
canon_Other_02808,2024,1
canon_Other_02411,2022,1
canon_Other_02411,2024,2
canon_Other_00309,2022,0
canon_Other_00309,2024,0
canon_Material_00038,2022,1
canon_Material_00038,2024,1
canon_Method_00806,2022,0
canon_Method_00806,2024,0
canon_Metric_00104,2022,0
canon_Metric_00104,2024,0
canon_Task_01090,2022,1
canon_Task_01090,2024,1
canon_Metric_00414,2022,0
canon_Metric_00414,2024,0
canon_Task_00391,2022,1
canon_Task_00391,2024,1
canon_Task_00204,2022,0
canon_Task_00204,2024,0
canon_Metric_00366,2022,0
canon_Metric_00366,2024,0
canon_Material_00213,2022,0
canon_Material_00213,2024,0
canon_Other_00336,2022,0
canon_Other_00336,2024,0
canon_Other_00531,2022,0
canon_Other_00531,2024,0
canon_Method_00760,2022,0
canon_Method_00760,2024,0
canon_Method_00004,2022,22
canon_Method_00004,2024,44
canon_Other_00323,2022,0
canon_Other_00323,2024,0
canon_Task_02361,2022,1
canon_Task_02361,2024,1
canon_Method_02436,2022,1
canon_Method_02436,2024,1
canon_Task_01103,2022,0
canon_Task_01103,2024,0
canon_Other_01597,2022,0
canon_Other_01597,2024,0
canon_Other_00063,2022,0
canon_Other_00063,2024,0
canon_Material_00214,2022,0
canon_Material_00214,2024,0
canon_Method_00040,2022,0
canon_Method_00040,2024,0
canon_Method_00373,2022,1
canon_Method_00373,2024,1
canon_Method_00766,2022,1
canon_Method_00766,2024,1
canon_Task_00116,2022,0
canon_Task_00116,2024,0
canon_Method_00767,2022,1
canon_Method_00767,2024,1
canon_Other_01618,2022,1
canon_Other_01618,2024,1
canon_Other_00156,2022,1
canon_Other_00156,2024,1
canon_Material_00074,2022,0
canon_Material_00074,2024,0
canon_Material_00125,2022,1
canon_Material_00125,2024,1
canon_Material_00823,2022,1
canon_Material_00823,2024,1
canon_Method_00357,2022,0
canon_Method_00357,2024,0
canon_Other_00657,2022,0
canon_Other_00657,2024,0
canon_Method_00771,2022,1
canon_Method_00771,2024,2
canon_Task_01123,2022,0
canon_Task_01123,2024,0
canon_Material_00331,2022,2
canon_Material_00331,2024,3
canon_Method_00399,2022,1
canon_Method_00399,2024,1
canon_Task_00500,2022,0
canon_Task_00500,2024,0
canon_Task_00206,2022,0
canon_Task_00206,2024,0
canon_Material_00277,2022,0
canon_Material_00277,2024,0
canon_Other_01646,2022,0
canon_Other_01646,2024,0
canon_Metric_00563,2022,1
canon_Metric_00563,2024,1
canon_Material_00218,2022,0
canon_Material_00218,2024,0
canon_Method_00467,2022,0
canon_Method_00467,2024,0
canon_Task_00117,2022,0
canon_Task_00117,2024,0
canon_Task_00120,2022,0
canon_Task_00120,2024,0
canon_Other_00207,2022,0
canon_Other_00207,2024,0
canon_Task_00118,2022,0
canon_Task_00118,2024,0
canon_Metric_00514,2022,0
canon_Metric_00514,2024,0
canon_Method_00778,2022,1
canon_Method_00778,2024,1
canon_Other_00540,2022,1
canon_Other_00540,2024,1
canon_Task_01152,2022,0
canon_Task_01152,2024,0
canon_Material_00851,2022,0
canon_Material_00851,2024,0
canon_Method_00382,2022,0
canon_Method_00382,2024,0
canon_Other_00543,2022,0
canon_Other_00543,2024,0
canon_Material_00853,2022,0
canon_Material_00853,2024,0
canon_Task_00045,2022,2
canon_Task_00045,2024,5
canon_Material_00221,2022,0
canon_Material_00221,2024,0
canon_Material_00222,2022,0
canon_Material_00222,2024,0
canon_Other_00104,2022,0
canon_Other_00104,2024,0
canon_Other_00075,2022,4
canon_Other_00075,2024,8
canon_Other_00060,2022,1
canon_Other_00060,2024,1
canon_Metric_00334,2022,0
canon_Metric_00334,2024,0
canon_Task_00405,2022,0
canon_Task_00405,2024,0
canon_Metric_00296,2022,0
canon_Metric_00296,2024,0
canon_Other_00379,2022,2
canon_Other_00379,2024,3
canon_Metric_00541,2022,1
canon_Metric_00541,2024,2
canon_Other_00158,2022,2
canon_Other_00158,2024,3
canon_Other_00553,2022,1
canon_Other_00553,2024,1
canon_Other_00554,2022,1
canon_Other_00554,2024,1
canon_Task_00211,2022,0
canon_Task_00211,2024,0
canon_Other_01719,2022,1
canon_Other_01719,2024,1
canon_Method_02622,2022,0
canon_Method_02622,2024,0
canon_Material_00223,2022,1
canon_Material_00223,2024,1
canon_Task_01184,2022,0
canon_Task_01184,2024,0
canon_Method_00794,2022,1
canon_Method_00794,2024,2
canon_Other_01724,2022,1
canon_Other_01724,2024,1
canon_Other_00681,2022,0
canon_Other_00681,2024,0
canon_Material_00872,2022,0
canon_Material_00872,2024,0
canon_Other_00210,2022,1
canon_Other_00210,2024,1
canon_Other_00317,2022,0
canon_Other_00317,2024,0
canon_Metric_00048,2022,1
canon_Metric_00048,2024,1
canon_Material_00224,2022,0
canon_Material_00224,2024,0
canon_Other_02268,2022,0
canon_Other_02268,2024,0
canon_Method_02648,2022,0
canon_Method_02648,2024,0
canon_Metric_00313,2022,1
canon_Metric_00313,2024,1
canon_Material_01241,2022,0
canon_Material_01241,2024,0
canon_Task_00547,2022,1
canon_Task_00547,2024,2
canon_Other_01731,2022,1
canon_Other_01731,2024,1
canon_Other_01732,2022,0
canon_Other_01732,2024,0
canon_Material_00133,2022,0
canon_Material_00133,2024,0
canon_Task_01202,2022,1
canon_Task_01202,2024,1
canon_Other_00319,2022,1
canon_Other_00319,2024,2
canon_Material_00030,2022,2
canon_Material_00030,2024,3
canon_Task_00409,2022,1
canon_Task_00409,2024,2
canon_Other_00560,2022,1
canon_Other_00560,2024,1
canon_Other_01737,2022,0
canon_Other_01737,2024,0
canon_Method_00389,2022,0
canon_Method_00389,2024,0
canon_Method_00056,2022,1
canon_Method_00056,2024,1
canon_Metric_00092,2022,1
canon_Metric_00092,2024,1
canon_Method_01123,2022,1
canon_Method_01123,2024,2
canon_Other_01746,2022,0
canon_Other_01746,2024,0
canon_Method_00804,2022,0
canon_Method_00804,2024,0
canon_Task_00213,2022,0
canon_Task_00213,2024,0
canon_Task_01212,2022,0
canon_Task_01212,2024,0
canon_Task_00411,2022,1
canon_Task_00411,2024,1
canon_Material_00225,2022,1
canon_Material_00225,2024,2
canon_Other_00160,2022,0
canon_Other_00160,2024,0
canon_Material_00013,2022,1
canon_Material_00013,2024,1
canon_Method_00391,2022,0
canon_Method_00391,2024,0
canon_Task_00583,2022,31
canon_Task_00583,2024,62
canon_Task_01222,2022,1
canon_Task_01222,2024,1
canon_Other_00562,2022,1
canon_Other_00562,2024,1
canon_Task_01224,2022,1
canon_Task_01224,2024,1
canon_Material_00075,2022,0
canon_Material_00075,2024,0
canon_Material_00127,2022,1
canon_Material_00127,2024,1
canon_Material_00228,2022,0
canon_Material_00228,2024,0
canon_Metric_00341,2022,2
canon_Metric_00341,2024,4
canon_Method_01134,2022,1
canon_Method_01134,2024,2
canon_Task_01234,2022,0
canon_Task_01234,2024,0
canon_Metric_00279,2022,1
canon_Metric_00279,2024,1
canon_Other_01771,2022,1
canon_Other_01771,2024,1
canon_Other_02305,2022,0
canon_Other_02305,2024,0
canon_Other_00161,2022,0
canon_Other_00161,2024,0
canon_Method_00816,2022,1
canon_Method_00816,2024,1
canon_Material_00911,2022,0
canon_Material_00911,2024,0
canon_Other_02805,2022,1
canon_Other_02805,2024,1
canon_Task_00418,2022,1
canon_Task_00418,2024,1
canon_Other_00566,2022,0
canon_Other_00566,2024,0
canon_Task_01552,2022,1
canon_Task_01552,2024,1
canon_Other_02288,2022,0
canon_Other_02288,2024,0
canon_Method_02751,2022,1
canon_Method_02751,2024,1
canon_Other_00108,2022,0
canon_Other_00108,2024,0
canon_Task_01256,2022,1
canon_Task_01256,2024,2
canon_Other_02628,2022,0
canon_Other_02628,2024,0
canon_Method_02758,2022,0
canon_Method_02758,2024,0
canon_Method_02761,2022,1
canon_Method_02761,2024,1
canon_Metric_00051,2022,1
canon_Metric_00051,2024,2
canon_Other_00221,2022,0
canon_Other_00221,2024,0
canon_Other_00731,2022,1
canon_Other_00731,2024,1
canon_Material_00235,2022,0
canon_Material_00235,2024,0
canon_Method_02787,2022,1
canon_Method_02787,2024,1
canon_Task_00215,2022,0
canon_Task_00215,2024,0
canon_Task_00423,2022,0
canon_Task_00423,2024,0
canon_Material_00236,2022,0
canon_Material_00236,2024,0
canon_Material_00237,2022,0
canon_Material_00237,2024,0
canon_Other_01801,2022,0
canon_Other_01801,2024,0
canon_Metric_00411,2022,0
canon_Metric_00411,2024,0
canon_Other_01811,2022,1
canon_Other_01811,2024,2
canon_Task_01273,2022,1
canon_Task_01273,2024,1
canon_Material_00077,2022,0
canon_Material_00077,2024,0
canon_Metric_00027,2022,1
canon_Metric_00027,2024,1
canon_Other_00356,2022,0
canon_Other_00356,2024,0
canon_Other_00212,2022,0
canon_Other_00212,2024,0
canon_Material_01727,2022,1
canon_Material_01727,2024,2
canon_Other_00573,2022,0
canon_Other_00573,2024,0
canon_Task_00427,2022,0
canon_Task_00427,2024,0
canon_Method_01046,2022,1
canon_Method_01046,2024,1
canon_Method_00209,2022,1
canon_Method_00209,2024,1
canon_Method_02837,2022,0
canon_Method_02837,2024,0
canon_Method_02838,2022,1
canon_Method_02838,2024,1
canon_Method_00210,2022,1
canon_Method_00210,2024,1
canon_Material_00243,2022,1
canon_Material_00243,2024,1
canon_Method_00402,2022,1
canon_Method_00402,2024,1
canon_Other_00321,2022,0
canon_Other_00321,2024,0
canon_Metric_00396,2022,0
canon_Metric_00396,2024,0
canon_Method_00844,2022,0
canon_Method_00844,2024,0
canon_Task_01688,2022,0
canon_Task_01688,2024,0
canon_Material_00291,2022,0
canon_Material_00291,2024,0
canon_Metric_00295,2022,0
canon_Metric_00295,2024,0
canon_Material_00014,2022,0
canon_Material_00014,2024,0
canon_Task_00270,2022,1
canon_Task_00270,2024,2
canon_Method_00847,2022,1
canon_Method_00847,2024,1
canon_Task_01314,2022,2
canon_Task_01314,2024,3
canon_Other_00106,2022,0
canon_Other_00106,2024,0
canon_Method_02916,2022,0
canon_Method_02916,2024,0
canon_Other_03429,2022,1
canon_Other_03429,2024,1
canon_Method_02932,2022,1
canon_Method_02932,2024,1
canon_Other_00065,2022,3
canon_Other_00065,2024,6
canon_Method_00852,2022,0
canon_Method_00852,2024,0
canon_Method_00986,2022,0
canon_Method_00986,2024,0
canon_Other_03357,2022,1
canon_Other_03357,2024,1
canon_Task_01328,2022,0
canon_Task_01328,2024,0
canon_Other_00590,2022,1
canon_Other_00590,2024,1
canon_Other_01915,2022,1
canon_Other_01915,2024,1
canon_Method_02973,2022,0
canon_Method_02973,2024,0
canon_Other_01919,2022,1
canon_Other_01919,2024,1
canon_Other_00025,2022,10
canon_Other_00025,2024,19
canon_Task_01339,2022,1
canon_Task_01339,2024,1
canon_Method_02988,2022,0
canon_Method_02988,2024,0
canon_Other_00324,2022,0
canon_Other_00324,2024,0
canon_Metric_00372,2022,0
canon_Metric_00372,2024,0
canon_Other_00325,2022,0
canon_Other_00325,2024,0
canon_Other_01926,2022,0
canon_Other_01926,2024,0
canon_Other_00592,2022,1
canon_Other_00592,2024,1
canon_Other_00326,2022,1
canon_Other_00326,2024,1
canon_Task_00483,2022,0
canon_Task_00483,2024,0
canon_Other_00327,2022,1
canon_Other_00327,2024,1
canon_Task_01800,2022,0
canon_Task_01800,2024,0
canon_Metric_00096,2022,1
canon_Metric_00096,2024,2
canon_Method_03005,2022,0
canon_Method_03005,2024,0
canon_Material_00248,2022,1
canon_Material_00248,2024,1
canon_Material_00249,2022,1
canon_Material_00249,2024,1
canon_Task_00123,2022,0
canon_Task_00123,2024,0
canon_Other_00328,2022,0
canon_Other_00328,2024,0
canon_Other_00595,2022,0
canon_Other_00595,2024,0
canon_Task_00218,2022,1
canon_Task_00218,2024,1
canon_Method_00862,2022,0
canon_Method_00862,2024,0
canon_Method_00212,2022,1
canon_Method_00212,2024,1
canon_Method_03027,2022,1
canon_Method_03027,2024,1
canon_Other_01950,2022,2
canon_Other_01950,2024,3
canon_Other_01951,2022,0
canon_Other_01951,2024,0
canon_Other_01953,2022,0
canon_Other_01953,2024,0
canon_Other_01954,2022,1
canon_Other_01954,2024,1
canon_Method_00909,2022,1
canon_Method_00909,2024,1
canon_Task_00441,2022,1
canon_Task_00441,2024,1
canon_Task_00219,2022,1
canon_Task_00219,2024,1
canon_Other_00331,2022,0
canon_Other_00331,2024,0
canon_Method_03054,2022,0
canon_Method_03054,2024,0
canon_Method_03064,2022,1
canon_Method_03064,2024,1
canon_Method_00662,2022,1
canon_Method_00662,2024,1
canon_Metric_00028,2022,1
canon_Metric_00028,2024,1
canon_Material_01110,2022,0
canon_Material_01110,2024,0
canon_Other_00600,2022,0
canon_Other_00600,2024,0
canon_Other_00332,2022,1
canon_Other_00332,2024,2
canon_Other_00602,2022,1
canon_Other_00602,2024,1
canon_Method_03096,2022,1
canon_Method_03096,2024,1
canon_Method_03103,2022,0
canon_Method_03103,2024,0
canon_Task_01830,2022,0
canon_Task_01830,2024,0
canon_Task_02235,2022,1
canon_Task_02235,2024,1
canon_Task_01378,2022,0
canon_Task_01378,2024,0
canon_Task_00446,2022,0
canon_Task_00446,2024,0
canon_Other_00126,2022,0
canon_Other_00126,2024,0
canon_Task_00447,2022,0
canon_Task_00447,2024,0
canon_Material_00251,2022,0
canon_Material_00251,2024,0
canon_Material_00079,2022,0
canon_Material_00079,2024,0
canon_Material_00131,2022,1
canon_Material_00131,2024,1
canon_Material_01039,2022,0
canon_Material_01039,2024,0
canon_Task_00258,2022,1
canon_Task_00258,2024,1
canon_Other_02011,2022,1
canon_Other_02011,2024,2
canon_Material_01909,2022,1
canon_Material_01909,2024,1
canon_Other_00349,2022,1
canon_Other_00349,2024,1
canon_Other_03085,2022,1
canon_Other_03085,2024,1
canon_Material_00080,2022,1
canon_Material_00080,2024,2
canon_Method_03155,2022,0
canon_Method_03155,2024,0
canon_Other_00337,2022,0
canon_Other_00337,2024,0
canon_Task_00450,2022,0
canon_Task_00450,2024,0
canon_Other_00223,2022,0
canon_Other_00223,2024,0
canon_Other_00217,2022,0
canon_Other_00217,2024,0
canon_Method_00417,2022,1
canon_Method_00417,2024,2
canon_Method_03198,2022,0
canon_Method_03198,2024,0
canon_Method_03202,2022,0
canon_Method_03202,2024,0
canon_Material_00132,2022,1
canon_Material_00132,2024,1
canon_Other_02040,2022,1
canon_Other_02040,2024,2
canon_Task_00452,2022,1
canon_Task_00452,2024,1
canon_Material_01067,2022,1
canon_Material_01067,2024,1
canon_Method_03232,2022,1
canon_Method_03232,2024,1
canon_Other_00107,2022,0
canon_Other_00107,2024,0
canon_Method_00948,2022,0
canon_Method_00948,2024,0
canon_Material_00275,2022,1
canon_Material_00275,2024,2
canon_Metric_00412,2022,0
canon_Metric_00412,2024,0
canon_Method_00421,2022,0
canon_Method_00421,2024,0
canon_Other_00164,2022,2
canon_Other_00164,2024,4
canon_Method_03270,2022,0
canon_Method_03270,2024,0
canon_Task_02234,2022,1
canon_Task_02234,2024,1
canon_Method_00443,2022,0
canon_Method_00443,2024,0
canon_Task_00223,2022,1
canon_Task_00223,2024,1
canon_Metric_00100,2022,1
canon_Metric_00100,2024,1
canon_Task_00570,2022,2
canon_Task_00570,2024,3
canon_Material_00259,2022,0
canon_Material_00259,2024,0
canon_Material_01090,2022,0
canon_Material_01090,2024,0
canon_Task_00462,2022,1
canon_Task_00462,2024,1
canon_Other_02858,2022,0
canon_Other_02858,2024,0
canon_Other_00615,2022,0
canon_Other_00615,2024,0
canon_Task_01457,2022,1
canon_Task_01457,2024,1
canon_Method_00897,2022,0
canon_Method_00897,2024,0
canon_Method_00898,2022,0
canon_Method_00898,2024,0
canon_Task_00472,2022,0
canon_Task_00472,2024,0
canon_Method_00422,2022,0
canon_Method_00422,2024,0
canon_Task_00124,2022,0
canon_Task_00124,2024,0
canon_Method_03302,2022,1
canon_Method_03302,2024,1
canon_Method_00899,2022,0
canon_Method_00899,2024,0
canon_Task_00464,2022,1
canon_Task_00464,2024,1
canon_Method_00424,2022,1
canon_Method_00424,2024,1
canon_Other_02097,2022,1
canon_Other_02097,2024,1
canon_Task_00139,2022,2
canon_Task_00139,2024,4
canon_Other_00341,2022,1
canon_Other_00341,2024,1
canon_Material_01104,2022,0
canon_Material_01104,2024,0
canon_Other_02104,2022,1
canon_Other_02104,2024,1
canon_Other_00165,2022,0
canon_Other_00165,2024,0
canon_Other_00342,2022,0
canon_Other_00342,2024,0
canon_Material_00263,2022,0
canon_Material_00263,2024,0
canon_Material_00146,2022,0
canon_Material_00146,2024,0
canon_Method_00763,2022,1
canon_Method_00763,2024,1
canon_Material_00137,2022,1
canon_Material_00137,2024,1
canon_Task_00130,2022,0
canon_Task_00130,2024,0
canon_Method_00902,2022,1
canon_Method_00902,2024,1
canon_Method_00082,2022,1
canon_Method_00082,2024,2
canon_Task_00225,2022,0
canon_Task_00225,2024,0
canon_Method_00998,2022,0
canon_Method_00998,2024,0
canon_Method_00129,2022,0
canon_Method_00129,2024,0
canon_Other_00127,2022,1
canon_Other_00127,2024,2
canon_Other_00622,2022,0
canon_Other_00622,2024,0
canon_Other_00623,2022,0
canon_Other_00623,2024,0
canon_Other_02487,2022,0
canon_Other_02487,2024,0
canon_Task_02369,2022,1
canon_Task_02369,2024,1
canon_Other_00166,2022,2
canon_Other_00166,2024,3
canon_Material_01771,2022,1
canon_Material_01771,2024,1
canon_Material_00285,2022,0
canon_Material_00285,2024,0
canon_Material_00269,2022,0
canon_Material_00269,2024,0
canon_Material_00271,2022,0
canon_Material_00271,2024,0
canon_Metric_00349,2022,1
canon_Metric_00349,2024,1
canon_Metric_00351,2022,1
canon_Metric_00351,2024,1
canon_Method_00217,2022,0
canon_Method_00217,2024,0
canon_Method_03416,2022,0
canon_Method_03416,2024,0
canon_Other_00218,2022,0
canon_Other_00218,2024,0
canon_Material_00273,2022,1
canon_Material_00273,2024,1
canon_Metric_00355,2022,2
canon_Metric_00355,2024,3
canon_Metric_00036,2022,0
canon_Metric_00036,2024,0
canon_Metric_00101,2022,1
canon_Metric_00101,2024,1
canon_Method_00219,2022,0
canon_Method_00219,2024,0
canon_Task_01500,2022,1
canon_Task_01500,2024,1
canon_Method_00220,2022,0
canon_Method_00220,2024,0
canon_Metric_00485,2022,1
canon_Metric_00485,2024,1
canon_Material_01172,2022,0
canon_Material_01172,2024,0
canon_Other_00352,2022,0
canon_Other_00352,2024,0
canon_Material_00142,2022,0
canon_Material_00142,2024,0
canon_Other_02195,2022,1
canon_Other_02195,2024,1
canon_Other_02201,2022,1
canon_Other_02201,2024,2
canon_Other_00168,2022,2
canon_Other_00168,2024,5
canon_Method_00923,2022,0
canon_Method_00923,2024,0
canon_Other_02214,2022,0
canon_Other_02214,2024,0
canon_Other_00636,2022,1
canon_Other_00636,2024,1
canon_Task_00127,2022,2
canon_Task_00127,2024,3
canon_Metric_00102,2022,1
canon_Metric_00102,2024,1
canon_Metric_00368,2022,1
canon_Metric_00368,2024,1
canon_Method_03503,2022,0
canon_Method_03503,2024,0
canon_Other_00638,2022,0
canon_Other_00638,2024,0
canon_Task_01532,2022,1
canon_Task_01532,2024,1
canon_Method_03513,2022,0
canon_Method_03513,2024,0
canon_Method_03519,2022,1
canon_Method_03519,2024,1
canon_Method_00925,2022,1
canon_Method_00925,2024,1
canon_Method_00436,2022,1
canon_Method_00436,2024,2
canon_Metric_00103,2022,0
canon_Metric_00103,2024,0
canon_Other_00076,2022,0
canon_Other_00076,2024,0
canon_Method_00438,2022,1
canon_Method_00438,2024,1
canon_Other_00354,2022,0
canon_Other_00354,2024,0
canon_Other_00219,2022,0
canon_Other_00219,2024,0
canon_Material_00328,2022,1
canon_Material_00328,2024,2
canon_Material_00054,2022,0
canon_Material_00054,2024,0
canon_Method_00463,2022,0
canon_Method_00463,2024,0
canon_Task_01551,2022,0
canon_Task_01551,2024,0
canon_Other_02245,2022,0
canon_Other_02245,2024,0
canon_Material_00140,2022,0
canon_Material_00140,2024,0
canon_Material_01213,2022,0
canon_Material_01213,2024,0
canon_Method_00927,2022,0
canon_Method_00927,2024,0
canon_Other_02246,2022,0
canon_Other_02246,2024,0
canon_Method_03539,2022,0
canon_Method_03539,2024,0
canon_Other_02247,2022,0
canon_Other_02247,2024,0
canon_Other_02248,2022,0
canon_Other_02248,2024,0
canon_Method_00928,2022,0
canon_Method_00928,2024,0
canon_Other_02249,2022,0
canon_Other_02249,2024,0
canon_Other_02250,2022,0
canon_Other_02250,2024,0
canon_Task_01553,2022,0
canon_Task_01553,2024,0
canon_Method_03540,2022,0
canon_Method_03540,2024,0
canon_Method_03541,2022,0
canon_Method_03541,2024,0
canon_Task_01554,2022,0
canon_Task_01554,2024,0
canon_Other_02251,2022,0
canon_Other_02251,2024,0
canon_Method_03542,2022,0
canon_Method_03542,2024,0
canon_Method_03543,2022,0
canon_Method_03543,2024,0
canon_Method_00224,2022,0
canon_Method_00224,2024,0
canon_Method_03544,2022,0
canon_Method_03544,2024,0
canon_Task_01556,2022,0
canon_Task_01556,2024,0
canon_Other_02252,2022,0
canon_Other_02252,2024,0
canon_Material_01214,2022,0
canon_Material_01214,2024,0
canon_Other_02253,2022,0
canon_Other_02253,2024,0
canon_Method_03545,2022,0
canon_Method_03545,2024,0
canon_Method_03546,2022,0
canon_Method_03546,2024,0
canon_Task_01557,2022,0
canon_Task_01557,2024,0
canon_Method_00441,2022,0
canon_Method_00441,2024,0
canon_Other_02254,2022,0
canon_Other_02254,2024,0
canon_Method_03547,2022,0
canon_Method_03547,2024,0
canon_Method_03548,2022,0
canon_Method_03548,2024,0
canon_Other_02255,2022,0
canon_Other_02255,2024,0
canon_Other_00644,2022,0
canon_Other_00644,2024,0
canon_Other_02256,2022,0
canon_Other_02256,2024,0
canon_Other_02257,2022,0
canon_Other_02257,2024,0
canon_Other_02258,2022,0
canon_Other_02258,2024,0
canon_Method_03550,2022,0
canon_Method_03550,2024,0
canon_Other_00645,2022,0
canon_Other_00645,2024,0
canon_Material_01215,2022,0
canon_Material_01215,2024,0
canon_Material_01216,2022,0
canon_Material_01216,2024,0
canon_Other_02259,2022,0
canon_Other_02259,2024,0
canon_Other_02260,2022,0
canon_Other_02260,2024,0
canon_Method_03551,2022,0
canon_Method_03551,2024,0
canon_Task_01558,2022,0
canon_Task_01558,2024,0
canon_Material_01217,2022,0
canon_Material_01217,2024,0
canon_Other_02261,2022,0
canon_Other_02261,2024,0
canon_Other_02262,2022,0
canon_Other_02262,2024,0
canon_Other_02263,2022,0
canon_Other_02263,2024,0
canon_Other_02264,2022,0
canon_Other_02264,2024,0
canon_Other_02265,2022,0
canon_Other_02265,2024,0
canon_Method_03553,2022,0
canon_Method_03553,2024,0
canon_Method_03554,2022,0
canon_Method_03554,2024,0
canon_Method_03555,2022,0
canon_Method_03555,2024,0
canon_Task_00230,2022,0
canon_Task_00230,2024,0
canon_Task_00087,2022,0
canon_Task_00087,2024,0
canon_Task_01559,2022,0
canon_Task_01559,2024,0
canon_Other_02266,2022,0
canon_Other_02266,2024,0
canon_Method_03556,2022,0
canon_Method_03556,2024,0
canon_Other_02267,2022,0
canon_Other_02267,2024,0
canon_Other_02269,2022,0
canon_Other_02269,2024,0
canon_Material_01218,2022,0
canon_Material_01218,2024,0
canon_Other_02270,2022,0
canon_Other_02270,2024,0
canon_Task_01560,2022,0
canon_Task_01560,2024,0
canon_Material_01219,2022,0
canon_Material_01219,2024,0
canon_Task_01561,2022,0
canon_Task_01561,2024,0
canon_Material_01220,2022,0
canon_Material_01220,2024,0
canon_Material_01221,2022,0
canon_Material_01221,2024,0
canon_Material_01222,2022,0
canon_Material_01222,2024,0
canon_Method_03557,2022,0
canon_Method_03557,2024,0
canon_Method_03558,2022,0
canon_Method_03558,2024,0
canon_Method_00442,2022,0
canon_Method_00442,2024,0
canon_Material_01223,2022,0
canon_Material_01223,2024,0
canon_Method_03559,2022,0
canon_Method_03559,2024,0
canon_Other_02271,2022,0
canon_Other_02271,2024,0
canon_Other_02272,2022,0
canon_Other_02272,2024,0
canon_Other_02273,2022,0
canon_Other_02273,2024,0
canon_Method_00929,2022,0
canon_Method_00929,2024,0
canon_Method_03560,2022,0
canon_Method_03560,2024,0
canon_Method_03561,2022,0
canon_Method_03561,2024,0
canon_Other_02274,2022,0
canon_Other_02274,2024,0
canon_Other_02275,2022,0
canon_Other_02275,2024,0
canon_Metric_00373,2022,0
canon_Metric_00373,2024,0
canon_Method_03562,2022,0
canon_Method_03562,2024,0
canon_Method_00033,2022,0
canon_Method_00033,2024,0
canon_Other_02276,2022,0
canon_Other_02276,2024,0
canon_Other_02278,2022,0
canon_Other_02278,2024,0
canon_Material_01224,2022,0
canon_Material_01224,2024,0
canon_Task_01563,2022,0
canon_Task_01563,2024,0
canon_Material_00278,2022,0
canon_Material_00278,2024,0
canon_Material_01225,2022,0
canon_Material_01225,2024,0
canon_Method_00930,2022,0
canon_Method_00930,2024,0
canon_Method_00931,2022,0
canon_Method_00931,2024,0
canon_Task_01564,2022,0
canon_Task_01564,2024,0
canon_Method_00130,2022,0
canon_Method_00130,2024,0
canon_Other_02279,2022,0
canon_Other_02279,2024,0
canon_Method_03563,2022,0
canon_Method_03563,2024,0
canon_Task_01565,2022,0
canon_Task_01565,2024,0
canon_Other_02281,2022,0
canon_Other_02281,2024,0
canon_Other_02282,2022,0
canon_Other_02282,2024,0
canon_Method_03564,2022,0
canon_Method_03564,2024,0
canon_Method_03565,2022,0
canon_Method_03565,2024,0
canon_Method_03566,2022,0
canon_Method_03566,2024,0
canon_Task_01566,2022,0
canon_Task_01566,2024,0
canon_Method_03567,2022,0
canon_Method_03567,2024,0
canon_Method_03568,2022,0
canon_Method_03568,2024,0
canon_Method_00444,2022,0
canon_Method_00444,2024,0
canon_Other_02283,2022,0
canon_Other_02283,2024,0
canon_Material_01226,2022,0
canon_Material_01226,2024,0
canon_Method_03569,2022,0
canon_Method_03569,2024,0
canon_Other_02284,2022,0
canon_Other_02284,2024,0
canon_Method_03570,2022,0
canon_Method_03570,2024,0
canon_Method_03571,2022,0
canon_Method_03571,2024,0
canon_Other_02285,2022,0
canon_Other_02285,2024,0
canon_Other_02286,2022,0
canon_Other_02286,2024,0
canon_Method_03572,2022,0
canon_Method_03572,2024,0
canon_Method_03573,2022,0
canon_Method_03573,2024,0
canon_Task_01567,2022,0
canon_Task_01567,2024,0
canon_Task_00231,2022,0
canon_Task_00231,2024,0
canon_Task_01568,2022,0
canon_Task_01568,2024,0
canon_Other_02287,2022,0
canon_Other_02287,2024,0
canon_Task_01569,2022,0
canon_Task_01569,2024,0
canon_Method_03574,2022,0
canon_Method_03574,2024,0
canon_Method_03575,2022,0
canon_Method_03575,2024,0
canon_Other_02289,2022,0
canon_Other_02289,2024,0
canon_Task_01570,2022,0
canon_Task_01570,2024,0
canon_Other_02290,2022,0
canon_Other_02290,2024,0
canon_Task_01571,2022,0
canon_Task_01571,2024,0
canon_Task_00484,2022,0
canon_Task_00484,2024,0
canon_Other_00357,2022,0
canon_Other_00357,2024,0
canon_Metric_00374,2022,0
canon_Metric_00374,2024,0
canon_Material_01227,2022,0
canon_Material_01227,2024,0
canon_Material_01228,2022,0
canon_Material_01228,2024,0
canon_Task_02308,2022,0
canon_Task_02308,2024,0
canon_Other_02291,2022,0
canon_Other_02291,2024,0
canon_Method_03576,2022,0
canon_Method_03576,2024,0
canon_Other_02292,2022,0
canon_Other_02292,2024,0
canon_Method_03578,2022,0
canon_Method_03578,2024,0
canon_Method_00932,2022,0
canon_Method_00932,2024,0
canon_Method_03579,2022,0
canon_Method_03579,2024,0
canon_Method_03580,2022,0
canon_Method_03580,2024,0
canon_Method_03582,2022,0
canon_Method_03582,2024,0
canon_Method_00933,2022,0
canon_Method_00933,2024,0
canon_Metric_00375,2022,0
canon_Metric_00375,2024,0
canon_Metric_00106,2022,0
canon_Metric_00106,2024,0
canon_Other_00646,2022,0
canon_Other_00646,2024,0
canon_Other_00647,2022,0
canon_Other_00647,2024,0
canon_Task_01726,2022,0
canon_Task_01726,2024,0
canon_Task_01572,2022,0
canon_Task_01572,2024,0
canon_Other_00169,2022,86
canon_Other_00169,2024,171
canon_Other_02294,2022,0
canon_Other_02294,2024,0
canon_Material_01229,2022,0
canon_Material_01229,2024,0
canon_Method_00025,2022,0
canon_Method_00025,2024,0
canon_Metric_00376,2022,0
canon_Metric_00376,2024,0
canon_Metric_00377,2022,0
canon_Metric_00377,2024,0
canon_Method_00934,2022,0
canon_Method_00934,2024,0
canon_Method_00935,2022,0
canon_Method_00935,2024,0
canon_Task_01573,2022,0
canon_Task_01573,2024,0
canon_Task_01574,2022,0
canon_Task_01574,2024,0
canon_Method_03585,2022,0
canon_Method_03585,2024,0
canon_Other_00648,2022,0
canon_Other_00648,2024,0
canon_Other_02295,2022,0
canon_Other_02295,2024,0
canon_Material_01230,2022,0
canon_Material_01230,2024,0
canon_Task_01575,2022,0
canon_Task_01575,2024,0
canon_Task_01576,2022,0
canon_Task_01576,2024,0
canon_Task_00068,2022,0
canon_Task_00068,2024,0
canon_Task_00514,2022,0
canon_Task_00514,2024,0
canon_Other_02296,2022,0
canon_Other_02296,2024,0
canon_Other_02297,2022,0
canon_Other_02297,2024,0
canon_Method_00223,2022,0
canon_Method_00223,2024,0
canon_Method_00445,2022,0
canon_Method_00445,2024,0
canon_Task_01577,2022,0
canon_Task_01577,2024,0
canon_Other_02298,2022,0
canon_Other_02298,2024,0
canon_Other_02299,2022,0
canon_Other_02299,2024,0
canon_Method_03587,2022,0
canon_Method_03587,2024,0
canon_Other_02300,2022,0
canon_Other_02300,2024,0
canon_Other_02301,2022,0
canon_Other_02301,2024,0
canon_Other_02302,2022,0
canon_Other_02302,2024,0
canon_Material_01231,2022,0
canon_Material_01231,2024,0
canon_Other_02303,2022,0
canon_Other_02303,2024,0
canon_Other_02304,2022,0
canon_Other_02304,2024,0
canon_Method_03588,2022,0
canon_Method_03588,2024,0
canon_Other_02306,2022,0
canon_Other_02306,2024,0
canon_Other_02307,2022,0
canon_Other_02307,2024,0
canon_Task_00487,2022,0
canon_Task_00487,2024,0
canon_Material_01232,2022,0
canon_Material_01232,2024,0
canon_Material_00279,2022,0
canon_Material_00279,2024,0
canon_Task_01578,2022,0
canon_Task_01578,2024,0
canon_Task_01579,2022,0
canon_Task_01579,2024,0
canon_Method_03589,2022,0
canon_Method_03589,2024,0
canon_Method_03590,2022,0
canon_Method_03590,2024,0
canon_Method_03591,2022,0
canon_Method_03591,2024,0
canon_Task_01580,2022,0
canon_Task_01580,2024,0
canon_Task_01581,2022,0
canon_Task_01581,2024,0
canon_Material_01233,2022,0
canon_Material_01233,2024,0
canon_Method_00446,2022,0
canon_Method_00446,2024,0
canon_Material_00081,2022,0
canon_Material_00081,2024,0
canon_Method_03592,2022,0
canon_Method_03592,2024,0
canon_Method_03593,2022,0
canon_Method_03593,2024,0
canon_Other_02309,2022,0
canon_Other_02309,2024,0
canon_Method_03595,2022,0
canon_Method_03595,2024,0
canon_Metric_00379,2022,0
canon_Metric_00379,2024,0
canon_Material_01234,2022,0
canon_Material_01234,2024,0
canon_Method_03596,2022,0
canon_Method_03596,2024,0
canon_Method_03597,2022,0
canon_Method_03597,2024,0
canon_Task_01582,2022,0
canon_Task_01582,2024,0
canon_Task_00232,2022,0
canon_Task_00232,2024,0
canon_Task_00488,2022,0
canon_Task_00488,2024,0
canon_Task_01583,2022,0
canon_Task_01583,2024,0
canon_Method_03598,2022,0
canon_Method_03598,2024,0
canon_Other_00649,2022,0
canon_Other_00649,2024,0
canon_Other_02310,2022,0
canon_Other_02310,2024,0
canon_Task_01584,2022,0
canon_Task_01584,2024,0
canon_Material_01235,2022,0
canon_Material_01235,2024,0
canon_Method_03599,2022,0
canon_Method_03599,2024,0
canon_Task_00489,2022,0
canon_Task_00489,2024,0
canon_Other_02311,2022,0
canon_Other_02311,2024,0
canon_Other_02312,2022,0
canon_Other_02312,2024,0
canon_Task_01585,2022,0
canon_Task_01585,2024,0
canon_Other_02313,2022,0
canon_Other_02313,2024,0
canon_Material_01236,2022,0
canon_Material_01236,2024,0
canon_Task_01586,2022,0
canon_Task_01586,2024,0
canon_Method_03600,2022,0
canon_Method_03600,2024,0
canon_Task_01587,2022,0
canon_Task_01587,2024,0
canon_Material_01237,2022,0
canon_Material_01237,2024,0
canon_Material_01238,2022,0
canon_Material_01238,2024,0
canon_Other_02314,2022,0
canon_Other_02314,2024,0
canon_Task_01588,2022,0
canon_Task_01588,2024,0
canon_Material_01239,2022,0
canon_Material_01239,2024,0
canon_Task_01589,2022,0
canon_Task_01589,2024,0
canon_Material_01240,2022,0
canon_Material_01240,2024,0
canon_Task_00233,2022,0
canon_Task_00233,2024,0
canon_Task_01591,2022,0
canon_Task_01591,2024,0
canon_Method_03601,2022,0
canon_Method_03601,2024,0
canon_Method_03602,2022,0
canon_Method_03602,2024,0
canon_Method_03603,2022,0
canon_Method_03603,2024,0
canon_Task_00490,2022,0
canon_Task_00490,2024,0
canon_Other_02316,2022,0
canon_Other_02316,2024,0
canon_Other_02317,2022,0
canon_Other_02317,2024,0
canon_Method_00447,2022,0
canon_Method_00447,2024,0
canon_Method_00936,2022,0
canon_Method_00936,2024,0
canon_Method_03604,2022,0
canon_Method_03604,2024,0
canon_Task_00491,2022,0
canon_Task_00491,2024,0
canon_Other_02318,2022,0
canon_Other_02318,2024,0
canon_Method_03605,2022,0
canon_Method_03605,2024,0
canon_Other_02319,2022,0
canon_Other_02319,2024,0
canon_Method_03606,2022,0
canon_Method_03606,2024,0
canon_Method_03607,2022,0
canon_Method_03607,2024,0
canon_Method_00937,2022,0
canon_Method_00937,2024,0
canon_Other_02320,2022,0
canon_Other_02320,2024,0
canon_Method_03608,2022,0
canon_Method_03608,2024,0
canon_Method_03609,2022,0
canon_Method_03609,2024,0
canon_Method_03610,2022,0
canon_Method_03610,2024,0
canon_Method_00448,2022,0
canon_Method_00448,2024,0
canon_Method_03611,2022,0
canon_Method_03611,2024,0
canon_Other_02321,2022,0
canon_Other_02321,2024,0
canon_Method_03612,2022,0
canon_Method_03612,2024,0
canon_Other_02322,2022,0
canon_Other_02322,2024,0
canon_Task_00234,2022,0
canon_Task_00234,2024,0
canon_Method_03613,2022,0
canon_Method_03613,2024,0
canon_Method_00345,2022,0
canon_Method_00345,2024,0
canon_Method_03614,2022,0
canon_Method_03614,2024,0
canon_Task_01592,2022,0
canon_Task_01592,2024,0
canon_Method_00938,2022,0
canon_Method_00938,2024,0
canon_Method_03615,2022,0
canon_Method_03615,2024,0
canon_Task_01593,2022,0
canon_Task_01593,2024,0
canon_Other_02323,2022,0
canon_Other_02323,2024,0
canon_Method_00939,2022,0
canon_Method_00939,2024,0
canon_Material_01242,2022,0
canon_Material_01242,2024,0
canon_Other_02324,2022,0
canon_Other_02324,2024,0
canon_Method_03616,2022,0
canon_Method_03616,2024,0
canon_Method_03617,2022,0
canon_Method_03617,2024,0
canon_Material_01243,2022,0
canon_Material_01243,2024,0
canon_Other_00358,2022,0
canon_Other_00358,2024,0
canon_Other_02325,2022,0
canon_Other_02325,2024,0
canon_Task_00033,2022,4
canon_Task_00033,2024,7
canon_Task_01594,2022,1
canon_Task_01594,2024,2
canon_Other_02326,2022,0
canon_Other_02326,2024,0
canon_Metric_00380,2022,0
canon_Metric_00380,2024,0
canon_Metric_00381,2022,0
canon_Metric_00381,2024,0
canon_Metric_00382,2022,0
canon_Metric_00382,2024,0
canon_Other_02327,2022,0
canon_Other_02327,2024,0
canon_Other_02328,2022,0
canon_Other_02328,2024,0
canon_Other_02329,2022,0
canon_Other_02329,2024,0
canon_Other_02330,2022,0
canon_Other_02330,2024,0
canon_Method_00940,2022,0
canon_Method_00940,2024,0
canon_Other_00359,2022,0
canon_Other_00359,2024,0
canon_Task_00128,2022,0
canon_Task_00128,2024,0
canon_Other_02331,2022,0
canon_Other_02331,2024,0
canon_Other_02332,2022,0
canon_Other_02332,2024,0
canon_Other_00651,2022,0
canon_Other_00651,2024,0
canon_Other_02333,2022,0
canon_Other_02333,2024,0
canon_Other_02334,2022,0
canon_Other_02334,2024,0
canon_Method_03619,2022,0
canon_Method_03619,2024,0
canon_Other_00652,2022,0
canon_Other_00652,2024,0
canon_Method_00941,2022,0
canon_Method_00941,2024,0
canon_Other_02335,2022,0
canon_Other_02335,2024,0
canon_Other_02336,2022,0
canon_Other_02336,2024,0
canon_Method_00942,2022,0
canon_Method_00942,2024,0
canon_Other_02337,2022,0
canon_Other_02337,2024,0
canon_Metric_00058,2022,1
canon_Metric_00058,2024,1
canon_Material_01245,2022,0
canon_Material_01245,2024,0
canon_Task_01597,2022,0
canon_Task_01597,2024,0
canon_Task_01598,2022,0
canon_Task_01598,2024,0
canon_Material_01244,2022,0
canon_Material_01244,2024,0
canon_Material_00280,2022,0
canon_Material_00280,2024,0
canon_Material_01246,2022,0
canon_Material_01246,2024,0
canon_Method_03621,2022,0
canon_Method_03621,2024,0
canon_Material_01247,2022,0
canon_Material_01247,2024,0
canon_Material_01248,2022,0
canon_Material_01248,2024,0
canon_Material_01249,2022,0
canon_Material_01249,2024,0
canon_Other_00653,2022,0
canon_Other_00653,2024,0
canon_Other_02338,2022,0
canon_Other_02338,2024,0
canon_Other_02339,2022,0
canon_Other_02339,2024,0
canon_Other_00654,2022,0
canon_Other_00654,2024,0
canon_Other_02340,2022,0
canon_Other_02340,2024,0
canon_Other_02341,2022,0
canon_Other_02341,2024,0
canon_Metric_00383,2022,0
canon_Metric_00383,2024,0
canon_Metric_00384,2022,0
canon_Metric_00384,2024,0
canon_Task_01599,2022,0
canon_Task_01599,2024,0
canon_Metric_00385,2022,0
canon_Metric_00385,2024,0
canon_Method_03622,2022,0
canon_Method_03622,2024,0
canon_Method_03623,2022,0
canon_Method_03623,2024,0
canon_Method_00943,2022,0
canon_Method_00943,2024,0
canon_Method_03624,2022,0
canon_Method_03624,2024,0
canon_Other_02342,2022,0
canon_Other_02342,2024,0
canon_Method_03625,2022,0
canon_Method_03625,2024,0
canon_Other_00655,2022,0
canon_Other_00655,2024,0
canon_Method_03626,2022,0
canon_Method_03626,2024,0
canon_Method_03627,2022,0
canon_Method_03627,2024,0
canon_Method_03628,2022,0
canon_Method_03628,2024,0
canon_Method_03629,2022,0
canon_Method_03629,2024,0
canon_Other_00656,2022,0
canon_Other_00656,2024,0
canon_Method_03630,2022,0
canon_Method_03630,2024,0
canon_Task_01600,2022,0
canon_Task_01600,2024,0
canon_Other_02343,2022,0
canon_Other_02343,2024,0
canon_Other_02344,2022,0
canon_Other_02344,2024,0
canon_Method_03631,2022,0
canon_Method_03631,2024,0
canon_Other_02345,2022,0
canon_Other_02345,2024,0
canon_Other_02346,2022,0
canon_Other_02346,2024,0
canon_Other_02347,2022,0
canon_Other_02347,2024,0
canon_Material_01250,2022,0
canon_Material_01250,2024,0
canon_Method_03632,2022,0
canon_Method_03632,2024,0
canon_Method_03633,2022,0
canon_Method_03633,2024,0
canon_Method_03634,2022,0
canon_Method_03634,2024,0
canon_Task_01601,2022,0
canon_Task_01601,2024,0
canon_Method_03635,2022,0
canon_Method_03635,2024,0
canon_Other_02348,2022,0
canon_Other_02348,2024,0
canon_Task_00492,2022,0
canon_Task_00492,2024,0
canon_Task_01602,2022,0
canon_Task_01602,2024,0
canon_Other_02349,2022,0
canon_Other_02349,2024,0
canon_Material_01251,2022,0
canon_Material_01251,2024,0
canon_Other_02350,2022,0
canon_Other_02350,2024,0
canon_Material_01252,2022,0
canon_Material_01252,2024,0
canon_Material_00141,2022,0
canon_Material_00141,2024,0
canon_Other_02351,2022,0
canon_Other_02351,2024,0
canon_Method_03636,2022,0
canon_Method_03636,2024,0
canon_Other_02352,2022,0
canon_Other_02352,2024,0
canon_Method_03637,2022,0
canon_Method_03637,2024,0
canon_Method_03638,2022,0
canon_Method_03638,2024,0
canon_Method_00449,2022,0
canon_Method_00449,2024,0
canon_Method_00225,2022,0
canon_Method_00225,2024,0
canon_Method_03639,2022,0
canon_Method_03639,2024,0
canon_Method_03640,2022,0
canon_Method_03640,2024,0
canon_Other_02353,2022,0
canon_Other_02353,2024,0
canon_Other_02354,2022,0
canon_Other_02354,2024,0
canon_Method_03642,2022,0
canon_Method_03642,2024,0
canon_Method_00944,2022,0
canon_Method_00944,2024,0
canon_Method_03643,2022,0
canon_Method_03643,2024,0
canon_Method_03644,2022,0
canon_Method_03644,2024,0
canon_Method_03645,2022,0
canon_Method_03645,2024,0
canon_Method_03646,2022,0
canon_Method_03646,2024,0
canon_Other_02355,2022,0
canon_Other_02355,2024,0
canon_Task_01603,2022,0
canon_Task_01603,2024,0
canon_Method_03647,2022,0
canon_Method_03647,2024,0
canon_Method_03648,2022,0
canon_Method_03648,2024,0
canon_Method_03649,2022,0
canon_Method_03649,2024,0
canon_Method_03650,2022,0
canon_Method_03650,2024,0
canon_Method_03651,2022,0
canon_Method_03651,2024,0
canon_Task_01604,2022,0
canon_Task_01604,2024,0
canon_Method_00226,2022,0
canon_Method_00226,2024,0
canon_Task_01605,2022,0
canon_Task_01605,2024,0
canon_Method_03652,2022,0
canon_Method_03652,2024,0
canon_Task_01607,2022,0
canon_Task_01607,2024,0
canon_Method_03653,2022,0
canon_Method_03653,2024,0
canon_Method_00945,2022,0
canon_Method_00945,2024,0
canon_Task_01608,2022,0
canon_Task_01608,2024,0
canon_Material_01253,2022,0
canon_Material_01253,2024,0
canon_Method_03654,2022,0
canon_Method_03654,2024,0
canon_Task_01610,2022,0
canon_Task_01610,2024,0
canon_Method_00227,2022,0
canon_Method_00227,2024,0
canon_Other_02356,2022,0
canon_Other_02356,2024,0
canon_Method_03655,2022,0
canon_Method_03655,2024,0
canon_Method_03656,2022,0
canon_Method_03656,2024,0
canon_Material_01254,2022,0
canon_Material_01254,2024,0
canon_Material_01255,2022,0
canon_Material_01255,2024,0
canon_Material_01256,2022,0
canon_Material_01256,2024,0
canon_Material_01257,2022,0
canon_Material_01257,2024,0
canon_Material_00281,2022,0
canon_Material_00281,2024,0
canon_Material_01258,2022,0
canon_Material_01258,2024,0
canon_Material_01259,2022,0
canon_Material_01259,2024,0
canon_Material_01260,2022,0
canon_Material_01260,2024,0
canon_Method_03657,2022,0
canon_Method_03657,2024,0
canon_Method_03658,2022,0
canon_Method_03658,2024,0
canon_Material_01261,2022,0
canon_Material_01261,2024,0
canon_Material_01262,2022,0
canon_Material_01262,2024,0
canon_Method_00947,2022,0
canon_Method_00947,2024,0
canon_Method_03659,2022,0
canon_Method_03659,2024,0
canon_Method_03660,2022,0
canon_Method_03660,2024,0
canon_Method_03661,2022,0
canon_Method_03661,2024,0
canon_Task_01611,2022,0
canon_Task_01611,2024,0
canon_Task_01612,2022,0
canon_Task_01612,2024,0
canon_Material_01263,2022,0
canon_Material_01263,2024,0
canon_Method_03662,2022,0
canon_Method_03662,2024,0
canon_Method_03663,2022,0
canon_Method_03663,2024,0
canon_Material_01264,2022,0
canon_Material_01264,2024,0
canon_Material_01265,2022,0
canon_Material_01265,2024,0
canon_Method_03664,2022,0
canon_Method_03664,2024,0
canon_Method_03665,2022,0
canon_Method_03665,2024,0
canon_Task_01613,2022,0
canon_Task_01613,2024,0
canon_Material_01266,2022,0
canon_Material_01266,2024,0
canon_Other_02357,2022,0
canon_Other_02357,2024,0
canon_Task_01614,2022,0
canon_Task_01614,2024,0
canon_Method_00132,2022,0
canon_Method_00132,2024,0
canon_Method_00450,2022,0
canon_Method_00450,2024,0
canon_Method_03666,2022,0
canon_Method_03666,2024,0
canon_Task_01615,2022,0
canon_Task_01615,2024,0
canon_Method_00451,2022,0
canon_Method_00451,2024,0
canon_Metric_00387,2022,0
canon_Metric_00387,2024,0
canon_Metric_00386,2022,0
canon_Metric_00386,2024,0
canon_Method_03667,2022,0
canon_Method_03667,2024,0
canon_Other_02359,2022,0
canon_Other_02359,2024,0
canon_Material_01267,2022,0
canon_Material_01267,2024,0
canon_Other_02360,2022,0
canon_Other_02360,2024,0
canon_Material_01268,2022,0
canon_Material_01268,2024,0
canon_Material_01269,2022,0
canon_Material_01269,2024,0
canon_Metric_00388,2022,0
canon_Metric_00388,2024,0
canon_Method_00949,2022,0
canon_Method_00949,2024,0
canon_Method_03668,2022,0
canon_Method_03668,2024,0
canon_Task_00129,2022,0
canon_Task_00129,2024,0
canon_Method_03670,2022,0
canon_Method_03670,2024,0
canon_Method_03671,2022,0
canon_Method_03671,2024,0
canon_Method_03672,2022,0
canon_Method_03672,2024,0
canon_Other_02361,2022,0
canon_Other_02361,2024,0
canon_Other_02362,2022,0
canon_Other_02362,2024,0
canon_Other_02363,2022,0
canon_Other_02363,2024,0
canon_Method_03673,2022,0
canon_Method_03673,2024,0
canon_Other_02364,2022,0
canon_Other_02364,2024,0
canon_Other_02365,2022,0
canon_Other_02365,2024,0
canon_Method_03674,2022,0
canon_Method_03674,2024,0
canon_Metric_00389,2022,0
canon_Metric_00389,2024,0
canon_Task_00494,2022,0
canon_Task_00494,2024,0
canon_Method_03675,2022,0
canon_Method_03675,2024,0
canon_Other_00754,2022,0
canon_Other_00754,2024,0
canon_Method_03676,2022,0
canon_Method_03676,2024,0
canon_Metric_00390,2022,0
canon_Metric_00390,2024,0
canon_Method_03677,2022,0
canon_Method_03677,2024,0
canon_Method_03678,2022,0
canon_Method_03678,2024,0
canon_Material_01270,2022,0
canon_Material_01270,2024,0
canon_Task_01617,2022,0
canon_Task_01617,2024,0
canon_Method_00950,2022,0
canon_Method_00950,2024,0
canon_Method_03679,2022,0
canon_Method_03679,2024,0
canon_Task_00235,2022,0
canon_Task_00235,2024,0
canon_Task_01619,2022,0
canon_Task_01619,2024,0
canon_Method_03680,2022,0
canon_Method_03680,2024,0
canon_Method_03681,2022,0
canon_Method_03681,2024,0
canon_Other_02366,2022,0
canon_Other_02366,2024,0
canon_Method_00452,2022,0
canon_Method_00452,2024,0
canon_Task_01620,2022,0
canon_Task_01620,2024,0
canon_Method_03682,2022,0
canon_Method_03682,2024,0
canon_Method_03683,2022,0
canon_Method_03683,2024,0
canon_Method_03684,2022,0
canon_Method_03684,2024,0
canon_Method_03685,2022,0
canon_Method_03685,2024,0
canon_Method_00453,2022,0
canon_Method_00453,2024,0
canon_Method_03686,2022,0
canon_Method_03686,2024,0
canon_Other_02367,2022,0
canon_Other_02367,2024,0
canon_Material_01271,2022,0
canon_Material_01271,2024,0
canon_Task_01621,2022,0
canon_Task_01621,2024,0
canon_Other_02368,2022,0
canon_Other_02368,2024,0
canon_Task_00498,2022,0
canon_Task_00498,2024,0
canon_Task_01622,2022,0
canon_Task_01622,2024,0
canon_Other_02369,2022,0
canon_Other_02369,2024,0
canon_Method_03687,2022,0
canon_Method_03687,2024,0
canon_Task_01623,2022,0
canon_Task_01623,2024,0
canon_Other_02370,2022,0
canon_Other_02370,2024,0
canon_Metric_00391,2022,0
canon_Metric_00391,2024,0
canon_Method_03688,2022,0
canon_Method_03688,2024,0
canon_Other_02371,2022,0
canon_Other_02371,2024,0
canon_Method_03689,2022,0
canon_Method_03689,2024,0
canon_Metric_00392,2022,0
canon_Metric_00392,2024,0
canon_Other_02372,2022,0
canon_Other_02372,2024,0
canon_Material_01272,2022,0
canon_Material_01272,2024,0
canon_Method_03690,2022,0
canon_Method_03690,2024,0
canon_Task_01624,2022,0
canon_Task_01624,2024,0
canon_Task_00237,2022,0
canon_Task_00237,2024,0
canon_Task_01625,2022,0
canon_Task_01625,2024,0
canon_Method_00454,2022,0
canon_Method_00454,2024,0
canon_Task_01626,2022,0
canon_Task_01626,2024,0
canon_Method_03691,2022,0
canon_Method_03691,2024,0
canon_Task_01627,2022,0
canon_Task_01627,2024,0
canon_Method_03692,2022,0
canon_Method_03692,2024,0
canon_Task_01628,2022,0
canon_Task_01628,2024,0
canon_Other_02373,2022,0
canon_Other_02373,2024,0
canon_Method_03693,2022,0
canon_Method_03693,2024,0
canon_Method_03694,2022,0
canon_Method_03694,2024,0
canon_Method_00455,2022,0
canon_Method_00455,2024,0
canon_Material_00282,2022,0
canon_Material_00282,2024,0
canon_Task_01629,2022,0
canon_Task_01629,2024,0
canon_Task_01630,2022,0
canon_Task_01630,2024,0
canon_Task_01631,2022,0
canon_Task_01631,2024,0
canon_Other_02374,2022,0
canon_Other_02374,2024,0
canon_Method_03695,2022,0
canon_Method_03695,2024,0
canon_Metric_00520,2022,0
canon_Metric_00520,2024,0
canon_Other_02376,2022,0
canon_Other_02376,2024,0
canon_Other_02377,2022,0
canon_Other_02377,2024,0
canon_Other_02378,2022,0
canon_Other_02378,2024,0
canon_Task_01632,2022,0
canon_Task_01632,2024,0
canon_Task_01633,2022,0
canon_Task_01633,2024,0
canon_Method_00456,2022,0
canon_Method_00456,2024,0
canon_Method_03696,2022,0
canon_Method_03696,2024,0
canon_Task_00238,2022,0
canon_Task_00238,2024,0
canon_Other_02379,2022,0
canon_Other_02379,2024,0
canon_Method_03697,2022,0
canon_Method_03697,2024,0
canon_Other_02380,2022,0
canon_Other_02380,2024,0
canon_Other_02381,2022,0
canon_Other_02381,2024,0
canon_Method_03698,2022,0
canon_Method_03698,2024,0
canon_Method_03699,2022,0
canon_Method_03699,2024,0
canon_Other_02382,2022,0
canon_Other_02382,2024,0
canon_Other_02383,2022,0
canon_Other_02383,2024,0
canon_Method_03700,2022,0
canon_Method_03700,2024,0
canon_Task_01634,2022,0
canon_Task_01634,2024,0
canon_Method_03701,2022,0
canon_Method_03701,2024,0
canon_Method_00133,2022,0
canon_Method_00133,2024,0
canon_Other_02384,2022,0
canon_Other_02384,2024,0
canon_Material_01273,2022,0
canon_Material_01273,2024,0
canon_Method_03702,2022,0
canon_Method_03702,2024,0
canon_Task_01635,2022,0
canon_Task_01635,2024,0
canon_Method_03703,2022,0
canon_Method_03703,2024,0
canon_Task_01636,2022,0
canon_Task_01636,2024,0
canon_Material_00283,2022,0
canon_Material_00283,2024,0
canon_Material_01274,2022,0
canon_Material_01274,2024,0
canon_Method_03704,2022,0
canon_Method_03704,2024,0
canon_Material_01275,2022,0
canon_Material_01275,2024,0
canon_Other_00360,2022,0
canon_Other_00360,2024,0
canon_Task_01637,2022,0
canon_Task_01637,2024,0
canon_Task_01638,2022,0
canon_Task_01638,2024,0
canon_Material_01276,2022,0
canon_Material_01276,2024,0
canon_Other_02386,2022,0
canon_Other_02386,2024,0
canon_Method_00951,2022,0
canon_Method_00951,2024,0
canon_Method_03705,2022,0
canon_Method_03705,2024,0
canon_Method_03706,2022,0
canon_Method_03706,2024,0
canon_Material_01277,2022,0
canon_Material_01277,2024,0
canon_Metric_00393,2022,0
canon_Metric_00393,2024,0
canon_Other_02387,2022,0
canon_Other_02387,2024,0
canon_Other_02388,2022,0
canon_Other_02388,2024,0
canon_Material_01278,2022,0
canon_Material_01278,2024,0
canon_Method_03708,2022,0
canon_Method_03708,2024,0
canon_Method_03709,2022,0
canon_Method_03709,2024,0
canon_Other_00659,2022,0
canon_Other_00659,2024,0
canon_Other_02389,2022,0
canon_Other_02389,2024,0
canon_Method_03710,2022,0
canon_Method_03710,2024,0
canon_Method_03711,2022,0
canon_Method_03711,2024,0
canon_Method_03712,2022,0
canon_Method_03712,2024,0
canon_Other_00660,2022,0
canon_Other_00660,2024,0
canon_Method_00952,2022,0
canon_Method_00952,2024,0
canon_Method_03713,2022,0
canon_Method_03713,2024,0
canon_Method_00228,2022,0
canon_Method_00228,2024,0
canon_Method_03714,2022,0
canon_Method_03714,2024,0
canon_Method_00229,2022,0
canon_Method_00229,2024,0
canon_Method_03715,2022,0
canon_Method_03715,2024,0
canon_Method_03716,2022,0
canon_Method_03716,2024,0
canon_Other_02390,2022,0
canon_Other_02390,2024,0
canon_Other_02391,2022,0
canon_Other_02391,2024,0
canon_Method_03717,2022,0
canon_Method_03717,2024,0
canon_Other_02392,2022,0
canon_Other_02392,2024,0
canon_Task_01639,2022,0
canon_Task_01639,2024,0
canon_Task_01640,2022,0
canon_Task_01640,2024,0
canon_Metric_00394,2022,0
canon_Metric_00394,2024,0
canon_Method_00953,2022,1
canon_Method_00953,2024,1
canon_Other_02393,2022,0
canon_Other_02393,2024,0
canon_Other_00361,2022,0
canon_Other_00361,2024,0
canon_Other_00167,2022,1
canon_Other_00167,2024,2
canon_Other_02394,2022,0
canon_Other_02394,2024,0
canon_Other_02395,2022,0
canon_Other_02395,2024,0
canon_Method_03718,2022,0
canon_Method_03718,2024,0
canon_Method_00973,2022,0
canon_Method_00973,2024,0
canon_Other_02396,2022,0
canon_Other_02396,2024,0
canon_Other_02397,2022,0
canon_Other_02397,2024,0
canon_Other_02398,2022,0
canon_Other_02398,2024,0
canon_Other_02399,2022,0
canon_Other_02399,2024,0
canon_Method_03719,2022,0
canon_Method_03719,2024,0
canon_Method_03720,2022,0
canon_Method_03720,2024,0
canon_Other_00362,2022,0
canon_Other_00362,2024,0
canon_Method_03721,2022,0
canon_Method_03721,2024,0
canon_Method_03722,2022,0
canon_Method_03722,2024,0
canon_Other_02400,2022,0
canon_Other_02400,2024,0
canon_Method_03723,2022,0
canon_Method_03723,2024,0
canon_Other_02401,2022,0
canon_Other_02401,2024,0
canon_Other_02402,2022,0
canon_Other_02402,2024,0
canon_Other_02403,2022,0
canon_Other_02403,2024,0
canon_Method_00954,2022,0
canon_Method_00954,2024,0
canon_Other_00661,2022,0
canon_Other_00661,2024,0
canon_Other_00662,2022,0
canon_Other_00662,2024,0
canon_Method_03724,2022,0
canon_Method_03724,2024,0
canon_Task_00239,2022,0
canon_Task_00239,2024,0
canon_Other_02404,2022,0
canon_Other_02404,2024,0
canon_Method_03725,2022,0
canon_Method_03725,2024,0
canon_Other_02405,2022,0
canon_Other_02405,2024,0
canon_Material_00143,2022,0
canon_Material_00143,2024,0
canon_Task_01641,2022,0
canon_Task_01641,2024,0
canon_Material_01279,2022,0
canon_Material_01279,2024,0
canon_Method_03726,2022,0
canon_Method_03726,2024,0
canon_Method_03727,2022,0
canon_Method_03727,2024,0
canon_Other_02406,2022,0
canon_Other_02406,2024,0
canon_Material_01280,2022,0
canon_Material_01280,2024,0
canon_Material_01281,2022,0
canon_Material_01281,2024,0
canon_Task_01642,2022,0
canon_Task_01642,2024,0
canon_Method_03728,2022,0
canon_Method_03728,2024,0
canon_Other_02407,2022,0
canon_Other_02407,2024,0
canon_Method_03729,2022,0
canon_Method_03729,2024,0
canon_Other_02408,2022,0
canon_Other_02408,2024,0
canon_Other_02409,2022,0
canon_Other_02409,2024,0
canon_Method_03730,2022,0
canon_Method_03730,2024,0
canon_Method_00457,2022,0
canon_Method_00457,2024,0
canon_Other_02410,2022,0
canon_Other_02410,2024,0
canon_Method_03731,2022,0
canon_Method_03731,2024,0
canon_Task_01643,2022,0
canon_Task_01643,2024,0
canon_Method_03732,2022,0
canon_Method_03732,2024,0
canon_Method_03733,2022,0
canon_Method_03733,2024,0
canon_Task_01644,2022,0
canon_Task_01644,2024,0
canon_Task_01645,2022,0
canon_Task_01645,2024,0
canon_Method_03734,2022,0
canon_Method_03734,2024,0
canon_Method_03735,2022,0
canon_Method_03735,2024,0
canon_Task_00240,2022,1
canon_Task_00240,2024,1
canon_Other_02412,2022,0
canon_Other_02412,2024,0
canon_Other_02413,2022,0
canon_Other_02413,2024,0
canon_Other_02414,2022,0
canon_Other_02414,2024,0
canon_Method_00230,2022,0
canon_Method_00230,2024,0
canon_Material_01282,2022,0
canon_Material_01282,2024,0
canon_Method_03736,2022,0
canon_Method_03736,2024,0
canon_Task_01646,2022,0
canon_Task_01646,2024,0
canon_Material_00144,2022,0
canon_Material_00144,2024,0
canon_Method_03737,2022,0
canon_Method_03737,2024,0
canon_Material_01283,2022,0
canon_Material_01283,2024,0
canon_Task_00495,2022,0
canon_Task_00495,2024,0
canon_Material_00284,2022,0
canon_Material_00284,2024,0
canon_Material_01284,2022,0
canon_Material_01284,2024,0
canon_Material_01285,2022,0
canon_Material_01285,2024,0
canon_Task_01648,2022,0
canon_Task_01648,2024,0
canon_Material_01286,2022,0
canon_Material_01286,2024,0
canon_Method_00458,2022,0
canon_Method_00458,2024,0
canon_Task_01649,2022,0
canon_Task_01649,2024,0
canon_Method_03739,2022,0
canon_Method_03739,2024,0
canon_Method_03740,2022,0
canon_Method_03740,2024,0
canon_Method_00231,2022,0
canon_Method_00231,2024,0
canon_Task_01650,2022,0
canon_Task_01650,2024,0
canon_Other_02415,2022,0
canon_Other_02415,2024,0
canon_Method_03741,2022,0
canon_Method_03741,2024,0
canon_Method_03742,2022,0
canon_Method_03742,2024,0
canon_Method_03743,2022,0
canon_Method_03743,2024,0
canon_Method_03744,2022,0
canon_Method_03744,2024,0
canon_Metric_00397,2022,0
canon_Metric_00397,2024,0
canon_Other_02416,2022,0
canon_Other_02416,2024,0
canon_Method_03745,2022,0
canon_Method_03745,2024,0
canon_Other_02417,2022,0
canon_Other_02417,2024,0
canon_Method_03746,2022,0
canon_Method_03746,2024,0
canon_Material_01287,2022,0
canon_Material_01287,2024,0
canon_Method_03747,2022,0
canon_Method_03747,2024,0
canon_Method_00459,2022,0
canon_Method_00459,2024,0
canon_Material_01288,2022,0
canon_Material_01288,2024,0
canon_Material_01289,2022,0
canon_Material_01289,2024,0
canon_Other_02418,2022,0
canon_Other_02418,2024,0
canon_Material_01290,2022,0
canon_Material_01290,2024,0
canon_Material_01291,2022,0
canon_Material_01291,2024,0
canon_Method_03748,2022,0
canon_Method_03748,2024,0
canon_Method_03749,2022,0
canon_Method_03749,2024,0
canon_Task_01651,2022,0
canon_Task_01651,2024,0
canon_Task_01652,2022,0
canon_Task_01652,2024,0
canon_Method_03750,2022,0
canon_Method_03750,2024,0
canon_Method_03751,2022,0
canon_Method_03751,2024,0
canon_Material_01293,2022,0
canon_Material_01293,2024,0
canon_Material_01294,2022,0
canon_Material_01294,2024,0
canon_Material_01295,2022,0
canon_Material_01295,2024,0
canon_Material_01296,2022,0
canon_Material_01296,2024,0
canon_Task_01653,2022,0
canon_Task_01653,2024,0
canon_Task_00496,2022,0
canon_Task_00496,2024,0
canon_Other_02419,2022,0
canon_Other_02419,2024,0
canon_Task_01850,2022,0
canon_Task_01850,2024,0
canon_Other_02420,2022,0
canon_Other_02420,2024,0
canon_Task_01654,2022,0
canon_Task_01654,2024,0
canon_Other_02421,2022,0
canon_Other_02421,2024,0
canon_Other_02422,2022,0
canon_Other_02422,2024,0
canon_Material_01297,2022,0
canon_Material_01297,2024,0
canon_Metric_00399,2022,0
canon_Metric_00399,2024,0
canon_Method_00135,2022,0
canon_Method_00135,2024,0
canon_Method_03753,2022,0
canon_Method_03753,2024,0
canon_Other_02423,2022,0
canon_Other_02423,2024,0
canon_Task_01655,2022,0
canon_Task_01655,2024,0
canon_Material_01298,2022,0
canon_Material_01298,2024,0
canon_Task_01656,2022,0
canon_Task_01656,2024,0
canon_Other_02424,2022,0
canon_Other_02424,2024,0
canon_Method_03754,2022,0
canon_Method_03754,2024,0
canon_Other_02425,2022,0
canon_Other_02425,2024,0
canon_Other_02426,2022,0
canon_Other_02426,2024,0
canon_Task_01657,2022,0
canon_Task_01657,2024,0
canon_Task_01658,2022,0
canon_Task_01658,2024,0
canon_Other_02427,2022,0
canon_Other_02427,2024,0
canon_Task_01659,2022,0
canon_Task_01659,2024,0
canon_Task_00497,2022,0
canon_Task_00497,2024,0
canon_Task_01660,2022,0
canon_Task_01660,2024,0
canon_Task_01661,2022,0
canon_Task_01661,2024,0
canon_Other_02428,2022,0
canon_Other_02428,2024,0
canon_Material_01299,2022,0
canon_Material_01299,2024,0
canon_Method_03755,2022,0
canon_Method_03755,2024,0
canon_Method_00956,2022,0
canon_Method_00956,2024,0
canon_Other_02429,2022,0
canon_Other_02429,2024,0
canon_Method_03756,2022,0
canon_Method_03756,2024,0
canon_Method_03757,2022,0
canon_Method_03757,2024,0
canon_Other_02430,2022,0
canon_Other_02430,2024,0
canon_Method_03758,2022,0
canon_Method_03758,2024,0
canon_Material_01300,2022,0
canon_Material_01300,2024,0
canon_Metric_00400,2022,0
canon_Metric_00400,2024,0
canon_Task_00241,2022,0
canon_Task_00241,2024,0
canon_Task_01664,2022,0
canon_Task_01664,2024,0
canon_Task_01665,2022,0
canon_Task_01665,2024,0
canon_Task_01666,2022,0
canon_Task_01666,2024,0
canon_Method_00136,2022,0
canon_Method_00136,2024,0
canon_Method_03759,2022,0
canon_Method_03759,2024,0
canon_Other_02431,2022,0
canon_Other_02431,2024,0
canon_Other_00664,2022,0
canon_Other_00664,2024,0
canon_Method_03761,2022,0
canon_Method_03761,2024,0
canon_Method_03762,2022,0
canon_Method_03762,2024,0
canon_Method_03763,2022,0
canon_Method_03763,2024,0
canon_Method_03764,2022,0
canon_Method_03764,2024,0
canon_Method_03765,2022,0
canon_Method_03765,2024,0
canon_Other_02432,2022,0
canon_Other_02432,2024,0
canon_Method_03766,2022,0
canon_Method_03766,2024,0
canon_Material_01301,2022,0
canon_Material_01301,2024,0
canon_Method_03767,2022,0
canon_Method_03767,2024,0
canon_Material_01302,2022,0
canon_Material_01302,2024,0
canon_Material_01303,2022,0
canon_Material_01303,2024,0
canon_Method_03768,2022,0
canon_Method_03768,2024,0
canon_Task_01668,2022,0
canon_Task_01668,2024,0
canon_Method_03769,2022,0
canon_Method_03769,2024,0
canon_Other_02433,2022,0
canon_Other_02433,2024,0
canon_Other_02434,2022,0
canon_Other_02434,2024,0
canon_Other_00665,2022,0
canon_Other_00665,2024,0
canon_Other_02435,2022,0
canon_Other_02435,2024,0
canon_Other_02436,2022,0
canon_Other_02436,2024,0
canon_Method_00232,2022,0
canon_Method_00232,2024,0
canon_Task_00242,2022,0
canon_Task_00242,2024,0
canon_Material_00145,2022,0
canon_Material_00145,2024,0
canon_Method_00957,2022,0
canon_Method_00957,2024,0
canon_Method_03770,2022,0
canon_Method_03770,2024,0
canon_Material_01304,2022,0
canon_Material_01304,2024,0
canon_Material_01305,2022,0
canon_Material_01305,2024,0
canon_Method_00958,2022,0
canon_Method_00958,2024,0
canon_Method_03771,2022,0
canon_Method_03771,2024,0
canon_Method_03772,2022,0
canon_Method_03772,2024,0
canon_Task_00243,2022,0
canon_Task_00243,2024,0
canon_Other_00363,2022,0
canon_Other_00363,2024,0
canon_Material_01306,2022,0
canon_Material_01306,2024,0
canon_Other_02437,2022,0
canon_Other_02437,2024,0
canon_Method_03773,2022,0
canon_Method_03773,2024,0
canon_Material_01307,2022,0
canon_Material_01307,2024,0
canon_Task_01669,2022,0
canon_Task_01669,2024,0
canon_Method_03774,2022,0
canon_Method_03774,2024,0
canon_Task_00086,2022,0
canon_Task_00086,2024,0
canon_Other_02438,2022,0
canon_Other_02438,2024,0
canon_Task_01670,2022,0
canon_Task_01670,2024,0
canon_Method_03775,2022,0
canon_Method_03775,2024,0
canon_Other_02439,2022,0
canon_Other_02439,2024,0
canon_Method_03776,2022,0
canon_Method_03776,2024,0
canon_Other_02440,2022,0
canon_Other_02440,2024,0
canon_Method_03777,2022,0
canon_Method_03777,2024,0
canon_Task_01671,2022,0
canon_Task_01671,2024,0
canon_Other_02441,2022,0
canon_Other_02441,2024,0
canon_Task_00244,2022,0
canon_Task_00244,2024,0
canon_Method_03778,2022,0
canon_Method_03778,2024,0
canon_Task_01672,2022,0
canon_Task_01672,2024,0
canon_Other_02442,2022,0
canon_Other_02442,2024,0
canon_Material_01309,2022,0
canon_Material_01309,2024,0
canon_Other_02443,2022,0
canon_Other_02443,2024,0
canon_Other_02444,2022,0
canon_Other_02444,2024,0
canon_Metric_00401,2022,0
canon_Metric_00401,2024,0
canon_Material_01310,2022,0
canon_Material_01310,2024,0
canon_Metric_00107,2022,0
canon_Metric_00107,2024,0
canon_Task_01673,2022,0
canon_Task_01673,2024,0
canon_Method_03779,2022,0
canon_Method_03779,2024,0
canon_Method_03780,2022,0
canon_Method_03780,2024,0
canon_Method_03781,2022,0
canon_Method_03781,2024,0
canon_Task_01674,2022,0
canon_Task_01674,2024,0
canon_Method_03782,2022,0
canon_Method_03782,2024,0
canon_Material_01311,2022,0
canon_Material_01311,2024,0
canon_Method_00163,2022,0
canon_Method_00163,2024,0
canon_Method_00959,2022,0
canon_Method_00959,2024,0
canon_Method_00960,2022,1
canon_Method_00960,2024,1
canon_Method_03783,2022,0
canon_Method_03783,2024,0
canon_Other_02445,2022,0
canon_Other_02445,2024,0
canon_Other_02446,2022,0
canon_Other_02446,2024,0
canon_Other_02447,2022,0
canon_Other_02447,2024,0
canon_Method_03784,2022,0
canon_Method_03784,2024,0
canon_Method_00961,2022,0
canon_Method_00961,2024,0
canon_Other_02448,2022,0
canon_Other_02448,2024,0
canon_Metric_00402,2022,0
canon_Metric_00402,2024,0
canon_Task_00499,2022,0
canon_Task_00499,2024,0
canon_Method_03785,2022,0
canon_Method_03785,2024,0
canon_Task_01675,2022,0
canon_Task_01675,2024,0
canon_Method_03787,2022,0
canon_Method_03787,2024,0
canon_Other_02449,2022,0
canon_Other_02449,2024,0
canon_Metric_00108,2022,0
canon_Metric_00108,2024,0
canon_Method_03788,2022,0
canon_Method_03788,2024,0
canon_Method_03789,2022,0
canon_Method_03789,2024,0
canon_Material_00286,2022,0
canon_Material_00286,2024,0
canon_Task_00025,2022,0
canon_Task_00025,2024,0
canon_Other_00666,2022,0
canon_Other_00666,2024,0
canon_Other_00667,2022,0
canon_Other_00667,2024,0
canon_Method_03790,2022,0
canon_Method_03790,2024,0
canon_Method_03791,2022,0
canon_Method_03791,2024,0
canon_Method_03792,2022,0
canon_Method_03792,2024,0
canon_Method_03793,2022,0
canon_Method_03793,2024,0
canon_Method_00962,2022,0
canon_Method_00962,2024,0
canon_Material_01312,2022,0
canon_Material_01312,2024,0
canon_Method_00460,2022,0
canon_Method_00460,2024,0
canon_Task_01677,2022,0
canon_Task_01677,2024,0
canon_Other_02450,2022,0
canon_Other_02450,2024,0
canon_Other_00668,2022,0
canon_Other_00668,2024,0
canon_Task_01678,2022,0
canon_Task_01678,2024,0
canon_Other_02451,2022,0
canon_Other_02451,2024,0
canon_Other_02452,2022,0
canon_Other_02452,2024,0
canon_Metric_00403,2022,0
canon_Metric_00403,2024,0
canon_Method_03794,2022,0
canon_Method_03794,2024,0
canon_Material_01313,2022,0
canon_Material_01313,2024,0
canon_Material_01314,2022,0
canon_Material_01314,2024,0
canon_Other_02453,2022,0
canon_Other_02453,2024,0
canon_Method_03795,2022,0
canon_Method_03795,2024,0
canon_Material_01315,2022,0
canon_Material_01315,2024,0
canon_Material_01316,2022,0
canon_Material_01316,2024,0
canon_Task_01679,2022,0
canon_Task_01679,2024,0
canon_Method_03796,2022,0
canon_Method_03796,2024,0
canon_Method_03797,2022,0
canon_Method_03797,2024,0
canon_Other_02454,2022,0
canon_Other_02454,2024,0
canon_Task_01680,2022,0
canon_Task_01680,2024,0
canon_Material_01317,2022,0
canon_Material_01317,2024,0
canon_Method_03798,2022,0
canon_Method_03798,2024,0
canon_Other_02455,2022,0
canon_Other_02455,2024,0
canon_Material_01318,2022,0
canon_Material_01318,2024,0
canon_Method_03799,2022,0
canon_Method_03799,2024,0
canon_Material_01319,2022,0
canon_Material_01319,2024,0
canon_Material_01320,2022,0
canon_Material_01320,2024,0
canon_Task_01682,2022,0
canon_Task_01682,2024,0
canon_Method_03800,2022,0
canon_Method_03800,2024,0
canon_Task_01683,2022,0
canon_Task_01683,2024,0
canon_Material_01321,2022,0
canon_Material_01321,2024,0
canon_Method_03801,2022,0
canon_Method_03801,2024,0
canon_Method_00462,2022,0
canon_Method_00462,2024,0
canon_Method_03802,2022,0
canon_Method_03802,2024,0
canon_Method_03803,2022,0
canon_Method_03803,2024,0
canon_Other_02456,2022,0
canon_Other_02456,2024,0
canon_Method_03804,2022,0
canon_Method_03804,2024,0
canon_Method_03805,2022,0
canon_Method_03805,2024,0
canon_Other_02457,2022,0
canon_Other_02457,2024,0
canon_Method_00308,2022,0
canon_Method_00308,2024,0
canon_Method_03806,2022,0
canon_Method_03806,2024,0
canon_Other_02458,2022,0
canon_Other_02458,2024,0
canon_Material_01322,2022,0
canon_Material_01322,2024,0
canon_Material_01323,2022,0
canon_Material_01323,2024,0
canon_Other_02459,2022,0
canon_Other_02459,2024,0
canon_Method_03807,2022,0
canon_Method_03807,2024,0
canon_Other_02460,2022,0
canon_Other_02460,2024,0
canon_Method_03808,2022,0
canon_Method_03808,2024,0
canon_Method_03809,2022,0
canon_Method_03809,2024,0
canon_Material_01324,2022,0
canon_Material_01324,2024,0
canon_Other_00669,2022,0
canon_Other_00669,2024,0
canon_Method_00234,2022,2
canon_Method_00234,2024,5
canon_Method_00963,2022,0
canon_Method_00963,2024,0
canon_Method_03810,2022,0
canon_Method_03810,2024,0
canon_Method_00964,2022,0
canon_Method_00964,2024,0
canon_Method_03811,2022,0
canon_Method_03811,2024,0
canon_Metric_00404,2022,0
canon_Metric_00404,2024,0
canon_Metric_00405,2022,0
canon_Metric_00405,2024,0
canon_Method_03812,2022,0
canon_Method_03812,2024,0
canon_Other_02461,2022,0
canon_Other_02461,2024,0
canon_Other_00670,2022,0
canon_Other_00670,2024,0
canon_Task_00501,2022,0
canon_Task_00501,2024,0
canon_Other_00671,2022,0
canon_Other_00671,2024,0
canon_Method_03813,2022,0
canon_Method_03813,2024,0
canon_Method_00235,2022,0
canon_Method_00235,2024,0
canon_Method_03814,2022,0
canon_Method_03814,2024,0
canon_Method_03815,2022,0
canon_Method_03815,2024,0
canon_Method_03816,2022,0
canon_Method_03816,2024,0
canon_Material_01325,2022,0
canon_Material_01325,2024,0
canon_Material_01326,2022,0
canon_Material_01326,2024,0
canon_Material_01327,2022,0
canon_Material_01327,2024,0
canon_Method_03817,2022,0
canon_Method_03817,2024,0
canon_Task_00502,2022,0
canon_Task_00502,2024,0
canon_Method_03818,2022,0
canon_Method_03818,2024,0
canon_Method_03819,2022,0
canon_Method_03819,2024,0
canon_Other_00394,2022,0
canon_Other_00394,2024,0
canon_Method_03820,2022,1
canon_Method_03820,2024,1
canon_Method_03821,2022,0
canon_Method_03821,2024,0
canon_Other_02462,2022,0
canon_Other_02462,2024,0
canon_Material_01328,2022,0
canon_Material_01328,2024,0
canon_Method_03822,2022,1
canon_Method_03822,2024,1
canon_Method_03823,2022,0
canon_Method_03823,2024,0
canon_Method_03824,2022,0
canon_Method_03824,2024,0
canon_Method_03825,2022,0
canon_Method_03825,2024,0
canon_Other_02463,2022,0
canon_Other_02463,2024,0
canon_Task_01684,2022,0
canon_Task_01684,2024,0
canon_Other_02464,2022,0
canon_Other_02464,2024,0
canon_Task_01685,2022,0
canon_Task_01685,2024,0
canon_Method_03826,2022,0
canon_Method_03826,2024,0
canon_Material_01329,2022,0
canon_Material_01329,2024,0
canon_Method_00965,2022,0
canon_Method_00965,2024,0
canon_Method_03827,2022,0
canon_Method_03827,2024,0
canon_Method_03828,2022,0
canon_Method_03828,2024,0
canon_Method_03829,2022,0
canon_Method_03829,2024,0
canon_Task_01686,2022,0
canon_Task_01686,2024,0
canon_Other_02465,2022,0
canon_Other_02465,2024,0
canon_Method_03830,2022,0
canon_Method_03830,2024,0
canon_Method_03831,2022,0
canon_Method_03831,2024,0
canon_Other_02466,2022,0
canon_Other_02466,2024,0
canon_Method_03832,2022,0
canon_Method_03832,2024,0
canon_Method_03833,2022,0
canon_Method_03833,2024,0
canon_Other_02467,2022,0
canon_Other_02467,2024,0
canon_Method_03834,2022,0
canon_Method_03834,2024,0
canon_Method_00966,2022,0
canon_Method_00966,2024,0
canon_Other_02468,2022,0
canon_Other_02468,2024,0
canon_Other_02469,2022,0
canon_Other_02469,2024,0
canon_Other_02470,2022,0
canon_Other_02470,2024,0
canon_Method_03835,2022,0
canon_Method_03835,2024,0
canon_Method_00059,2022,0
canon_Method_00059,2024,0
canon_Method_03836,2022,0
canon_Method_03836,2024,0
canon_Method_03837,2022,0
canon_Method_03837,2024,0
canon_Method_03838,2022,0
canon_Method_03838,2024,0
canon_Other_02471,2022,0
canon_Other_02471,2024,0
canon_Method_00967,2022,0
canon_Method_00967,2024,0
canon_Task_00132,2022,0
canon_Task_00132,2024,0
canon_Method_00968,2022,0
canon_Method_00968,2024,0
canon_Material_01330,2022,0
canon_Material_01330,2024,0
canon_Material_01331,2022,0
canon_Material_01331,2024,0
canon_Task_01689,2022,0
canon_Task_01689,2024,0
canon_Other_00224,2022,0
canon_Other_00224,2024,0
canon_Other_02472,2022,0
canon_Other_02472,2024,0
canon_Method_03839,2022,0
canon_Method_03839,2024,0
canon_Method_03840,2022,0
canon_Method_03840,2024,0
canon_Other_00672,2022,0
canon_Other_00672,2024,0
canon_Other_02473,2022,0
canon_Other_02473,2024,0
canon_Method_03841,2022,0
canon_Method_03841,2024,0
canon_Method_03842,2022,0
canon_Method_03842,2024,0
canon_Method_03843,2022,0
canon_Method_03843,2024,0
canon_Method_03844,2022,0
canon_Method_03844,2024,0
canon_Other_02474,2022,0
canon_Other_02474,2024,0
canon_Method_03845,2022,0
canon_Method_03845,2024,0
canon_Method_03846,2022,0
canon_Method_03846,2024,0
canon_Other_03202,2022,0
canon_Other_03202,2024,0
canon_Other_02475,2022,0
canon_Other_02475,2024,0
canon_Method_03847,2022,0
canon_Method_03847,2024,0
canon_Method_03848,2022,0
canon_Method_03848,2024,0
canon_Method_03849,2022,0
canon_Method_03849,2024,0
canon_Other_02476,2022,0
canon_Other_02476,2024,0
canon_Method_03850,2022,0
canon_Method_03850,2024,0
canon_Method_03851,2022,0
canon_Method_03851,2024,0
canon_Method_03852,2022,0
canon_Method_03852,2024,0
canon_Method_03853,2022,0
canon_Method_03853,2024,0
canon_Method_03854,2022,0
canon_Method_03854,2024,0
canon_Method_03855,2022,0
canon_Method_03855,2024,0
canon_Method_03856,2022,0
canon_Method_03856,2024,0
canon_Method_03857,2022,0
canon_Method_03857,2024,0
canon_Material_01332,2022,0
canon_Material_01332,2024,0
canon_Other_00225,2022,0
canon_Other_00225,2024,0
canon_Material_01333,2022,0
canon_Material_01333,2024,0
canon_Other_02477,2022,0
canon_Other_02477,2024,0
canon_Other_02478,2022,0
canon_Other_02478,2024,0
canon_Other_02479,2022,0
canon_Other_02479,2024,0
canon_Other_02480,2022,0
canon_Other_02480,2024,0
canon_Other_02481,2022,0
canon_Other_02481,2024,0
canon_Other_02482,2022,0
canon_Other_02482,2024,0
canon_Other_02483,2022,0
canon_Other_02483,2024,0
canon_Other_02484,2022,0
canon_Other_02484,2024,0
canon_Method_03858,2022,0
canon_Method_03858,2024,0
canon_Other_02485,2022,0
canon_Other_02485,2024,0
canon_Other_02486,2022,0
canon_Other_02486,2024,0
canon_Method_03859,2022,0
canon_Method_03859,2024,0
canon_Other_00732,2022,0
canon_Other_00732,2024,0
canon_Method_00969,2022,0
canon_Method_00969,2024,0
canon_Other_02488,2022,0
canon_Other_02488,2024,0
canon_Other_02489,2022,0
canon_Other_02489,2024,0
canon_Method_03860,2022,0
canon_Method_03860,2024,0
canon_Other_02490,2022,0
canon_Other_02490,2024,0
canon_Metric_00407,2022,0
canon_Metric_00407,2024,0
canon_Metric_00408,2022,0
canon_Metric_00408,2024,0
canon_Method_03861,2022,0
canon_Method_03861,2024,0
canon_Method_03862,2022,0
canon_Method_03862,2024,0
canon_Method_03863,2022,0
canon_Method_03863,2024,0
canon_Other_02491,2022,0
canon_Other_02491,2024,0
canon_Method_03864,2022,0
canon_Method_03864,2024,0
canon_Other_02492,2022,0
canon_Other_02492,2024,0
canon_Method_03865,2022,0
canon_Method_03865,2024,0
canon_Task_01691,2022,0
canon_Task_01691,2024,0
canon_Material_01334,2022,0
canon_Material_01334,2024,0
canon_Metric_00037,2022,0
canon_Metric_00037,2024,0
canon_Method_03867,2022,0
canon_Method_03867,2024,0
canon_Other_02493,2022,0
canon_Other_02493,2024,0
canon_Task_01692,2022,0
canon_Task_01692,2024,0
canon_Task_01693,2022,0
canon_Task_01693,2024,0
canon_Method_03868,2022,0
canon_Method_03868,2024,0
canon_Method_03869,2022,0
canon_Method_03869,2024,0
canon_Material_01335,2022,0
canon_Material_01335,2024,0
canon_Task_01694,2022,0
canon_Task_01694,2024,0
canon_Method_03870,2022,0
canon_Method_03870,2024,0
canon_Task_00503,2022,0
canon_Task_00503,2024,0
canon_Task_01695,2022,0
canon_Task_01695,2024,0
canon_Task_00248,2022,0
canon_Task_00248,2024,0
canon_Other_02494,2022,0
canon_Other_02494,2024,0
canon_Method_03871,2022,0
canon_Method_03871,2024,0
canon_Method_03872,2022,0
canon_Method_03872,2024,0
canon_Material_01336,2022,0
canon_Material_01336,2024,0
canon_Method_03873,2022,0
canon_Method_03873,2024,0
canon_Other_02495,2022,0
canon_Other_02495,2024,0
canon_Method_03875,2022,0
canon_Method_03875,2024,0
canon_Method_00970,2022,0
canon_Method_00970,2024,0
canon_Other_00364,2022,0
canon_Other_00364,2024,0
canon_Material_01337,2022,0
canon_Material_01337,2024,0
canon_Other_02496,2022,0
canon_Other_02496,2024,0
canon_Other_02497,2022,0
canon_Other_02497,2024,0
canon_Task_01696,2022,0
canon_Task_01696,2024,0
canon_Task_01697,2022,0
canon_Task_01697,2024,0
canon_Material_01339,2022,0
canon_Material_01339,2024,0
canon_Method_00237,2022,1
canon_Method_00237,2024,2
canon_Method_00238,2022,0
canon_Method_00238,2024,0
canon_Task_01698,2022,0
canon_Task_01698,2024,0
canon_Method_03876,2022,0
canon_Method_03876,2024,0
canon_Method_03877,2022,0
canon_Method_03877,2024,0
canon_Task_01699,2022,0
canon_Task_01699,2024,0
canon_Method_00971,2022,0
canon_Method_00971,2024,0
canon_Other_02498,2022,0
canon_Other_02498,2024,0
canon_Material_00287,2022,0
canon_Material_00287,2024,0
canon_Method_03879,2022,0
canon_Method_03879,2024,0
canon_Material_01340,2022,0
canon_Material_01340,2024,0
canon_Method_03880,2022,0
canon_Method_03880,2024,0
canon_Material_01341,2022,0
canon_Material_01341,2024,0
canon_Method_00972,2022,0
canon_Method_00972,2024,0
canon_Other_00365,2022,0
canon_Other_00365,2024,0
canon_Task_00249,2022,0
canon_Task_00249,2024,0
canon_Method_03881,2022,0
canon_Method_03881,2024,0
canon_Method_03882,2022,0
canon_Method_03882,2024,0
canon_Method_03883,2022,0
canon_Method_03883,2024,0
canon_Method_03884,2022,0
canon_Method_03884,2024,0
canon_Other_02499,2022,0
canon_Other_02499,2024,0
canon_Method_03885,2022,0
canon_Method_03885,2024,0
canon_Material_01342,2022,0
canon_Material_01342,2024,0
canon_Material_01343,2022,0
canon_Material_01343,2024,0
canon_Other_02500,2022,0
canon_Other_02500,2024,0
canon_Other_02501,2022,0
canon_Other_02501,2024,0
canon_Method_03886,2022,0
canon_Method_03886,2024,0
canon_Other_02502,2022,0
canon_Other_02502,2024,0
canon_Other_02503,2022,0
canon_Other_02503,2024,0
canon_Task_01700,2022,0
canon_Task_01700,2024,0
canon_Method_03887,2022,0
canon_Method_03887,2024,0
canon_Other_02504,2022,0
canon_Other_02504,2024,0
canon_Method_03888,2022,0
canon_Method_03888,2024,0
canon_Method_03889,2022,0
canon_Method_03889,2024,0
canon_Method_03890,2022,0
canon_Method_03890,2024,0
canon_Other_02505,2022,0
canon_Other_02505,2024,0
canon_Material_01345,2022,0
canon_Material_01345,2024,0
canon_Metric_00409,2022,0
canon_Metric_00409,2024,0
canon_Method_03892,2022,0
canon_Method_03892,2024,0
canon_Other_02506,2022,0
canon_Other_02506,2024,0
canon_Task_01701,2022,0
canon_Task_01701,2024,0
canon_Method_03893,2022,0
canon_Method_03893,2024,0
canon_Other_02507,2022,0
canon_Other_02507,2024,0
canon_Material_01346,2022,0
canon_Material_01346,2024,0
canon_Method_03894,2022,0
canon_Method_03894,2024,0
canon_Other_02508,2022,0
canon_Other_02508,2024,0
canon_Method_03895,2022,0
canon_Method_03895,2024,0
canon_Method_03896,2022,0
canon_Method_03896,2024,0
canon_Method_03897,2022,0
canon_Method_03897,2024,0
canon_Method_03898,2022,0
canon_Method_03898,2024,0
canon_Task_00271,2022,2
canon_Task_00271,2024,3
canon_Method_03899,2022,0
canon_Method_03899,2024,0
canon_Method_03900,2022,0
canon_Method_03900,2024,0
canon_Material_01347,2022,0
canon_Material_01347,2024,0
canon_Other_00673,2022,0
canon_Other_00673,2024,0
canon_Task_01702,2022,0
canon_Task_01702,2024,0
canon_Method_03901,2022,0
canon_Method_03901,2024,0
canon_Method_03902,2022,0
canon_Method_03902,2024,0
canon_Metric_00410,2022,0
canon_Metric_00410,2024,0
canon_Other_02509,2022,0
canon_Other_02509,2024,0
canon_Other_00674,2022,0
canon_Other_00674,2024,0
canon_Other_02510,2022,0
canon_Other_02510,2024,0
canon_Other_02511,2022,0
canon_Other_02511,2024,0
canon_Other_02512,2022,0
canon_Other_02512,2024,0
canon_Method_03903,2022,0
canon_Method_03903,2024,0
canon_Method_03904,2022,0
canon_Method_03904,2024,0
canon_Task_01703,2022,0
canon_Task_01703,2024,0
canon_Method_03905,2022,0
canon_Method_03905,2024,0
canon_Material_01348,2022,0
canon_Material_01348,2024,0
canon_Material_01349,2022,0
canon_Material_01349,2024,0
canon_Material_01350,2022,0
canon_Material_01350,2024,0
canon_Material_01351,2022,0
canon_Material_01351,2024,0
canon_Other_02513,2022,0
canon_Other_02513,2024,0
canon_Method_03906,2022,0
canon_Method_03906,2024,0
canon_Task_01704,2022,0
canon_Task_01704,2024,0
canon_Material_00039,2022,0
canon_Material_00039,2024,0
canon_Material_01352,2022,0
canon_Material_01352,2024,0
canon_Task_01705,2022,0
canon_Task_01705,2024,0
canon_Method_03907,2022,0
canon_Method_03907,2024,0
canon_Material_01353,2022,0
canon_Material_01353,2024,0
canon_Other_02514,2022,0
canon_Other_02514,2024,0
canon_Material_01354,2022,0
canon_Material_01354,2024,0
canon_Method_03908,2022,0
canon_Method_03908,2024,0
canon_Method_03909,2022,0
canon_Method_03909,2024,0
canon_Method_03910,2022,0
canon_Method_03910,2024,0
canon_Method_03911,2022,0
canon_Method_03911,2024,0
canon_Method_03912,2022,0
canon_Method_03912,2024,0
canon_Metric_00109,2022,0
canon_Metric_00109,2024,0
canon_Other_00675,2022,0
canon_Other_00675,2024,0
canon_Method_03913,2022,0
canon_Method_03913,2024,0
canon_Metric_00413,2022,0
canon_Metric_00413,2024,0
canon_Other_02515,2022,0
canon_Other_02515,2024,0
canon_Other_02516,2022,0
canon_Other_02516,2024,0
canon_Other_02517,2022,0
canon_Other_02517,2024,0
canon_Other_00747,2022,1
canon_Other_00747,2024,1
canon_Method_03916,2022,0
canon_Method_03916,2024,0
canon_Other_00676,2022,0
canon_Other_00676,2024,0
canon_Task_01707,2022,0
canon_Task_01707,2024,0
canon_Material_01355,2022,0
canon_Material_01355,2024,0
canon_Method_03917,2022,0
canon_Method_03917,2024,0
canon_Method_03918,2022,0
canon_Method_03918,2024,0
canon_Method_03919,2022,0
canon_Method_03919,2024,0
canon_Method_03920,2022,0
canon_Method_03920,2024,0
canon_Material_01356,2022,0
canon_Material_01356,2024,0
canon_Method_03921,2022,0
canon_Method_03921,2024,0
canon_Method_03922,2022,0
canon_Method_03922,2024,0
canon_Method_03923,2022,0
canon_Method_03923,2024,0
canon_Method_00464,2022,0
canon_Method_00464,2024,0
canon_Method_03924,2022,0
canon_Method_03924,2024,0
canon_Task_01708,2022,0
canon_Task_01708,2024,0
canon_Task_01709,2022,0
canon_Task_01709,2024,0
canon_Method_03925,2022,0
canon_Method_03925,2024,0
canon_Other_02518,2022,0
canon_Other_02518,2024,0
canon_Method_03926,2022,0
canon_Method_03926,2024,0
canon_Method_03927,2022,0
canon_Method_03927,2024,0
canon_Method_03928,2022,0
canon_Method_03928,2024,0
canon_Other_02519,2022,0
canon_Other_02519,2024,0
canon_Task_01710,2022,0
canon_Task_01710,2024,0
canon_Method_03929,2022,0
canon_Method_03929,2024,0
canon_Task_01711,2022,0
canon_Task_01711,2024,0
canon_Other_03404,2022,1
canon_Other_03404,2024,1
canon_Material_01357,2022,0
canon_Material_01357,2024,0
canon_Other_00677,2022,0
canon_Other_00677,2024,0
canon_Other_00678,2022,0
canon_Other_00678,2024,0
canon_Method_03930,2022,0
canon_Method_03930,2024,0
canon_Method_03931,2022,0
canon_Method_03931,2024,0
canon_Method_00976,2022,0
canon_Method_00976,2024,0
canon_Method_03932,2022,0
canon_Method_03932,2024,0
canon_Method_03933,2022,0
canon_Method_03933,2024,0
canon_Method_03934,2022,0
canon_Method_03934,2024,0
canon_Task_01713,2022,0
canon_Task_01713,2024,0
canon_Method_03936,2022,0
canon_Method_03936,2024,0
canon_Method_00977,2022,0
canon_Method_00977,2024,0
canon_Metric_00110,2022,1
canon_Metric_00110,2024,1
canon_Task_01714,2022,0
canon_Task_01714,2024,0
canon_Task_00504,2022,0
canon_Task_00504,2024,0
canon_Task_00133,2022,0
canon_Task_00133,2024,0
canon_Method_03938,2022,0
canon_Method_03938,2024,0
canon_Method_03939,2022,0
canon_Method_03939,2024,0
canon_Method_03940,2022,0
canon_Method_03940,2024,0
canon_Material_01358,2022,0
canon_Material_01358,2024,0
canon_Material_01359,2022,0
canon_Material_01359,2024,0
canon_Other_00751,2022,0
canon_Other_00751,2024,0
canon_Material_01360,2022,0
canon_Material_01360,2024,0
canon_Method_03941,2022,0
canon_Method_03941,2024,0
canon_Method_03942,2022,0
canon_Method_03942,2024,0
canon_Task_01715,2022,0
canon_Task_01715,2024,0
canon_Task_01716,2022,0
canon_Task_01716,2024,0
canon_Task_01717,2022,0
canon_Task_01717,2024,0
canon_Other_02520,2022,0
canon_Other_02520,2024,0
canon_Other_02521,2022,0
canon_Other_02521,2024,0
canon_Method_03943,2022,0
canon_Method_03943,2024,0
canon_Task_00250,2022,0
canon_Task_00250,2024,0
canon_Method_00978,2022,0
canon_Method_00978,2024,0
canon_Method_03944,2022,0
canon_Method_03944,2024,0
canon_Task_01718,2022,0
canon_Task_01718,2024,0
canon_Method_03945,2022,0
canon_Method_03945,2024,0
canon_Material_01361,2022,0
canon_Material_01361,2024,0
canon_Method_03946,2022,0
canon_Method_03946,2024,0
canon_Method_03947,2022,0
canon_Method_03947,2024,0
canon_Method_03948,2022,0
canon_Method_03948,2024,0
canon_Method_03949,2022,0
canon_Method_03949,2024,0
canon_Material_00147,2022,1
canon_Material_00147,2024,1
canon_Method_03950,2022,0
canon_Method_03950,2024,0
canon_Method_03951,2022,0
canon_Method_03951,2024,0
canon_Other_02522,2022,0
canon_Other_02522,2024,0
canon_Other_02523,2022,0
canon_Other_02523,2024,0
canon_Other_00679,2022,0
canon_Other_00679,2024,0
canon_Task_01719,2022,0
canon_Task_01719,2024,0
canon_Other_02524,2022,0
canon_Other_02524,2024,0
canon_Other_02525,2022,0
canon_Other_02525,2024,0
canon_Task_01720,2022,0
canon_Task_01720,2024,0
canon_Method_03952,2022,0
canon_Method_03952,2024,0
canon_Other_02526,2022,0
canon_Other_02526,2024,0
canon_Method_03953,2022,0
canon_Method_03953,2024,0
canon_Task_01721,2022,0
canon_Task_01721,2024,0
canon_Method_00367,2022,0
canon_Method_00367,2024,0
canon_Method_03954,2022,0
canon_Method_03954,2024,0
canon_Method_03955,2022,0
canon_Method_03955,2024,0
canon_Method_00466,2022,0
canon_Method_00466,2024,0
canon_Method_03956,2022,0
canon_Method_03956,2024,0
canon_Task_00505,2022,0
canon_Task_00505,2024,0
canon_Task_01722,2022,0
canon_Task_01722,2024,0
canon_Method_03957,2022,0
canon_Method_03957,2024,0
canon_Method_03958,2022,0
canon_Method_03958,2024,0
canon_Method_03959,2022,0
canon_Method_03959,2024,0
canon_Material_01362,2022,0
canon_Material_01362,2024,0
canon_Material_01363,2022,0
canon_Material_01363,2024,0
canon_Other_02527,2022,0
canon_Other_02527,2024,0
canon_Other_02528,2022,0
canon_Other_02528,2024,0
canon_Other_02529,2022,0
canon_Other_02529,2024,0
canon_Method_03960,2022,0
canon_Method_03960,2024,0
canon_Other_02530,2022,0
canon_Other_02530,2024,0
canon_Method_00979,2022,0
canon_Method_00979,2024,0
canon_Method_00980,2022,0
canon_Method_00980,2024,0
canon_Method_03961,2022,0
canon_Method_03961,2024,0
canon_Task_01723,2022,0
canon_Task_01723,2024,0
canon_Method_03962,2022,0
canon_Method_03962,2024,0
canon_Method_03963,2022,0
canon_Method_03963,2024,0
canon_Method_03964,2022,0
canon_Method_03964,2024,0
canon_Other_02531,2022,0
canon_Other_02531,2024,0
canon_Method_03965,2022,0
canon_Method_03965,2024,0
canon_Other_02532,2022,0
canon_Other_02532,2024,0
canon_Other_02533,2022,0
canon_Other_02533,2024,0
canon_Method_03966,2022,0
canon_Method_03966,2024,0
canon_Metric_00415,2022,0
canon_Metric_00415,2024,0
canon_Method_03967,2022,0
canon_Method_03967,2024,0
canon_Task_01724,2022,0
canon_Task_01724,2024,0
canon_Method_03968,2022,0
canon_Method_03968,2024,0
canon_Method_03969,2022,0
canon_Method_03969,2024,0
canon_Method_03970,2022,0
canon_Method_03970,2024,0
canon_Other_02534,2022,0
canon_Other_02534,2024,0
canon_Method_03971,2022,0
canon_Method_03971,2024,0
canon_Method_03972,2022,0
canon_Method_03972,2024,0
canon_Material_01364,2022,0
canon_Material_01364,2024,0
canon_Other_02535,2022,0
canon_Other_02535,2024,0
canon_Other_02536,2022,0
canon_Other_02536,2024,0
canon_Other_02537,2022,0
canon_Other_02537,2024,0
canon_Method_00468,2022,0
canon_Method_00468,2024,0
canon_Method_03973,2022,0
canon_Method_03973,2024,0
canon_Material_01365,2022,0
canon_Material_01365,2024,0
canon_Material_01366,2022,0
canon_Material_01366,2024,0
canon_Other_02538,2022,0
canon_Other_02538,2024,0
canon_Method_03974,2022,0
canon_Method_03974,2024,0
canon_Method_03975,2022,0
canon_Method_03975,2024,0
canon_Task_01725,2022,0
canon_Task_01725,2024,0
canon_Other_02539,2022,0
canon_Other_02539,2024,0
canon_Other_02540,2022,0
canon_Other_02540,2024,0
canon_Method_00981,2022,0
canon_Method_00981,2024,0
canon_Method_00982,2022,0
canon_Method_00982,2024,0
canon_Method_03976,2022,0
canon_Method_03976,2024,0
canon_Other_02541,2022,0
canon_Other_02541,2024,0
canon_Method_03977,2022,0
canon_Method_03977,2024,0
canon_Method_03979,2022,0
canon_Method_03979,2024,0
canon_Metric_00416,2022,0
canon_Metric_00416,2024,0
canon_Method_03980,2022,0
canon_Method_03980,2024,0
canon_Metric_00417,2022,0
canon_Metric_00417,2024,0
canon_Material_01367,2022,0
canon_Material_01367,2024,0
canon_Method_03981,2022,0
canon_Method_03981,2024,0
canon_Task_01727,2022,0
canon_Task_01727,2024,0
canon_Other_02542,2022,0
canon_Other_02542,2024,0
canon_Other_02543,2022,0
canon_Other_02543,2024,0
canon_Method_00983,2022,0
canon_Method_00983,2024,0
canon_Material_01368,2022,0
canon_Material_01368,2024,0
canon_Material_01369,2022,0
canon_Material_01369,2024,0
canon_Other_02544,2022,0
canon_Other_02544,2024,0
canon_Other_02545,2022,0
canon_Other_02545,2024,0
canon_Method_03982,2022,0
canon_Method_03982,2024,0
canon_Task_01728,2022,0
canon_Task_01728,2024,0
canon_Method_00984,2022,0
canon_Method_00984,2024,0
canon_Task_00506,2022,0
canon_Task_00506,2024,0
canon_Other_00366,2022,0
canon_Other_00366,2024,0
canon_Other_02546,2022,0
canon_Other_02546,2024,0
canon_Method_03983,2022,0
canon_Method_03983,2024,0
canon_Method_03984,2022,0
canon_Method_03984,2024,0
canon_Other_01408,2022,0
canon_Other_01408,2024,0
canon_Other_02547,2022,0
canon_Other_02547,2024,0
canon_Method_03986,2022,0
canon_Method_03986,2024,0
canon_Other_02548,2022,0
canon_Other_02548,2024,0
canon_Task_01730,2022,0
canon_Task_01730,2024,0
canon_Other_02549,2022,0
canon_Other_02549,2024,0
canon_Other_02550,2022,0
canon_Other_02550,2024,0
canon_Other_02551,2022,0
canon_Other_02551,2024,0
canon_Other_00682,2022,0
canon_Other_00682,2024,0
canon_Method_03988,2022,0
canon_Method_03988,2024,0
canon_Method_00985,2022,0
canon_Method_00985,2024,0
canon_Material_00289,2022,0
canon_Material_00289,2024,0
canon_Task_01731,2022,0
canon_Task_01731,2024,0
canon_Other_02552,2022,0
canon_Other_02552,2024,0
canon_Material_01372,2022,0
canon_Material_01372,2024,0
canon_Metric_00419,2022,0
canon_Metric_00419,2024,0
canon_Method_03989,2022,0
canon_Method_03989,2024,0
canon_Other_02553,2022,0
canon_Other_02553,2024,0
canon_Other_00683,2022,0
canon_Other_00683,2024,0
canon_Method_03990,2022,0
canon_Method_03990,2024,0
canon_Method_03991,2022,0
canon_Method_03991,2024,0
canon_Other_02554,2022,0
canon_Other_02554,2024,0
canon_Other_00226,2022,0
canon_Other_00226,2024,0
canon_Method_00987,2022,0
canon_Method_00987,2024,0
canon_Other_02556,2022,0
canon_Other_02556,2024,0
canon_Other_02557,2022,0
canon_Other_02557,2024,0
canon_Method_03992,2022,0
canon_Method_03992,2024,0
canon_Method_03993,2022,0
canon_Method_03993,2024,0
canon_Other_02558,2022,0
canon_Other_02558,2024,0
canon_Other_02559,2022,0
canon_Other_02559,2024,0
canon_Method_03994,2022,0
canon_Method_03994,2024,0
canon_Method_00988,2022,0
canon_Method_00988,2024,0
canon_Task_01732,2022,0
canon_Task_01732,2024,0
canon_Task_01733,2022,0
canon_Task_01733,2024,0
canon_Method_03995,2022,0
canon_Method_03995,2024,0
canon_Method_03996,2022,0
canon_Method_03996,2024,0
canon_Other_02560,2022,0
canon_Other_02560,2024,0
canon_Material_01373,2022,0
canon_Material_01373,2024,0
canon_Material_01374,2022,0
canon_Material_01374,2024,0
canon_Task_00507,2022,0
canon_Task_00507,2024,0
canon_Material_01375,2022,0
canon_Material_01375,2024,0
canon_Task_01735,2022,0
canon_Task_01735,2024,0
canon_Material_01376,2022,0
canon_Material_01376,2024,0
canon_Task_01736,2022,0
canon_Task_01736,2024,0
canon_Other_02561,2022,0
canon_Other_02561,2024,0
canon_Metric_00420,2022,0
canon_Metric_00420,2024,0
canon_Task_01737,2022,0
canon_Task_01737,2024,0
canon_Task_01738,2022,0
canon_Task_01738,2024,0
canon_Other_02562,2022,0
canon_Other_02562,2024,0
canon_Method_00989,2022,0
canon_Method_00989,2024,0
canon_Metric_00111,2022,0
canon_Metric_00111,2024,0
canon_Method_00139,2022,0
canon_Method_00139,2024,0
canon_Method_00469,2022,0
canon_Method_00469,2024,0
canon_Task_01739,2022,0
canon_Task_01739,2024,0
canon_Material_01377,2022,0
canon_Material_01377,2024,0
canon_Material_01378,2022,0
canon_Material_01378,2024,0
canon_Method_03997,2022,0
canon_Method_03997,2024,0
canon_Task_01740,2022,0
canon_Task_01740,2024,0
canon_Task_01741,2022,0
canon_Task_01741,2024,0
canon_Method_03998,2022,0
canon_Method_03998,2024,0
canon_Task_01742,2022,0
canon_Task_01742,2024,0
canon_Method_03999,2022,0
canon_Method_03999,2024,0
canon_Method_04000,2022,0
canon_Method_04000,2024,0
canon_Method_04001,2022,0
canon_Method_04001,2024,0
canon_Method_04002,2022,0
canon_Method_04002,2024,0
canon_Method_00239,2022,0
canon_Method_00239,2024,0
canon_Task_00508,2022,0
canon_Task_00508,2024,0
canon_Task_00089,2022,0
canon_Task_00089,2024,0
canon_Task_01743,2022,0
canon_Task_01743,2024,0
canon_Task_01744,2022,0
canon_Task_01744,2024,0
canon_Task_01745,2022,0
canon_Task_01745,2024,0
canon_Other_02563,2022,0
canon_Other_02563,2024,0
canon_Other_02564,2022,0
canon_Other_02564,2024,0
canon_Task_01746,2022,0
canon_Task_01746,2024,0
canon_Task_01747,2022,0
canon_Task_01747,2024,0
canon_Task_01748,2022,0
canon_Task_01748,2024,0
canon_Method_00990,2022,0
canon_Method_00990,2024,0
canon_Method_04003,2022,0
canon_Method_04003,2024,0
canon_Other_02565,2022,0
canon_Other_02565,2024,0
canon_Other_02566,2022,0
canon_Other_02566,2024,0
canon_Other_02567,2022,0
canon_Other_02567,2024,0
canon_Other_02568,2022,0
canon_Other_02568,2024,0
canon_Other_00684,2022,0
canon_Other_00684,2024,0
canon_Other_02569,2022,0
canon_Other_02569,2024,0
canon_Other_02570,2022,0
canon_Other_02570,2024,0
canon_Other_00367,2022,0
canon_Other_00367,2024,0
canon_Other_00685,2022,0
canon_Other_00685,2024,0
canon_Other_02571,2022,0
canon_Other_02571,2024,0
canon_Other_02572,2022,0
canon_Other_02572,2024,0
canon_Task_01749,2022,0
canon_Task_01749,2024,0
canon_Material_01379,2022,0
canon_Material_01379,2024,0
canon_Material_01380,2022,0
canon_Material_01380,2024,0
canon_Other_02573,2022,0
canon_Other_02573,2024,0
canon_Other_02574,2022,0
canon_Other_02574,2024,0
canon_Metric_00553,2022,0
canon_Metric_00553,2024,0
canon_Other_02576,2022,0
canon_Other_02576,2024,0
canon_Other_02577,2022,0
canon_Other_02577,2024,0
canon_Method_00140,2022,0
canon_Method_00140,2024,0
canon_Method_04004,2022,0
canon_Method_04004,2024,0
canon_Task_01750,2022,0
canon_Task_01750,2024,0
canon_Material_00290,2022,0
canon_Material_00290,2024,0
canon_Material_01381,2022,0
canon_Material_01381,2024,0
canon_Material_01382,2022,0
canon_Material_01382,2024,0
canon_Task_01751,2022,0
canon_Task_01751,2024,0
canon_Task_01752,2022,0
canon_Task_01752,2024,0
canon_Method_00991,2022,0
canon_Method_00991,2024,0
canon_Task_01753,2022,0
canon_Task_01753,2024,0
canon_Other_02578,2022,0
canon_Other_02578,2024,0
canon_Method_04005,2022,0
canon_Method_04005,2024,0
canon_Method_00992,2022,0
canon_Method_00992,2024,0
canon_Method_04006,2022,0
canon_Method_04006,2024,0
canon_Method_00141,2022,0
canon_Method_00141,2024,0
canon_Method_04007,2022,0
canon_Method_04007,2024,0
canon_Task_01754,2022,0
canon_Task_01754,2024,0
canon_Other_02579,2022,0
canon_Other_02579,2024,0
canon_Method_04009,2022,0
canon_Method_04009,2024,0
canon_Method_04010,2022,0
canon_Method_04010,2024,0
canon_Method_04011,2022,0
canon_Method_04011,2024,0
canon_Method_04012,2022,0
canon_Method_04012,2024,0
canon_Task_01755,2022,0
canon_Task_01755,2024,0
canon_Other_02580,2022,0
canon_Other_02580,2024,0
canon_Other_02581,2022,0
canon_Other_02581,2024,0
canon_Method_04013,2022,0
canon_Method_04013,2024,0
canon_Method_04014,2022,0
canon_Method_04014,2024,0
canon_Material_01383,2022,0
canon_Material_01383,2024,0
canon_Material_01384,2022,0
canon_Material_01384,2024,0
canon_Material_01385,2022,0
canon_Material_01385,2024,0
canon_Material_01386,2022,0
canon_Material_01386,2024,0
canon_Material_01387,2022,0
canon_Material_01387,2024,0
canon_Material_01388,2022,0
canon_Material_01388,2024,0
canon_Method_04015,2022,0
canon_Method_04015,2024,0
canon_Method_04016,2022,0
canon_Method_04016,2024,0
canon_Other_02582,2022,0
canon_Other_02582,2024,0
canon_Method_04017,2022,0
canon_Method_04017,2024,0
canon_Method_04018,2022,0
canon_Method_04018,2024,0
canon_Method_04019,2022,0
canon_Method_04019,2024,0
canon_Other_02583,2022,0
canon_Other_02583,2024,0
canon_Method_04020,2022,0
canon_Method_04020,2024,0
canon_Task_00252,2022,0
canon_Task_00252,2024,0
canon_Task_00274,2022,1
canon_Task_00274,2024,2
canon_Task_01756,2022,0
canon_Task_01756,2024,0
canon_Method_04022,2022,0
canon_Method_04022,2024,0
canon_Method_00471,2022,0
canon_Method_00471,2024,0
canon_Other_02584,2022,0
canon_Other_02584,2024,0
canon_Other_02585,2022,0
canon_Other_02585,2024,0
canon_Method_04023,2022,0
canon_Method_04023,2024,0
canon_Material_01389,2022,0
canon_Material_01389,2024,0
canon_Task_00509,2022,0
canon_Task_00509,2024,0
canon_Other_00686,2022,0
canon_Other_00686,2024,0
canon_Metric_00421,2022,0
canon_Metric_00421,2024,0
canon_Method_00472,2022,1
canon_Method_00472,2024,1
canon_Method_04024,2022,0
canon_Method_04024,2024,0
canon_Method_04025,2022,0
canon_Method_04025,2024,0
canon_Method_04026,2022,0
canon_Method_04026,2024,0
canon_Method_04027,2022,0
canon_Method_04027,2024,0
canon_Other_02586,2022,0
canon_Other_02586,2024,0
canon_Method_04028,2022,0
canon_Method_04028,2024,0
canon_Other_02587,2022,0
canon_Other_02587,2024,0
canon_Material_01391,2022,0
canon_Material_01391,2024,0
canon_Other_02588,2022,0
canon_Other_02588,2024,0
canon_Method_04029,2022,0
canon_Method_04029,2024,0
canon_Other_02589,2022,0
canon_Other_02589,2024,0
canon_Material_01392,2022,0
canon_Material_01392,2024,0
canon_Material_01393,2022,0
canon_Material_01393,2024,0
canon_Other_02590,2022,0
canon_Other_02590,2024,0
canon_Material_01394,2022,0
canon_Material_01394,2024,0
canon_Material_01395,2022,0
canon_Material_01395,2024,0
canon_Method_00240,2022,0
canon_Method_00240,2024,0
canon_Other_02592,2022,0
canon_Other_02592,2024,0
canon_Method_04030,2022,0
canon_Method_04030,2024,0
canon_Task_01758,2022,0
canon_Task_01758,2024,0
canon_Other_02593,2022,0
canon_Other_02593,2024,0
canon_Other_02594,2022,0
canon_Other_02594,2024,0
canon_Method_04031,2022,0
canon_Method_04031,2024,0
canon_Method_04032,2022,0
canon_Method_04032,2024,0
canon_Material_01396,2022,0
canon_Material_01396,2024,0
canon_Material_01397,2022,0
canon_Material_01397,2024,0
canon_Method_00473,2022,0
canon_Method_00473,2024,0
canon_Task_01759,2022,0
canon_Task_01759,2024,0
canon_Method_04033,2022,0
canon_Method_04033,2024,0
canon_Method_04034,2022,0
canon_Method_04034,2024,0
canon_Method_04036,2022,0
canon_Method_04036,2024,0
canon_Method_04037,2022,0
canon_Method_04037,2024,0
canon_Method_00993,2022,0
canon_Method_00993,2024,0
canon_Method_04038,2022,0
canon_Method_04038,2024,0
canon_Other_02595,2022,0
canon_Other_02595,2024,0
canon_Method_00994,2022,0
canon_Method_00994,2024,0
canon_Other_00227,2022,1
canon_Other_00227,2024,2
canon_Other_02596,2022,0
canon_Other_02596,2024,0
canon_Method_04039,2022,0
canon_Method_04039,2024,0
canon_Other_02597,2022,0
canon_Other_02597,2024,0
canon_Method_04040,2022,0
canon_Method_04040,2024,0
canon_Method_00474,2022,0
canon_Method_00474,2024,0
canon_Other_02598,2022,0
canon_Other_02598,2024,0
canon_Other_02599,2022,0
canon_Other_02599,2024,0
canon_Other_02600,2022,0
canon_Other_02600,2024,0
canon_Other_02601,2022,0
canon_Other_02601,2024,0
canon_Other_02602,2022,0
canon_Other_02602,2024,0
canon_Other_02603,2022,0
canon_Other_02603,2024,0
canon_Method_04041,2022,0
canon_Method_04041,2024,0
canon_Other_02604,2022,0
canon_Other_02604,2024,0
canon_Task_01760,2022,0
canon_Task_01760,2024,0
canon_Method_00995,2022,0
canon_Method_00995,2024,0
canon_Method_04042,2022,0
canon_Method_04042,2024,0
canon_Task_01761,2022,0
canon_Task_01761,2024,0
canon_Method_04043,2022,0
canon_Method_04043,2024,0
canon_Other_02605,2022,0
canon_Other_02605,2024,0
canon_Method_04044,2022,0
canon_Method_04044,2024,0
canon_Method_04045,2022,0
canon_Method_04045,2024,0
canon_Other_02606,2022,0
canon_Other_02606,2024,0
canon_Other_02607,2022,0
canon_Other_02607,2024,0
canon_Method_04046,2022,0
canon_Method_04046,2024,0
canon_Method_00996,2022,0
canon_Method_00996,2024,0
canon_Other_00368,2022,0
canon_Other_00368,2024,0
canon_Task_01762,2022,0
canon_Task_01762,2024,0
canon_Other_00687,2022,0
canon_Other_00687,2024,0
canon_Other_00369,2022,0
canon_Other_00369,2024,0
canon_Method_04047,2022,0
canon_Method_04047,2024,0
canon_Method_04048,2022,0
canon_Method_04048,2024,0
canon_Other_02608,2022,0
canon_Other_02608,2024,0
canon_Method_04049,2022,0
canon_Method_04049,2024,0
canon_Other_02609,2022,0
canon_Other_02609,2024,0
canon_Task_01763,2022,0
canon_Task_01763,2024,0
canon_Task_00135,2022,0
canon_Task_00135,2024,0
canon_Material_01398,2022,0
canon_Material_01398,2024,0
canon_Other_02611,2022,0
canon_Other_02611,2024,0
canon_Task_01764,2022,0
canon_Task_01764,2024,0
canon_Other_02610,2022,0
canon_Other_02610,2024,0
canon_Other_02612,2022,0
canon_Other_02612,2024,0
canon_Other_02613,2022,0
canon_Other_02613,2024,0
canon_Task_01765,2022,0
canon_Task_01765,2024,0
canon_Task_01766,2022,0
canon_Task_01766,2024,0
canon_Task_01767,2022,0
canon_Task_01767,2024,0
canon_Method_04053,2022,0
canon_Method_04053,2024,0
canon_Method_04054,2022,0
canon_Method_04054,2024,0
canon_Task_01768,2022,0
canon_Task_01768,2024,0
canon_Material_01399,2022,0
canon_Material_01399,2024,0
canon_Material_01400,2022,0
canon_Material_01400,2024,0
canon_Task_01769,2022,0
canon_Task_01769,2024,0
canon_Method_04055,2022,0
canon_Method_04055,2024,0
canon_Task_01770,2022,0
canon_Task_01770,2024,0
canon_Method_04056,2022,0
canon_Method_04056,2024,0
canon_Method_04057,2022,0
canon_Method_04057,2024,0
canon_Other_02614,2022,0
canon_Other_02614,2024,0
canon_Material_01401,2022,0
canon_Material_01401,2024,0
canon_Material_01402,2022,0
canon_Material_01402,2024,0
canon_Material_01403,2022,0
canon_Material_01403,2024,0
canon_Method_00241,2022,0
canon_Method_00241,2024,0
canon_Other_00688,2022,0
canon_Other_00688,2024,0
canon_Method_04058,2022,0
canon_Method_04058,2024,0
canon_Other_02615,2022,0
canon_Other_02615,2024,0
canon_Method_04059,2022,0
canon_Method_04059,2024,0
canon_Method_04060,2022,0
canon_Method_04060,2024,0
canon_Other_02616,2022,0
canon_Other_02616,2024,0
canon_Material_01404,2022,0
canon_Material_01404,2024,0
canon_Method_04061,2022,0
canon_Method_04061,2024,0
canon_Material_01405,2022,0
canon_Material_01405,2024,0
canon_Method_00475,2022,0
canon_Method_00475,2024,0
canon_Method_04062,2022,0
canon_Method_04062,2024,0
canon_Other_02617,2022,0
canon_Other_02617,2024,0
canon_Method_04063,2022,0
canon_Method_04063,2024,0
canon_Method_04064,2022,0
canon_Method_04064,2024,0
canon_Other_00689,2022,0
canon_Other_00689,2024,0
canon_Task_01772,2022,0
canon_Task_01772,2024,0
canon_Method_04065,2022,0
canon_Method_04065,2024,0
canon_Method_04066,2022,0
canon_Method_04066,2024,0
canon_Method_04067,2022,0
canon_Method_04067,2024,0
canon_Method_04068,2022,0
canon_Method_04068,2024,0
canon_Metric_00112,2022,0
canon_Metric_00112,2024,0
canon_Other_02618,2022,0
canon_Other_02618,2024,0
canon_Method_04069,2022,0
canon_Method_04069,2024,0
canon_Other_02623,2022,0
canon_Other_02623,2024,0
canon_Other_02619,2022,0
canon_Other_02619,2024,0
canon_Method_04071,2022,0
canon_Method_04071,2024,0
canon_Method_01000,2022,0
canon_Method_01000,2024,0
canon_Method_04072,2022,0
canon_Method_04072,2024,0
canon_Other_02620,2022,0
canon_Other_02620,2024,0
canon_Material_01406,2022,0
canon_Material_01406,2024,0
canon_Material_01407,2022,0
canon_Material_01407,2024,0
canon_Metric_00113,2022,0
canon_Metric_00113,2024,0
canon_Method_04073,2022,0
canon_Method_04073,2024,0
canon_Method_04074,2022,0
canon_Method_04074,2024,0
canon_Other_02621,2022,0
canon_Other_02621,2024,0
canon_Method_04075,2022,0
canon_Method_04075,2024,0
canon_Material_01408,2022,0
canon_Material_01408,2024,0
canon_Method_04076,2022,0
canon_Method_04076,2024,0
canon_Method_01001,2022,0
canon_Method_01001,2024,0
canon_Other_02622,2022,0
canon_Other_02622,2024,0
canon_Other_02624,2022,0
canon_Other_02624,2024,0
canon_Method_04077,2022,0
canon_Method_04077,2024,0
canon_Other_02625,2022,0
canon_Other_02625,2024,0
canon_Task_01773,2022,0
canon_Task_01773,2024,0
canon_Other_02715,2022,0
canon_Other_02715,2024,0
canon_Task_01774,2022,0
canon_Task_01774,2024,0
canon_Method_04078,2022,0
canon_Method_04078,2024,0
canon_Method_00476,2022,0
canon_Method_00476,2024,0
canon_Method_04079,2022,0
canon_Method_04079,2024,0
canon_Material_01409,2022,0
canon_Material_01409,2024,0
canon_Material_01410,2022,0
canon_Material_01410,2024,0
canon_Method_01002,2022,0
canon_Method_01002,2024,0
canon_Method_04080,2022,0
canon_Method_04080,2024,0
canon_Task_01775,2022,0
canon_Task_01775,2024,0
canon_Material_01411,2022,0
canon_Material_01411,2024,0
canon_Method_04081,2022,0
canon_Method_04081,2024,0
canon_Method_01382,2022,0
canon_Method_01382,2024,0
canon_Task_01776,2022,0
canon_Task_01776,2024,0
canon_Material_01412,2022,0
canon_Material_01412,2024,0
canon_Material_01414,2022,0
canon_Material_01414,2024,0
canon_Method_04082,2022,0
canon_Method_04082,2024,0
canon_Other_02626,2022,0
canon_Other_02626,2024,0
canon_Material_01415,2022,0
canon_Material_01415,2024,0
canon_Method_04083,2022,0
canon_Method_04083,2024,0
canon_Task_01778,2022,0
canon_Task_01778,2024,0
canon_Other_02627,2022,0
canon_Other_02627,2024,0
canon_Method_01003,2022,0
canon_Method_01003,2024,0
canon_Method_01004,2022,0
canon_Method_01004,2024,0
canon_Other_02629,2022,0
canon_Other_02629,2024,0
canon_Method_04084,2022,0
canon_Method_04084,2024,0
canon_Method_01005,2022,0
canon_Method_01005,2024,0
canon_Material_01416,2022,0
canon_Material_01416,2024,0
canon_Task_00511,2022,0
canon_Task_00511,2024,0
canon_Task_01779,2022,0
canon_Task_01779,2024,0
canon_Other_00690,2022,0
canon_Other_00690,2024,0
canon_Other_02630,2022,0
canon_Other_02630,2024,0
canon_Task_01780,2022,0
canon_Task_01780,2024,0
canon_Task_01781,2022,0
canon_Task_01781,2024,0
canon_Task_00512,2022,0
canon_Task_00512,2024,0
canon_Method_04085,2022,0
canon_Method_04085,2024,0
canon_Other_02631,2022,0
canon_Other_02631,2024,0
canon_Material_00293,2022,0
canon_Material_00293,2024,0
canon_Task_01782,2022,0
canon_Task_01782,2024,0
canon_Material_01417,2022,0
canon_Material_01417,2024,0
canon_Method_04086,2022,0
canon_Method_04086,2024,0
canon_Method_04087,2022,0
canon_Method_04087,2024,0
canon_Task_01783,2022,0
canon_Task_01783,2024,0
canon_Method_04088,2022,0
canon_Method_04088,2024,0
canon_Method_04089,2022,0
canon_Method_04089,2024,0
canon_Other_02632,2022,0
canon_Other_02632,2024,0
canon_Other_02633,2022,0
canon_Other_02633,2024,0
canon_Task_01784,2022,0
canon_Task_01784,2024,0
canon_Material_01418,2022,0
canon_Material_01418,2024,0
canon_Method_04090,2022,0
canon_Method_04090,2024,0
canon_Method_04091,2022,0
canon_Method_04091,2024,0
canon_Method_04092,2022,0
canon_Method_04092,2024,0
canon_Method_04093,2022,0
canon_Method_04093,2024,0
canon_Method_04094,2022,0
canon_Method_04094,2024,0
canon_Task_00513,2022,0
canon_Task_00513,2024,0
canon_Task_01786,2022,0
canon_Task_01786,2024,0
canon_Other_02634,2022,0
canon_Other_02634,2024,0
canon_Other_02635,2022,0
canon_Other_02635,2024,0
canon_Task_01787,2022,0
canon_Task_01787,2024,0
canon_Method_04095,2022,0
canon_Method_04095,2024,0
canon_Other_02636,2022,0
canon_Other_02636,2024,0
canon_Other_02637,2022,0
canon_Other_02637,2024,0
canon_Other_02639,2022,0
canon_Other_02639,2024,0
canon_Metric_00423,2022,0
canon_Metric_00423,2024,0
canon_Metric_00424,2022,0
canon_Metric_00424,2024,0
canon_Material_01419,2022,0
canon_Material_01419,2024,0
canon_Other_02640,2022,0
canon_Other_02640,2024,0
canon_Other_02641,2022,0
canon_Other_02641,2024,0
canon_Other_02642,2022,0
canon_Other_02642,2024,0
canon_Other_02643,2022,0
canon_Other_02643,2024,0
canon_Other_00370,2022,0
canon_Other_00370,2024,0
canon_Other_02644,2022,0
canon_Other_02644,2024,0
canon_Method_04096,2022,0
canon_Method_04096,2024,0
canon_Task_00091,2022,0
canon_Task_00091,2024,0
canon_Method_01006,2022,0
canon_Method_01006,2024,0
canon_Material_01420,2022,0
canon_Material_01420,2024,0
canon_Metric_00114,2022,0
canon_Metric_00114,2024,0
canon_Method_00477,2022,0
canon_Method_00477,2024,0
canon_Method_04097,2022,0
canon_Method_04097,2024,0
canon_Method_04098,2022,0
canon_Method_04098,2024,0
canon_Metric_00425,2022,0
canon_Metric_00425,2024,0
canon_Method_04099,2022,0
canon_Method_04099,2024,0
canon_Method_04100,2022,0
canon_Method_04100,2024,0
canon_Material_01421,2022,0
canon_Material_01421,2024,0
canon_Material_00294,2022,0
canon_Material_00294,2024,0
canon_Method_04101,2022,0
canon_Method_04101,2024,0
canon_Method_04102,2022,0
canon_Method_04102,2024,0
canon_Method_01007,2022,0
canon_Method_01007,2024,0
canon_Method_04103,2022,0
canon_Method_04103,2024,0
canon_Material_01422,2022,0
canon_Material_01422,2024,0
canon_Method_04104,2022,0
canon_Method_04104,2024,0
canon_Task_01789,2022,0
canon_Task_01789,2024,0
canon_Material_01423,2022,0
canon_Material_01423,2024,0
canon_Metric_00115,2022,0
canon_Metric_00115,2024,0
canon_Metric_00426,2022,0
canon_Metric_00426,2024,0
canon_Material_01424,2022,0
canon_Material_01424,2024,0
canon_Method_04105,2022,0
canon_Method_04105,2024,0
canon_Material_01425,2022,0
canon_Material_01425,2024,0
canon_Method_04106,2022,0
canon_Method_04106,2024,0
canon_Other_02645,2022,0
canon_Other_02645,2024,0
canon_Task_01790,2022,0
canon_Task_01790,2024,0
canon_Other_00691,2022,0
canon_Other_00691,2024,0
canon_Material_01885,2022,0
canon_Material_01885,2024,0
canon_Method_01009,2022,0
canon_Method_01009,2024,0
canon_Method_04107,2022,0
canon_Method_04107,2024,0
canon_Method_04108,2022,0
canon_Method_04108,2024,0
canon_Method_04109,2022,0
canon_Method_04109,2024,0
canon_Method_04110,2022,0
canon_Method_04110,2024,0
canon_Other_02646,2022,0
canon_Other_02646,2024,0
canon_Other_02647,2022,0
canon_Other_02647,2024,0
canon_Method_04111,2022,0
canon_Method_04111,2024,0
canon_Method_04112,2022,0
canon_Method_04112,2024,0
canon_Method_04113,2022,0
canon_Method_04113,2024,0
canon_Method_04114,2022,0
canon_Method_04114,2024,0
canon_Method_04115,2022,0
canon_Method_04115,2024,0
canon_Material_01426,2022,0
canon_Material_01426,2024,0
canon_Method_04116,2022,0
canon_Method_04116,2024,0
canon_Method_04117,2022,0
canon_Method_04117,2024,0
canon_Material_01427,2022,0
canon_Material_01427,2024,0
canon_Material_01428,2022,0
canon_Material_01428,2024,0
canon_Material_01429,2022,0
canon_Material_01429,2024,0
canon_Method_00478,2022,0
canon_Method_00478,2024,0
canon_Method_01010,2022,0
canon_Method_01010,2024,0
canon_Method_01011,2022,0
canon_Method_01011,2024,0
canon_Task_01791,2022,0
canon_Task_01791,2024,0
canon_Method_04118,2022,0
canon_Method_04118,2024,0
canon_Task_01792,2022,0
canon_Task_01792,2024,0
canon_Method_04119,2022,0
canon_Method_04119,2024,0
canon_Method_04120,2022,0
canon_Method_04120,2024,0
canon_Task_01793,2022,0
canon_Task_01793,2024,0
canon_Task_01794,2022,0
canon_Task_01794,2024,0
canon_Method_01012,2022,0
canon_Method_01012,2024,0
canon_Method_04121,2022,0
canon_Method_04121,2024,0
canon_Other_02648,2022,0
canon_Other_02648,2024,0
canon_Other_02649,2022,0
canon_Other_02649,2024,0
canon_Method_04122,2022,0
canon_Method_04122,2024,0
canon_Method_04123,2022,0
canon_Method_04123,2024,0
canon_Material_01430,2022,0
canon_Material_01430,2024,0
canon_Material_01431,2022,0
canon_Material_01431,2024,0
canon_Task_01795,2022,0
canon_Task_01795,2024,0
canon_Metric_00427,2022,0
canon_Metric_00427,2024,0
canon_Task_01796,2022,0
canon_Task_01796,2024,0
canon_Method_01013,2022,0
canon_Method_01013,2024,0
canon_Method_04124,2022,0
canon_Method_04124,2024,0
canon_Material_01432,2022,0
canon_Material_01432,2024,0
canon_Task_01797,2022,0
canon_Task_01797,2024,0
canon_Method_04125,2022,0
canon_Method_04125,2024,0
canon_Metric_00428,2022,0
canon_Metric_00428,2024,0
canon_Metric_00429,2022,0
canon_Metric_00429,2024,0
canon_Task_01798,2022,0
canon_Task_01798,2024,0
canon_Metric_00430,2022,0
canon_Metric_00430,2024,0
canon_Task_01799,2022,0
canon_Task_01799,2024,0
canon_Method_04126,2022,0
canon_Method_04126,2024,0
canon_Method_04127,2022,0
canon_Method_04127,2024,0
canon_Method_00479,2022,0
canon_Method_00479,2024,0
canon_Task_01801,2022,0
canon_Task_01801,2024,0
canon_Material_01433,2022,0
canon_Material_01433,2024,0
canon_Task_01802,2022,0
canon_Task_01802,2024,0
canon_Other_00693,2022,0
canon_Other_00693,2024,0
canon_Other_03300,2022,0
canon_Other_03300,2024,0
canon_Method_04128,2022,0
canon_Method_04128,2024,0
canon_Method_04129,2022,0
canon_Method_04129,2024,0
canon_Task_01804,2022,0
canon_Task_01804,2024,0
canon_Material_01434,2022,0
canon_Material_01434,2024,0
canon_Other_00372,2022,0
canon_Other_00372,2024,0
canon_Other_02650,2022,0
canon_Other_02650,2024,0
canon_Other_02651,2022,0
canon_Other_02651,2024,0
canon_Other_02652,2022,0
canon_Other_02652,2024,0
canon_Material_01435,2022,0
canon_Material_01435,2024,0
canon_Other_00694,2022,0
canon_Other_00694,2024,0
canon_Other_02653,2022,0
canon_Other_02653,2024,0
canon_Method_04130,2022,0
canon_Method_04130,2024,0
canon_Method_04131,2022,0
canon_Method_04131,2024,0
canon_Other_02654,2022,0
canon_Other_02654,2024,0
canon_Other_02655,2022,0
canon_Other_02655,2024,0
canon_Other_02656,2022,0
canon_Other_02656,2024,0
canon_Method_01015,2022,0
canon_Method_01015,2024,0
canon_Other_00373,2022,0
canon_Other_00373,2024,0
canon_Other_00228,2022,0
canon_Other_00228,2024,0
canon_Method_04132,2022,0
canon_Method_04132,2024,0
canon_Method_01016,2022,0
canon_Method_01016,2024,0
canon_Task_01999,2022,0
canon_Task_01999,2024,0
canon_Task_01807,2022,0
canon_Task_01807,2024,0
canon_Method_04134,2022,0
canon_Method_04134,2024,0
canon_Material_01436,2022,0
canon_Material_01436,2024,0
canon_Method_04135,2022,0
canon_Method_04135,2024,0
canon_Other_02657,2022,0
canon_Other_02657,2024,0
canon_Method_04136,2022,0
canon_Method_04136,2024,0
canon_Other_02658,2022,0
canon_Other_02658,2024,0
canon_Other_02659,2022,0
canon_Other_02659,2024,0
canon_Method_04137,2022,0
canon_Method_04137,2024,0
canon_Task_01808,2022,0
canon_Task_01808,2024,0
canon_Other_00229,2022,0
canon_Other_00229,2024,0
canon_Method_04138,2022,0
canon_Method_04138,2024,0
canon_Other_02660,2022,0
canon_Other_02660,2024,0
canon_Method_04139,2022,0
canon_Method_04139,2024,0
canon_Method_04140,2022,0
canon_Method_04140,2024,0
canon_Method_04141,2022,0
canon_Method_04141,2024,0
canon_Metric_00431,2022,0
canon_Metric_00431,2024,0
canon_Method_00242,2022,0
canon_Method_00242,2024,0
canon_Material_01437,2022,0
canon_Material_01437,2024,0
canon_Method_01017,2022,0
canon_Method_01017,2024,0
canon_Other_02661,2022,0
canon_Other_02661,2024,0
canon_Other_02662,2022,0
canon_Other_02662,2024,0
canon_Task_01809,2022,0
canon_Task_01809,2024,0
canon_Method_04142,2022,0
canon_Method_04142,2024,0
canon_Method_01018,2022,0
canon_Method_01018,2024,0
canon_Method_04143,2022,0
canon_Method_04143,2024,0
canon_Method_04144,2022,0
canon_Method_04144,2024,0
canon_Method_04145,2022,0
canon_Method_04145,2024,0
canon_Task_01811,2022,0
canon_Task_01811,2024,0
canon_Method_04147,2022,0
canon_Method_04147,2024,0
canon_Method_04148,2022,0
canon_Method_04148,2024,0
canon_Method_04149,2022,0
canon_Method_04149,2024,0
canon_Method_04150,2022,0
canon_Method_04150,2024,0
canon_Method_04151,2022,0
canon_Method_04151,2024,0
canon_Task_01812,2022,0
canon_Task_01812,2024,0
canon_Other_02917,2022,0
canon_Other_02917,2024,0
canon_Task_01814,2022,0
canon_Task_01814,2024,0
canon_Material_01438,2022,0
canon_Material_01438,2024,0
canon_Material_01439,2022,0
canon_Material_01439,2024,0
canon_Material_01440,2022,0
canon_Material_01440,2024,0
canon_Material_01441,2022,0
canon_Material_01441,2024,0
canon_Method_04153,2022,0
canon_Method_04153,2024,0
canon_Other_00374,2022,0
canon_Other_00374,2024,0
canon_Method_04155,2022,0
canon_Method_04155,2024,0
canon_Method_04156,2022,0
canon_Method_04156,2024,0
canon_Other_02663,2022,0
canon_Other_02663,2024,0
canon_Method_01019,2022,0
canon_Method_01019,2024,0
canon_Task_01815,2022,0
canon_Task_01815,2024,0
canon_Other_02664,2022,0
canon_Other_02664,2024,0
canon_Method_01020,2022,0
canon_Method_01020,2024,0
canon_Method_01021,2022,0
canon_Method_01021,2024,0
canon_Method_04157,2022,0
canon_Method_04157,2024,0
canon_Method_04158,2022,0
canon_Method_04158,2024,0
canon_Task_01816,2022,0
canon_Task_01816,2024,0
canon_Task_01817,2022,0
canon_Task_01817,2024,0
canon_Material_01442,2022,0
canon_Material_01442,2024,0
canon_Material_01443,2022,0
canon_Material_01443,2024,0
canon_Method_04159,2022,0
canon_Method_04159,2024,0
canon_Task_01818,2022,0
canon_Task_01818,2024,0
canon_Material_01444,2022,0
canon_Material_01444,2024,0
canon_Material_01445,2022,0
canon_Material_01445,2024,0
canon_Other_00695,2022,1
canon_Other_00695,2024,1
canon_Other_00375,2022,1
canon_Other_00375,2024,1
canon_Other_00696,2022,1
canon_Other_00696,2024,1
canon_Method_01022,2022,1
canon_Method_01022,2024,1
canon_Other_00699,2022,1
canon_Other_00699,2024,1
canon_Method_04223,2022,1
canon_Method_04223,2024,1
canon_Method_00484,2022,1
canon_Method_00484,2024,1
canon_Method_04238,2022,1
canon_Method_04238,2024,1
canon_Other_02705,2022,1
canon_Other_02705,2024,1
canon_Method_00009,2022,12
canon_Method_00009,2024,24
canon_Other_00391,2022,17
canon_Other_00391,2024,34
canon_Method_00244,2022,2
canon_Method_00244,2024,3
canon_Metric_00556,2022,1
canon_Metric_00556,2024,1
canon_Material_00298,2022,1
canon_Material_00298,2024,1
canon_Other_00704,2022,1
canon_Other_00704,2024,1
canon_Material_01795,2022,2
canon_Material_01795,2024,5
canon_Metric_00546,2022,4
canon_Metric_00546,2024,7
canon_Material_01503,2022,1
canon_Material_01503,2024,1
canon_Method_00245,2022,2
canon_Method_00245,2024,3
canon_Metric_00133,2022,6
canon_Metric_00133,2024,11
canon_Task_00136,2022,2
canon_Task_00136,2024,3
canon_Other_02975,2022,1
canon_Other_02975,2024,1
canon_Method_00145,2022,1
canon_Method_00145,2024,1
canon_Method_01038,2022,1
canon_Method_01038,2024,1
canon_Method_01041,2022,1
canon_Method_01041,2024,1
canon_Other_03183,2022,1
canon_Other_03183,2024,1
canon_Metric_00122,2022,1
canon_Metric_00122,2024,1
canon_Metric_00029,2022,2
canon_Metric_00029,2024,4
canon_Other_00232,2022,1
canon_Other_00232,2024,1
canon_Metric_00123,2022,1
canon_Metric_00123,2024,1
canon_Method_01060,2022,1
canon_Method_01060,2024,1
canon_Method_04444,2022,1
canon_Method_04444,2024,1
canon_Method_00249,2022,2
canon_Method_00249,2024,3
canon_Task_00260,2022,1
canon_Task_00260,2024,1
canon_Method_01067,2022,1
canon_Method_01067,2024,1
canon_Task_00582,2022,1
canon_Task_00582,2024,2
canon_Material_00310,2022,1
canon_Material_00310,2024,1
canon_Task_00534,2022,1
canon_Task_00534,2024,1
canon_Other_00383,2022,1
canon_Other_00383,2024,1
canon_Method_04513,2022,1
canon_Method_04513,2024,1
canon_Metric_00476,2022,1
canon_Metric_00476,2024,1
canon_Metric_00127,2022,1
canon_Metric_00127,2024,2
canon_Metric_00478,2022,1
canon_Metric_00478,2024,1
canon_Other_00384,2022,1
canon_Other_00384,2024,2
canon_Method_00052,2022,3
canon_Method_00052,2024,6
canon_Method_04582,2022,1
canon_Method_04582,2024,1
canon_Method_01086,2022,1
canon_Method_01086,2024,1
canon_Task_02048,2022,1
canon_Task_02048,2024,1
canon_Other_00386,2022,1
canon_Other_00386,2024,1
canon_Task_02063,2022,2
canon_Task_02063,2024,3
canon_Other_02939,2022,1
canon_Other_02939,2024,1
canon_Method_01097,2022,1
canon_Method_01097,2024,1
canon_Other_03050,2022,1
canon_Other_03050,2024,1
canon_Method_01144,2022,1
canon_Method_01144,2024,2
canon_Task_02100,2022,1
canon_Task_02100,2024,1
canon_Method_00016,2022,1
canon_Method_00016,2024,2
canon_Other_00735,2022,1
canon_Other_00735,2024,1
canon_Metric_00500,2022,2
canon_Metric_00500,2024,4
canon_Other_03042,2022,1
canon_Other_03042,2024,1
canon_Task_02116,2022,1
canon_Task_02116,2024,1
canon_Method_04784,2022,1
canon_Method_04784,2024,1
canon_Method_04785,2022,1
canon_Method_04785,2024,1
canon_Method_04786,2022,1
canon_Method_04786,2024,1
canon_Method_04787,2022,1
canon_Method_04787,2024,1
canon_Metric_00501,2022,1
canon_Metric_00501,2024,1
canon_Method_00149,2022,2
canon_Method_00149,2024,5
canon_Other_03043,2022,1
canon_Other_03043,2024,1
canon_Other_03044,2022,1
canon_Other_03044,2024,1
canon_Material_01708,2022,1
canon_Material_01708,2024,2
canon_Metric_00502,2022,1
canon_Metric_00502,2024,1
canon_Method_04790,2022,1
canon_Method_04790,2024,1
canon_Metric_00503,2022,1
canon_Metric_00503,2024,1
canon_Task_00267,2022,2
canon_Task_00267,2024,4
canon_Method_04791,2022,1
canon_Method_04791,2024,1
canon_Other_03045,2022,1
canon_Other_03045,2024,1
canon_Other_03046,2022,1
canon_Other_03046,2024,1
canon_Other_03047,2022,1
canon_Other_03047,2024,1
canon_Other_03048,2022,1
canon_Other_03048,2024,1
canon_Method_00042,2022,6
canon_Method_00042,2024,13
canon_Task_02117,2022,1
canon_Task_02117,2024,1
canon_Method_04792,2022,1
canon_Method_04792,2024,1
canon_Method_04793,2022,1
canon_Method_04793,2024,1
canon_Method_01115,2022,2
canon_Method_01115,2024,4
canon_Method_04794,2022,1
canon_Method_04794,2024,1
canon_Method_04795,2022,1
canon_Method_04795,2024,2
canon_Method_01116,2022,1
canon_Method_01116,2024,2
canon_Other_03049,2022,1
canon_Other_03049,2024,1
canon_Method_04796,2022,1
canon_Method_04796,2024,1
canon_Task_00548,2022,1
canon_Task_00548,2024,2
canon_Method_04797,2022,1
canon_Method_04797,2024,1
canon_Material_01709,2022,1
canon_Material_01709,2024,1
canon_Method_04798,2022,1
canon_Method_04798,2024,2
canon_Material_01710,2022,1
canon_Material_01710,2024,1
canon_Method_01117,2022,1
canon_Method_01117,2024,2
canon_Material_01711,2022,1
canon_Material_01711,2024,1
canon_Task_02118,2022,1
canon_Task_02118,2024,1
canon_Method_04799,2022,1
canon_Method_04799,2024,1
canon_Method_04801,2022,1
canon_Method_04801,2024,1
canon_Method_04802,2022,1
canon_Method_04802,2024,1
canon_Method_04803,2022,1
canon_Method_04803,2024,1
canon_Method_00526,2022,4
canon_Method_00526,2024,9
canon_Other_03051,2022,1
canon_Other_03051,2024,1
canon_Material_01712,2022,1
canon_Material_01712,2024,1
canon_Method_01168,2022,2
canon_Method_01168,2024,3
canon_Method_04804,2022,1
canon_Method_04804,2024,2
canon_Method_04805,2022,1
canon_Method_04805,2024,1
canon_Other_00129,2022,20
canon_Other_00129,2024,39
canon_Other_00744,2022,3
canon_Other_00744,2024,6
canon_Other_00128,2022,4
canon_Other_00128,2024,7
canon_Metric_00504,2022,1
canon_Metric_00504,2024,1
canon_Material_01713,2022,1
canon_Material_01713,2024,1
canon_Material_01714,2022,1
canon_Material_01714,2024,1
canon_Method_04807,2022,1
canon_Method_04807,2024,1
canon_Material_00318,2022,1
canon_Material_00318,2024,2
canon_Other_00739,2022,1
canon_Other_00739,2024,2
canon_Other_03053,2022,1
canon_Other_03053,2024,1
canon_Material_01715,2022,1
canon_Material_01715,2024,1
canon_Method_00550,2022,1
canon_Method_00550,2024,1
canon_Method_04808,2022,1
canon_Method_04808,2024,1
canon_Material_01716,2022,1
canon_Material_01716,2024,1
canon_Material_01717,2022,1
canon_Material_01717,2024,1
canon_Other_03054,2022,1
canon_Other_03054,2024,1
canon_Material_01718,2022,1
canon_Material_01718,2024,1
canon_Method_04809,2022,1
canon_Method_04809,2024,1
canon_Method_04810,2022,1
canon_Method_04810,2024,1
canon_Method_00515,2022,2
canon_Method_00515,2024,3
canon_Method_04811,2022,1
canon_Method_04811,2024,1
canon_Task_02119,2022,1
canon_Task_02119,2024,1
canon_Method_04812,2022,1
canon_Method_04812,2024,1
canon_Method_04813,2022,1
canon_Method_04813,2024,1
canon_Method_04814,2022,1
canon_Method_04814,2024,1
canon_Method_04815,2022,1
canon_Method_04815,2024,1
canon_Method_02172,2022,1
canon_Method_02172,2024,1
canon_Other_03055,2022,1
canon_Other_03055,2024,1
canon_Method_04816,2022,1
canon_Method_04816,2024,1
canon_Task_00269,2022,2
canon_Task_00269,2024,3
canon_Task_02120,2022,1
canon_Task_02120,2024,1
canon_Task_02121,2022,1
canon_Task_02121,2024,1
canon_Method_04817,2022,1
canon_Method_04817,2024,1
canon_Method_04818,2022,1
canon_Method_04818,2024,1
canon_Other_00740,2022,1
canon_Other_00740,2024,2
canon_Method_04819,2022,1
canon_Method_04819,2024,1
canon_Other_03056,2022,1
canon_Other_03056,2024,1
canon_Other_03057,2022,1
canon_Other_03057,2024,1
canon_Other_00390,2022,2
canon_Other_00390,2024,3
canon_Method_04820,2022,1
canon_Method_04820,2024,1
canon_Task_02122,2022,1
canon_Task_02122,2024,1
canon_Method_04821,2022,1
canon_Method_04821,2024,1
canon_Method_04822,2022,1
canon_Method_04822,2024,1
canon_Metric_00505,2022,1
canon_Metric_00505,2024,1
canon_Material_01719,2022,1
canon_Material_01719,2024,1
canon_Method_04823,2022,1
canon_Method_04823,2024,1
canon_Method_04824,2022,1
canon_Method_04824,2024,1
canon_Other_03058,2022,1
canon_Other_03058,2024,1
canon_Other_03059,2022,1
canon_Other_03059,2024,1
canon_Method_04825,2022,1
canon_Method_04825,2024,1
canon_Material_01720,2022,1
canon_Material_01720,2024,1
canon_Method_04826,2022,1
canon_Method_04826,2024,1
canon_Method_04827,2022,1
canon_Method_04827,2024,1
canon_Other_03060,2022,1
canon_Other_03060,2024,1
canon_Other_03061,2022,1
canon_Other_03061,2024,1
canon_Method_04828,2022,1
canon_Method_04828,2024,1
canon_Method_04829,2022,1
canon_Method_04829,2024,1
canon_Metric_00507,2022,1
canon_Metric_00507,2024,1
canon_Other_03062,2022,1
canon_Other_03062,2024,1
canon_Other_03063,2022,1
canon_Other_03063,2024,1
canon_Other_03064,2022,1
canon_Other_03064,2024,1
canon_Other_03065,2022,1
canon_Other_03065,2024,1
canon_Other_03066,2022,1
canon_Other_03066,2024,1
canon_Other_03067,2022,1
canon_Other_03067,2024,1
canon_Method_00260,2022,2
canon_Method_00260,2024,4
canon_Task_02123,2022,1
canon_Task_02123,2024,1
canon_Method_04830,2022,1
canon_Method_04830,2024,1
canon_Method_04831,2022,1
canon_Method_04831,2024,1
canon_Method_04832,2022,1
canon_Method_04832,2024,1
canon_Method_04833,2022,1
canon_Method_04833,2024,1
canon_Method_04835,2022,1
canon_Method_04835,2024,1
canon_Task_00549,2022,1
canon_Task_00549,2024,2
canon_Method_04836,2022,1
canon_Method_04836,2024,1
canon_Method_04837,2022,1
canon_Method_04837,2024,1
canon_Method_04838,2022,1
canon_Method_04838,2024,1
canon_Method_00261,2022,2
canon_Method_00261,2024,4
canon_Method_04839,2022,1
canon_Method_04839,2024,1
canon_Method_01118,2022,1
canon_Method_01118,2024,2
canon_Task_02124,2022,1
canon_Task_02124,2024,1
canon_Method_04840,2022,1
canon_Method_04840,2024,1
canon_Method_04841,2022,1
canon_Method_04841,2024,1
canon_Task_02126,2022,1
canon_Task_02126,2024,1
canon_Task_02127,2022,1
canon_Task_02127,2024,1
canon_Other_03070,2022,1
canon_Other_03070,2024,1
canon_Other_03071,2022,1
canon_Other_03071,2024,1
canon_Task_02128,2022,1
canon_Task_02128,2024,1
canon_Material_01721,2022,1
canon_Material_01721,2024,1
canon_Other_03072,2022,1
canon_Other_03072,2024,1
canon_Other_03073,2022,1
canon_Other_03073,2024,1
canon_Task_02129,2022,1
canon_Task_02129,2024,1
canon_Task_00550,2022,1
canon_Task_00550,2024,2
canon_Other_03074,2022,1
canon_Other_03074,2024,1
canon_Other_03076,2022,1
canon_Other_03076,2024,1
canon_Other_03077,2022,1
canon_Other_03077,2024,1
canon_Method_01119,2022,2
canon_Method_01119,2024,3
canon_Method_04843,2022,1
canon_Method_04843,2024,1
canon_Method_04844,2022,1
canon_Method_04844,2024,1
canon_Material_01722,2022,1
canon_Material_01722,2024,1
canon_Material_01723,2022,1
canon_Material_01723,2024,1
canon_Method_04845,2022,1
canon_Method_04845,2024,1
canon_Method_04846,2022,1
canon_Method_04846,2024,1
canon_Metric_00508,2022,1
canon_Metric_00508,2024,1
canon_Metric_00509,2022,1
canon_Metric_00509,2024,1
canon_Method_01120,2022,1
canon_Method_01120,2024,2
canon_Method_04847,2022,1
canon_Method_04847,2024,1
canon_Method_01121,2022,1
canon_Method_01121,2024,2
canon_Task_02131,2022,1
canon_Task_02131,2024,1
canon_Method_04849,2022,1
canon_Method_04849,2024,1
canon_Method_04850,2022,1
canon_Method_04850,2024,1
canon_Method_04851,2022,1
canon_Method_04851,2024,1
canon_Method_04852,2022,1
canon_Method_04852,2024,1
canon_Method_04854,2022,1
canon_Method_04854,2024,1
canon_Method_04855,2022,1
canon_Method_04855,2024,1
canon_Material_01724,2022,1
canon_Material_01724,2024,1
canon_Metric_00510,2022,1
canon_Metric_00510,2024,1
canon_Metric_00511,2022,1
canon_Metric_00511,2024,1
canon_Method_04856,2022,1
canon_Method_04856,2024,1
canon_Method_04857,2022,1
canon_Method_04857,2024,1
canon_Method_04858,2022,1
canon_Method_04858,2024,1
canon_Method_04859,2022,1
canon_Method_04859,2024,1
canon_Method_04860,2022,1
canon_Method_04860,2024,1
canon_Method_04861,2022,1
canon_Method_04861,2024,1
canon_Task_02132,2022,1
canon_Task_02132,2024,1
canon_Method_01128,2022,2
canon_Method_01128,2024,5
canon_Task_02133,2022,1
canon_Task_02133,2024,1
canon_Method_04862,2022,1
canon_Method_04862,2024,1
canon_Method_00150,2022,2
canon_Method_00150,2024,5
canon_Material_01725,2022,1
canon_Material_01725,2024,1
canon_Method_04863,2022,1
canon_Method_04863,2024,1
canon_Method_04864,2022,1
canon_Method_04864,2024,1
canon_Task_02134,2022,1
canon_Task_02134,2024,1
canon_Method_04865,2022,1
canon_Method_04865,2024,1
canon_Method_04866,2022,1
canon_Method_04866,2024,1
canon_Task_00551,2022,1
canon_Task_00551,2024,2
canon_Method_04867,2022,1
canon_Method_04867,2024,1
canon_Other_03078,2022,1
canon_Other_03078,2024,1
canon_Method_04868,2022,1
canon_Method_04868,2024,1
canon_Method_01122,2022,1
canon_Method_01122,2024,2
canon_Method_04869,2022,1
canon_Method_04869,2024,1
canon_Method_00518,2022,2
canon_Method_00518,2024,3
canon_Task_00552,2022,1
canon_Task_00552,2024,2
canon_Material_00083,2022,2
canon_Material_00083,2024,4
canon_Material_01726,2022,1
canon_Material_01726,2024,1
canon_Method_04870,2022,1
canon_Method_04870,2024,1
canon_Method_04871,2022,1
canon_Method_04871,2024,1
canon_Task_02135,2022,1
canon_Task_02135,2024,1
canon_Method_04872,2022,1
canon_Method_04872,2024,1
canon_Other_03079,2022,1
canon_Other_03079,2024,1
canon_Method_04873,2022,1
canon_Method_04873,2024,1
canon_Task_02136,2022,1
canon_Task_02136,2024,1
canon_Other_03080,2022,1
canon_Other_03080,2024,1
canon_Method_00519,2022,2
canon_Method_00519,2024,3
canon_Task_02137,2022,1
canon_Task_02137,2024,1
canon_Task_02138,2022,1
canon_Task_02138,2024,1
canon_Metric_00512,2022,1
canon_Metric_00512,2024,1
canon_Metric_00513,2022,1
canon_Metric_00513,2024,1
canon_Task_02139,2022,1
canon_Task_02139,2024,1
canon_Method_04874,2022,1
canon_Method_04874,2024,1
canon_Method_04875,2022,1
canon_Method_04875,2024,1
canon_Method_04876,2022,1
canon_Method_04876,2024,1
canon_Method_04877,2022,1
canon_Method_04877,2024,1
canon_Other_03081,2022,1
canon_Other_03081,2024,1
canon_Material_01728,2022,1
canon_Material_01728,2024,1
canon_Other_03082,2022,1
canon_Other_03082,2024,1
canon_Other_03083,2022,1
canon_Other_03083,2024,1
canon_Material_01729,2022,1
canon_Material_01729,2024,2
canon_Material_00319,2022,1
canon_Material_00319,2024,2
canon_Material_01730,2022,1
canon_Material_01730,2024,1
canon_Other_03084,2022,1
canon_Other_03084,2024,1
canon_Material_01731,2022,1
canon_Material_01731,2024,1
canon_Task_02140,2022,1
canon_Task_02140,2024,1
canon_Material_01732,2022,1
canon_Material_01732,2024,1
canon_Method_04878,2022,1
canon_Method_04878,2024,1
canon_Material_01733,2022,1
canon_Material_01733,2024,1
canon_Method_04879,2022,1
canon_Method_04879,2024,1
canon_Task_02141,2022,1
canon_Task_02141,2024,1
canon_Task_02142,2022,1
canon_Task_02142,2024,1
canon_Task_02143,2022,1
canon_Task_02143,2024,1
canon_Task_02144,2022,1
canon_Task_02144,2024,1
canon_Other_03086,2022,1
canon_Other_03086,2024,1
canon_Method_04880,2022,1
canon_Method_04880,2024,1
canon_Method_04881,2022,1
canon_Method_04881,2024,1
canon_Method_04882,2022,1
canon_Method_04882,2024,1
canon_Other_03088,2022,1
canon_Other_03088,2024,1
canon_Method_00262,2022,2
canon_Method_00262,2024,4
canon_Other_03089,2022,1
canon_Other_03089,2024,1
canon_Other_00741,2022,1
canon_Other_00741,2024,2
canon_Task_02145,2022,1
canon_Task_02145,2024,1
canon_Material_01734,2022,1
canon_Material_01734,2024,1
canon_Method_04883,2022,1
canon_Method_04883,2024,1
canon_Other_03091,2022,1
canon_Other_03091,2024,1
canon_Method_04884,2022,1
canon_Method_04884,2024,1
canon_Material_01735,2022,1
canon_Material_01735,2024,1
canon_Material_01736,2022,1
canon_Material_01736,2024,1
canon_Method_04886,2022,1
canon_Method_04886,2024,1
canon_Other_00742,2022,1
canon_Other_00742,2024,2
canon_Method_04887,2022,1
canon_Method_04887,2024,1
canon_Method_04888,2022,1
canon_Method_04888,2024,1
canon_Method_04889,2022,1
canon_Method_04889,2024,1
canon_Method_04891,2022,1
canon_Method_04891,2024,1
canon_Material_00320,2022,1
canon_Material_00320,2024,2
canon_Material_01737,2022,1
canon_Material_01737,2024,1
canon_Material_01738,2022,1
canon_Material_01738,2024,1
canon_Material_01739,2022,1
canon_Material_01739,2024,1
canon_Other_03092,2022,1
canon_Other_03092,2024,1
canon_Task_02146,2022,1
canon_Task_02146,2024,1
canon_Method_04892,2022,1
canon_Method_04892,2024,1
canon_Method_04893,2022,1
canon_Method_04893,2024,1
canon_Method_00520,2022,2
canon_Method_00520,2024,3
canon_Other_03093,2022,1
canon_Other_03093,2024,1
canon_Method_04894,2022,1
canon_Method_04894,2024,2
canon_Method_04895,2022,1
canon_Method_04895,2024,1
canon_Other_03094,2022,1
canon_Other_03094,2024,1
canon_Other_03095,2022,1
canon_Other_03095,2024,1
canon_Task_02147,2022,1
canon_Task_02147,2024,1
canon_Other_03096,2022,1
canon_Other_03096,2024,1
canon_Material_01741,2022,1
canon_Material_01741,2024,1
canon_Task_02149,2022,1
canon_Task_02149,2024,1
canon_Task_00553,2022,1
canon_Task_00553,2024,2
canon_Task_00554,2022,1
canon_Task_00554,2024,2
canon_Task_02150,2022,1
canon_Task_02150,2024,1
canon_Task_00555,2022,1
canon_Task_00555,2024,2
canon_Task_02151,2022,1
canon_Task_02151,2024,1
canon_Method_04896,2022,1
canon_Method_04896,2024,1
canon_Other_03097,2022,1
canon_Other_03097,2024,1
canon_Task_02152,2022,1
canon_Task_02152,2024,1
canon_Method_01124,2022,1
canon_Method_01124,2024,2
canon_Task_02153,2022,1
canon_Task_02153,2024,1
canon_Method_04897,2022,1
canon_Method_04897,2024,1
canon_Other_03098,2022,1
canon_Other_03098,2024,1
canon_Other_03099,2022,1
canon_Other_03099,2024,1
canon_Other_03100,2022,1
canon_Other_03100,2024,1
canon_Method_01125,2022,1
canon_Method_01125,2024,2
canon_Other_03101,2022,1
canon_Other_03101,2024,1
canon_Method_04898,2022,1
canon_Method_04898,2024,1
canon_Method_01126,2022,1
canon_Method_01126,2024,2
canon_Method_00521,2022,2
canon_Method_00521,2024,3
canon_Method_04899,2022,1
canon_Method_04899,2024,2
canon_Other_03102,2022,1
canon_Other_03102,2024,1
canon_Other_03103,2022,1
canon_Other_03103,2024,1
canon_Other_03104,2022,1
canon_Other_03104,2024,1
canon_Task_02154,2022,1
canon_Task_02154,2024,1
canon_Method_04900,2022,1
canon_Method_04900,2024,1
canon_Method_04901,2022,1
canon_Method_04901,2024,2
canon_Other_03105,2022,1
canon_Other_03105,2024,1
canon_Task_02155,2022,1
canon_Task_02155,2024,1
canon_Method_04902,2022,1
canon_Method_04902,2024,1
canon_Method_04903,2022,1
canon_Method_04903,2024,1
canon_Task_02156,2022,1
canon_Task_02156,2024,1
canon_Other_03106,2022,1
canon_Other_03106,2024,1
canon_Method_04904,2022,1
canon_Method_04904,2024,1
canon_Task_02157,2022,1
canon_Task_02157,2024,1
canon_Method_04905,2022,1
canon_Method_04905,2024,1
canon_Task_02158,2022,1
canon_Task_02158,2024,1
canon_Material_01742,2022,1
canon_Material_01742,2024,1
canon_Material_01743,2022,1
canon_Material_01743,2024,1
canon_Method_04906,2022,1
canon_Method_04906,2024,1
canon_Task_02159,2022,1
canon_Task_02159,2024,1
canon_Method_04907,2022,1
canon_Method_04907,2024,1
canon_Other_03107,2022,1
canon_Other_03107,2024,1
canon_Task_02160,2022,1
canon_Task_02160,2024,1
canon_Method_01127,2022,1
canon_Method_01127,2024,2
canon_Task_02161,2022,1
canon_Task_02161,2024,1
canon_Task_02162,2022,1
canon_Task_02162,2024,1
canon_Other_03108,2022,1
canon_Other_03108,2024,1
canon_Task_02163,2022,1
canon_Task_02163,2024,1
canon_Other_03109,2022,1
canon_Other_03109,2024,1
canon_Method_04908,2022,1
canon_Method_04908,2024,1
canon_Other_03110,2022,1
canon_Other_03110,2024,1
canon_Other_03111,2022,1
canon_Other_03111,2024,1
canon_Method_04909,2022,1
canon_Method_04909,2024,1
canon_Method_04910,2022,1
canon_Method_04910,2024,1
canon_Material_01744,2022,1
canon_Material_01744,2024,1
canon_Method_04911,2022,1
canon_Method_04911,2024,1
canon_Method_04912,2022,1
canon_Method_04912,2024,1
canon_Material_01745,2022,1
canon_Material_01745,2024,1
canon_Other_03112,2022,1
canon_Other_03112,2024,1
canon_Method_04913,2022,1
canon_Method_04913,2024,1
canon_Other_03113,2022,1
canon_Other_03113,2024,1
canon_Other_03114,2022,1
canon_Other_03114,2024,1
canon_Other_03115,2022,1
canon_Other_03115,2024,1
canon_Other_03116,2022,1
canon_Other_03116,2024,1
canon_Task_02164,2022,1
canon_Task_02164,2024,1
canon_Task_02165,2022,1
canon_Task_02165,2024,1
canon_Task_02166,2022,1
canon_Task_02166,2024,1
canon_Task_02167,2022,1
canon_Task_02167,2024,1
canon_Method_04914,2022,1
canon_Method_04914,2024,1
canon_Method_04915,2022,1
canon_Method_04915,2024,1
canon_Method_04916,2022,1
canon_Method_04916,2024,1
canon_Method_01129,2022,1
canon_Method_01129,2024,2
canon_Method_04917,2022,1
canon_Method_04917,2024,1
canon_Task_02168,2022,1
canon_Task_02168,2024,1
canon_Other_03118,2022,1
canon_Other_03118,2024,1
canon_Other_03119,2022,1
canon_Other_03119,2024,1
canon_Other_03120,2022,1
canon_Other_03120,2024,1
canon_Method_04918,2022,1
canon_Method_04918,2024,1
canon_Metric_00515,2022,1
canon_Metric_00515,2024,1
canon_Material_01746,2022,1
canon_Material_01746,2024,1
canon_Other_03121,2022,1
canon_Other_03121,2024,1
canon_Other_00743,2022,1
canon_Other_00743,2024,2
canon_Material_01747,2022,1
canon_Material_01747,2024,1
canon_Material_00321,2022,1
canon_Material_00321,2024,2
canon_Material_01748,2022,1
canon_Material_01748,2024,1
canon_Material_01749,2022,1
canon_Material_01749,2024,1
canon_Method_04921,2022,1
canon_Method_04921,2024,1
canon_Other_03122,2022,1
canon_Other_03122,2024,1
canon_Other_03123,2022,1
canon_Other_03123,2024,1
canon_Material_00322,2022,1
canon_Material_00322,2024,2
canon_Material_01750,2022,1
canon_Material_01750,2024,1
canon_Task_00556,2022,1
canon_Task_00556,2024,2
canon_Material_01751,2022,1
canon_Material_01751,2024,1
canon_Material_01752,2022,1
canon_Material_01752,2024,1
canon_Material_01753,2022,1
canon_Material_01753,2024,1
canon_Method_01130,2022,1
canon_Method_01130,2024,2
canon_Method_04922,2022,1
canon_Method_04922,2024,1
canon_Task_02170,2022,1
canon_Task_02170,2024,1
canon_Method_00522,2022,2
canon_Method_00522,2024,3
canon_Method_04923,2022,1
canon_Method_04923,2024,1
canon_Task_02171,2022,1
canon_Task_02171,2024,1
canon_Other_03124,2022,1
canon_Other_03124,2024,1
canon_Other_03125,2022,1
canon_Other_03125,2024,1
canon_Method_04924,2022,1
canon_Method_04924,2024,1
canon_Other_03126,2022,1
canon_Other_03126,2024,1
canon_Other_03127,2022,1
canon_Other_03127,2024,1
canon_Other_03128,2022,1
canon_Other_03128,2024,1
canon_Other_03130,2022,1
canon_Other_03130,2024,1
canon_Other_03131,2022,1
canon_Other_03131,2024,1
canon_Method_04925,2022,1
canon_Method_04925,2024,1
canon_Task_02172,2022,1
canon_Task_02172,2024,1
canon_Other_03132,2022,1
canon_Other_03132,2024,1
canon_Method_04926,2022,1
canon_Method_04926,2024,1
canon_Method_00523,2022,2
canon_Method_00523,2024,3
canon_Other_03133,2022,1
canon_Other_03133,2024,1
canon_Other_03134,2022,1
canon_Other_03134,2024,1
canon_Other_03135,2022,1
canon_Other_03135,2024,1
canon_Other_03136,2022,1
canon_Other_03136,2024,1
canon_Other_03137,2022,1
canon_Other_03137,2024,1
canon_Method_04927,2022,1
canon_Method_04927,2024,1
canon_Other_03138,2022,1
canon_Other_03138,2024,1
canon_Method_04928,2022,1
canon_Method_04928,2024,1
canon_Material_00323,2022,2
canon_Material_00323,2024,3
canon_Material_01839,2022,1
canon_Material_01839,2024,2
canon_Other_00237,2022,2
canon_Other_00237,2024,4
canon_Task_02173,2022,1
canon_Task_02173,2024,1
canon_Task_02174,2022,1
canon_Task_02174,2024,1
canon_Method_04929,2022,1
canon_Method_04929,2024,2
canon_Task_02175,2022,1
canon_Task_02175,2024,1
canon_Other_03140,2022,1
canon_Other_03140,2024,1
canon_Task_02176,2022,1
canon_Task_02176,2024,1
canon_Task_02177,2022,1
canon_Task_02177,2024,1
canon_Method_00524,2022,2
canon_Method_00524,2024,3
canon_Metric_00516,2022,1
canon_Metric_00516,2024,1
canon_Other_03141,2022,1
canon_Other_03141,2024,1
canon_Other_03142,2022,1
canon_Other_03142,2024,1
canon_Other_03143,2022,1
canon_Other_03143,2024,1
canon_Method_04931,2022,1
canon_Method_04931,2024,1
canon_Method_04932,2022,1
canon_Method_04932,2024,1
canon_Method_00263,2022,2
canon_Method_00263,2024,4
canon_Method_04933,2022,1
canon_Method_04933,2024,1
canon_Method_04934,2022,1
canon_Method_04934,2024,1
canon_Metric_00517,2022,1
canon_Metric_00517,2024,2
canon_Method_01132,2022,1
canon_Method_01132,2024,2
canon_Metric_00518,2022,1
canon_Metric_00518,2024,1
canon_Method_04935,2022,1
canon_Method_04935,2024,1
canon_Task_02178,2022,1
canon_Task_02178,2024,1
canon_Method_04936,2022,1
canon_Method_04936,2024,2
canon_Method_04937,2022,1
canon_Method_04937,2024,1
canon_Method_04938,2022,1
canon_Method_04938,2024,1
canon_Method_04939,2022,1
canon_Method_04939,2024,1
canon_Method_04940,2022,1
canon_Method_04940,2024,1
canon_Material_01756,2022,1
canon_Material_01756,2024,1
canon_Material_01757,2022,1
canon_Material_01757,2024,1
canon_Material_01758,2022,1
canon_Material_01758,2024,1
canon_Material_01759,2022,1
canon_Material_01759,2024,1
canon_Method_04941,2022,1
canon_Method_04941,2024,1
canon_Task_02179,2022,1
canon_Task_02179,2024,1
canon_Task_02180,2022,1
canon_Task_02180,2024,1
canon_Material_01760,2022,1
canon_Material_01760,2024,1
canon_Other_03144,2022,1
canon_Other_03144,2024,1
canon_Material_01761,2022,1
canon_Material_01761,2024,1
canon_Method_00264,2022,2
canon_Method_00264,2024,5
canon_Other_03145,2022,1
canon_Other_03145,2024,1
canon_Other_00745,2022,1
canon_Other_00745,2024,2
canon_Material_01762,2022,1
canon_Material_01762,2024,1
canon_Other_03146,2022,1
canon_Other_03146,2024,1
canon_Method_04942,2022,1
canon_Method_04942,2024,1
canon_Method_04943,2022,1
canon_Method_04943,2024,1
canon_Method_04944,2022,1
canon_Method_04944,2024,1
canon_Metric_00519,2022,1
canon_Metric_00519,2024,1
canon_Task_02181,2022,1
canon_Task_02181,2024,1
canon_Method_01133,2022,1
canon_Method_01133,2024,2
canon_Method_04945,2022,1
canon_Method_04945,2024,1
canon_Other_03147,2022,1
canon_Other_03147,2024,1
canon_Metric_00128,2022,1
canon_Metric_00128,2024,2
canon_Method_04946,2022,1
canon_Method_04946,2024,1
canon_Method_04947,2022,1
canon_Method_04947,2024,1
canon_Method_04948,2022,1
canon_Method_04948,2024,1
canon_Other_03148,2022,1
canon_Other_03148,2024,1
canon_Method_01135,2022,1
canon_Method_01135,2024,2
canon_Task_02182,2022,2
canon_Task_02182,2024,3
canon_Task_00558,2022,2
canon_Task_00558,2024,3
canon_Metric_00521,2022,1
canon_Metric_00521,2024,1
canon_Method_04949,2022,1
canon_Method_04949,2024,1
canon_Material_01763,2022,1
canon_Material_01763,2024,1
canon_Method_04950,2022,1
canon_Method_04950,2024,1
canon_Method_04951,2022,1
canon_Method_04951,2024,1
canon_Method_04952,2022,1
canon_Method_04952,2024,1
canon_Method_00265,2022,2
canon_Method_00265,2024,4
canon_Other_03149,2022,1
canon_Other_03149,2024,1
canon_Other_03150,2022,1
canon_Other_03150,2024,1
canon_Task_02184,2022,1
canon_Task_02184,2024,1
canon_Method_04953,2022,1
canon_Method_04953,2024,1
canon_Method_04954,2022,1
canon_Method_04954,2024,1
canon_Method_04955,2022,1
canon_Method_04955,2024,1
canon_Other_00238,2022,2
canon_Other_00238,2024,4
canon_Other_03151,2022,1
canon_Other_03151,2024,1
canon_Method_04956,2022,1
canon_Method_04956,2024,1
canon_Method_04957,2022,1
canon_Method_04957,2024,1
canon_Metric_00523,2022,1
canon_Metric_00523,2024,1
canon_Other_03152,2022,1
canon_Other_03152,2024,1
canon_Other_03153,2022,1
canon_Other_03153,2024,1
canon_Method_04958,2022,1
canon_Method_04958,2024,1
canon_Other_03154,2022,1
canon_Other_03154,2024,1
canon_Other_03155,2022,1
canon_Other_03155,2024,1
canon_Other_03156,2022,1
canon_Other_03156,2024,1
canon_Material_01764,2022,1
canon_Material_01764,2024,1
canon_Other_00239,2022,2
canon_Other_00239,2024,4
canon_Other_03157,2022,1
canon_Other_03157,2024,1
canon_Method_04959,2022,1
canon_Method_04959,2024,1
canon_Other_03158,2022,1
canon_Other_03158,2024,1
canon_Method_04960,2022,1
canon_Method_04960,2024,1
canon_Other_03159,2022,1
canon_Other_03159,2024,1
canon_Other_03160,2022,1
canon_Other_03160,2024,1
canon_Other_03161,2022,1
canon_Other_03161,2024,1
canon_Other_03162,2022,1
canon_Other_03162,2024,1
canon_Other_03163,2022,1
canon_Other_03163,2024,1
canon_Other_03164,2022,1
canon_Other_03164,2024,1
canon_Other_03165,2022,1
canon_Other_03165,2024,1
canon_Method_04961,2022,1
canon_Method_04961,2024,1
canon_Task_02186,2022,1
canon_Task_02186,2024,1
canon_Method_04962,2022,1
canon_Method_04962,2024,1
canon_Other_03166,2022,1
canon_Other_03166,2024,1
canon_Other_03167,2022,1
canon_Other_03167,2024,1
canon_Method_04963,2022,1
canon_Method_04963,2024,1
canon_Method_01138,2022,1
canon_Method_01138,2024,2
canon_Method_04964,2022,1
canon_Method_04964,2024,1
canon_Other_03168,2022,1
canon_Other_03168,2024,1
canon_Other_03169,2022,1
canon_Other_03169,2024,1
canon_Method_01139,2022,1
canon_Method_01139,2024,2
canon_Task_00559,2022,2
canon_Task_00559,2024,3
canon_Task_02188,2022,1
canon_Task_02188,2024,1
canon_Task_02189,2022,1
canon_Task_02189,2024,1
canon_Other_03170,2022,1
canon_Other_03170,2024,1
canon_Task_02190,2022,1
canon_Task_02190,2024,1
canon_Material_01766,2022,1
canon_Material_01766,2024,1
canon_Task_02191,2022,1
canon_Task_02191,2024,1
canon_Material_01767,2022,1
canon_Material_01767,2024,1
canon_Material_01768,2022,1
canon_Material_01768,2024,1
canon_Method_04965,2022,1
canon_Method_04965,2024,1
canon_Method_04966,2022,1
canon_Method_04966,2024,1
canon_Method_04967,2022,1
canon_Method_04967,2024,1
canon_Method_04968,2022,1
canon_Method_04968,2024,1
canon_Other_03171,2022,1
canon_Other_03171,2024,2
canon_Other_03172,2022,1
canon_Other_03172,2024,2
canon_Task_02192,2022,1
canon_Task_02192,2024,1
canon_Material_00324,2022,1
canon_Material_00324,2024,2
canon_Method_04970,2022,1
canon_Method_04970,2024,1
canon_Material_01769,2022,1
canon_Material_01769,2024,1
canon_Method_01140,2022,1
canon_Method_01140,2024,2
canon_Method_04971,2022,1
canon_Method_04971,2024,2
canon_Task_02193,2022,1
canon_Task_02193,2024,2
canon_Method_04972,2022,1
canon_Method_04972,2024,1
canon_Method_04973,2022,1
canon_Method_04973,2024,1
canon_Method_04974,2022,1
canon_Method_04974,2024,1
canon_Material_01770,2022,1
canon_Material_01770,2024,1
canon_Task_02194,2022,1
canon_Task_02194,2024,1
canon_Task_02195,2022,1
canon_Task_02195,2024,1
canon_Material_01772,2022,1
canon_Material_01772,2024,1
canon_Method_00525,2022,2
canon_Method_00525,2024,3
canon_Method_04975,2022,1
canon_Method_04975,2024,1
canon_Method_04976,2022,1
canon_Method_04976,2024,1
canon_Other_03173,2022,1
canon_Other_03173,2024,1
canon_Task_00560,2022,1
canon_Task_00560,2024,2
canon_Task_00092,2022,4
canon_Task_00092,2024,7
canon_Task_02196,2022,1
canon_Task_02196,2024,1
canon_Task_02197,2022,1
canon_Task_02197,2024,1
canon_Method_00151,2022,2
canon_Method_00151,2024,5
canon_Other_03174,2022,1
canon_Other_03174,2024,1
canon_Method_01141,2022,1
canon_Method_01141,2024,2
canon_Other_03175,2022,1
canon_Other_03175,2024,1
canon_Task_00561,2022,1
canon_Task_00561,2024,2
canon_Method_04977,2022,1
canon_Method_04977,2024,1
canon_Method_04978,2022,1
canon_Method_04978,2024,1
canon_Method_04979,2022,1
canon_Method_04979,2024,1
canon_Method_04980,2022,1
canon_Method_04980,2024,1
canon_Method_04981,2022,1
canon_Method_04981,2024,1
canon_Method_04982,2022,1
canon_Method_04982,2024,1
canon_Material_01773,2022,1
canon_Material_01773,2024,1
canon_Other_03176,2022,1
canon_Other_03176,2024,1
canon_Material_01774,2022,1
canon_Material_01774,2024,1
canon_Other_03177,2022,1
canon_Other_03177,2024,1
canon_Method_04983,2022,1
canon_Method_04983,2024,1
canon_Task_02198,2022,1
canon_Task_02198,2024,1
canon_Task_02199,2022,1
canon_Task_02199,2024,1
canon_Other_03178,2022,1
canon_Other_03178,2024,1
canon_Method_04984,2022,1
canon_Method_04984,2024,1
canon_Other_00748,2022,1
canon_Other_00748,2024,2
canon_Method_04985,2022,1
canon_Method_04985,2024,1
canon_Other_03179,2022,1
canon_Other_03179,2024,2
canon_Material_01775,2022,1
canon_Material_01775,2024,1
canon_Material_01776,2022,1
canon_Material_01776,2024,1
canon_Material_01777,2022,1
canon_Material_01777,2024,1
canon_Method_04986,2022,1
canon_Method_04986,2024,1
canon_Material_01778,2022,1
canon_Material_01778,2024,1
canon_Method_04987,2022,1
canon_Method_04987,2024,1
canon_Method_04988,2022,1
canon_Method_04988,2024,1
canon_Method_04989,2022,1
canon_Method_04989,2024,1
canon_Other_00749,2022,1
canon_Other_00749,2024,2
canon_Other_00750,2022,1
canon_Other_00750,2024,2
canon_Other_03180,2022,1
canon_Other_03180,2024,1
canon_Material_01780,2022,1
canon_Material_01780,2024,1
canon_Method_04990,2022,1
canon_Method_04990,2024,1
canon_Task_02200,2022,1
canon_Task_02200,2024,1
canon_Method_04991,2022,1
canon_Method_04991,2024,1
canon_Task_00138,2022,2
canon_Task_00138,2024,4
canon_Method_04992,2022,1
canon_Method_04992,2024,1
canon_Other_03181,2022,1
canon_Other_03181,2024,1
canon_Metric_00524,2022,1
canon_Metric_00524,2024,1
canon_Method_04993,2022,1
canon_Method_04993,2024,1
canon_Method_04994,2022,1
canon_Method_04994,2024,1
canon_Method_04995,2022,1
canon_Method_04995,2024,1
canon_Other_03182,2022,1
canon_Other_03182,2024,1
canon_Method_04996,2022,1
canon_Method_04996,2024,1
canon_Task_02201,2022,1
canon_Task_02201,2024,1
canon_Task_02202,2022,1
canon_Task_02202,2024,1
canon_Material_01781,2022,1
canon_Material_01781,2024,1
canon_Method_04997,2022,1
canon_Method_04997,2024,1
canon_Task_02203,2022,1
canon_Task_02203,2024,1
canon_Task_02204,2022,1
canon_Task_02204,2024,1
canon_Metric_00525,2022,1
canon_Metric_00525,2024,1
canon_Method_04998,2022,1
canon_Method_04998,2024,1
canon_Method_04999,2022,1
canon_Method_04999,2024,1
canon_Other_03184,2022,1
canon_Other_03184,2024,1
canon_Task_02205,2022,1
canon_Task_02205,2024,1
canon_Other_03185,2022,1
canon_Other_03185,2024,1
canon_Other_03186,2022,1
canon_Other_03186,2024,1
canon_Task_02206,2022,1
canon_Task_02206,2024,1
canon_Method_05000,2022,1
canon_Method_05000,2024,1
canon_Metric_00526,2022,1
canon_Metric_00526,2024,1
canon_Metric_00527,2022,1
canon_Metric_00527,2024,1
canon_Metric_00129,2022,1
canon_Metric_00129,2024,2
canon_Material_01784,2022,1
canon_Material_01784,2024,1
canon_Other_03188,2022,1
canon_Other_03188,2024,1
canon_Other_03189,2022,1
canon_Other_03189,2024,1
canon_Task_02207,2022,1
canon_Task_02207,2024,1
canon_Method_05001,2022,1
canon_Method_05001,2024,1
canon_Method_05002,2022,1
canon_Method_05002,2024,1
canon_Task_02208,2022,1
canon_Task_02208,2024,1
canon_Task_02209,2022,1
canon_Task_02209,2024,1
canon_Method_05003,2022,1
canon_Method_05003,2024,1
canon_Other_03190,2022,1
canon_Other_03190,2024,1
canon_Material_01785,2022,1
canon_Material_01785,2024,1
canon_Material_01786,2022,1
canon_Material_01786,2024,1
canon_Other_03191,2022,1
canon_Other_03191,2024,1
canon_Task_02210,2022,1
canon_Task_02210,2024,2
canon_Other_03192,2022,1
canon_Other_03192,2024,1
canon_Task_02211,2022,1
canon_Task_02211,2024,1
canon_Task_02212,2022,1
canon_Task_02212,2024,1
canon_Other_03193,2022,1
canon_Other_03193,2024,1
canon_Method_05004,2022,1
canon_Method_05004,2024,1
canon_Other_00392,2022,2
canon_Other_00392,2024,3
canon_Method_01142,2022,1
canon_Method_01142,2024,2
canon_Other_03194,2022,1
canon_Other_03194,2024,1
canon_Other_03195,2022,1
canon_Other_03195,2024,1
canon_Method_05006,2022,1
canon_Method_05006,2024,2
canon_Task_00563,2022,1
canon_Task_00563,2024,2
canon_Method_05007,2022,1
canon_Method_05007,2024,1
canon_Method_00266,2022,2
canon_Method_00266,2024,4
canon_Method_05008,2022,1
canon_Method_05008,2024,1
canon_Task_02216,2022,1
canon_Task_02216,2024,1
canon_Other_00393,2022,2
canon_Other_00393,2024,3
canon_Other_00752,2022,1
canon_Other_00752,2024,2
canon_Metric_00528,2022,1
canon_Metric_00528,2024,1
canon_Task_02217,2022,1
canon_Task_02217,2024,1
canon_Task_02218,2022,1
canon_Task_02218,2024,1
canon_Task_02219,2022,1
canon_Task_02219,2024,1
canon_Material_01788,2022,1
canon_Material_01788,2024,1
canon_Material_01789,2022,1
canon_Material_01789,2024,1
canon_Other_03196,2022,1
canon_Other_03196,2024,1
canon_Method_05009,2022,1
canon_Method_05009,2024,1
canon_Task_02220,2022,1
canon_Task_02220,2024,1
canon_Method_05010,2022,1
canon_Method_05010,2024,1
canon_Material_01790,2022,1
canon_Material_01790,2024,1
canon_Material_01791,2022,1
canon_Material_01791,2024,1
canon_Method_05011,2022,1
canon_Method_05011,2024,1
canon_Metric_00529,2022,1
canon_Metric_00529,2024,1
canon_Metric_00530,2022,1
canon_Metric_00530,2024,1
canon_Method_05012,2022,1
canon_Method_05012,2024,1
canon_Method_00527,2022,2
canon_Method_00527,2024,3
canon_Other_03197,2022,1
canon_Other_03197,2024,1
canon_Other_00753,2022,1
canon_Other_00753,2024,2
canon_Other_03198,2022,1
canon_Other_03198,2024,1
canon_Other_03199,2022,1
canon_Other_03199,2024,1
canon_Other_03200,2022,1
canon_Other_03200,2024,1
canon_Other_03201,2022,1
canon_Other_03201,2024,1
canon_Metric_00531,2022,1
canon_Metric_00531,2024,1
canon_Other_03203,2022,1
canon_Other_03203,2024,1
canon_Other_03204,2022,1
canon_Other_03204,2024,2
canon_Method_05014,2022,1
canon_Method_05014,2024,1
canon_Task_02222,2022,1
canon_Task_02222,2024,1
canon_Other_03206,2022,1
canon_Other_03206,2024,1
canon_Other_03207,2022,1
canon_Other_03207,2024,1
canon_Other_03208,2022,1
canon_Other_03208,2024,1
canon_Material_01792,2022,1
canon_Material_01792,2024,1
canon_Material_01793,2022,1
canon_Material_01793,2024,1
canon_Method_05015,2022,1
canon_Method_05015,2024,1
canon_Method_05016,2022,1
canon_Method_05016,2024,2
canon_Method_05017,2022,1
canon_Method_05017,2024,1
canon_Method_05018,2022,1
canon_Method_05018,2024,1
canon_Method_05019,2022,1
canon_Method_05019,2024,1
canon_Method_05020,2022,1
canon_Method_05020,2024,1
canon_Method_00267,2022,2
canon_Method_00267,2024,4
canon_Method_00102,2022,3
canon_Method_00102,2024,6
canon_Other_03209,2022,1
canon_Other_03209,2024,1
canon_Other_03210,2022,1
canon_Other_03210,2024,1
canon_Other_03211,2022,1
canon_Other_03211,2024,1
canon_Method_05021,2022,1
canon_Method_05021,2024,1
canon_Material_01794,2022,1
canon_Material_01794,2024,1
canon_Task_02223,2022,1
canon_Task_02223,2024,1
canon_Other_00170,2022,2
canon_Other_00170,2024,5
canon_Material_01796,2022,1
canon_Material_01796,2024,1
canon_Other_03212,2022,1
canon_Other_03212,2024,1
canon_Method_05022,2022,1
canon_Method_05022,2024,1
canon_Method_05023,2022,1
canon_Method_05023,2024,1
canon_Other_03213,2022,1
canon_Other_03213,2024,1
canon_Method_05024,2022,1
canon_Method_05024,2024,1
canon_Method_05025,2022,1
canon_Method_05025,2024,1
canon_Method_00528,2022,2
canon_Method_00528,2024,3
canon_Method_05026,2022,1
canon_Method_05026,2024,1
canon_Method_00268,2022,2
canon_Method_00268,2024,4
canon_Method_00529,2022,2
canon_Method_00529,2024,3
canon_Method_00530,2022,2
canon_Method_00530,2024,3
canon_Method_01143,2022,1
canon_Method_01143,2024,2
canon_Material_00152,2022,2
canon_Material_00152,2024,3
canon_Method_05027,2022,1
canon_Method_05027,2024,1
canon_Material_01797,2022,1
canon_Material_01797,2024,1
canon_Material_01798,2022,1
canon_Material_01798,2024,1
canon_Material_00325,2022,1
canon_Material_00325,2024,2
canon_Material_01799,2022,1
canon_Material_01799,2024,1
canon_Task_02224,2022,1
canon_Task_02224,2024,1
canon_Material_01800,2022,1
canon_Material_01800,2024,1
canon_Material_01801,2022,1
canon_Material_01801,2024,1
canon_Method_05028,2022,1
canon_Method_05028,2024,1
canon_Other_03214,2022,1
canon_Other_03214,2024,1
canon_Other_03215,2022,1
canon_Other_03215,2024,1
canon_Other_03216,2022,1
canon_Other_03216,2024,1
canon_Method_05029,2022,1
canon_Method_05029,2024,1
canon_Task_02225,2022,1
canon_Task_02225,2024,1
canon_Material_01802,2022,1
canon_Material_01802,2024,1
canon_Task_02226,2022,1
canon_Task_02226,2024,1
canon_Other_03217,2022,1
canon_Other_03217,2024,1
canon_Other_03218,2022,1
canon_Other_03218,2024,1
canon_Other_03219,2022,1
canon_Other_03219,2024,1
canon_Method_05030,2022,1
canon_Method_05030,2024,1
canon_Task_02227,2022,1
canon_Task_02227,2024,1
canon_Task_02228,2022,1
canon_Task_02228,2024,1
canon_Method_05031,2022,1
canon_Method_05031,2024,1
canon_Task_02229,2022,1
canon_Task_02229,2024,1
canon_Other_03220,2022,1
canon_Other_03220,2024,1
canon_Task_00564,2022,1
canon_Task_00564,2024,2
canon_Method_05033,2022,1
canon_Method_05033,2024,1
canon_Material_01803,2022,1
canon_Material_01803,2024,1
canon_Material_01804,2022,1
canon_Material_01804,2024,1
canon_Method_05034,2022,1
canon_Method_05034,2024,1
canon_Task_02230,2022,1
canon_Task_02230,2024,1
canon_Method_05035,2022,1
canon_Method_05035,2024,1
canon_Task_02231,2022,1
canon_Task_02231,2024,1
canon_Task_02232,2022,1
canon_Task_02232,2024,1
canon_Task_02233,2022,1
canon_Task_02233,2024,1
canon_Method_00531,2022,2
canon_Method_00531,2024,3
canon_Method_01145,2022,1
canon_Method_01145,2024,2
canon_Other_03221,2022,1
canon_Other_03221,2024,1
canon_Method_05036,2022,1
canon_Method_05036,2024,1
canon_Method_00532,2022,2
canon_Method_00532,2024,3
canon_Method_05037,2022,1
canon_Method_05037,2024,1
canon_Method_05038,2022,1
canon_Method_05038,2024,1
canon_Task_02236,2022,1
canon_Task_02236,2024,1
canon_Task_02237,2022,1
canon_Task_02237,2024,1
canon_Other_03222,2022,1
canon_Other_03222,2024,1
canon_Metric_00532,2022,1
canon_Metric_00532,2024,1
canon_Task_02238,2022,1
canon_Task_02238,2024,2
canon_Task_02239,2022,1
canon_Task_02239,2024,2
canon_Task_02240,2022,1
canon_Task_02240,2024,1
canon_Task_02241,2022,1
canon_Task_02241,2024,1
canon_Other_03223,2022,1
canon_Other_03223,2024,1
canon_Method_05039,2022,1
canon_Method_05039,2024,1
canon_Other_03224,2022,1
canon_Other_03224,2024,1
canon_Other_03225,2022,2
canon_Other_03225,2024,3
canon_Method_05040,2022,1
canon_Method_05040,2024,1
canon_Method_01146,2022,1
canon_Method_01146,2024,2
canon_Other_03226,2022,1
canon_Other_03226,2024,1
canon_Method_05041,2022,1
canon_Method_05041,2024,1
canon_Other_03227,2022,1
canon_Other_03227,2024,1
canon_Other_03228,2022,1
canon_Other_03228,2024,2
canon_Other_03229,2022,1
canon_Other_03229,2024,1
canon_Method_05042,2022,1
canon_Method_05042,2024,1
canon_Method_05043,2022,1
canon_Method_05043,2024,1
canon_Material_01805,2022,1
canon_Material_01805,2024,1
canon_Task_02243,2022,1
canon_Task_02243,2024,1
canon_Other_03230,2022,1
canon_Other_03230,2024,1
canon_Method_00269,2022,2
canon_Method_00269,2024,4
canon_Method_05044,2022,1
canon_Method_05044,2024,1
canon_Method_05045,2022,1
canon_Method_05045,2024,1
canon_Method_05046,2022,1
canon_Method_05046,2024,1
canon_Other_03231,2022,1
canon_Other_03231,2024,1
canon_Task_00567,2022,1
canon_Task_00567,2024,2
canon_Method_05047,2022,1
canon_Method_05047,2024,1
canon_Method_05048,2022,1
canon_Method_05048,2024,1
canon_Method_05049,2022,1
canon_Method_05049,2024,1
canon_Method_05050,2022,1
canon_Method_05050,2024,1
canon_Material_01806,2022,1
canon_Material_01806,2024,1
canon_Task_00568,2022,1
canon_Task_00568,2024,2
canon_Method_01147,2022,1
canon_Method_01147,2024,2
canon_Other_03232,2022,1
canon_Other_03232,2024,1
canon_Task_00569,2022,1
canon_Task_00569,2024,2
canon_Task_02244,2022,1
canon_Task_02244,2024,1
canon_Method_05051,2022,1
canon_Method_05051,2024,1
canon_Method_05052,2022,1
canon_Method_05052,2024,1
canon_Method_00533,2022,2
canon_Method_00533,2024,3
canon_Method_05053,2022,1
canon_Method_05053,2024,1
canon_Task_02245,2022,1
canon_Task_02245,2024,1
canon_Method_05054,2022,1
canon_Method_05054,2024,2
canon_Method_01148,2022,1
canon_Method_01148,2024,2
canon_Method_05056,2022,1
canon_Method_05056,2024,1
canon_Material_01807,2022,1
canon_Material_01807,2024,1
canon_Material_01808,2022,1
canon_Material_01808,2024,1
canon_Other_03233,2022,1
canon_Other_03233,2024,1
canon_Method_05057,2022,1
canon_Method_05057,2024,1
canon_Other_03234,2022,1
canon_Other_03234,2024,1
canon_Method_05058,2022,1
canon_Method_05058,2024,1
canon_Method_05059,2022,1
canon_Method_05059,2024,1
canon_Method_05060,2022,1
canon_Method_05060,2024,1
canon_Material_01809,2022,1
canon_Material_01809,2024,1
canon_Method_05061,2022,1
canon_Method_05061,2024,1
canon_Material_01810,2022,1
canon_Material_01810,2024,1
canon_Method_05062,2022,1
canon_Method_05062,2024,1
canon_Material_01811,2022,1
canon_Material_01811,2024,1
canon_Other_03235,2022,1
canon_Other_03235,2024,1
canon_Task_00272,2022,2
canon_Task_00272,2024,3
canon_Other_03236,2022,1
canon_Other_03236,2024,1
canon_Other_03237,2022,1
canon_Other_03237,2024,1
canon_Other_03238,2022,1
canon_Other_03238,2024,1
canon_Method_05063,2022,1
canon_Method_05063,2024,1
canon_Method_05064,2022,1
canon_Method_05064,2024,1
canon_Method_05065,2022,1
canon_Method_05065,2024,1
canon_Other_03239,2022,1
canon_Other_03239,2024,1
canon_Method_05066,2022,1
canon_Method_05066,2024,1
canon_Method_05067,2022,1
canon_Method_05067,2024,1
canon_Method_05068,2022,1
canon_Method_05068,2024,1
canon_Method_01150,2022,1
canon_Method_01150,2024,2
canon_Other_03240,2022,3
canon_Other_03240,2024,6
canon_Method_05069,2022,1
canon_Method_05069,2024,1
canon_Method_00534,2022,2
canon_Method_00534,2024,3
canon_Method_01151,2022,1
canon_Method_01151,2024,2
canon_Method_05070,2022,1
canon_Method_05070,2024,1
canon_Task_02249,2022,1
canon_Task_02249,2024,1
canon_Method_00535,2022,2
canon_Method_00535,2024,3
canon_Method_05071,2022,1
canon_Method_05071,2024,2
canon_Method_05072,2022,1
canon_Method_05072,2024,1
canon_Method_05073,2022,1
canon_Method_05073,2024,1
canon_Method_00062,2022,4
canon_Method_00062,2024,8
canon_Metric_00533,2022,1
canon_Metric_00533,2024,1
canon_Task_02250,2022,1
canon_Task_02250,2024,1
canon_Task_02251,2022,1
canon_Task_02251,2024,1
canon_Method_00536,2022,2
canon_Method_00536,2024,5
canon_Other_03241,2022,1
canon_Other_03241,2024,2
canon_Task_02252,2022,1
canon_Task_02252,2024,1
canon_Method_05075,2022,1
canon_Method_05075,2024,1
canon_Material_01813,2022,1
canon_Material_01813,2024,1
canon_Task_02253,2022,1
canon_Task_02253,2024,1
canon_Task_02254,2022,1
canon_Task_02254,2024,1
canon_Method_05077,2022,1
canon_Method_05077,2024,2
canon_Task_02255,2022,1
canon_Task_02255,2024,1
canon_Method_05078,2022,1
canon_Method_05078,2024,1
canon_Method_05079,2022,1
canon_Method_05079,2024,1
canon_Method_05080,2022,1
canon_Method_05080,2024,1
canon_Method_00537,2022,2
canon_Method_00537,2024,3
canon_Method_05081,2022,1
canon_Method_05081,2024,1
canon_Other_03242,2022,1
canon_Other_03242,2024,1
canon_Task_02256,2022,1
canon_Task_02256,2024,1
canon_Task_02257,2022,1
canon_Task_02257,2024,1
canon_Other_00755,2022,1
canon_Other_00755,2024,2
canon_Other_03243,2022,1
canon_Other_03243,2024,1
canon_Other_03244,2022,1
canon_Other_03244,2024,1
canon_Other_03245,2022,1
canon_Other_03245,2024,1
canon_Method_05082,2022,1
canon_Method_05082,2024,1
canon_Method_05083,2022,1
canon_Method_05083,2024,1
canon_Task_02258,2022,1
canon_Task_02258,2024,1
canon_Method_05085,2022,1
canon_Method_05085,2024,2
canon_Method_05086,2022,1
canon_Method_05086,2024,1
canon_Method_05087,2022,1
canon_Method_05087,2024,1
canon_Method_05088,2022,1
canon_Method_05088,2024,1
canon_Task_02259,2022,1
canon_Task_02259,2024,1
canon_Method_01152,2022,1
canon_Method_01152,2024,2
canon_Task_02260,2022,1
canon_Task_02260,2024,1
canon_Task_00571,2022,1
canon_Task_00571,2024,2
canon_Other_03246,2022,1
canon_Other_03246,2024,1
canon_Material_01814,2022,1
canon_Material_01814,2024,1
canon_Other_00757,2022,1
canon_Other_00757,2024,2
canon_Other_03247,2022,1
canon_Other_03247,2024,1
canon_Other_03248,2022,1
canon_Other_03248,2024,1
canon_Task_02261,2022,1
canon_Task_02261,2024,1
canon_Other_03249,2022,1
canon_Other_03249,2024,1
canon_Other_03250,2022,1
canon_Other_03250,2024,1
canon_Other_03251,2022,1
canon_Other_03251,2024,1
canon_Other_03252,2022,1
canon_Other_03252,2024,1
canon_Other_03253,2022,1
canon_Other_03253,2024,1
canon_Other_03254,2022,1
canon_Other_03254,2024,1
canon_Other_03255,2022,1
canon_Other_03255,2024,1
canon_Method_01153,2022,1
canon_Method_01153,2024,2
canon_Method_00270,2022,2
canon_Method_00270,2024,4
canon_Method_00271,2022,2
canon_Method_00271,2024,4
canon_Task_02262,2022,1
canon_Task_02262,2024,1
canon_Method_05090,2022,1
canon_Method_05090,2024,1
canon_Method_05091,2022,1
canon_Method_05091,2024,1
canon_Task_02263,2022,1
canon_Task_02263,2024,1
canon_Method_05092,2022,1
canon_Method_05092,2024,1
canon_Other_03256,2022,1
canon_Other_03256,2024,1
canon_Other_03257,2022,1
canon_Other_03257,2024,1
canon_Method_05093,2022,1
canon_Method_05093,2024,1
canon_Task_02264,2022,1
canon_Task_02264,2024,1
canon_Metric_00534,2022,1
canon_Metric_00534,2024,1
canon_Material_01815,2022,1
canon_Material_01815,2024,1
canon_Other_03258,2022,1
canon_Other_03258,2024,1
canon_Material_01816,2022,1
canon_Material_01816,2024,1
canon_Material_01817,2022,1
canon_Material_01817,2024,1
canon_Other_03259,2022,1
canon_Other_03259,2024,1
canon_Material_01818,2022,1
canon_Material_01818,2024,1
canon_Task_00572,2022,1
canon_Task_00572,2024,2
canon_Material_01819,2022,1
canon_Material_01819,2024,1
canon_Other_03260,2022,1
canon_Other_03260,2024,1
canon_Other_03261,2022,1
canon_Other_03261,2024,1
canon_Material_01820,2022,1
canon_Material_01820,2024,1
canon_Method_05094,2022,1
canon_Method_05094,2024,1
canon_Task_02265,2022,1
canon_Task_02265,2024,1
canon_Method_05095,2022,1
canon_Method_05095,2024,2
canon_Metric_00535,2022,1
canon_Metric_00535,2024,1
canon_Task_00573,2022,2
canon_Task_00573,2024,3
canon_Method_05096,2022,1
canon_Method_05096,2024,1
canon_Method_05097,2022,1
canon_Method_05097,2024,1
canon_Task_02266,2022,1
canon_Task_02266,2024,1
canon_Method_05098,2022,1
canon_Method_05098,2024,1
canon_Method_05099,2022,1
canon_Method_05099,2024,1
canon_Method_05100,2022,1
canon_Method_05100,2024,1
canon_Method_05101,2022,1
canon_Method_05101,2024,1
canon_Task_02267,2022,1
canon_Task_02267,2024,1
canon_Other_03262,2022,1
canon_Other_03262,2024,1
canon_Other_00758,2022,1
canon_Other_00758,2024,2
canon_Other_03263,2022,1
canon_Other_03263,2024,1
canon_Method_05102,2022,1
canon_Method_05102,2024,1
canon_Metric_00536,2022,1
canon_Metric_00536,2024,1
canon_Method_01154,2022,1
canon_Method_01154,2024,2
canon_Task_02268,2022,1
canon_Task_02268,2024,1
canon_Task_02269,2022,1
canon_Task_02269,2024,1
canon_Method_05103,2022,1
canon_Method_05103,2024,1
canon_Method_05104,2022,1
canon_Method_05104,2024,1
canon_Other_03264,2022,1
canon_Other_03264,2024,1
canon_Other_03265,2022,1
canon_Other_03265,2024,1
canon_Task_00575,2022,1
canon_Task_00575,2024,2
canon_Task_00576,2022,1
canon_Task_00576,2024,2
canon_Method_05105,2022,1
canon_Method_05105,2024,1
canon_Method_05106,2022,1
canon_Method_05106,2024,1
canon_Method_05107,2022,1
canon_Method_05107,2024,1
canon_Task_02270,2022,1
canon_Task_02270,2024,1
canon_Material_01821,2022,1
canon_Material_01821,2024,1
canon_Method_05109,2022,1
canon_Method_05109,2024,1
canon_Method_05110,2022,1
canon_Method_05110,2024,1
canon_Task_02271,2022,1
canon_Task_02271,2024,1
canon_Method_05111,2022,1
canon_Method_05111,2024,1
canon_Method_05112,2022,1
canon_Method_05112,2024,1
canon_Other_03266,2022,1
canon_Other_03266,2024,1
canon_Method_05113,2022,1
canon_Method_05113,2024,1
canon_Method_05114,2022,1
canon_Method_05114,2024,1
canon_Other_03267,2022,1
canon_Other_03267,2024,1
canon_Task_02272,2022,1
canon_Task_02272,2024,1
canon_Method_00215,2022,1
canon_Method_00215,2024,1
canon_Method_00272,2022,2
canon_Method_00272,2024,4
canon_Task_02273,2022,1
canon_Task_02273,2024,1
canon_Method_05115,2022,1
canon_Method_05115,2024,1
canon_Method_05116,2022,1
canon_Method_05116,2024,1
canon_Method_05117,2022,1
canon_Method_05117,2024,1
canon_Other_03268,2022,1
canon_Other_03268,2024,1
canon_Method_05118,2022,1
canon_Method_05118,2024,1
canon_Method_05119,2022,1
canon_Method_05119,2024,1
canon_Method_05120,2022,1
canon_Method_05120,2024,1
canon_Metric_00537,2022,1
canon_Metric_00537,2024,1
canon_Task_02274,2022,1
canon_Task_02274,2024,1
canon_Other_00240,2022,2
canon_Other_00240,2024,4
canon_Task_00273,2022,2
canon_Task_00273,2024,3
canon_Task_02275,2022,1
canon_Task_02275,2024,1
canon_Other_03269,2022,1
canon_Other_03269,2024,1
canon_Material_01822,2022,1
canon_Material_01822,2024,1
canon_Task_02276,2022,1
canon_Task_02276,2024,1
canon_Task_02277,2022,1
canon_Task_02277,2024,1
canon_Task_02278,2022,1
canon_Task_02278,2024,1
canon_Metric_00538,2022,1
canon_Metric_00538,2024,1
canon_Material_00326,2022,1
canon_Material_00326,2024,2
canon_Method_05121,2022,1
canon_Method_05121,2024,2
canon_Task_02279,2022,1
canon_Task_02279,2024,1
canon_Method_05122,2022,1
canon_Method_05122,2024,1
canon_Material_01823,2022,1
canon_Material_01823,2024,1
canon_Method_05123,2022,1
canon_Method_05123,2024,1
canon_Method_05124,2022,1
canon_Method_05124,2024,2
canon_Method_01155,2022,1
canon_Method_01155,2024,2
canon_Other_03270,2022,1
canon_Other_03270,2024,1
canon_Material_01824,2022,1
canon_Material_01824,2024,1
canon_Method_05125,2022,1
canon_Method_05125,2024,1
canon_Other_03271,2022,1
canon_Other_03271,2024,1
canon_Task_00577,2022,1
canon_Task_00577,2024,2
canon_Other_03272,2022,1
canon_Other_03272,2024,1
canon_Metric_00539,2022,1
canon_Metric_00539,2024,1
canon_Method_05126,2022,1
canon_Method_05126,2024,1
canon_Method_00273,2022,2
canon_Method_00273,2024,4
canon_Task_02280,2022,1
canon_Task_02280,2024,1
canon_Material_01825,2022,1
canon_Material_01825,2024,1
canon_Material_01826,2022,1
canon_Material_01826,2024,1
canon_Other_03273,2022,1
canon_Other_03273,2024,1
canon_Other_03274,2022,1
canon_Other_03274,2024,1
canon_Task_02281,2022,1
canon_Task_02281,2024,1
canon_Material_01827,2022,1
canon_Material_01827,2024,1
canon_Task_02282,2022,1
canon_Task_02282,2024,1
canon_Other_03275,2022,1
canon_Other_03275,2024,1
canon_Other_03276,2022,1
canon_Other_03276,2024,1
canon_Task_02283,2022,1
canon_Task_02283,2024,1
canon_Other_03277,2022,1
canon_Other_03277,2024,1
canon_Other_03278,2022,1
canon_Other_03278,2024,1
canon_Method_05127,2022,1
canon_Method_05127,2024,1
canon_Task_02284,2022,1
canon_Task_02284,2024,1
canon_Task_02285,2022,1
canon_Task_02285,2024,1
canon_Method_05128,2022,1
canon_Method_05128,2024,1
canon_Method_05129,2022,1
canon_Method_05129,2024,1
canon_Method_05130,2022,1
canon_Method_05130,2024,1
canon_Method_01156,2022,1
canon_Method_01156,2024,2
canon_Task_02286,2022,1
canon_Task_02286,2024,1
canon_Metric_00540,2022,1
canon_Metric_00540,2024,1
canon_Method_05132,2022,1
canon_Method_05132,2024,1
canon_Material_01828,2022,1
canon_Material_01828,2024,1
canon_Material_01829,2022,1
canon_Material_01829,2024,1
canon_Method_05133,2022,1
canon_Method_05133,2024,1
canon_Method_00274,2022,2
canon_Method_00274,2024,4
canon_Other_03279,2022,1
canon_Other_03279,2024,1
canon_Method_05134,2022,1
canon_Method_05134,2024,1
canon_Method_05135,2022,1
canon_Method_05135,2024,1
canon_Method_05136,2022,1
canon_Method_05136,2024,1
canon_Material_01830,2022,1
canon_Material_01830,2024,1
canon_Task_02287,2022,1
canon_Task_02287,2024,1
canon_Task_02288,2022,1
canon_Task_02288,2024,1
canon_Task_02289,2022,1
canon_Task_02289,2024,2
canon_Task_02290,2022,1
canon_Task_02290,2024,1
canon_Method_05137,2022,1
canon_Method_05137,2024,1
canon_Task_02291,2022,1
canon_Task_02291,2024,1
canon_Method_05138,2022,2
canon_Method_05138,2024,3
canon_Task_02292,2022,1
canon_Task_02292,2024,1
canon_Task_02293,2022,1
canon_Task_02293,2024,1
canon_Other_03280,2022,1
canon_Other_03280,2024,1
canon_Method_05139,2022,1
canon_Method_05139,2024,1
canon_Method_05140,2022,1
canon_Method_05140,2024,2
canon_Other_03281,2022,1
canon_Other_03281,2024,1
canon_Method_05141,2022,1
canon_Method_05141,2024,1
canon_Material_01831,2022,1
canon_Material_01831,2024,1
canon_Method_05142,2022,1
canon_Method_05142,2024,1
canon_Method_05143,2022,1
canon_Method_05143,2024,1
canon_Method_05144,2022,1
canon_Method_05144,2024,1
canon_Method_05145,2022,1
canon_Method_05145,2024,1
canon_Task_02294,2022,1
canon_Task_02294,2024,1
canon_Task_02295,2022,1
canon_Task_02295,2024,1
canon_Method_05146,2022,1
canon_Method_05146,2024,1
canon_Method_05147,2022,1
canon_Method_05147,2024,1
canon_Other_03282,2022,1
canon_Other_03282,2024,1
canon_Material_01832,2022,1
canon_Material_01832,2024,1
canon_Other_03283,2022,1
canon_Other_03283,2024,1
canon_Task_02296,2022,1
canon_Task_02296,2024,1
canon_Task_02297,2022,1
canon_Task_02297,2024,1
canon_Method_05148,2022,1
canon_Method_05148,2024,1
canon_Metric_00060,2022,2
canon_Metric_00060,2024,3
canon_Method_01158,2022,1
canon_Method_01158,2024,2
canon_Task_00578,2022,1
canon_Task_00578,2024,2
canon_Task_00579,2022,1
canon_Task_00579,2024,2
canon_Method_05149,2022,1
canon_Method_05149,2024,1
canon_Method_01159,2022,1
canon_Method_01159,2024,2
canon_Task_02299,2022,1
canon_Task_02299,2024,1
canon_Material_01833,2022,1
canon_Material_01833,2024,1
canon_Task_02300,2022,1
canon_Task_02300,2024,1
canon_Task_02301,2022,1
canon_Task_02301,2024,1
canon_Method_05150,2022,1
canon_Method_05150,2024,1
canon_Method_05151,2022,1
canon_Method_05151,2024,1
canon_Method_05152,2022,1
canon_Method_05152,2024,1
canon_Method_05153,2022,1
canon_Method_05153,2024,1
canon_Metric_00542,2022,1
canon_Metric_00542,2024,1
canon_Other_03284,2022,1
canon_Other_03284,2024,1
canon_Metric_00543,2022,1
canon_Metric_00543,2024,1
canon_Task_02303,2022,1
canon_Task_02303,2024,1
canon_Other_03285,2022,1
canon_Other_03285,2024,1
canon_Method_05154,2022,1
canon_Method_05154,2024,2
canon_Other_03286,2022,1
canon_Other_03286,2024,1
canon_Method_00538,2022,2
canon_Method_00538,2024,3
canon_Other_03287,2022,1
canon_Other_03287,2024,1
canon_Method_01160,2022,1
canon_Method_01160,2024,2
canon_Task_02305,2022,1
canon_Task_02305,2024,1
canon_Other_03288,2022,1
canon_Other_03288,2024,1
canon_Task_02306,2022,1
canon_Task_02306,2024,1
canon_Method_05155,2022,1
canon_Method_05155,2024,2
canon_Task_00580,2022,1
canon_Task_00580,2024,2
canon_Other_03289,2022,1
canon_Other_03289,2024,1
canon_Method_05156,2022,1
canon_Method_05156,2024,1
canon_Method_05157,2022,1
canon_Method_05157,2024,1
canon_Other_03290,2022,1
canon_Other_03290,2024,1
canon_Other_03291,2022,1
canon_Other_03291,2024,1
canon_Material_01834,2022,1
canon_Material_01834,2024,1
canon_Other_03292,2022,1
canon_Other_03292,2024,2
canon_Method_05158,2022,1
canon_Method_05158,2024,1
canon_Other_03293,2022,1
canon_Other_03293,2024,1
canon_Task_02307,2022,1
canon_Task_02307,2024,1
canon_Other_03294,2022,1
canon_Other_03294,2024,1
canon_Method_05159,2022,1
canon_Method_05159,2024,1
canon_Method_05160,2022,1
canon_Method_05160,2024,1
canon_Method_05161,2022,1
canon_Method_05161,2024,1
canon_Metric_00544,2022,1
canon_Metric_00544,2024,1
canon_Material_00327,2022,1
canon_Material_00327,2024,2
canon_Material_01835,2022,1
canon_Material_01835,2024,1
canon_Material_01836,2022,1
canon_Material_01836,2024,1
canon_Task_02309,2022,1
canon_Task_02309,2024,1
canon_Method_05162,2022,1
canon_Method_05162,2024,1
canon_Task_02310,2022,1
canon_Task_02310,2024,1
canon_Method_05163,2022,1
canon_Method_05163,2024,1
canon_Method_01161,2022,1
canon_Method_01161,2024,2
canon_Material_01837,2022,1
canon_Material_01837,2024,1
canon_Other_03295,2022,1
canon_Other_03295,2024,1
canon_Other_03296,2022,1
canon_Other_03296,2024,1
canon_Method_05164,2022,1
canon_Method_05164,2024,1
canon_Other_03297,2022,1
canon_Other_03297,2024,1
canon_Other_03298,2022,1
canon_Other_03298,2024,1
canon_Task_02311,2022,1
canon_Task_02311,2024,1
canon_Material_01838,2022,1
canon_Material_01838,2024,1
canon_Other_03299,2022,1
canon_Other_03299,2024,1
canon_Method_00153,2022,2
canon_Method_00153,2024,5
canon_Task_02312,2022,1
canon_Task_02312,2024,1
canon_Method_05165,2022,1
canon_Method_05165,2024,1
canon_Method_05166,2022,1
canon_Method_05166,2024,1
canon_Method_05167,2022,1
canon_Method_05167,2024,1
canon_Method_01162,2022,1
canon_Method_01162,2024,2
canon_Other_03301,2022,1
canon_Other_03301,2024,1
canon_Task_02313,2022,1
canon_Task_02313,2024,1
canon_Other_00759,2022,1
canon_Other_00759,2024,2
canon_Material_01840,2022,1
canon_Material_01840,2024,1
canon_Other_03303,2022,1
canon_Other_03303,2024,1
canon_Method_00275,2022,2
canon_Method_00275,2024,4
canon_Other_03304,2022,1
canon_Other_03304,2024,1
canon_Other_03305,2022,1
canon_Other_03305,2024,1
canon_Metric_00545,2022,1
canon_Metric_00545,2024,1
canon_Metric_00130,2022,1
canon_Metric_00130,2024,2
canon_Method_05169,2022,1
canon_Method_05169,2024,1
canon_Task_02314,2022,1
canon_Task_02314,2024,1
canon_Method_05170,2022,1
canon_Method_05170,2024,1
canon_Other_00395,2022,2
canon_Other_00395,2024,3
canon_Method_05171,2022,1
canon_Method_05171,2024,1
canon_Method_05172,2022,1
canon_Method_05172,2024,1
canon_Method_05173,2022,1
canon_Method_05173,2024,1
canon_Method_05174,2022,1
canon_Method_05174,2024,1
canon_Task_02315,2022,1
canon_Task_02315,2024,1
canon_Method_00539,2022,2
canon_Method_00539,2024,3
canon_Material_01841,2022,1
canon_Material_01841,2024,1
canon_Material_01842,2022,1
canon_Material_01842,2024,1
canon_Method_05175,2022,1
canon_Method_05175,2024,1
canon_Other_03306,2022,1
canon_Other_03306,2024,1
canon_Material_01843,2022,1
canon_Material_01843,2024,1
canon_Material_00329,2022,1
canon_Material_00329,2024,2
canon_Other_03307,2022,1
canon_Other_03307,2024,1
canon_Material_01844,2022,1
canon_Material_01844,2024,1
canon_Task_02317,2022,1
canon_Task_02317,2024,1
canon_Other_03308,2022,1
canon_Other_03308,2024,1
canon_Method_05177,2022,1
canon_Method_05177,2024,1
canon_Task_02318,2022,1
canon_Task_02318,2024,1
canon_Task_02319,2022,1
canon_Task_02319,2024,1
canon_Other_03309,2022,1
canon_Other_03309,2024,1
canon_Other_00760,2022,1
canon_Other_00760,2024,2
canon_Method_05178,2022,1
canon_Method_05178,2024,1
canon_Method_05179,2022,1
canon_Method_05179,2024,1
canon_Other_03310,2022,1
canon_Other_03310,2024,1
canon_Method_05181,2022,1
canon_Method_05181,2024,2
canon_Method_05182,2022,1
canon_Method_05182,2024,1
canon_Method_05183,2022,1
canon_Method_05183,2024,1
canon_Method_00154,2022,2
canon_Method_00154,2024,5
canon_Method_05184,2022,1
canon_Method_05184,2024,1
canon_Material_01845,2022,1
canon_Material_01845,2024,1
canon_Task_00581,2022,1
canon_Task_00581,2024,2
canon_Material_01846,2022,1
canon_Material_01846,2024,1
canon_Method_01163,2022,1
canon_Method_01163,2024,2
canon_Task_02320,2022,1
canon_Task_02320,2024,1
canon_Other_03311,2022,1
canon_Other_03311,2024,1
canon_Other_03312,2022,1
canon_Other_03312,2024,1
canon_Method_05186,2022,1
canon_Method_05186,2024,1
canon_Other_03313,2022,1
canon_Other_03313,2024,1
canon_Method_01164,2022,1
canon_Method_01164,2024,2
canon_Metric_00547,2022,1
canon_Metric_00547,2024,1
canon_Metric_00548,2022,1
canon_Metric_00548,2024,1
canon_Method_05188,2022,1
canon_Method_05188,2024,1
canon_Method_01165,2022,1
canon_Method_01165,2024,2
canon_Method_05189,2022,1
canon_Method_05189,2024,1
canon_Other_03315,2022,1
canon_Other_03315,2024,1
canon_Method_05191,2022,1
canon_Method_05191,2024,2
canon_Method_01166,2022,1
canon_Method_01166,2024,2
canon_Task_02321,2022,1
canon_Task_02321,2024,1
canon_Other_03316,2022,1
canon_Other_03316,2024,1
canon_Method_05192,2022,1
canon_Method_05192,2024,1
canon_Method_05193,2022,1
canon_Method_05193,2024,2
canon_Method_05194,2022,1
canon_Method_05194,2024,1
canon_Method_05195,2022,1
canon_Method_05195,2024,1
canon_Method_01167,2022,1
canon_Method_01167,2024,2
canon_Method_00541,2022,2
canon_Method_00541,2024,3
canon_Other_00762,2022,3
canon_Other_00762,2024,6
canon_Method_05196,2022,1
canon_Method_05196,2024,1
canon_Other_03318,2022,1
canon_Other_03318,2024,1
canon_Method_05197,2022,1
canon_Method_05197,2024,1
canon_Method_05198,2022,1
canon_Method_05198,2024,1
canon_Method_05199,2022,1
canon_Method_05199,2024,1
canon_Other_03319,2022,1
canon_Other_03319,2024,1
canon_Material_01847,2022,1
canon_Material_01847,2024,1
canon_Method_05200,2022,1
canon_Method_05200,2024,1
canon_Method_05201,2022,1
canon_Method_05201,2024,1
canon_Other_03320,2022,1
canon_Other_03320,2024,1
canon_Task_02323,2022,1
canon_Task_02323,2024,1
canon_Material_01848,2022,1
canon_Material_01848,2024,1
canon_Method_00542,2022,2
canon_Method_00542,2024,3
canon_Other_03321,2022,1
canon_Other_03321,2024,1
canon_Method_00543,2022,2
canon_Method_00543,2024,3
canon_Material_01849,2022,1
canon_Material_01849,2024,1
canon_Other_03322,2022,1
canon_Other_03322,2024,1
canon_Other_03323,2022,1
canon_Other_03323,2024,1
canon_Task_02324,2022,1
canon_Task_02324,2024,1
canon_Task_02325,2022,1
canon_Task_02325,2024,1
canon_Task_02326,2022,1
canon_Task_02326,2024,1
canon_Material_01850,2022,1
canon_Material_01850,2024,1
canon_Method_05202,2022,1
canon_Method_05202,2024,1
canon_Method_05203,2022,1
canon_Method_05203,2024,1
canon_Method_05204,2022,1
canon_Method_05204,2024,1
canon_Method_01169,2022,1
canon_Method_01169,2024,2
canon_Method_05205,2022,1
canon_Method_05205,2024,2
canon_Method_05206,2022,1
canon_Method_05206,2024,1
canon_Task_02327,2022,1
canon_Task_02327,2024,1
canon_Task_02328,2022,1
canon_Task_02328,2024,1
canon_Method_05207,2022,1
canon_Method_05207,2024,1
canon_Method_05208,2022,1
canon_Method_05208,2024,1
canon_Method_05209,2022,1
canon_Method_05209,2024,1
canon_Method_05210,2022,1
canon_Method_05210,2024,1
canon_Method_01170,2022,1
canon_Method_01170,2024,2
canon_Material_01851,2022,1
canon_Material_01851,2024,1
canon_Method_05211,2022,1
canon_Method_05211,2024,1
canon_Method_01171,2022,1
canon_Method_01171,2024,2
canon_Method_05212,2022,1
canon_Method_05212,2024,1
canon_Other_03324,2022,1
canon_Other_03324,2024,1
canon_Method_05213,2022,1
canon_Method_05213,2024,1
canon_Metric_00549,2022,1
canon_Metric_00549,2024,1
canon_Other_03325,2022,1
canon_Other_03325,2024,1
canon_Other_03326,2022,1
canon_Other_03326,2024,1
canon_Method_05214,2022,1
canon_Method_05214,2024,1
canon_Method_05215,2022,1
canon_Method_05215,2024,1
canon_Task_02329,2022,1
canon_Task_02329,2024,2
canon_Other_03327,2022,1
canon_Other_03327,2024,1
canon_Method_05216,2022,1
canon_Method_05216,2024,1
canon_Method_05217,2022,1
canon_Method_05217,2024,1
canon_Method_05218,2022,1
canon_Method_05218,2024,1
canon_Method_05219,2022,1
canon_Method_05219,2024,1
canon_Method_05220,2022,1
canon_Method_05220,2024,1
canon_Method_05221,2022,1
canon_Method_05221,2024,1
canon_Method_05222,2022,1
canon_Method_05222,2024,1
canon_Task_02330,2022,1
canon_Task_02330,2024,1
canon_Method_01172,2022,1
canon_Method_01172,2024,2
canon_Other_00761,2022,1
canon_Other_00761,2024,2
canon_Method_05223,2022,1
canon_Method_05223,2024,1
canon_Other_03328,2022,1
canon_Other_03328,2024,1
canon_Task_02331,2022,1
canon_Task_02331,2024,1
canon_Method_05224,2022,1
canon_Method_05224,2024,1
canon_Other_03329,2022,1
canon_Other_03329,2024,1
canon_Other_03330,2022,1
canon_Other_03330,2024,1
canon_Other_03331,2022,1
canon_Other_03331,2024,1
canon_Other_03332,2022,1
canon_Other_03332,2024,1
canon_Other_03333,2022,1
canon_Other_03333,2024,1
canon_Method_05225,2022,1
canon_Method_05225,2024,1
canon_Other_03334,2022,1
canon_Other_03334,2024,1
canon_Other_03335,2022,1
canon_Other_03335,2024,1
canon_Method_01173,2022,1
canon_Method_01173,2024,2
canon_Method_01174,2022,1
canon_Method_01174,2024,2
canon_Task_02332,2022,1
canon_Task_02332,2024,1
canon_Other_03336,2022,1
canon_Other_03336,2024,1
canon_Material_01852,2022,1
canon_Material_01852,2024,2
canon_Method_05226,2022,1
canon_Method_05226,2024,1
canon_Other_03338,2022,1
canon_Other_03338,2024,1
canon_Other_03339,2022,1
canon_Other_03339,2024,1
canon_Other_03340,2022,1
canon_Other_03340,2024,1
canon_Task_02333,2022,1
canon_Task_02333,2024,1
canon_Method_01175,2022,1
canon_Method_01175,2024,2
canon_Material_01853,2022,1
canon_Material_01853,2024,1
canon_Method_05227,2022,1
canon_Method_05227,2024,1
canon_Other_03341,2022,1
canon_Other_03341,2024,1
canon_Material_01854,2022,1
canon_Material_01854,2024,1
canon_Other_03342,2022,1
canon_Other_03342,2024,1
canon_Metric_00550,2022,1
canon_Metric_00550,2024,1
canon_Metric_00551,2022,1
canon_Metric_00551,2024,1
canon_Material_01855,2022,1
canon_Material_01855,2024,1
canon_Other_03343,2022,1
canon_Other_03343,2024,1
canon_Method_05228,2022,1
canon_Method_05228,2024,1
canon_Method_01176,2022,1
canon_Method_01176,2024,2
canon_Task_02335,2022,1
canon_Task_02335,2024,1
canon_Other_03344,2022,1
canon_Other_03344,2024,1
canon_Method_05229,2022,1
canon_Method_05229,2024,1
canon_Method_05230,2022,1
canon_Method_05230,2024,1
canon_Method_05231,2022,1
canon_Method_05231,2024,1
canon_Method_05232,2022,1
canon_Method_05232,2024,1
canon_Method_00544,2022,2
canon_Method_00544,2024,3
canon_Method_05233,2022,1
canon_Method_05233,2024,1
canon_Material_01856,2022,1
canon_Material_01856,2024,1
canon_Material_01857,2022,1
canon_Material_01857,2024,1
canon_Task_02336,2022,1
canon_Task_02336,2024,1
canon_Method_05234,2022,1
canon_Method_05234,2024,1
canon_Method_05235,2022,1
canon_Method_05235,2024,1
canon_Material_01858,2022,1
canon_Material_01858,2024,1
canon_Method_05236,2022,1
canon_Method_05236,2024,1
canon_Method_05237,2022,1
canon_Method_05237,2024,1
canon_Method_05238,2022,1
canon_Method_05238,2024,1
canon_Method_05239,2022,1
canon_Method_05239,2024,1
canon_Other_03345,2022,1
canon_Other_03345,2024,1
canon_Method_05240,2022,1
canon_Method_05240,2024,2
canon_Other_03346,2022,1
canon_Other_03346,2024,1
canon_Material_01859,2022,1
canon_Material_01859,2024,1
canon_Task_02339,2022,1
canon_Task_02339,2024,1
canon_Method_05241,2022,1
canon_Method_05241,2024,1
canon_Other_03347,2022,1
canon_Other_03347,2024,1
canon_Method_01177,2022,1
canon_Method_01177,2024,2
canon_Material_01860,2022,1
canon_Material_01860,2024,1
canon_Material_01861,2022,1
canon_Material_01861,2024,1
canon_Method_05242,2022,1
canon_Method_05242,2024,1
canon_Other_03348,2022,1
canon_Other_03348,2024,1
canon_Metric_00552,2022,1
canon_Metric_00552,2024,1
canon_Method_01178,2022,1
canon_Method_01178,2024,2
canon_Method_01179,2022,1
canon_Method_01179,2024,2
canon_Task_02340,2022,1
canon_Task_02340,2024,1
canon_Method_05243,2022,1
canon_Method_05243,2024,1
canon_Method_05244,2022,1
canon_Method_05244,2024,1
canon_Method_05245,2022,1
canon_Method_05245,2024,1
canon_Material_01862,2022,1
canon_Material_01862,2024,1
canon_Other_03349,2022,1
canon_Other_03349,2024,1
canon_Task_02341,2022,1
canon_Task_02341,2024,1
canon_Method_01180,2022,1
canon_Method_01180,2024,2
canon_Task_02342,2022,1
canon_Task_02342,2024,1
canon_Task_02343,2022,1
canon_Task_02343,2024,1
canon_Task_02344,2022,1
canon_Task_02344,2024,1
canon_Task_02345,2022,1
canon_Task_02345,2024,1
canon_Method_05246,2022,1
canon_Method_05246,2024,2
canon_Method_05247,2022,1
canon_Method_05247,2024,1
canon_Other_03350,2022,1
canon_Other_03350,2024,1
canon_Method_05248,2022,1
canon_Method_05248,2024,1
canon_Method_05249,2022,1
canon_Method_05249,2024,1
canon_Task_02347,2022,1
canon_Task_02347,2024,1
canon_Method_05250,2022,1
canon_Method_05250,2024,1
canon_Method_01181,2022,1
canon_Method_01181,2024,2
canon_Task_00586,2022,1
canon_Task_00586,2024,2
canon_Method_05251,2022,1
canon_Method_05251,2024,1
canon_Task_02348,2022,1
canon_Task_02348,2024,1
canon_Method_00103,2022,3
canon_Method_00103,2024,6
canon_Method_05252,2022,1
canon_Method_05252,2024,1
canon_Method_05253,2022,1
canon_Method_05253,2024,1
canon_Method_05254,2022,1
canon_Method_05254,2024,1
canon_Other_03351,2022,1
canon_Other_03351,2024,1
canon_Method_05255,2022,1
canon_Method_05255,2024,1
canon_Material_01863,2022,1
canon_Material_01863,2024,1
canon_Material_01864,2022,1
canon_Material_01864,2024,1
canon_Task_02350,2022,1
canon_Task_02350,2024,1
canon_Task_02351,2022,1
canon_Task_02351,2024,1
canon_Method_05256,2022,1
canon_Method_05256,2024,1
canon_Task_02352,2022,1
canon_Task_02352,2024,1
canon_Method_05257,2022,1
canon_Method_05257,2024,1
canon_Method_01182,2022,1
canon_Method_01182,2024,2
canon_Other_03352,2022,1
canon_Other_03352,2024,1
canon_Method_05258,2022,1
canon_Method_05258,2024,1
canon_Method_05259,2022,1
canon_Method_05259,2024,1
canon_Task_02353,2022,1
canon_Task_02353,2024,1
canon_Method_05260,2022,1
canon_Method_05260,2024,1
canon_Other_03353,2022,1
canon_Other_03353,2024,1
canon_Task_02354,2022,1
canon_Task_02354,2024,1
canon_Other_03354,2022,1
canon_Other_03354,2024,1
canon_Method_05261,2022,1
canon_Method_05261,2024,1
canon_Method_05262,2022,1
canon_Method_05262,2024,1
canon_Method_05263,2022,1
canon_Method_05263,2024,1
canon_Task_02355,2022,1
canon_Task_02355,2024,1
canon_Method_05264,2022,1
canon_Method_05264,2024,2
canon_Other_03355,2022,1
canon_Other_03355,2024,1
canon_Other_03356,2022,1
canon_Other_03356,2024,1
canon_Metric_00554,2022,1
canon_Metric_00554,2024,1
canon_Method_05265,2022,1
canon_Method_05265,2024,1
canon_Other_03358,2022,1
canon_Other_03358,2024,1
canon_Metric_00131,2022,1
canon_Metric_00131,2024,2
canon_Method_05266,2022,1
canon_Method_05266,2024,1
canon_Other_03359,2022,1
canon_Other_03359,2024,1
canon_Method_01183,2022,1
canon_Method_01183,2024,2
canon_Other_03360,2022,1
canon_Other_03360,2024,1
canon_Method_05267,2022,1
canon_Method_05267,2024,1
canon_Method_05268,2022,1
canon_Method_05268,2024,1
canon_Method_00155,2022,2
canon_Method_00155,2024,5
canon_Method_05269,2022,1
canon_Method_05269,2024,1
canon_Method_05270,2022,1
canon_Method_05270,2024,2
canon_Other_03361,2022,1
canon_Other_03361,2024,1
canon_Method_05271,2022,1
canon_Method_05271,2024,1
canon_Method_05272,2022,1
canon_Method_05272,2024,1
canon_Task_02356,2022,1
canon_Task_02356,2024,1
canon_Other_03362,2022,1
canon_Other_03362,2024,1
canon_Other_03363,2022,1
canon_Other_03363,2024,1
canon_Method_05273,2022,1
canon_Method_05273,2024,1
canon_Method_05274,2022,1
canon_Method_05274,2024,1
canon_Other_03364,2022,1
canon_Other_03364,2024,1
canon_Method_05275,2022,1
canon_Method_05275,2024,1
canon_Method_05276,2022,1
canon_Method_05276,2024,1
canon_Method_05277,2022,1
canon_Method_05277,2024,1
canon_Method_05278,2022,1
canon_Method_05278,2024,1
canon_Metric_00555,2022,1
canon_Metric_00555,2024,1
canon_Other_03365,2022,1
canon_Other_03365,2024,1
canon_Metric_00061,2022,2
canon_Metric_00061,2024,3
canon_Method_05279,2022,1
canon_Method_05279,2024,1
canon_Task_02357,2022,1
canon_Task_02357,2024,1
canon_Task_02358,2022,1
canon_Task_02358,2024,1
canon_Method_05281,2022,1
canon_Method_05281,2024,1
canon_Other_03366,2022,1
canon_Other_03366,2024,1
canon_Other_03367,2022,1
canon_Other_03367,2024,1
canon_Other_03368,2022,1
canon_Other_03368,2024,1
canon_Other_03369,2022,1
canon_Other_03369,2024,1
canon_Other_03370,2022,1
canon_Other_03370,2024,1
canon_Other_03371,2022,1
canon_Other_03371,2024,1
canon_Material_01866,2022,1
canon_Material_01866,2024,1
canon_Task_02359,2022,1
canon_Task_02359,2024,1
canon_Method_01184,2022,1
canon_Method_01184,2024,2
canon_Task_02360,2022,1
canon_Task_02360,2024,2
canon_Task_00587,2022,1
canon_Task_00587,2024,2
canon_Other_03373,2022,1
canon_Other_03373,2024,1
canon_Other_03374,2022,1
canon_Other_03374,2024,1
canon_Other_03375,2022,1
canon_Other_03375,2024,1
canon_Method_05282,2022,1
canon_Method_05282,2024,1
canon_Other_03376,2022,1
canon_Other_03376,2024,1
canon_Task_02362,2022,1
canon_Task_02362,2024,1
canon_Other_00763,2022,1
canon_Other_00763,2024,2
canon_Method_05284,2022,1
canon_Method_05284,2024,1
canon_Other_03377,2022,1
canon_Other_03377,2024,1
canon_Other_03378,2022,1
canon_Other_03378,2024,1
canon_Other_03379,2022,1
canon_Other_03379,2024,1
canon_Other_03380,2022,1
canon_Other_03380,2024,1
canon_Other_03381,2022,1
canon_Other_03381,2024,1
canon_Other_03382,2022,1
canon_Other_03382,2024,1
canon_Other_03383,2022,1
canon_Other_03383,2024,1
canon_Metric_00558,2022,2
canon_Metric_00558,2024,3
canon_Other_03385,2022,1
canon_Other_03385,2024,1
canon_Material_01868,2022,1
canon_Material_01868,2024,1
canon_Material_01869,2022,1
canon_Material_01869,2024,1
canon_Material_01870,2022,1
canon_Material_01870,2024,1
canon_Method_01185,2022,1
canon_Method_01185,2024,2
canon_Method_00545,2022,2
canon_Method_00545,2024,3
canon_Method_00546,2022,2
canon_Method_00546,2024,3
canon_Task_02363,2022,1
canon_Task_02363,2024,1
canon_Metric_00559,2022,1
canon_Metric_00559,2024,1
canon_Method_05285,2022,1
canon_Method_05285,2024,1
canon_Method_05286,2022,1
canon_Method_05286,2024,1
canon_Material_00330,2022,1
canon_Material_00330,2024,2
canon_Material_01872,2022,1
canon_Material_01872,2024,2
canon_Material_01873,2022,1
canon_Material_01873,2024,1
canon_Material_01874,2022,1
canon_Material_01874,2024,1
canon_Material_01875,2022,1
canon_Material_01875,2024,1
canon_Other_00764,2022,1
canon_Other_00764,2024,2
canon_Method_05287,2022,1
canon_Method_05287,2024,1
canon_Other_03386,2022,1
canon_Other_03386,2024,1
canon_Method_05288,2022,1
canon_Method_05288,2024,1
canon_Material_01877,2022,1
canon_Material_01877,2024,1
canon_Method_05289,2022,1
canon_Method_05289,2024,1
canon_Task_02364,2022,1
canon_Task_02364,2024,1
canon_Metric_00560,2022,2
canon_Metric_00560,2024,3
canon_Task_02365,2022,1
canon_Task_02365,2024,1
canon_Other_00765,2022,1
canon_Other_00765,2024,2
canon_Task_02366,2022,1
canon_Task_02366,2024,1
canon_Method_05291,2022,1
canon_Method_05291,2024,1
canon_Method_05292,2022,1
canon_Method_05292,2024,1
canon_Task_02367,2022,1
canon_Task_02367,2024,1
canon_Material_01878,2022,1
canon_Material_01878,2024,1
canon_Material_01879,2022,1
canon_Material_01879,2024,1
canon_Task_02368,2022,1
canon_Task_02368,2024,1
canon_Method_05293,2022,1
canon_Method_05293,2024,1
canon_Other_03388,2022,1
canon_Other_03388,2024,1
canon_Metric_00561,2022,1
canon_Metric_00561,2024,1
canon_Task_02370,2022,1
canon_Task_02370,2024,1
canon_Method_05294,2022,1
canon_Method_05294,2024,1
canon_Metric_00562,2022,1
canon_Metric_00562,2024,1
canon_Method_05295,2022,1
canon_Method_05295,2024,1
canon_Method_05296,2022,1
canon_Method_05296,2024,1
canon_Method_05297,2022,1
canon_Method_05297,2024,1
canon_Other_03389,2022,1
canon_Other_03389,2024,1
canon_Material_01880,2022,1
canon_Material_01880,2024,1
canon_Other_00766,2022,1
canon_Other_00766,2024,2
canon_Material_01881,2022,1
canon_Material_01881,2024,1
canon_Other_03390,2022,1
canon_Other_03390,2024,1
canon_Other_03391,2022,1
canon_Other_03391,2024,1
canon_Material_01882,2022,1
canon_Material_01882,2024,1
canon_Other_03392,2022,1
canon_Other_03392,2024,1
canon_Material_01883,2022,1
canon_Material_01883,2024,1
canon_Method_05298,2022,1
canon_Method_05298,2024,1
canon_Method_05299,2022,1
canon_Method_05299,2024,1
canon_Method_00548,2022,2
canon_Method_00548,2024,3
canon_Method_05301,2022,1
canon_Method_05301,2024,1
canon_Metric_00564,2022,1
canon_Metric_00564,2024,1
canon_Method_05303,2022,1
canon_Method_05303,2024,2
canon_Task_00589,2022,1
canon_Task_00589,2024,2
canon_Task_02372,2022,1
canon_Task_02372,2024,1
canon_Task_02373,2022,1
canon_Task_02373,2024,1
canon_Other_03393,2022,1
canon_Other_03393,2024,1
canon_Other_03394,2022,1
canon_Other_03394,2024,1
canon_Other_03395,2022,1
canon_Other_03395,2024,1
canon_Method_05304,2022,1
canon_Method_05304,2024,1
canon_Method_00549,2022,2
canon_Method_00549,2024,3
canon_Method_05305,2022,1
canon_Method_05305,2024,1
canon_Other_00767,2022,1
canon_Other_00767,2024,2
canon_Material_01884,2022,1
canon_Material_01884,2024,1
canon_Material_01886,2022,1
canon_Material_01886,2024,1
canon_Metric_00565,2022,1
canon_Metric_00565,2024,1
canon_Task_02374,2022,2
canon_Task_02374,2024,4
canon_Method_05306,2022,1
canon_Method_05306,2024,1
canon_Metric_00566,2022,1
canon_Metric_00566,2024,1
canon_Method_05307,2022,1
canon_Method_05307,2024,1
canon_Method_05308,2022,1
canon_Method_05308,2024,1
canon_Method_05309,2022,1
canon_Method_05309,2024,1
canon_Method_05310,2022,1
canon_Method_05310,2024,1
canon_Other_03396,2022,1
canon_Other_03396,2024,1
canon_Material_01887,2022,1
canon_Material_01887,2024,1
canon_Method_05311,2022,1
canon_Method_05311,2024,1
canon_Method_05312,2022,1
canon_Method_05312,2024,1
canon_Method_01186,2022,1
canon_Method_01186,2024,2
canon_Material_01888,2022,1
canon_Material_01888,2024,1
canon_Material_01889,2022,1
canon_Material_01889,2024,1
canon_Other_03398,2022,1
canon_Other_03398,2024,1
canon_Method_05313,2022,1
canon_Method_05313,2024,1
canon_Method_05314,2022,1
canon_Method_05314,2024,1
canon_Method_05315,2022,1
canon_Method_05315,2024,1
canon_Other_03399,2022,1
canon_Other_03399,2024,1
canon_Method_00551,2022,2
canon_Method_00551,2024,3
canon_Method_05316,2022,1
canon_Method_05316,2024,1
canon_Task_02375,2022,1
canon_Task_02375,2024,1
canon_Method_05317,2022,1
canon_Method_05317,2024,1
canon_Other_03400,2022,1
canon_Other_03400,2024,1
canon_Method_05318,2022,1
canon_Method_05318,2024,1
canon_Method_00156,2022,2
canon_Method_00156,2024,5
canon_Method_05319,2022,1
canon_Method_05319,2024,1
canon_Material_01890,2022,1
canon_Material_01890,2024,1
canon_Other_03401,2022,1
canon_Other_03401,2024,1
canon_Metric_00567,2022,1
canon_Metric_00567,2024,1
canon_Task_02377,2022,1
canon_Task_02377,2024,1
canon_Metric_00568,2022,1
canon_Metric_00568,2024,1
canon_Method_05320,2022,1
canon_Method_05320,2024,2
canon_Other_03402,2022,1
canon_Other_03402,2024,1
canon_Task_02378,2022,1
canon_Task_02378,2024,1
canon_Other_03403,2022,1
canon_Other_03403,2024,1
canon_Method_05321,2022,1
canon_Method_05321,2024,1
canon_Method_05322,2022,1
canon_Method_05322,2024,2
canon_Metric_00569,2022,1
canon_Metric_00569,2024,1
canon_Method_05323,2022,1
canon_Method_05323,2024,1
canon_Method_05324,2022,1
canon_Method_05324,2024,1
canon_Task_02379,2022,1
canon_Task_02379,2024,1
canon_Method_05325,2022,1
canon_Method_05325,2024,2
canon_Method_05326,2022,1
canon_Method_05326,2024,1
canon_Method_05327,2022,1
canon_Method_05327,2024,1
canon_Method_05328,2022,1
canon_Method_05328,2024,1
canon_Method_01188,2022,1
canon_Method_01188,2024,2
canon_Method_05329,2022,1
canon_Method_05329,2024,1
canon_Metric_00570,2022,1
canon_Metric_00570,2024,1
canon_Other_03405,2022,1
canon_Other_03405,2024,1
canon_Method_05330,2022,1
canon_Method_05330,2024,1
canon_Method_00553,2022,2
canon_Method_00553,2024,3
canon_Task_02381,2022,1
canon_Task_02381,2024,2
canon_Method_05331,2022,1
canon_Method_05331,2024,1
canon_Other_03406,2022,1
canon_Other_03406,2024,1
canon_Other_03407,2022,1
canon_Other_03407,2024,1
canon_Other_03408,2022,1
canon_Other_03408,2024,1
canon_Other_03409,2022,1
canon_Other_03409,2024,1
canon_Other_03410,2022,1
canon_Other_03410,2024,1
canon_Other_03411,2022,1
canon_Other_03411,2024,1
canon_Task_02382,2022,1
canon_Task_02382,2024,1
canon_Method_01189,2022,1
canon_Method_01189,2024,2
canon_Task_02383,2022,1
canon_Task_02383,2024,1
canon_Method_05333,2022,1
canon_Method_05333,2024,1
canon_Method_05334,2022,1
canon_Method_05334,2024,1
canon_Method_05335,2022,1
canon_Method_05335,2024,1
canon_Material_01891,2022,1
canon_Material_01891,2024,1
canon_Method_05336,2022,1
canon_Method_05336,2024,1
canon_Method_05337,2022,1
canon_Method_05337,2024,1
canon_Method_05338,2022,1
canon_Method_05338,2024,1
canon_Method_05339,2022,1
canon_Method_05339,2024,1
canon_Method_05340,2022,1
canon_Method_05340,2024,1
canon_Method_05341,2022,1
canon_Method_05341,2024,1
canon_Other_03412,2022,1
canon_Other_03412,2024,1
canon_Other_03413,2022,1
canon_Other_03413,2024,1
canon_Other_03414,2022,1
canon_Other_03414,2024,1
canon_Method_05342,2022,1
canon_Method_05342,2024,1
canon_Method_05343,2022,1
canon_Method_05343,2024,1
canon_Method_05344,2022,1
canon_Method_05344,2024,1
canon_Method_05345,2022,1
canon_Method_05345,2024,1
canon_Method_00554,2022,2
canon_Method_00554,2024,3
canon_Task_02384,2022,1
canon_Task_02384,2024,1
canon_Method_05346,2022,1
canon_Method_05346,2024,1
canon_Other_00396,2022,2
canon_Other_00396,2024,3
canon_Task_00590,2022,2
canon_Task_00590,2024,3
canon_Method_05347,2022,1
canon_Method_05347,2024,1
canon_Task_02385,2022,1
canon_Task_02385,2024,1
canon_Other_03415,2022,1
canon_Other_03415,2024,1
canon_Method_05348,2022,1
canon_Method_05348,2024,1
canon_Task_02386,2022,1
canon_Task_02386,2024,1
canon_Material_01892,2022,1
canon_Material_01892,2024,1
canon_Other_03416,2022,1
canon_Other_03416,2024,1
canon_Other_03417,2022,1
canon_Other_03417,2024,1
canon_Material_01893,2022,1
canon_Material_01893,2024,1
canon_Other_03418,2022,1
canon_Other_03418,2024,1
canon_Other_03419,2022,1
canon_Other_03419,2024,1
canon_Material_01894,2022,1
canon_Material_01894,2024,1
canon_Other_03420,2022,1
canon_Other_03420,2024,1
canon_Other_00768,2022,1
canon_Other_00768,2024,2
canon_Material_01895,2022,1
canon_Material_01895,2024,1
canon_Material_01896,2022,1
canon_Material_01896,2024,1
canon_Material_01897,2022,1
canon_Material_01897,2024,1
canon_Material_01898,2022,1
canon_Material_01898,2024,1
canon_Material_01899,2022,1
canon_Material_01899,2024,1
canon_Material_01900,2022,1
canon_Material_01900,2024,1
canon_Method_05349,2022,1
canon_Method_05349,2024,1
canon_Task_02388,2022,1
canon_Task_02388,2024,1
canon_Method_05350,2022,1
canon_Method_05350,2024,1
canon_Material_00153,2022,2
canon_Material_00153,2024,3
canon_Task_02389,2022,1
canon_Task_02389,2024,2
canon_Other_00397,2022,2
canon_Other_00397,2024,3
canon_Material_01901,2022,1
canon_Material_01901,2024,1
canon_Method_05351,2022,1
canon_Method_05351,2024,1
canon_Method_05352,2022,1
canon_Method_05352,2024,1
canon_Method_05353,2022,1
canon_Method_05353,2024,1
canon_Method_05354,2022,1
canon_Method_05354,2024,1
canon_Metric_00571,2022,1
canon_Metric_00571,2024,1
canon_Metric_00572,2022,1
canon_Metric_00572,2024,1
canon_Metric_00573,2022,1
canon_Metric_00573,2024,1
canon_Task_02390,2022,1
canon_Task_02390,2024,1
canon_Other_03421,2022,1
canon_Other_03421,2024,1
canon_Material_01902,2022,1
canon_Material_01902,2024,1
canon_Other_03422,2022,1
canon_Other_03422,2024,1
canon_Other_03423,2022,1
canon_Other_03423,2024,1
canon_Method_05355,2022,1
canon_Method_05355,2024,1
canon_Method_05356,2022,1
canon_Method_05356,2024,1
canon_Other_03424,2022,1
canon_Other_03424,2024,1
canon_Material_01903,2022,1
canon_Material_01903,2024,1
canon_Method_00555,2022,2
canon_Method_00555,2024,3
canon_Method_00556,2022,2
canon_Method_00556,2024,3
canon_Method_05357,2022,1
canon_Method_05357,2024,1
canon_Material_01904,2022,1
canon_Material_01904,2024,1
canon_Task_02391,2022,1
canon_Task_02391,2024,1
canon_Other_03425,2022,1
canon_Other_03425,2024,1
canon_Method_05358,2022,1
canon_Method_05358,2024,1
canon_Other_03426,2022,1
canon_Other_03426,2024,1
canon_Other_03427,2022,1
canon_Other_03427,2024,1
canon_Other_03428,2022,1
canon_Other_03428,2024,1
canon_Other_03430,2022,1
canon_Other_03430,2024,1
canon_Other_03431,2022,1
canon_Other_03431,2024,1
canon_Metric_00574,2022,1
canon_Metric_00574,2024,2
canon_Other_03433,2022,1
canon_Other_03433,2024,1
canon_Method_05359,2022,1
canon_Method_05359,2024,2
canon_Task_02392,2022,1
canon_Task_02392,2024,1
canon_Method_00157,2022,2
canon_Method_00157,2024,5
canon_Method_05360,2022,1
canon_Method_05360,2024,1
canon_Method_05361,2022,1
canon_Method_05361,2024,1
canon_Method_05362,2022,1
canon_Method_05362,2024,1
canon_Method_05363,2022,1
canon_Method_05363,2024,1
canon_Method_05364,2022,1
canon_Method_05364,2024,1
canon_Material_01905,2022,1
canon_Material_01905,2024,1
canon_Method_05365,2022,1
canon_Method_05365,2024,1
canon_Material_01906,2022,1
canon_Material_01906,2024,1
canon_Method_05366,2022,1
canon_Method_05366,2024,1
canon_Other_00769,2022,1
canon_Other_00769,2024,2
canon_Material_01907,2022,1
canon_Material_01907,2024,1
canon_Other_03434,2022,1
canon_Other_03434,2024,1
canon_Task_00591,2022,1
canon_Task_00591,2024,2
canon_Method_00277,2022,2
canon_Method_00277,2024,4
canon_Method_00278,2022,2
canon_Method_00278,2024,4
canon_Method_01190,2022,1
canon_Method_01190,2024,2
canon_Method_05367,2022,1
canon_Method_05367,2024,1
canon_Material_01908,2022,1
canon_Material_01908,2024,1
canon_Method_05368,2022,1
canon_Method_05368,2024,1
canon_Method_05369,2022,1
canon_Method_05369,2024,1
canon_Material_01910,2022,1
canon_Material_01910,2024,1
canon_Other_03435,2022,1
canon_Other_03435,2024,1
canon_Task_02393,2022,1
canon_Task_02393,2024,1
canon_Material_01911,2022,1
canon_Material_01911,2024,1
canon_Other_03436,2022,1
canon_Other_03436,2024,1
canon_Metric_00575,2022,1
canon_Metric_00575,2024,1
canon_Task_02394,2022,1
canon_Task_02394,2024,1
canon_Material_01912,2022,1
canon_Material_01912,2024,1
