source,relation,target,first_observed
canon_Other_00375,ENTITY_ASSOCIATED_WITH_ENTITY,canon_Other_00377,2019
canon_Other_00376,ENTITY_ASSOCIATED_WITH_ENTITY,canon_Other_00377,2019
canon_Other_00378,ENTITY_ASSOCIATED_WITH_ENTITY,canon_Other_00379,2019
canon_Other_00009,USED_FOR,canon_Other_00380,2019
canon_Task_00175,USED_FOR,canon_Other_00009,2019
canon_Other_00381,USED_FOR,canon_Other_00009,2019
canon_Other_00384,ENTITY_ASSOCIATED_WITH_ENTITY,canon_Other_00385,2019
canon_Other_00384,ENTITY_ASSOCIATED_WITH_ENTITY,canon_Other_00386,2019
canon_Other_00384,ENTITY_ASSOCIATED_WITH_ENTITY,canon_Material_00018,2019
canon_Other_00385,ENTITY_ASSOCIATED_WITH_ENTITY,canon_Other_00386,2019
canon_Other_00385,ENTITY_ASSOCIATED_WITH_ENTITY,canon_Material_00018,2019
canon_Other_00385,ENTITY_ASSOCIATED_WITH_ENTITY,canon_Other_00387,2019
canon_Other_00386,ENTITY_ASSOCIATED_WITH_ENTITY,canon_Other_00385,2019
canon_Material_00018,ENTITY_ASSOCIATED_WITH_ENTITY,canon_Other_00385,2019
canon_Material_00018,ENTITY_ASSOCIATED_WITH_ENTITY,canon_Other_00386,2019
canon_Material_00018,ENTITY_ASSOCIATED_WITH_ENTITY,canon_Other_00387,2019
canon_Other_00387,ENTITY_ASSOCIATED_WITH_ENTITY,canon_Other_00385,2019
canon_Other_00387,ENTITY_ASSOCIATED_WITH_ENTITY,canon_Other_00386,2019
canon_Other_00387,ENTITY_ASSOCIATED_WITH_ENTITY,canon_Material_00018,2019
canon_Method_00171,METHOD_APPLIED_TO,canon_Task_00074,2019
canon_Material_00208,ENTITY_ASSOCIATED_WITH_ENTITY,canon_Material_00107,2019
canon_Other_00389,ENTITY_ASSOCIATED_WITH_ENTITY,canon_Method_01465,2019
canon_Method_01465,ENTITY_ASSOCIATED_WITH_ENTITY,canon_Other_00391,2019
canon_Method_01465,ENTITY_ASSOCIATED_WITH_ENTITY,canon_Other_00392,2019
canon_Other_00391,ENTITY_ASSOCIATED_WITH_ENTITY,canon_Method_01465,2019
canon_Other_00391,ENTITY_ASSOCIATED_WITH_ENTITY,canon_Other_00392,2019
canon_Other_00391,ENTITY_ASSOCIATED_WITH_ENTITY,canon_Other_00393,2019
canon_Other_00391,ENTITY_ASSOCIATED_WITH_ENTITY,canon_Task_00075,2019
canon_Other_00391,ENTITY_ASSOCIATED_WITH_ENTITY,canon_Other_00394,2019
canon_Other_00392,ENTITY_ASSOCIATED_WITH_ENTITY,canon_Other_00391,2019
canon_Other_00392,ENTITY_ASSOCIATED_WITH_ENTITY,canon_Other_00393,2019
canon_Other_00392,ENTITY_ASSOCIATED_WITH_ENTITY,canon_Task_00075,2019
canon_Other_00392,ENTITY_ASSOCIATED_WITH_ENTITY,canon_Other_00394,2019
canon_Other_00393,ENTITY_ASSOCIATED_WITH_ENTITY,canon_Other_00391,2019
canon_Other_00393,ENTITY_ASSOCIATED_WITH_ENTITY,canon_Other_00392,2019
canon_Other_00393,ENTITY_ASSOCIATED_WITH_ENTITY,canon_Task_00075,2019
canon_Other_00393,ENTITY_ASSOCIATED_WITH_ENTITY,canon_Other_00394,2019
canon_Task_00075,ENTITY_ASSOCIATED_WITH_ENTITY,canon_Other_00391,2019
canon_Task_00075,ENTITY_ASSOCIATED_WITH_ENTITY,canon_Other_00392,2019
canon_Task_00075,ENTITY_ASSOCIATED_WITH_ENTITY,canon_Other_00393,2019
canon_Task_00075,ENTITY_ASSOCIATED_WITH_ENTITY,canon_Other_00394,2019
canon_Other_00394,ENTITY_ASSOCIATED_WITH_ENTITY,canon_Other_00391,2019
canon_Other_00394,ENTITY_ASSOCIATED_WITH_ENTITY,canon_Other_00392,2019
canon_Other_00394,ENTITY_ASSOCIATED_WITH_ENTITY,canon_Other_00393,2019
canon_Other_00394,ENTITY_ASSOCIATED_WITH_ENTITY,canon_Task_00075,2019
canon_Material_00108,ENTITY_ASSOCIATED_WITH_ENTITY,canon_Material_00042,2019
canon_Other_00395,ENTITY_ASSOCIATED_WITH_ENTITY,canon_Method_00172,2019
canon_Other_00395,ENTITY_ASSOCIATED_WITH_ENTITY,canon_Method_00366,2019
canon_Method_00172,ENTITY_ASSOCIATED_WITH_ENTITY,canon_Method_00366,2019
canon_Method_00366,ENTITY_ASSOCIATED_WITH_ENTITY,canon_Method_00172,2019
canon_Other_00396,ENTITY_ASSOCIATED_WITH_ENTITY,canon_Material_00027,2019
canon_Other_00396,ENTITY_ASSOCIATED_WITH_ENTITY,canon_Other_00397,2019
canon_Other_00396,ENTITY_ASSOCIATED_WITH_ENTITY,canon_Other_00398,2019
canon_Material_00027,ENTITY_ASSOCIATED_WITH_ENTITY,canon_Other_00396,2019
canon_Material_00027,ENTITY_ASSOCIATED_WITH_ENTITY,canon_Other_00397,2019
canon_Material_00027,ENTITY_ASSOCIATED_WITH_ENTITY,canon_Other_00398,2019
canon_Other_00397,ENTITY_ASSOCIATED_WITH_ENTITY,canon_Other_00396,2019
canon_Other_00397,ENTITY_ASSOCIATED_WITH_ENTITY,canon_Material_00027,2019
canon_Other_00397,ENTITY_ASSOCIATED_WITH_ENTITY,canon_Other_00398,2019
canon_Other_00398,ENTITY_ASSOCIATED_WITH_ENTITY,canon_Material_00027,2019
canon_Other_00398,ENTITY_ASSOCIATED_WITH_ENTITY,canon_Other_00397,2019
canon_Method_00368,METHOD_APPLIED_TO,canon_Task_00178,2019
canon_Task_00179,ENTITY_ASSOCIATED_WITH_ENTITY,canon_Task_00180,2019
canon_Other_00399,USED_FOR,canon_Task_00178,2019
canon_Material_00078,ENTITY_ASSOCIATED_WITH_ENTITY,canon_Task_00178,2019
canon_Method_00369,METHOD_APPLIED_TO,canon_Task_00178,2019
canon_Method_00369,METHOD_APPLIED_TO,canon_Material_00078,2019
canon_Method_00369,USED_FOR,canon_Other_00080,2019
canon_Other_00080,USED_FOR,canon_Task_00178,2019
canon_Other_00080,METHOD_EVALUATED_BY,canon_Method_00369,2019
canon_Other_00191,USED_FOR,canon_Method_00370,2019
canon_Other_00191,USED_FOR,canon_Material_00023,2019
canon_Task_00576,USED_FOR,canon_Other_00191,2019
canon_Task_00576,USED_FOR,canon_Method_00370,2019
canon_Other_00400,USED_FOR,canon_Material_00023,2019
canon_Other_00401,USED_FOR,canon_Material_00043,2019
canon_Other_00401,USED_FOR,canon_Task_00012,2019
canon_Task_00012,USED_FOR,canon_Material_00078,2019
canon_Material_00078,ENTITY_ASSOCIATED_WITH_ENTITY,canon_Task_00012,2019
canon_Metric_00023,ENTITY_ASSOCIATED_WITH_ENTITY,canon_Metric_00024,2019
canon_Metric_00024,ENTITY_ASSOCIATED_WITH_ENTITY,canon_Metric_00010,2019
canon_Metric_00025,ENTITY_ASSOCIATED_WITH_ENTITY,canon_Metric_00026,2019
canon_Metric_00025,ENTITY_ASSOCIATED_WITH_ENTITY,canon_Metric_00010,2019
canon_Metric_00026,ENTITY_ASSOCIATED_WITH_ENTITY,canon_Metric_00010,2019
canon_Metric_00010,ENTITY_ASSOCIATED_WITH_ENTITY,canon_Metric_00026,2019
canon_Metric_00027,ENTITY_ASSOCIATED_WITH_ENTITY,canon_Metric_00028,2019
canon_Method_00174,ENTITY_ASSOCIATED_WITH_ENTITY,canon_Task_00018,2019
canon_Method_00174,USED_FOR,canon_Other_00193,2019
canon_Method_00018,METHOD_APPLIED_TO,canon_Task_00181,2019
canon_Material_00016,USED_FOR,canon_Method_00018,2019
canon_Material_00016,ENTITY_ASSOCIATED_WITH_ENTITY,canon_Method_00374,2019
canon_Method_00374,USED_FOR,canon_Method_00018,2019
canon_Method_00375,METHOD_APPLIED_TO,canon_Material_00211,2019
canon_Method_00375,METHOD_APPLIED_TO,canon_Material_00212,2019
canon_Material_00211,ENTITY_ASSOCIATED_WITH_ENTITY,canon_Material_00212,2019
canon_Material_00030,ENTITY_ASSOCIATED_WITH_ENTITY,canon_Material_00016,2019
canon_Material_00030,ENTITY_ASSOCIATED_WITH_ENTITY,canon_Material_00214,2019
canon_Material_00030,ENTITY_ASSOCIATED_WITH_ENTITY,canon_Other_00194,2019
canon_Material_00016,ENTITY_ASSOCIATED_WITH_ENTITY,canon_Material_00030,2019
canon_Material_00016,ENTITY_ASSOCIATED_WITH_ENTITY,canon_Material_00214,2019
canon_Material_00016,ENTITY_ASSOCIATED_WITH_ENTITY,canon_Other_00194,2019
canon_Material_00016,ENTITY_ASSOCIATED_WITH_ENTITY,canon_Method_00015,2019
canon_Material_00214,ENTITY_ASSOCIATED_WITH_ENTITY,canon_Material_00016,2019
canon_Material_00214,ENTITY_ASSOCIATED_WITH_ENTITY,canon_Other_00194,2019
canon_Material_00214,ENTITY_ASSOCIATED_WITH_ENTITY,canon_Method_00015,2019
canon_Other_00194,ENTITY_ASSOCIATED_WITH_ENTITY,canon_Material_00030,2019
canon_Other_00194,ENTITY_ASSOCIATED_WITH_ENTITY,canon_Material_00016,2019
canon_Other_00194,ENTITY_ASSOCIATED_WITH_ENTITY,canon_Material_00214,2019
canon_Other_00194,ENTITY_ASSOCIATED_WITH_ENTITY,canon_Other_00194,2019
canon_Other_00194,ENTITY_ASSOCIATED_WITH_ENTITY,canon_Method_00015,2019
canon_Other_00194,ENTITY_ASSOCIATED_WITH_ENTITY,canon_Material_00016,2019
canon_Other_00194,ENTITY_ASSOCIATED_WITH_ENTITY,canon_Material_00214,2019
canon_Other_00194,ENTITY_ASSOCIATED_WITH_ENTITY,canon_Method_00015,2019
canon_Method_00015,ENTITY_ASSOCIATED_WITH_ENTITY,canon_Material_00016,2019
canon_Method_00015,ENTITY_ASSOCIATED_WITH_ENTITY,canon_Material_00214,2019
canon_Method_00015,ENTITY_ASSOCIATED_WITH_ENTITY,canon_Other_00194,2019
canon_Method_00175,USED_FOR,canon_Method_00378,2019
canon_Method_00175,USED_FOR,canon_Other_00407,2019
canon_Method_00378,USED_FOR,canon_Method_00175,2019
canon_Method_00378,USED_FOR,canon_Other_00407,2019
canon_Method_00379,METHOD_APPLIED_TO,canon_Task_00182,2019
canon_Other_00409,ENTITY_ASSOCIATED_WITH_ENTITY,canon_Other_00410,2019
canon_Other_00410,ENTITY_ASSOCIATED_WITH_ENTITY,canon_Other_00411,2019
canon_Other_00411,ENTITY_ASSOCIATED_WITH_ENTITY,canon_Other_00410,2019
canon_Other_00195,ENTITY_ASSOCIATED_WITH_ENTITY,canon_Method_00068,2019
canon_Method_00068,ENTITY_ASSOCIATED_WITH_ENTITY,canon_Method_00382,2019
canon_Material_00220,ENTITY_ASSOCIATED_WITH_ENTITY,canon_Material_00221,2019
canon_Material_00220,ENTITY_ASSOCIATED_WITH_ENTITY,canon_Material_00222,2019
canon_Material_00221,ENTITY_ASSOCIATED_WITH_ENTITY,canon_Material_00222,2019
canon_Material_00222,ENTITY_ASSOCIATED_WITH_ENTITY,canon_Material_00221,2019
canon_Other_00005,USED_FOR,canon_Other_00412,2019
canon_Other_00020,USED_FOR,canon_Other_00412,2019
canon_Other_00020,USED_FOR,canon_Other_00003,2019
canon_Other_00035,USED_FOR,canon_Other_00195,2019
canon_Other_00035,USED_FOR,canon_Method_00068,2019
canon_Other_00195,ENTITY_ASSOCIATED_WITH_ENTITY,canon_Method_00068,2019
canon_Other_00011,METHOD_EVALUATED_BY,canon_Other_00035,2019
canon_Other_00196,USED_FOR,canon_Other_00195,2019
canon_Other_00195,ENTITY_ASSOCIATED_WITH_ENTITY,canon_Method_00068,2019
canon_Other_00195,USED_FOR,canon_Other_00009,2019
canon_Method_00176,METHOD_APPLIED_TO,canon_Material_00223,2019
canon_Other_00416,USED_FOR,canon_Other_00415,2019
canon_Other_00416,USED_FOR,canon_Material_00224,2019
canon_Other_00416,USED_FOR,canon_Material_00223,2019
canon_Material_00224,ENTITY_ASSOCIATED_WITH_ENTITY,canon_Other_00415,2019
canon_Material_00224,USED_FOR,canon_Other_00416,2019
canon_Material_00224,ENTITY_ASSOCIATED_WITH_ENTITY,canon_Material_00223,2019
canon_Material_00223,ENTITY_ASSOCIATED_WITH_ENTITY,canon_Other_00415,2019
canon_Material_00223,USED_FOR,canon_Other_00416,2019
canon_Material_00223,ENTITY_ASSOCIATED_WITH_ENTITY,canon_Material_00224,2019
canon_Material_00226,ENTITY_ASSOCIATED_WITH_ENTITY,canon_Material_00225,2019
canon_Other_00005,USED_FOR,canon_Other_00419,2019
canon_Other_00005,USED_FOR,canon_Method_00389,2019
canon_Other_00005,USED_FOR,canon_Other_00420,2019
canon_Method_00389,USED_FOR,canon_Other_00005,2019
canon_Other_00420,ENTITY_ASSOCIATED_WITH_ENTITY,canon_Other_00419,2019
canon_Other_00420,USED_FOR,canon_Other_00005,2019
canon_Other_00420,ENTITY_ASSOCIATED_WITH_ENTITY,canon_Method_00389,2019
canon_Material_00152,ENTITY_ASSOCIATED_WITH_ENTITY,canon_Other_00421,2019
canon_Other_00421,ENTITY_ASSOCIATED_WITH_ENTITY,canon_Material_00152,2019
canon_Other_00422,USED_FOR,canon_Material_00027,2019
canon_Other_00422,ENTITY_ASSOCIATED_WITH_ENTITY,canon_Other_00423,2019
canon_Other_00423,USED_FOR,canon_Material_00027,2019
canon_Method_00392,USED_FOR,canon_Material_00027,2019
canon_Method_00394,USED_FOR,canon_Method_00393,2019
canon_Method_00395,USED_FOR,canon_Other_00197,2019
canon_Material_00227,ENTITY_ASSOCIATED_WITH_ENTITY,canon_Material_00228,2019
canon_Material_00228,ENTITY_ASSOCIATED_WITH_ENTITY,canon_Material_00227,2019
canon_Other_00200,ENTITY_ASSOCIATED_WITH_ENTITY,canon_Other_00427,2019
canon_Other_00200,ENTITY_ASSOCIATED_WITH_ENTITY,canon_Other_00427,2019
canon_Task_00042,USED_FOR,canon_Material_00546,2019
canon_Method_00398,ENTITY_ASSOCIATED_WITH_ENTITY,canon_Method_00178,2019
canon_Method_00398,ENTITY_ASSOCIATED_WITH_ENTITY,canon_Method_00399,2019
canon_Method_00178,ENTITY_ASSOCIATED_WITH_ENTITY,canon_Method_00399,2019
canon_Method_00399,ENTITY_ASSOCIATED_WITH_ENTITY,canon_Method_00178,2019
canon_Task_00185,ENTITY_ASSOCIATED_WITH_ENTITY,canon_Task_00186,2019
canon_Other_00005,USED_FOR,canon_Material_00230,2019
canon_Task_00078,USED_FOR,canon_Material_00230,2019
canon_Other_00003,USED_FOR,canon_Task_00078,2019
canon_Other_00003,USED_FOR,canon_Material_00230,2019
canon_Other_00003,USED_FOR,canon_Task_00187,2019
canon_Other_00003,USED_FOR,canon_Task_00188,2019
canon_Task_00187,ENTITY_ASSOCIATED_WITH_ENTITY,canon_Task_00188,2019
canon_Task_00188,ENTITY_ASSOCIATED_WITH_ENTITY,canon_Task_00187,2019
canon_Material_00003,USED_FOR,canon_Other_00006,2019
canon_Material_00231,USED_FOR,canon_Other_00006,2019
canon_Material_00109,USED_FOR,canon_Other_00006,2019
canon_Material_00109,ENTITY_ASSOCIATED_WITH_ENTITY,canon_Material_00232,2019
canon_Material_00232,USED_FOR,canon_Other_00006,2019
canon_Material_00232,ENTITY_ASSOCIATED_WITH_ENTITY,canon_Material_00109,2019
canon_Other_00433,USED_FOR,canon_Other_00434,2019
canon_Method_00400,USED_FOR,canon_Other_00434,2019
canon_Method_00401,USED_FOR,canon_Other_00434,2019
canon_Method_00402,USED_FOR,canon_Other_00435,2019
canon_Method_00402,METHOD_APPLIED_TO,canon_Material_00233,2019
canon_Method_00402,USED_FOR,canon_Method_00403,2019
canon_Method_00402,USED_FOR,canon_Other_00436,2019
canon_Method_00403,USED_FOR,canon_Other_00435,2019
canon_Method_00403,USED_FOR,canon_Other_00436,2019
canon_Other_00003,USED_FOR,canon_Task_00189,2019
canon_Method_00400,METHOD_APPLIED_TO,canon_Task_00190,2019
canon_Method_00400,USED_FOR,canon_Method_00404,2019
canon_Method_00400,METHOD_APPLIED_TO,canon_Task_00191,2019
canon_Method_00404,METHOD_APPLIED_TO,canon_Task_00191,2019
canon_Material_00080,ENTITY_ASSOCIATED_WITH_ENTITY,canon_Material_00016,2019
canon_Task_00192,USED_FOR,canon_Task_00193,2019
canon_Method_00406,METHOD_APPLIED_TO,canon_Task_00192,2019
canon_Method_00406,METHOD_APPLIED_TO,canon_Task_00193,2019
canon_Method_00408,ENTITY_ASSOCIATED_WITH_ENTITY,canon_Method_00405,2019
canon_Other_00437,ENTITY_ASSOCIATED_WITH_ENTITY,canon_Method_00405,2019
canon_Other_00437,ENTITY_ASSOCIATED_WITH_ENTITY,canon_Other_00438,2019
canon_Other_00437,ENTITY_ASSOCIATED_WITH_ENTITY,canon_Other_00439,2019
canon_Other_00437,ENTITY_ASSOCIATED_WITH_ENTITY,canon_Other_00440,2019
canon_Other_00437,ENTITY_ASSOCIATED_WITH_ENTITY,canon_Other_00441,2019
canon_Other_00437,ENTITY_ASSOCIATED_WITH_ENTITY,canon_Other_00442,2019
canon_Other_00438,ENTITY_ASSOCIATED_WITH_ENTITY,canon_Method_00405,2019
canon_Other_00438,ENTITY_ASSOCIATED_WITH_ENTITY,canon_Other_00437,2019
canon_Other_00438,ENTITY_ASSOCIATED_WITH_ENTITY,canon_Other_00439,2019
canon_Other_00438,ENTITY_ASSOCIATED_WITH_ENTITY,canon_Other_00440,2019
canon_Other_00438,ENTITY_ASSOCIATED_WITH_ENTITY,canon_Other_00441,2019
canon_Other_00438,ENTITY_ASSOCIATED_WITH_ENTITY,canon_Other_00442,2019
canon_Other_00439,ENTITY_ASSOCIATED_WITH_ENTITY,canon_Method_00405,2019
canon_Other_00439,ENTITY_ASSOCIATED_WITH_ENTITY,canon_Other_00437,2019
canon_Other_00439,ENTITY_ASSOCIATED_WITH_ENTITY,canon_Other_00438,2019
canon_Other_00439,ENTITY_ASSOCIATED_WITH_ENTITY,canon_Other_00440,2019
canon_Other_00439,ENTITY_ASSOCIATED_WITH_ENTITY,canon_Other_00441,2019
canon_Other_00439,ENTITY_ASSOCIATED_WITH_ENTITY,canon_Other_00442,2019
canon_Other_00440,ENTITY_ASSOCIATED_WITH_ENTITY,canon_Method_00405,2019
canon_Other_00440,ENTITY_ASSOCIATED_WITH_ENTITY,canon_Other_00437,2019
canon_Other_00440,ENTITY_ASSOCIATED_WITH_ENTITY,canon_Other_00438,2019
canon_Other_00440,ENTITY_ASSOCIATED_WITH_ENTITY,canon_Other_00439,2019
canon_Other_00440,ENTITY_ASSOCIATED_WITH_ENTITY,canon_Other_00441,2019
canon_Other_00440,ENTITY_ASSOCIATED_WITH_ENTITY,canon_Other_00442,2019
canon_Other_00441,ENTITY_ASSOCIATED_WITH_ENTITY,canon_Method_00405,2019
canon_Other_00441,ENTITY_ASSOCIATED_WITH_ENTITY,canon_Other_00438,2019
canon_Other_00441,ENTITY_ASSOCIATED_WITH_ENTITY,canon_Other_00439,2019
canon_Other_00441,ENTITY_ASSOCIATED_WITH_ENTITY,canon_Other_00440,2019
canon_Other_00441,ENTITY_ASSOCIATED_WITH_ENTITY,canon_Other_00442,2019
canon_Other_00442,ENTITY_ASSOCIATED_WITH_ENTITY,canon_Method_00405,2019
canon_Other_00442,ENTITY_ASSOCIATED_WITH_ENTITY,canon_Other_00438,2019
canon_Other_00442,ENTITY_ASSOCIATED_WITH_ENTITY,canon_Other_00439,2019
canon_Other_00442,ENTITY_ASSOCIATED_WITH_ENTITY,canon_Other_00440,2019
canon_Other_00442,ENTITY_ASSOCIATED_WITH_ENTITY,canon_Other_00441,2019
canon_Method_00409,METHOD_APPLIED_TO,canon_Task_00194,2019
canon_Material_00279,USED_FOR,canon_Method_00179,2019
canon_Method_00411,USED_FOR,canon_Other_00443,2019
canon_Method_00179,USED_FOR,canon_Other_00445,2019
canon_Other_00446,ENTITY_ASSOCIATED_WITH_ENTITY,canon_Other_00445,2019
canon_Other_00446,ENTITY_ASSOCIATED_WITH_ENTITY,canon_Other_00447,2019
canon_Other_00446,ENTITY_ASSOCIATED_WITH_ENTITY,canon_Other_00448,2019
canon_Other_00447,ENTITY_ASSOCIATED_WITH_ENTITY,canon_Other_00446,2019
canon_Other_00447,ENTITY_ASSOCIATED_WITH_ENTITY,canon_Other_00448,2019
canon_Other_00448,ENTITY_ASSOCIATED_WITH_ENTITY,canon_Other_00445,2019
canon_Other_00448,ENTITY_ASSOCIATED_WITH_ENTITY,canon_Other_00446,2019
canon_Other_00448,ENTITY_ASSOCIATED_WITH_ENTITY,canon_Other_00447,2019
canon_Method_00022,METHOD_APPLIED_TO,canon_Task_00080,2019
canon_Method_00022,METHOD_APPLIED_TO,canon_Material_00056,2019
canon_Method_00022,METHOD_APPLIED_TO,canon_Task_00044,2019
canon_Material_00056,USED_FOR,canon_Method_00022,2019
canon_Method_00022,METHOD_APPLIED_TO,canon_Task_00080,2019
canon_Method_00022,USED_FOR,canon_Other_00449,2019
canon_Other_00450,ENTITY_ASSOCIATED_WITH_ENTITY,canon_Other_00451,2019
canon_Other_00451,ENTITY_ASSOCIATED_WITH_ENTITY,canon_Other_00450,2019
canon_Method_00023,METHOD_APPLIED_TO,canon_Material_00056,2019
canon_Method_00022,METHOD_APPLIED_TO,canon_Material_00056,2019
canon_Method_00022,METHOD_APPLIED_TO,canon_Task_00197,2019
canon_Method_00022,METHOD_APPLIED_TO,canon_Task_00044,2019
canon_Task_00197,ENTITY_ASSOCIATED_WITH_ENTITY,canon_Task_00044,2019
canon_Other_00452,ENTITY_ASSOCIATED_WITH_ENTITY,canon_Material_00235,2019
canon_Other_00453,ENTITY_ASSOCIATED_WITH_ENTITY,canon_Method_00414,2019
canon_Method_00414,ENTITY_ASSOCIATED_WITH_ENTITY,canon_Method_00415,2019
canon_Method_00415,ENTITY_ASSOCIATED_WITH_ENTITY,canon_Method_00414,2019
canon_Material_00762,ENTITY_ASSOCIATED_WITH_ENTITY,canon_Method_00417,2019
canon_Other_00016,USED_FOR,canon_Method_00417,2019
canon_Other_00201,USED_FOR,canon_Task_00198,2019
canon_Material_00237,USED_FOR,canon_Other_00454,2019
canon_Other_00454,USED_FOR,canon_Material_00237,2019
canon_Other_00201,USED_FOR,canon_Method_00419,2019
canon_Method_00420,USED_FOR,canon_Method_00419,2019
canon_Material_00238,ENTITY_ASSOCIATED_WITH_ENTITY,canon_Method_00421,2019
canon_Material_00238,METHOD_EVALUATED_BY,canon_Other_00009,2019
canon_Method_00422,ENTITY_ASSOCIATED_WITH_ENTITY,canon_Method_00421,2019
canon_Method_00422,ENTITY_ASSOCIATED_WITH_ENTITY,canon_Method_00423,2019
canon_Method_00423,ENTITY_ASSOCIATED_WITH_ENTITY,canon_Method_00421,2019
canon_Other_00009,ENTITY_ASSOCIATED_WITH_ENTITY,canon_Method_00421,2019
canon_Other_00009,ENTITY_ASSOCIATED_WITH_ENTITY,canon_Other_00011,2019
canon_Metric_00031,METHOD_EVALUATED_BY,canon_Method_00421,2019
canon_Metric_00031,METHOD_EVALUATED_BY,canon_Other_00009,2019
canon_Metric_00031,METHOD_EVALUATED_BY,canon_Other_00011,2019
canon_Method_00424,USED_FOR,canon_Other_00455,2019
canon_Method_00426,ENTITY_ASSOCIATED_WITH_ENTITY,canon_Task_00222,2019
canon_Task_00081,USED_FOR,canon_Material_00002,2019
canon_Other_00036,USED_FOR,canon_Material_00584,2019
canon_Other_00036,USED_FOR,canon_Material_00240,2019
canon_Other_00036,USED_FOR,canon_Material_00110,2019
canon_Material_00584,USED_FOR,canon_Material_00240,2019
canon_Material_00110,ENTITY_ASSOCIATED_WITH_ENTITY,canon_Material_00240,2019
canon_Method_00427,ENTITY_ASSOCIATED_WITH_ENTITY,canon_Other_00456,2019
canon_Method_00427,ENTITY_ASSOCIATED_WITH_ENTITY,canon_Material_00111,2019
canon_Other_00456,ENTITY_ASSOCIATED_WITH_ENTITY,canon_Material_00111,2019
canon_Other_00456,ENTITY_ASSOCIATED_WITH_ENTITY,canon_Material_00241,2019
canon_Material_00111,ENTITY_ASSOCIATED_WITH_ENTITY,canon_Material_00241,2019
canon_Material_00111,ENTITY_ASSOCIATED_WITH_ENTITY,canon_Other_00457,2019
canon_Material_00241,ENTITY_ASSOCIATED_WITH_ENTITY,canon_Other_00457,2019
canon_Other_00457,ENTITY_ASSOCIATED_WITH_ENTITY,canon_Other_00458,2019
canon_Task_00203,ENTITY_ASSOCIATED_WITH_ENTITY,canon_Task_00204,2019
canon_Task_00203,ENTITY_ASSOCIATED_WITH_ENTITY,canon_Task_00205,2019
canon_Task_00204,ENTITY_ASSOCIATED_WITH_ENTITY,canon_Task_00205,2019
canon_Task_00205,ENTITY_ASSOCIATED_WITH_ENTITY,canon_Task_00204,2019
canon_Method_00429,USED_FOR,canon_Method_00180,2019
canon_Other_00460,ENTITY_ASSOCIATED_WITH_ENTITY,canon_Other_00461,2019
canon_Method_00430,USED_FOR,canon_Other_00463,2019
canon_Other_00465,USED_FOR,canon_Other_00464,2019
canon_Method_00069,METHOD_APPLIED_TO,canon_Task_00082,2019
canon_Method_00069,METHOD_APPLIED_TO,canon_Task_00206,2019
canon_Task_00082,USED_FOR,canon_Task_00206,2019
canon_Method_00432,METHOD_APPLIED_TO,canon_Task_00082,2019
canon_Task_00083,USED_FOR,canon_Task_00207,2019
canon_Task_00083,USED_FOR,canon_Task_00029,2019
canon_Task_00083,USED_FOR,canon_Task_00208,2019
canon_Method_00433,METHOD_APPLIED_TO,canon_Task_00083,2019
canon_Method_00433,METHOD_APPLIED_TO,canon_Task_00207,2019
canon_Method_00433,METHOD_APPLIED_TO,canon_Task_00029,2019
canon_Method_00433,METHOD_APPLIED_TO,canon_Task_00208,2019
canon_Task_00207,USED_FOR,canon_Task_00083,2019
canon_Task_00207,ENTITY_ASSOCIATED_WITH_ENTITY,canon_Task_00029,2019
canon_Task_00207,ENTITY_ASSOCIATED_WITH_ENTITY,canon_Task_00208,2019
canon_Task_00029,USED_FOR,canon_Task_00083,2019
canon_Task_00029,ENTITY_ASSOCIATED_WITH_ENTITY,canon_Task_00208,2019
canon_Method_00069,METHOD_APPLIED_TO,canon_Task_00084,2019
canon_Task_00209,ENTITY_ASSOCIATED_WITH_ENTITY,canon_Task_00084,2019
canon_Task_00209,ENTITY_ASSOCIATED_WITH_ENTITY,canon_Task_00210,2019
canon_Task_00210,ENTITY_ASSOCIATED_WITH_ENTITY,canon_Task_00084,2019
canon_Task_00210,ENTITY_ASSOCIATED_WITH_ENTITY,canon_Task_00209,2019
canon_Method_00181,USED_FOR,canon_Method_00434,2019
canon_Method_00181,METHOD_APPLIED_TO,canon_Task_00211,2019
canon_Method_00069,USED_FOR,canon_Method_00181,2019
canon_Method_00007,USED_FOR,canon_Method_00181,2019
canon_Method_00434,METHOD_APPLIED_TO,canon_Task_00211,2019
canon_Task_00211,USED_FOR,canon_Method_00434,2019
canon_Other_00466,ENTITY_ASSOCIATED_WITH_ENTITY,canon_Other_00052,2019
canon_Other_00466,ENTITY_ASSOCIATED_WITH_ENTITY,canon_Metric_00033,2019
canon_Other_00466,ENTITY_ASSOCIATED_WITH_ENTITY,canon_Task_00083,2019
canon_Other_00052,ENTITY_ASSOCIATED_WITH_ENTITY,canon_Metric_00033,2019
canon_Other_00052,ENTITY_ASSOCIATED_WITH_ENTITY,canon_Task_00083,2019
canon_Metric_00033,ENTITY_ASSOCIATED_WITH_ENTITY,canon_Task_00083,2019
canon_Method_00435,USED_FOR,canon_Material_00106,2019
canon_Material_00106,METHOD_EVALUATED_BY,canon_Method_00435,2019
canon_Method_00436,USED_FOR,canon_Other_00468,2019
canon_Other_00469,ENTITY_ASSOCIATED_WITH_ENTITY,canon_Other_00470,2019
canon_Material_00242,USED_FOR,canon_Other_00475,2019
canon_Other_00205,ENTITY_ASSOCIATED_WITH_ENTITY,canon_Other_00206,2019
canon_Other_00206,ENTITY_ASSOCIATED_WITH_ENTITY,canon_Other_00207,2019
canon_Other_00205,ENTITY_ASSOCIATED_WITH_ENTITY,canon_Other_00207,2019
canon_Other_00481,ENTITY_ASSOCIATED_WITH_ENTITY,canon_Method_00440,2019
canon_Material_00244,USED_FOR,canon_Other_00006,2019
canon_Other_00482,METHOD_EVALUATED_BY,canon_Other_00006,2019
canon_Other_00482,ENTITY_ASSOCIATED_WITH_ENTITY,canon_Method_01980,2019
canon_Other_00482,ENTITY_ASSOCIATED_WITH_ENTITY,canon_Other_00484,2019
canon_Method_01980,METHOD_EVALUATED_BY,canon_Other_00006,2019
canon_Method_01980,ENTITY_ASSOCIATED_WITH_ENTITY,canon_Other_00484,2019
canon_Other_00484,METHOD_EVALUATED_BY,canon_Other_00006,2019
canon_Other_00484,ENTITY_ASSOCIATED_WITH_ENTITY,canon_Method_01980,2019
canon_Metric_00035,ENTITY_ASSOCIATED_WITH_ENTITY,canon_Other_00485,2019
canon_Other_00003,USED_FOR,canon_Task_00085,2019
canon_Other_00487,ENTITY_ASSOCIATED_WITH_ENTITY,canon_Other_00488,2019
canon_Other_00487,ENTITY_ASSOCIATED_WITH_ENTITY,canon_Other_00489,2019
canon_Other_00488,ENTITY_ASSOCIATED_WITH_ENTITY,canon_Other_00487,2019
canon_Other_00488,ENTITY_ASSOCIATED_WITH_ENTITY,canon_Other_00489,2019
canon_Other_00489,ENTITY_ASSOCIATED_WITH_ENTITY,canon_Other_00487,2019
canon_Other_00489,ENTITY_ASSOCIATED_WITH_ENTITY,canon_Other_00488,2019
canon_Method_00049,USED_FOR,canon_Other_00009,2019
canon_Other_00493,USED_FOR,canon_Other_00009,2019
canon_Method_00049,USED_FOR,canon_Method_00441,2019
canon_Other_00494,USED_FOR,canon_Method_00441,2019
canon_Other_00494,USED_FOR,canon_Other_00082,2019
canon_Other_00082,ENTITY_ASSOCIATED_WITH_ENTITY,canon_Material_00024,2019
canon_Material_00024,USED_FOR,canon_Other_00082,2019
canon_Method_00442,USED_FOR,canon_Other_00082,2019
canon_Material_00247,USED_FOR,canon_Method_00442,2019
canon_Material_00247,ENTITY_ASSOCIATED_WITH_ENTITY,canon_Material_00248,2019
canon_Material_00248,USED_FOR,canon_Method_00442,2019
canon_Other_00008,USED_FOR,canon_Other_00495,2019
canon_Method_00050,USED_FOR,canon_Other_00008,2019
canon_Other_00008,USED_FOR,canon_Other_00496,2019
canon_Other_00497,ENTITY_ASSOCIATED_WITH_ENTITY,canon_Other_00496,2019
canon_Other_00008,USED_FOR,canon_Other_00499,2019
canon_Other_00008,USED_FOR,canon_Other_00122,2019
canon_Other_00008,USED_FOR,canon_Other_00122,2019
canon_Other_00502,USED_FOR,canon_Other_00209,2019
canon_Other_00502,ENTITY_ASSOCIATED_WITH_ENTITY,canon_Other_00503,2019
canon_Material_00249,USED_FOR,canon_Other_00504,2019
canon_Material_00252,USED_FOR,canon_Method_00444,2019
canon_Material_00252,ENTITY_ASSOCIATED_WITH_ENTITY,canon_Material_00253,2019
canon_Material_00253,USED_FOR,canon_Method_00444,2019
canon_Material_00253,ENTITY_ASSOCIATED_WITH_ENTITY,canon_Material_00252,2019
canon_Method_00445,METHOD_APPLIED_TO,canon_Task_00214,2019
canon_Method_00448,USED_FOR,canon_Method_00447,2019
canon_Method_00448,USED_FOR,canon_Method_00450,2019
canon_Method_00449,USED_FOR,canon_Method_00447,2019
canon_Method_00449,METHOD_EVALUATED_BY,canon_Method_00450,2019
canon_Method_00451,USED_FOR,canon_Other_00507,2019
canon_Task_00216,USED_FOR,canon_Task_00218,2019
canon_Task_00217,USED_FOR,canon_Task_00215,2019
canon_Task_00217,ENTITY_ASSOCIATED_WITH_ENTITY,canon_Task_00216,2019
canon_Task_00217,USED_FOR,canon_Task_00218,2019
canon_Method_00453,USED_FOR,canon_Method_00452,2019
canon_Method_00050,METHOD_APPLIED_TO,canon_Method_00143,2019
canon_Method_00143,USED_FOR,canon_Task_00219,2019
canon_Method_00050,USED_FOR,canon_Material_00237,2019
canon_Method_00050,METHOD_APPLIED_TO,canon_Material_00112,2019
canon_Material_00003,ENTITY_ASSOCIATED_WITH_ENTITY,canon_Material_00112,2019
canon_Material_00003,ENTITY_ASSOCIATED_WITH_ENTITY,canon_Material_00008,2019
canon_Material_00003,ENTITY_ASSOCIATED_WITH_ENTITY,canon_Material_00021,2019
canon_Material_00008,ENTITY_ASSOCIATED_WITH_ENTITY,canon_Material_00112,2019
canon_Material_00008,ENTITY_ASSOCIATED_WITH_ENTITY,canon_Material_00021,2019
canon_Material_00021,ENTITY_ASSOCIATED_WITH_ENTITY,canon_Material_00112,2019
canon_Material_00021,ENTITY_ASSOCIATED_WITH_ENTITY,canon_Material_00008,2019
canon_Method_00050,METHOD_APPLIED_TO,canon_Method_00143,2019
canon_Method_00049,ENTITY_ASSOCIATED_WITH_ENTITY,canon_Method_00019,2019
canon_Other_00508,ENTITY_ASSOCIATED_WITH_ENTITY,canon_Other_00509,2019
canon_Material_00017,USED_FOR,canon_Method_00050,2019
canon_Method_00019,METHOD_APPLIED_TO,canon_Task_00220,2019
canon_Method_00019,METHOD_APPLIED_TO,canon_Task_00008,2019
canon_Task_00220,ENTITY_ASSOCIATED_WITH_ENTITY,canon_Task_00008,2019
canon_Task_00221,USED_FOR,canon_Task_00008,2019
canon_Task_00223,ENTITY_ASSOCIATED_WITH_ENTITY,canon_Task_00008,2019
canon_Task_00223,USED_FOR,canon_Task_00221,2019
canon_Task_00008,USED_FOR,canon_Task_00221,2019
canon_Other_00013,USED_FOR,canon_Task_00224,2019
canon_Other_00013,USED_FOR,canon_Task_00225,2019
canon_Method_00168,USED_FOR,canon_Other_00013,2019
canon_Method_00168,METHOD_APPLIED_TO,canon_Task_00225,2019
canon_Other_00006,USED_FOR,canon_Other_00511,2019
canon_Material_00256,USED_FOR,canon_Other_00006,2019
canon_Material_00256,USED_FOR,canon_Other_00511,2019
canon_Other_00009,USED_FOR,canon_Method_00457,2019
canon_Method_00457,METHOD_APPLIED_TO,canon_Task_00226,2019
canon_Method_00457,METHOD_APPLIED_TO,canon_Task_00008,2019
canon_Task_00226,ENTITY_ASSOCIATED_WITH_ENTITY,canon_Task_00008,2019
canon_Method_00458,USED_FOR,canon_Method_00457,2019
canon_Method_00458,METHOD_APPLIED_TO,canon_Task_00008,2019
canon_Metric_00039,METHOD_EVALUATED_BY,canon_Method_00460,2019
canon_Other_00212,ENTITY_ASSOCIATED_WITH_ENTITY,canon_Material_00114,2019
canon_Other_00515,ENTITY_ASSOCIATED_WITH_ENTITY,canon_Material_00114,2019
canon_Method_00100,ENTITY_ASSOCIATED_WITH_ENTITY,canon_Method_00461,2019
canon_Method_00100,METHOD_APPLIED_TO,canon_Task_00087,2019
canon_Method_00461,METHOD_APPLIED_TO,canon_Task_00087,2019
canon_Other_00516,ENTITY_ASSOCIATED_WITH_ENTITY,canon_Method_00081,2019
canon_Other_00011,USED_FOR,canon_Other_00517,2019
canon_Other_00213,USED_FOR,canon_Other_00011,2019
canon_Other_00213,USED_FOR,canon_Other_00517,2019
canon_Other_00006,USED_FOR,canon_Other_00518,2019
canon_Other_00518,USED_FOR,canon_Method_00462,2019
canon_Other_00518,USED_FOR,canon_Other_00006,2019
canon_Other_00518,USED_FOR,canon_Other_00213,2019
canon_Other_00213,USED_FOR,canon_Method_00462,2019
canon_Other_00213,USED_FOR,canon_Other_00006,2019
canon_Other_00213,USED_FOR,canon_Other_00518,2019
canon_Method_00461,USED_FOR,canon_Method_00463,2019
canon_Method_00461,USED_FOR,canon_Other_00519,2019
canon_Method_00463,USED_FOR,canon_Other_00519,2019
canon_Other_00519,USED_FOR,canon_Method_00461,2019
canon_Other_00519,USED_FOR,canon_Method_00463,2019
canon_Other_00519,ENTITY_ASSOCIATED_WITH_ENTITY,canon_Other_00520,2019
canon_Other_00522,USED_FOR,canon_Other_00006,2019
canon_Method_00465,ENTITY_ASSOCIATED_WITH_ENTITY,canon_Method_00070,2019
canon_Method_00465,ENTITY_ASSOCIATED_WITH_ENTITY,canon_Method_00466,2019
canon_Method_00465,ENTITY_ASSOCIATED_WITH_ENTITY,canon_Other_00011,2019
canon_Metric_00006,METHOD_EVALUATED_BY,canon_Method_00465,2019
canon_Metric_00006,METHOD_EVALUATED_BY,canon_Method_00070,2019
canon_Metric_00006,METHOD_EVALUATED_BY,canon_Method_00466,2019
canon_Metric_00006,METHOD_EVALUATED_BY,canon_Other_00011,2019
canon_Other_00214,USED_FOR,canon_Method_00467,2019
canon_Other_00214,ENTITY_ASSOCIATED_WITH_ENTITY,canon_Material_00827,2019
canon_Other_00530,ENTITY_ASSOCIATED_WITH_ENTITY,canon_Other_00529,2019
canon_Method_00101,METHOD_APPLIED_TO,canon_Material_00115,2019
canon_Method_00470,METHOD_APPLIED_TO,canon_Material_00115,2019
canon_Other_00533,USED_FOR,canon_Method_00469,2019
canon_Method_00471,USED_FOR,canon_Method_00469,2019
canon_Method_00471,USED_FOR,canon_Other_00533,2019
canon_Other_00534,ENTITY_ASSOCIATED_WITH_ENTITY,canon_Other_00535,2019
canon_Material_00086,ENTITY_ASSOCIATED_WITH_ENTITY,canon_Material_00371,2019
canon_Task_00089,ENTITY_ASSOCIATED_WITH_ENTITY,canon_Material_00371,2019
canon_Method_00472,USED_FOR,canon_Material_00371,2019
canon_Task_00235,ENTITY_ASSOCIATED_WITH_ENTITY,canon_Other_00539,2019
canon_Task_00237,ENTITY_ASSOCIATED_WITH_ENTITY,canon_Method_00476,2019
canon_Method_00477,USED_FOR,canon_Method_00476,2019
canon_Method_00027,METHOD_APPLIED_TO,canon_Method_00244,2019
canon_Method_00020,USED_FOR,canon_Other_00541,2019
canon_Method_00001,USED_FOR,canon_Other_00541,2019
canon_Material_00001,USED_FOR,canon_Other_00542,2019
canon_Method_00478,USED_FOR,canon_Method_00479,2019
canon_Material_00259,USED_FOR,canon_Method_00479,2019
canon_Method_00480,METHOD_APPLIED_TO,canon_Task_00240,2019
canon_Method_00480,ENTITY_ASSOCIATED_WITH_ENTITY,canon_Method_00481,2019
canon_Method_00480,ENTITY_ASSOCIATED_WITH_ENTITY,canon_Method_00482,2019
canon_Method_00482,ENTITY_ASSOCIATED_WITH_ENTITY,canon_Method_00481,2019
canon_Other_00217,USED_FOR,canon_Method_00002,2019
canon_Metric_00040,METHOD_EVALUATED_BY,canon_Method_00484,2019
canon_Method_00045,ENTITY_ASSOCIATED_WITH_ENTITY,canon_Method_00003,2019
canon_Method_00045,USED_FOR,canon_Method_00485,2019
canon_Method_00045,METHOD_APPLIED_TO,canon_Task_00242,2019
canon_Method_00003,USED_FOR,canon_Method_00485,2019
canon_Method_00003,METHOD_APPLIED_TO,canon_Task_00242,2019
canon_Method_00485,METHOD_APPLIED_TO,canon_Task_00242,2019
canon_Method_00485,METHOD_APPLIED_TO,canon_Task_00243,2019
canon_Method_00485,USED_FOR,canon_Other_00543,2019
canon_Material_00261,USED_FOR,canon_Method_00485,2019
canon_Method_01523,METHOD_EVALUATED_BY,canon_Method_00485,2019
canon_Method_01523,ENTITY_ASSOCIATED_WITH_ENTITY,canon_Task_00242,2019
canon_Method_01523,ENTITY_ASSOCIATED_WITH_ENTITY,canon_Other_00543,2019
canon_Method_00486,METHOD_APPLIED_TO,canon_Task_00244,2019
canon_Method_00486,USED_FOR,canon_Method_00004,2019
canon_Method_00004,METHOD_APPLIED_TO,canon_Task_00244,2019
canon_Material_00082,USED_FOR,canon_Method_00487,2019
canon_Material_00082,ENTITY_ASSOCIATED_WITH_ENTITY,canon_Method_00488,2019
canon_Material_00182,USED_FOR,canon_Method_00487,2019
canon_Material_00182,USED_FOR,canon_Material_00082,2019
canon_Material_00182,ENTITY_ASSOCIATED_WITH_ENTITY,canon_Method_00488,2019
canon_Material_00182,ENTITY_ASSOCIATED_WITH_ENTITY,canon_Method_00004,2019
canon_Method_00488,USED_FOR,canon_Method_00487,2019
canon_Method_00488,METHOD_APPLIED_TO,canon_Material_00082,2019
canon_Method_00004,USED_FOR,canon_Method_00487,2019
canon_Method_00004,METHOD_APPLIED_TO,canon_Material_00082,2019
canon_Method_00004,ENTITY_ASSOCIATED_WITH_ENTITY,canon_Material_00182,2019
canon_Method_00004,ENTITY_ASSOCIATED_WITH_ENTITY,canon_Method_00488,2019
canon_Method_00102,ENTITY_ASSOCIATED_WITH_ENTITY,canon_Method_00489,2019
canon_Method_00102,USED_FOR,canon_Method_00490,2019
canon_Other_00544,ENTITY_ASSOCIATED_WITH_ENTITY,canon_Method_00489,2019
canon_Other_00544,USED_FOR,canon_Method_00490,2019
canon_Method_00489,USED_FOR,canon_Method_00490,2019
canon_Other_00545,ENTITY_ASSOCIATED_WITH_ENTITY,canon_Method_00489,2019
canon_Other_00545,USED_FOR,canon_Method_00490,2019
canon_Other_00545,USED_FOR,canon_Other_00546,2019
canon_Method_00490,USED_FOR,canon_Other_00546,2019
canon_Other_00547,ENTITY_ASSOCIATED_WITH_ENTITY,canon_Method_00489,2019
canon_Other_00547,USED_FOR,canon_Method_00490,2019
canon_Other_00547,USED_FOR,canon_Other_00546,2019
canon_Other_00008,USED_FOR,canon_Method_00203,2019
canon_Metric_00001,METHOD_EVALUATED_BY,canon_Other_00008,2019
canon_Method_00071,METHOD_APPLIED_TO,canon_Task_00047,2019
canon_Method_00023,METHOD_APPLIED_TO,canon_Task_00047,2019
canon_Method_00071,ENTITY_ASSOCIATED_WITH_ENTITY,canon_Method_00023,2019
canon_Method_00071,METHOD_APPLIED_TO,canon_Task_00047,2019
canon_Method_00492,METHOD_APPLIED_TO,canon_Material_00031,2019
canon_Other_00005,ENTITY_ASSOCIATED_WITH_ENTITY,canon_Method_00493,2019
canon_Other_00005,ENTITY_ASSOCIATED_WITH_ENTITY,canon_Method_00102,2019
canon_Method_00103,ENTITY_ASSOCIATED_WITH_ENTITY,canon_Method_00495,2019
canon_Material_00828,ENTITY_ASSOCIATED_WITH_ENTITY,canon_Method_00306,2019
canon_Other_00550,ENTITY_ASSOCIATED_WITH_ENTITY,canon_Method_00306,2019
canon_Task_00247,ENTITY_ASSOCIATED_WITH_ENTITY,canon_Task_00248,2019
canon_Task_00248,ENTITY_ASSOCIATED_WITH_ENTITY,canon_Method_00306,2019
canon_Task_00248,ENTITY_ASSOCIATED_WITH_ENTITY,canon_Task_00249,2019
canon_Task_00249,ENTITY_ASSOCIATED_WITH_ENTITY,canon_Task_00248,2019
canon_Material_00116,ENTITY_ASSOCIATED_WITH_ENTITY,canon_Material_00015,2019
canon_Material_00116,ENTITY_ASSOCIATED_WITH_ENTITY,canon_Material_00117,2019
canon_Material_00116,ENTITY_ASSOCIATED_WITH_ENTITY,canon_Material_00045,2019
canon_Material_00015,ENTITY_ASSOCIATED_WITH_ENTITY,canon_Material_00116,2019
canon_Material_00015,ENTITY_ASSOCIATED_WITH_ENTITY,canon_Material_00117,2019
canon_Material_00015,ENTITY_ASSOCIATED_WITH_ENTITY,canon_Material_00045,2019
canon_Material_00117,ENTITY_ASSOCIATED_WITH_ENTITY,canon_Material_00045,2019
canon_Material_00045,ENTITY_ASSOCIATED_WITH_ENTITY,canon_Material_00117,2019
canon_Other_00553,ENTITY_ASSOCIATED_WITH_ENTITY,canon_Method_00497,2019
canon_Method_00497,USED_FOR,canon_Other_00553,2019
canon_Other_00125,ENTITY_ASSOCIATED_WITH_ENTITY,canon_Other_00126,2019
canon_Other_00554,ENTITY_ASSOCIATED_WITH_ENTITY,canon_Other_00126,2019
canon_Other_00125,ENTITY_ASSOCIATED_WITH_ENTITY,canon_Other_00126,2019
canon_Method_00002,ENTITY_ASSOCIATED_WITH_ENTITY,canon_Other_00066,2019
canon_Method_00072,METHOD_APPLIED_TO,canon_Task_00253,2019
canon_Method_00072,METHOD_APPLIED_TO,canon_Task_00254,2019
canon_Metric_00041,METHOD_EVALUATED_BY,canon_Method_00072,2019
canon_Metric_00041,ENTITY_ASSOCIATED_WITH_ENTITY,canon_Metric_00001,2019
canon_Metric_00001,METHOD_EVALUATED_BY,canon_Method_00072,2019
canon_Method_00072,METHOD_APPLIED_TO,canon_Task_00255,2019
canon_Task_00256,ENTITY_ASSOCIATED_WITH_ENTITY,canon_Task_00257,2019
canon_Task_00256,ENTITY_ASSOCIATED_WITH_ENTITY,canon_Other_00053,2019
canon_Task_00257,ENTITY_ASSOCIATED_WITH_ENTITY,canon_Other_00053,2019
canon_Method_00104,METHOD_APPLIED_TO,canon_Task_00049,2019
canon_Method_00104,METHOD_APPLIED_TO,canon_Task_00049,2019
canon_Task_00258,ENTITY_ASSOCIATED_WITH_ENTITY,canon_Task_00207,2019
canon_Task_00207,ENTITY_ASSOCIATED_WITH_ENTITY,canon_Task_00259,2019
canon_Task_00259,ENTITY_ASSOCIATED_WITH_ENTITY,canon_Task_00207,2019
canon_Other_00556,ENTITY_ASSOCIATED_WITH_ENTITY,canon_Other_00555,2019
canon_Other_00556,ENTITY_ASSOCIATED_WITH_ENTITY,canon_Other_00557,2019
canon_Other_00557,ENTITY_ASSOCIATED_WITH_ENTITY,canon_Other_00555,2019
canon_Other_00557,ENTITY_ASSOCIATED_WITH_ENTITY,canon_Other_00558,2019
canon_Other_00558,ENTITY_ASSOCIATED_WITH_ENTITY,canon_Other_00555,2019
canon_Other_00558,ENTITY_ASSOCIATED_WITH_ENTITY,canon_Other_00557,2019
canon_Other_00069,USED_FOR,canon_Task_00092,2019
canon_Other_00069,USED_FOR,canon_Task_00260,2019
canon_Task_00092,ENTITY_ASSOCIATED_WITH_ENTITY,canon_Task_00260,2019
canon_Other_00052,ENTITY_ASSOCIATED_WITH_ENTITY,canon_Other_00559,2019
canon_Task_00049,ENTITY_ASSOCIATED_WITH_ENTITY,canon_Task_00084,2019
canon_Task_00093,ENTITY_ASSOCIATED_WITH_ENTITY,canon_Task_00092,2019
canon_Task_00093,ENTITY_ASSOCIATED_WITH_ENTITY,canon_Task_00261,2019
canon_Task_00261,ENTITY_ASSOCIATED_WITH_ENTITY,canon_Task_00092,2019
canon_Task_00261,ENTITY_ASSOCIATED_WITH_ENTITY,canon_Task_00093,2019
canon_Method_00104,METHOD_APPLIED_TO,canon_Task_00262,2019
canon_Material_00584,ENTITY_ASSOCIATED_WITH_ENTITY,canon_Task_00094,2019
canon_Method_00093,ENTITY_ASSOCIATED_WITH_ENTITY,canon_Task_00094,2019
canon_Other_00561,USED_FOR,canon_Task_00094,2019
canon_Other_00561,ENTITY_ASSOCIATED_WITH_ENTITY,canon_Other_00562,2019
canon_Other_00562,USED_FOR,canon_Task_00094,2019
canon_Method_00073,METHOD_APPLIED_TO,canon_Task_00264,2019
canon_Method_00073,METHOD_APPLIED_TO,canon_Task_00265,2019
canon_Other_00226,ENTITY_ASSOCIATED_WITH_ENTITY,canon_Other_00563,2019
canon_Other_00226,ENTITY_ASSOCIATED_WITH_ENTITY,canon_Method_00129,2019
canon_Other_00563,ENTITY_ASSOCIATED_WITH_ENTITY,canon_Method_00129,2019
canon_Method_00073,METHOD_APPLIED_TO,canon_Material_00106,2019
canon_Other_00052,ENTITY_ASSOCIATED_WITH_ENTITY,canon_Other_00565,2019
canon_Other_00568,ENTITY_ASSOCIATED_WITH_ENTITY,canon_Other_00569,2019
canon_Other_00569,USED_FOR,canon_Other_00568,2019
canon_Other_00570,ENTITY_ASSOCIATED_WITH_ENTITY,canon_Other_00571,2019
canon_Other_00573,ENTITY_ASSOCIATED_WITH_ENTITY,canon_Other_00574,2019
canon_Method_00004,METHOD_APPLIED_TO,canon_Task_00266,2019
canon_Other_00016,USED_FOR,canon_Other_00575,2019
canon_Method_00502,USED_FOR,canon_Other_00016,2019
canon_Method_00502,ENTITY_ASSOCIATED_WITH_ENTITY,canon_Method_00022,2019
canon_Method_00502,USED_FOR,canon_Other_00575,2019
canon_Method_00022,USED_FOR,canon_Other_00016,2019
canon_Method_00022,USED_FOR,canon_Other_00575,2019
canon_Method_00278,USED_FOR,canon_Other_00016,2019
canon_Metric_00001,METHOD_EVALUATED_BY,canon_Other_00003,2019
canon_Metric_00001,ENTITY_ASSOCIATED_WITH_ENTITY,canon_Metric_00003,2019
canon_Metric_00003,METHOD_EVALUATED_BY,canon_Other_00003,2019
canon_Metric_00003,ENTITY_ASSOCIATED_WITH_ENTITY,canon_Metric_00004,2019
canon_Metric_00004,METHOD_EVALUATED_BY,canon_Other_00003,2019
canon_Method_00004,METHOD_APPLIED_TO,canon_Task_00267,2019
canon_Method_00004,METHOD_APPLIED_TO,canon_Task_00050,2019
canon_Task_00267,ENTITY_ASSOCIATED_WITH_ENTITY,canon_Task_00050,2019
canon_Method_00004,METHOD_APPLIED_TO,canon_Task_00050,2019
canon_Method_00503,METHOD_APPLIED_TO,canon_Task_00266,2019
canon_Method_00504,METHOD_APPLIED_TO,canon_Task_00268,2019
canon_Other_00229,ENTITY_ASSOCIATED_WITH_ENTITY,canon_Method_01920,2019
canon_Material_00269,ENTITY_ASSOCIATED_WITH_ENTITY,canon_Method_01920,2019
canon_Material_00004,ENTITY_ASSOCIATED_WITH_ENTITY,canon_Other_00577,2019
canon_Material_00118,ENTITY_ASSOCIATED_WITH_ENTITY,canon_Material_00024,2019
canon_Material_00118,ENTITY_ASSOCIATED_WITH_ENTITY,canon_Method_00507,2019
canon_Material_00024,ENTITY_ASSOCIATED_WITH_ENTITY,canon_Method_00507,2019
canon_Method_00507,ENTITY_ASSOCIATED_WITH_ENTITY,canon_Method_00007,2019
canon_Method_00007,ENTITY_ASSOCIATED_WITH_ENTITY,canon_Method_00507,2019
canon_Other_00006,USED_FOR,canon_Metric_00043,2019
canon_Metric_00043,METHOD_EVALUATED_BY,canon_Other_00006,2019
canon_Method_00183,METHOD_APPLIED_TO,canon_Material_00270,2019
canon_Metric_00044,ENTITY_ASSOCIATED_WITH_ENTITY,canon_Metric_00045,2019
canon_Other_00578,ENTITY_ASSOCIATED_WITH_ENTITY,canon_Task_00269,2019
canon_Method_00508,METHOD_APPLIED_TO,canon_Task_00270,2019
canon_Method_00508,USED_FOR,canon_Method_00509,2019
canon_Task_00270,ENTITY_ASSOCIATED_WITH_ENTITY,canon_Method_00509,2019
canon_Method_00105,USED_FOR,canon_Method_00509,2019
canon_Task_00096,ENTITY_ASSOCIATED_WITH_ENTITY,canon_Method_00184,2019
canon_Other_00580,ENTITY_ASSOCIATED_WITH_ENTITY,canon_Other_00088,2019
canon_Method_00184,USED_FOR,canon_Other_00088,2019
canon_Other_00128,ENTITY_ASSOCIATED_WITH_ENTITY,canon_Other_00230,2019
canon_Other_00231,USED_FOR,canon_Other_00128,2019
canon_Other_00128,USED_FOR,canon_Other_00231,2019
canon_Other_00128,USED_FOR,canon_Other_00232,2019
canon_Other_00128,USED_FOR,canon_Other_00232,2019
canon_Other_00232,ENTITY_ASSOCIATED_WITH_ENTITY,canon_Other_00128,2019
canon_Other_00232,ENTITY_ASSOCIATED_WITH_ENTITY,canon_Other_00232,2019
canon_Other_00232,USED_FOR,canon_Other_00128,2019
canon_Method_00512,METHOD_APPLIED_TO,canon_Task_00272,2019
canon_Other_00583,USED_FOR,canon_Method_00513,2019
canon_Method_00513,USED_FOR,canon_Material_00204,2019
canon_Material_00204,ENTITY_ASSOCIATED_WITH_ENTITY,canon_Method_00513,2019
canon_Task_00275,ENTITY_ASSOCIATED_WITH_ENTITY,canon_Task_00276,2019
canon_Task_00275,ENTITY_ASSOCIATED_WITH_ENTITY,canon_Task_00097,2019
canon_Task_00276,ENTITY_ASSOCIATED_WITH_ENTITY,canon_Task_00097,2019
canon_Task_00097,ENTITY_ASSOCIATED_WITH_ENTITY,canon_Task_00276,2019
canon_Other_00006,USED_FOR,canon_Task_00277,2019
canon_Other_00006,USED_FOR,canon_Task_00278,2019
canon_Other_00070,USED_FOR,canon_Task_00277,2019
canon_Material_00120,USED_FOR,canon_Other_00070,2019
canon_Method_00514,METHOD_APPLIED_TO,canon_Task_00280,2019
canon_Method_00514,METHOD_APPLIED_TO,canon_Material_00120,2019
canon_Material_00120,USED_FOR,canon_Task_00280,2019
canon_Material_00120,USED_FOR,canon_Method_00514,2019
canon_Material_00272,USED_FOR,canon_Other_00003,2019
canon_Material_00272,USED_FOR,canon_Other_00003,2019
canon_Material_00273,METHOD_EVALUATED_BY,canon_Other_00003,2019
canon_Material_00274,METHOD_EVALUATED_BY,canon_Other_00003,2019
canon_Material_00275,METHOD_EVALUATED_BY,canon_Other_00003,2019
canon_Material_00276,METHOD_EVALUATED_BY,canon_Other_00003,2019
canon_Material_00276,ENTITY_ASSOCIATED_WITH_ENTITY,canon_Material_00275,2019
canon_Method_00515,USED_FOR,canon_Other_00003,2019
canon_Other_00587,USED_FOR,canon_Task_00281,2019
canon_Task_00281,ENTITY_ASSOCIATED_WITH_ENTITY,canon_Method_00516,2019
canon_Other_00233,ENTITY_ASSOCIATED_WITH_ENTITY,canon_Other_00234,2019
canon_Other_00234,USED_FOR,canon_Other_00593,2019
canon_Other_00234,USED_FOR,canon_Other_00594,2019
canon_Other_00597,ENTITY_ASSOCIATED_WITH_ENTITY,canon_Other_00598,2019
canon_Other_00598,ENTITY_ASSOCIATED_WITH_ENTITY,canon_Other_00597,2019
canon_Method_00519,USED_FOR,canon_Other_00602,2019
canon_Method_00519,USED_FOR,canon_Method_00185,2019
canon_Method_00106,ENTITY_ASSOCIATED_WITH_ENTITY,canon_Method_00521,2019
canon_Method_00106,ENTITY_ASSOCIATED_WITH_ENTITY,canon_Method_00522,2019
canon_Method_00106,USED_FOR,canon_Other_00604,2019
canon_Method_00521,USED_FOR,canon_Other_00604,2019
canon_Method_00522,USED_FOR,canon_Other_00604,2019
canon_Method_00106,METHOD_APPLIED_TO,canon_Material_00121,2019
canon_Material_00083,ENTITY_ASSOCIATED_WITH_ENTITY,canon_Material_00281,2019
canon_Material_00083,ENTITY_ASSOCIATED_WITH_ENTITY,canon_Material_00282,2019
canon_Material_00083,ENTITY_ASSOCIATED_WITH_ENTITY,canon_Material_00283,2019
canon_Material_00281,ENTITY_ASSOCIATED_WITH_ENTITY,canon_Task_00554,2019
canon_Material_00281,ENTITY_ASSOCIATED_WITH_ENTITY,canon_Material_00282,2019
canon_Material_00281,ENTITY_ASSOCIATED_WITH_ENTITY,canon_Material_00283,2019
canon_Material_00281,ENTITY_ASSOCIATED_WITH_ENTITY,canon_Material_00284,2019
canon_Task_00554,ENTITY_ASSOCIATED_WITH_ENTITY,canon_Material_00281,2019
canon_Task_00554,ENTITY_ASSOCIATED_WITH_ENTITY,canon_Material_00282,2019
canon_Task_00554,ENTITY_ASSOCIATED_WITH_ENTITY,canon_Material_00283,2019
canon_Task_00554,ENTITY_ASSOCIATED_WITH_ENTITY,canon_Material_00284,2019
canon_Material_00282,ENTITY_ASSOCIATED_WITH_ENTITY,canon_Material_00281,2019
canon_Material_00282,ENTITY_ASSOCIATED_WITH_ENTITY,canon_Task_00554,2019
canon_Material_00282,ENTITY_ASSOCIATED_WITH_ENTITY,canon_Material_00283,2019
canon_Material_00282,ENTITY_ASSOCIATED_WITH_ENTITY,canon_Material_00284,2019
canon_Material_00283,ENTITY_ASSOCIATED_WITH_ENTITY,canon_Material_00281,2019
canon_Material_00283,ENTITY_ASSOCIATED_WITH_ENTITY,canon_Task_00554,2019
canon_Material_00283,ENTITY_ASSOCIATED_WITH_ENTITY,canon_Material_00282,2019
canon_Material_00283,ENTITY_ASSOCIATED_WITH_ENTITY,canon_Material_00284,2019
canon_Material_00284,ENTITY_ASSOCIATED_WITH_ENTITY,canon_Material_00281,2019
canon_Material_00284,ENTITY_ASSOCIATED_WITH_ENTITY,canon_Material_00282,2019
canon_Material_00284,ENTITY_ASSOCIATED_WITH_ENTITY,canon_Material_00283,2019
canon_Method_00106,USED_FOR,canon_Method_00185,2019
canon_Method_00106,USED_FOR,canon_Method_00185,2019
canon_Method_00185,USED_FOR,canon_Method_00527,2019
canon_Task_00206,USED_FOR,canon_Task_00030,2019
canon_Method_00071,METHOD_APPLIED_TO,canon_Task_00206,2019
canon_Method_00071,METHOD_APPLIED_TO,canon_Task_00030,2019
canon_Other_00069,USED_FOR,canon_Task_00030,2019
canon_Method_00012,METHOD_APPLIED_TO,canon_Task_00030,2019
canon_Method_00530,ENTITY_ASSOCIATED_WITH_ENTITY,canon_Other_00055,2019
canon_Method_00531,ENTITY_ASSOCIATED_WITH_ENTITY,canon_Other_00055,2019
canon_Method_00531,ENTITY_ASSOCIATED_WITH_ENTITY,canon_Method_00532,2019
canon_Method_00532,ENTITY_ASSOCIATED_WITH_ENTITY,canon_Other_00055,2019
canon_Method_00532,ENTITY_ASSOCIATED_WITH_ENTITY,canon_Method_00531,2019
canon_Method_00533,ENTITY_ASSOCIATED_WITH_ENTITY,canon_Other_00037,2019
canon_Method_00081,ENTITY_ASSOCIATED_WITH_ENTITY,canon_Other_00037,2019
canon_Method_00534,ENTITY_ASSOCIATED_WITH_ENTITY,canon_Other_00037,2019
canon_Metric_00001,METHOD_EVALUATED_BY,canon_Other_00037,2019
canon_Metric_00001,METHOD_EVALUATED_BY,canon_Method_00081,2019
canon_Metric_00001,METHOD_EVALUATED_BY,canon_Method_00534,2019
canon_Metric_00001,ENTITY_ASSOCIATED_WITH_ENTITY,canon_Metric_00003,2019
canon_Metric_00001,ENTITY_ASSOCIATED_WITH_ENTITY,canon_Metric_00004,2019
canon_Metric_00003,METHOD_EVALUATED_BY,canon_Other_00037,2019
canon_Metric_00003,METHOD_EVALUATED_BY,canon_Method_00081,2019
canon_Metric_00003,METHOD_EVALUATED_BY,canon_Method_00534,2019
canon_Metric_00003,ENTITY_ASSOCIATED_WITH_ENTITY,canon_Metric_00004,2019
canon_Metric_00004,METHOD_EVALUATED_BY,canon_Other_00037,2019
canon_Metric_00004,METHOD_EVALUATED_BY,canon_Method_00081,2019
canon_Metric_00004,METHOD_EVALUATED_BY,canon_Method_00534,2019
canon_Metric_00004,ENTITY_ASSOCIATED_WITH_ENTITY,canon_Metric_00003,2019
canon_Method_00012,USED_FOR,canon_Other_00037,2019
canon_Method_00186,METHOD_APPLIED_TO,canon_Task_00282,2019
canon_Material_00285,USED_FOR,canon_Task_00282,2019
canon_Method_00536,USED_FOR,canon_Method_00186,2019
canon_Method_00536,METHOD_APPLIED_TO,canon_Task_00282,2019
canon_Method_00536,METHOD_APPLIED_TO,canon_Material_00285,2019
canon_Material_00286,USED_FOR,canon_Metric_00047,2019
canon_Method_00120,METHOD_APPLIED_TO,canon_Material_00287,2019
canon_Other_00023,USED_FOR,canon_Other_00606,2019
canon_Method_00538,USED_FOR,canon_Other_00023,2019
canon_Method_00538,USED_FOR,canon_Method_00186,2019
canon_Method_00538,USED_FOR,canon_Method_00537,2019
canon_Method_00538,USED_FOR,canon_Other_00606,2019
canon_Method_00538,USED_FOR,canon_Method_00539,2019
canon_Method_00539,USED_FOR,canon_Other_00023,2019
canon_Method_00539,USED_FOR,canon_Method_00186,2019
canon_Method_00539,USED_FOR,canon_Method_00537,2019
canon_Method_00539,USED_FOR,canon_Other_00606,2019
canon_Method_00539,USED_FOR,canon_Method_00538,2019
canon_Material_00288,ENTITY_ASSOCIATED_WITH_ENTITY,canon_Metric_00048,2019
canon_Metric_00048,ENTITY_ASSOCIATED_WITH_ENTITY,canon_Material_00288,2019
canon_Other_00008,USED_FOR,canon_Task_00284,2019
canon_Method_00540,METHOD_APPLIED_TO,canon_Task_00284,2019
canon_Method_00540,METHOD_APPLIED_TO,canon_Material_00121,2019
canon_Other_00609,ENTITY_ASSOCIATED_WITH_ENTITY,canon_Other_00610,2019
canon_Method_00541,USED_FOR,canon_Method_00542,2019
canon_Method_00543,METHOD_APPLIED_TO,canon_Task_00101,2019
canon_Task_00286,ENTITY_ASSOCIATED_WITH_ENTITY,canon_Task_00287,2019
canon_Task_00286,ENTITY_ASSOCIATED_WITH_ENTITY,canon_Task_00288,2019
canon_Task_00287,ENTITY_ASSOCIATED_WITH_ENTITY,canon_Task_00288,2019
canon_Task_00288,ENTITY_ASSOCIATED_WITH_ENTITY,canon_Task_00287,2019
canon_Method_00544,METHOD_APPLIED_TO,canon_Task_00101,2019
canon_Task_00294,ENTITY_ASSOCIATED_WITH_ENTITY,canon_Task_00295,2019
canon_Task_00294,ENTITY_ASSOCIATED_WITH_ENTITY,canon_Task_00296,2019
canon_Task_00294,ENTITY_ASSOCIATED_WITH_ENTITY,canon_Task_00227,2019
canon_Task_00294,ENTITY_ASSOCIATED_WITH_ENTITY,canon_Other_00614,2019
canon_Task_00295,ENTITY_ASSOCIATED_WITH_ENTITY,canon_Task_00294,2019
canon_Task_00295,ENTITY_ASSOCIATED_WITH_ENTITY,canon_Task_00296,2019
canon_Task_00295,ENTITY_ASSOCIATED_WITH_ENTITY,canon_Task_00227,2019
canon_Task_00295,ENTITY_ASSOCIATED_WITH_ENTITY,canon_Other_00614,2019
canon_Task_00296,ENTITY_ASSOCIATED_WITH_ENTITY,canon_Task_00294,2019
canon_Task_00296,ENTITY_ASSOCIATED_WITH_ENTITY,canon_Task_00295,2019
canon_Task_00296,ENTITY_ASSOCIATED_WITH_ENTITY,canon_Task_00227,2019
canon_Task_00296,ENTITY_ASSOCIATED_WITH_ENTITY,canon_Other_00614,2019
canon_Task_00227,ENTITY_ASSOCIATED_WITH_ENTITY,canon_Task_00294,2019
canon_Task_00227,ENTITY_ASSOCIATED_WITH_ENTITY,canon_Task_00295,2019
canon_Task_00227,ENTITY_ASSOCIATED_WITH_ENTITY,canon_Task_00296,2019
canon_Task_00227,ENTITY_ASSOCIATED_WITH_ENTITY,canon_Other_00614,2019
canon_Other_00614,ENTITY_ASSOCIATED_WITH_ENTITY,canon_Task_00294,2019
canon_Other_00614,ENTITY_ASSOCIATED_WITH_ENTITY,canon_Task_00295,2019
canon_Other_00614,ENTITY_ASSOCIATED_WITH_ENTITY,canon_Task_00296,2019
canon_Other_00614,ENTITY_ASSOCIATED_WITH_ENTITY,canon_Task_00227,2019
canon_Task_00297,ENTITY_ASSOCIATED_WITH_ENTITY,canon_Task_00102,2019
canon_Other_00616,ENTITY_ASSOCIATED_WITH_ENTITY,canon_Other_00617,2019
canon_Other_00617,ENTITY_ASSOCIATED_WITH_ENTITY,canon_Other_00618,2019
canon_Other_00617,ENTITY_ASSOCIATED_WITH_ENTITY,canon_Other_00619,2019
canon_Other_00618,ENTITY_ASSOCIATED_WITH_ENTITY,canon_Other_00619,2019
canon_Other_00619,ENTITY_ASSOCIATED_WITH_ENTITY,canon_Other_00618,2019
canon_Other_00622,USED_FOR,canon_Task_00297,2019
canon_Other_00623,ENTITY_ASSOCIATED_WITH_ENTITY,canon_Other_00624,2019
canon_Method_00545,ENTITY_ASSOCIATED_WITH_ENTITY,canon_Method_00546,2019
canon_Method_00546,ENTITY_ASSOCIATED_WITH_ENTITY,canon_Method_00547,2019
canon_Method_00159,ENTITY_ASSOCIATED_WITH_ENTITY,canon_Other_00627,2019
canon_Other_00627,ENTITY_ASSOCIATED_WITH_ENTITY,canon_Method_00159,2019
canon_Method_00187,ENTITY_ASSOCIATED_WITH_ENTITY,canon_Task_00298,2019
canon_Method_00549,USED_FOR,canon_Other_00631,2019
canon_Other_00631,USED_FOR,canon_Method_00549,2019
canon_Method_00551,USED_FOR,canon_Method_00550,2019
canon_Method_00552,METHOD_APPLIED_TO,canon_Task_00299,2019
canon_Material_00292,ENTITY_ASSOCIATED_WITH_ENTITY,canon_Material_00293,2019
canon_Other_00640,ENTITY_ASSOCIATED_WITH_ENTITY,canon_Task_00302,2019
canon_Task_00052,USED_FOR,canon_Task_00303,2019
canon_Other_00239,ENTITY_ASSOCIATED_WITH_ENTITY,canon_Other_00641,2019
canon_Other_00647,ENTITY_ASSOCIATED_WITH_ENTITY,canon_Other_00648,2019
canon_Other_00648,ENTITY_ASSOCIATED_WITH_ENTITY,canon_Other_00647,2019
canon_Other_00652,ENTITY_ASSOCIATED_WITH_ENTITY,canon_Other_00653,2019
canon_Other_00653,ENTITY_ASSOCIATED_WITH_ENTITY,canon_Other_00652,2019
canon_Other_00654,ENTITY_ASSOCIATED_WITH_ENTITY,canon_Other_00655,2019
canon_Other_00654,ENTITY_ASSOCIATED_WITH_ENTITY,canon_Other_00656,2019
canon_Other_00656,ENTITY_ASSOCIATED_WITH_ENTITY,canon_Other_00655,2019
canon_Other_00661,ENTITY_ASSOCIATED_WITH_ENTITY,canon_Other_00660,2019
canon_Other_00661,ENTITY_ASSOCIATED_WITH_ENTITY,canon_Other_00662,2019
canon_Other_00662,ENTITY_ASSOCIATED_WITH_ENTITY,canon_Other_00660,2019
canon_Material_00042,ENTITY_ASSOCIATED_WITH_ENTITY,canon_Task_00305,2019
canon_Other_00664,ENTITY_ASSOCIATED_WITH_ENTITY,canon_Other_00665,2019
canon_Other_00133,USED_FOR,canon_Other_00241,2019
canon_Other_00667,ENTITY_ASSOCIATED_WITH_ENTITY,canon_Other_00666,2019
canon_Method_00560,METHOD_APPLIED_TO,canon_Task_00105,2019
canon_Method_00562,METHOD_APPLIED_TO,canon_Task_00310,2019
canon_Method_00562,METHOD_APPLIED_TO,canon_Task_00105,2019
canon_Method_00562,METHOD_APPLIED_TO,canon_Task_00311,2019
canon_Task_00105,ENTITY_ASSOCIATED_WITH_ENTITY,canon_Method_00562,2019
canon_Task_00105,ENTITY_ASSOCIATED_WITH_ENTITY,canon_Task_00310,2019
canon_Task_00105,ENTITY_ASSOCIATED_WITH_ENTITY,canon_Task_00311,2019
canon_Task_00311,ENTITY_ASSOCIATED_WITH_ENTITY,canon_Method_00562,2019
canon_Task_00311,ENTITY_ASSOCIATED_WITH_ENTITY,canon_Task_00310,2019
canon_Task_00311,ENTITY_ASSOCIATED_WITH_ENTITY,canon_Task_00105,2019
canon_Method_00563,USED_FOR,canon_Other_00670,2019
canon_Other_00671,USED_FOR,canon_Other_00242,2019
canon_Method_00565,USED_FOR,canon_Material_00002,2019
canon_Other_00672,USED_FOR,canon_Method_00565,2019
canon_Metric_00050,METHOD_EVALUATED_BY,canon_Other_00673,2019
canon_Other_00013,USED_FOR,canon_Other_00243,2019
canon_Material_00305,ENTITY_ASSOCIATED_WITH_ENTITY,canon_Other_00243,2019
canon_Other_00243,ENTITY_ASSOCIATED_WITH_ENTITY,canon_Material_00305,2019
canon_Other_00244,USED_FOR,canon_Task_00312,2019
canon_Other_00674,ENTITY_ASSOCIATED_WITH_ENTITY,canon_Other_00675,2019
canon_Other_00678,ENTITY_ASSOCIATED_WITH_ENTITY,canon_Other_00679,2019
canon_Other_00679,ENTITY_ASSOCIATED_WITH_ENTITY,canon_Other_00680,2019
canon_Other_00686,ENTITY_ASSOCIATED_WITH_ENTITY,canon_Other_00687,2019
canon_Other_00687,ENTITY_ASSOCIATED_WITH_ENTITY,canon_Other_00686,2019
canon_Method_00074,USED_FOR,canon_Method_00190,2019
canon_Method_00120,METHOD_APPLIED_TO,canon_Method_00062,2019
canon_Other_00005,USED_FOR,canon_Other_00080,2019
canon_Method_00074,USED_FOR,canon_Other_00003,2019
canon_Method_00074,USED_FOR,canon_Method_00190,2019
canon_Method_00074,USED_FOR,canon_Other_00245,2019
canon_Method_00074,USED_FOR,canon_Other_00245,2019
canon_Method_00074,ENTITY_ASSOCIATED_WITH_ENTITY,canon_Material_00152,2019
canon_Method_00074,ENTITY_ASSOCIATED_WITH_ENTITY,canon_Method_00012,2019
canon_Method_00074,ENTITY_ASSOCIATED_WITH_ENTITY,canon_Method_00012,2019
canon_Method_00012,ENTITY_ASSOCIATED_WITH_ENTITY,canon_Material_00152,2019
canon_Method_00012,ENTITY_ASSOCIATED_WITH_ENTITY,canon_Material_00152,2019
canon_Method_00012,ENTITY_ASSOCIATED_WITH_ENTITY,canon_Method_00012,2019
canon_Method_00012,METHOD_APPLIED_TO,canon_Task_00314,2019
canon_Other_00688,ENTITY_ASSOCIATED_WITH_ENTITY,canon_Other_00689,2019
canon_Other_00690,USED_FOR,canon_Other_00003,2019
canon_Other_00246,USED_FOR,canon_Other_00003,2019
canon_Other_00691,USED_FOR,canon_Method_00571,2019
canon_Method_00573,USED_FOR,canon_Other_00692,2019
canon_Other_00692,USED_FOR,canon_Method_00573,2019
canon_Material_00084,USED_FOR,canon_Other_00247,2019
canon_Material_00084,USED_FOR,canon_Task_00107,2019
canon_Material_00084,USED_FOR,canon_Task_00054,2019
canon_Other_00247,ENTITY_ASSOCIATED_WITH_ENTITY,canon_Task_00107,2019
canon_Other_00247,ENTITY_ASSOCIATED_WITH_ENTITY,canon_Task_00054,2019
canon_Material_00085,ENTITY_ASSOCIATED_WITH_ENTITY,canon_Material_00298,2019
canon_Material_00084,USED_FOR,canon_Material_00084,2019
canon_Task_00317,ENTITY_ASSOCIATED_WITH_ENTITY,canon_Task_00318,2019
canon_Material_00124,USED_FOR,canon_Task_00318,2019
canon_Task_00319,ENTITY_ASSOCIATED_WITH_ENTITY,canon_Other_00694,2019
canon_Task_00319,ENTITY_ASSOCIATED_WITH_ENTITY,canon_Material_00124,2019
canon_Other_00694,ENTITY_ASSOCIATED_WITH_ENTITY,canon_Material_00124,2019
canon_Method_00007,ENTITY_ASSOCIATED_WITH_ENTITY,canon_Method_00003,2019
canon_Method_00024,ENTITY_ASSOCIATED_WITH_ENTITY,canon_Method_00003,2019
canon_Task_00320,ENTITY_ASSOCIATED_WITH_ENTITY,canon_Task_00321,2019
canon_Task_00322,ENTITY_ASSOCIATED_WITH_ENTITY,canon_Task_00323,2019
canon_Task_00323,ENTITY_ASSOCIATED_WITH_ENTITY,canon_Task_00031,2019
canon_Task_00031,ENTITY_ASSOCIATED_WITH_ENTITY,canon_Task_00323,2019
canon_Method_00579,ENTITY_ASSOCIATED_WITH_ENTITY,canon_Method_00129,2019
canon_Method_00129,ENTITY_ASSOCIATED_WITH_ENTITY,canon_Method_00049,2019
canon_Method_00129,METHOD_APPLIED_TO,canon_Task_00324,2019
canon_Method_00049,ENTITY_ASSOCIATED_WITH_ENTITY,canon_Method_00129,2019
canon_Method_00049,METHOD_APPLIED_TO,canon_Task_00324,2019
canon_Method_00580,METHOD_APPLIED_TO,canon_Material_00124,2019
canon_Other_00052,ENTITY_ASSOCIATED_WITH_ENTITY,canon_Other_00695,2019
canon_Method_00581,METHOD_APPLIED_TO,canon_Task_00325,2019
canon_Material_00300,USED_FOR,canon_Task_00325,2019
canon_Other_00136,ENTITY_ASSOCIATED_WITH_ENTITY,canon_Other_00697,2019
canon_Other_00136,ENTITY_ASSOCIATED_WITH_ENTITY,canon_Other_00248,2019
canon_Other_00137,USED_FOR,canon_Other_00698,2019
canon_Other_00137,USED_FOR,canon_Method_00203,2019
canon_Other_00698,ENTITY_ASSOCIATED_WITH_ENTITY,canon_Method_00203,2019
canon_Method_00203,ENTITY_ASSOCIATED_WITH_ENTITY,canon_Other_00698,2019
canon_Other_00136,USED_FOR,canon_Other_00248,2019
canon_Method_00582,METHOD_APPLIED_TO,canon_Task_00326,2019
canon_Task_00086,ENTITY_ASSOCIATED_WITH_ENTITY,canon_Task_00327,2019
canon_Task_00086,ENTITY_ASSOCIATED_WITH_ENTITY,canon_Task_00328,2019
canon_Task_00086,ENTITY_ASSOCIATED_WITH_ENTITY,canon_Task_00329,2019
canon_Task_00086,ENTITY_ASSOCIATED_WITH_ENTITY,canon_Method_00524,2019
canon_Task_00328,ENTITY_ASSOCIATED_WITH_ENTITY,canon_Task_00327,2019
canon_Task_00328,ENTITY_ASSOCIATED_WITH_ENTITY,canon_Task_00329,2019
canon_Task_00328,ENTITY_ASSOCIATED_WITH_ENTITY,canon_Method_00524,2019
canon_Task_00328,ENTITY_ASSOCIATED_WITH_ENTITY,canon_Method_01951,2019
canon_Task_00329,ENTITY_ASSOCIATED_WITH_ENTITY,canon_Task_00327,2019
canon_Task_00329,ENTITY_ASSOCIATED_WITH_ENTITY,canon_Task_00328,2019
canon_Task_00329,ENTITY_ASSOCIATED_WITH_ENTITY,canon_Method_00524,2019
canon_Task_00329,ENTITY_ASSOCIATED_WITH_ENTITY,canon_Method_01951,2019
canon_Method_00524,ENTITY_ASSOCIATED_WITH_ENTITY,canon_Task_00327,2019
canon_Method_00524,ENTITY_ASSOCIATED_WITH_ENTITY,canon_Task_00328,2019
canon_Method_00524,ENTITY_ASSOCIATED_WITH_ENTITY,canon_Task_00329,2019
canon_Method_00524,ENTITY_ASSOCIATED_WITH_ENTITY,canon_Method_01951,2019
canon_Method_01951,ENTITY_ASSOCIATED_WITH_ENTITY,canon_Task_00327,2019
canon_Method_01951,ENTITY_ASSOCIATED_WITH_ENTITY,canon_Task_00328,2019
canon_Method_01951,ENTITY_ASSOCIATED_WITH_ENTITY,canon_Task_00329,2019
canon_Method_01951,ENTITY_ASSOCIATED_WITH_ENTITY,canon_Method_00524,2019
canon_Metric_00051,USED_FOR,canon_Task_00330,2019
canon_Method_00586,ENTITY_ASSOCIATED_WITH_ENTITY,canon_Method_00585,2019
canon_Material_00058,USED_FOR,canon_Material_00003,2019
canon_Material_00038,USED_FOR,canon_Method_00587,2019
canon_Material_00043,ENTITY_ASSOCIATED_WITH_ENTITY,canon_Material_00125,2019
canon_Other_00138,ENTITY_ASSOCIATED_WITH_ENTITY,canon_Other_00700,2019
canon_Method_00588,USED_FOR,canon_Other_00703,2019
canon_Material_00305,ENTITY_ASSOCIATED_WITH_ENTITY,canon_Other_00703,2019
canon_Material_00086,USED_FOR,canon_Method_00003,2019
canon_Method_00107,USED_FOR,canon_Method_00003,2019
canon_Method_00091,METHOD_APPLIED_TO,canon_Material_00306,2019
canon_Method_00589,ENTITY_ASSOCIATED_WITH_ENTITY,canon_Method_00590,2019
canon_Method_00590,ENTITY_ASSOCIATED_WITH_ENTITY,canon_Method_00591,2019
canon_Method_00591,ENTITY_ASSOCIATED_WITH_ENTITY,canon_Method_00592,2019
canon_Material_00086,ENTITY_ASSOCIATED_WITH_ENTITY,canon_Method_00593,2019
canon_Material_00086,USED_FOR,canon_Method_00003,2019
canon_Method_00107,ENTITY_ASSOCIATED_WITH_ENTITY,canon_Method_00593,2019
canon_Method_00107,USED_FOR,canon_Method_00003,2019
canon_Method_00593,USED_FOR,canon_Method_00003,2019
canon_Method_00595,USED_FOR,canon_Method_00594,2019
canon_Method_00595,USED_FOR,canon_Material_00086,2019
canon_Method_00595,USED_FOR,canon_Method_00107,2019
canon_Method_00596,ENTITY_ASSOCIATED_WITH_ENTITY,canon_Material_00307,2019
canon_Method_00596,ENTITY_ASSOCIATED_WITH_ENTITY,canon_Method_00597,2019
canon_Method_00596,USED_FOR,canon_Material_00002,2019
canon_Method_00597,ENTITY_ASSOCIATED_WITH_ENTITY,canon_Material_00307,2019
canon_Method_00597,ENTITY_ASSOCIATED_WITH_ENTITY,canon_Method_00596,2019
canon_Method_00597,USED_FOR,canon_Material_00002,2019
canon_Other_00046,USED_FOR,canon_Task_00333,2019
canon_Other_00046,USED_FOR,canon_Task_00334,2019
canon_Material_00126,USED_FOR,canon_Other_00046,2019
canon_Material_00126,ENTITY_ASSOCIATED_WITH_ENTITY,canon_Method_00598,2019
canon_Task_00333,ENTITY_ASSOCIATED_WITH_ENTITY,canon_Task_00334,2019
canon_Method_00108,ENTITY_ASSOCIATED_WITH_ENTITY,canon_Method_00599,2019
canon_Method_00108,ENTITY_ASSOCIATED_WITH_ENTITY,canon_Method_00600,2019
canon_Method_00108,METHOD_APPLIED_TO,canon_Material_00126,2019
canon_Method_00108,USED_FOR,canon_Other_00707,2019
canon_Method_00193,ENTITY_ASSOCIATED_WITH_ENTITY,canon_Method_00599,2019
canon_Method_00193,ENTITY_ASSOCIATED_WITH_ENTITY,canon_Method_00600,2019
canon_Method_00193,METHOD_APPLIED_TO,canon_Material_00126,2019
canon_Method_00193,USED_FOR,canon_Other_00707,2019
canon_Method_00192,ENTITY_ASSOCIATED_WITH_ENTITY,canon_Method_00599,2019
canon_Method_00192,ENTITY_ASSOCIATED_WITH_ENTITY,canon_Method_00600,2019
canon_Method_00192,METHOD_APPLIED_TO,canon_Material_00126,2019
canon_Method_00192,USED_FOR,canon_Other_00707,2019
canon_Method_00599,METHOD_APPLIED_TO,canon_Material_00126,2019
canon_Method_00599,USED_FOR,canon_Other_00707,2019
canon_Method_00600,METHOD_APPLIED_TO,canon_Material_00126,2019
canon_Method_00600,USED_FOR,canon_Other_00707,2019
canon_Material_00126,ENTITY_ASSOCIATED_WITH_ENTITY,canon_Other_00707,2019
canon_Other_00056,USED_FOR,canon_Method_01165,2019
canon_Other_00056,USED_FOR,canon_Other_00709,2019
canon_Other_00056,USED_FOR,canon_Task_00335,2019
canon_Method_00009,USED_FOR,canon_Method_01165,2019
canon_Method_00009,USED_FOR,canon_Task_00335,2019
canon_Task_00335,ENTITY_ASSOCIATED_WITH_ENTITY,canon_Other_00709,2019
canon_Material_00308,USED_FOR,canon_Method_01165,2019
canon_Material_00308,ENTITY_ASSOCIATED_WITH_ENTITY,canon_Other_00709,2019
canon_Material_00308,USED_FOR,canon_Task_00335,2019
canon_Material_00308,ENTITY_ASSOCIATED_WITH_ENTITY,canon_Method_00009,2019
canon_Method_00009,ENTITY_ASSOCIATED_WITH_ENTITY,canon_Other_00709,2019
canon_Method_00009,USED_FOR,canon_Task_00335,2019
canon_Method_00601,USED_FOR,canon_Other_00706,2019
canon_Task_00336,ENTITY_ASSOCIATED_WITH_ENTITY,canon_Other_00706,2019
canon_Task_00336,ENTITY_ASSOCIATED_WITH_ENTITY,canon_Task_00337,2019
canon_Task_00336,ENTITY_ASSOCIATED_WITH_ENTITY,canon_Task_00338,2019
canon_Task_00336,ENTITY_ASSOCIATED_WITH_ENTITY,canon_Task_00339,2019
canon_Task_00337,ENTITY_ASSOCIATED_WITH_ENTITY,canon_Other_00706,2019
canon_Task_00337,ENTITY_ASSOCIATED_WITH_ENTITY,canon_Task_00336,2019
canon_Task_00337,ENTITY_ASSOCIATED_WITH_ENTITY,canon_Task_00338,2019
canon_Task_00337,ENTITY_ASSOCIATED_WITH_ENTITY,canon_Task_00339,2019
canon_Task_00338,ENTITY_ASSOCIATED_WITH_ENTITY,canon_Other_00706,2019
canon_Task_00338,ENTITY_ASSOCIATED_WITH_ENTITY,canon_Task_00337,2019
canon_Task_00338,ENTITY_ASSOCIATED_WITH_ENTITY,canon_Task_00339,2019
canon_Task_00339,ENTITY_ASSOCIATED_WITH_ENTITY,canon_Other_00706,2019
canon_Task_00339,ENTITY_ASSOCIATED_WITH_ENTITY,canon_Task_00338,2019
canon_Material_00309,USED_FOR,canon_Method_00108,2019
canon_Material_00309,USED_FOR,canon_Method_00602,2019
canon_Material_00309,ENTITY_ASSOCIATED_WITH_ENTITY,canon_Method_00603,2019
canon_Method_00604,USED_FOR,canon_Other_00055,2019
canon_Method_00605,USED_FOR,canon_Other_00091,2019
canon_Method_00049,USED_FOR,canon_Method_00605,2019
canon_Method_00049,ENTITY_ASSOCIATED_WITH_ENTITY,canon_Method_01951,2019
canon_Method_01951,USED_FOR,canon_Method_00605,2019
canon_Material_00311,ENTITY_ASSOCIATED_WITH_ENTITY,canon_Material_00310,2019
canon_Other_00091,ENTITY_ASSOCIATED_WITH_ENTITY,canon_Material_00310,2019
canon_Method_00034,ENTITY_ASSOCIATED_WITH_ENTITY,canon_Method_00606,2019
canon_Method_00606,METHOD_APPLIED_TO,canon_Material_00312,2019
canon_Method_00034,ENTITY_ASSOCIATED_WITH_ENTITY,canon_Method_00607,2019
canon_Material_00017,USED_FOR,canon_Method_00608,2019
canon_Method_00608,USED_FOR,canon_Material_00437,2019
canon_Method_00095,USED_FOR,canon_Method_00608,2019
canon_Method_00109,USED_FOR,canon_Method_00608,2019
canon_Method_00109,USED_FOR,canon_Material_00437,2019
canon_Material_00437,ENTITY_ASSOCIATED_WITH_ENTITY,canon_Task_00576,2019
canon_Material_00437,ENTITY_ASSOCIATED_WITH_ENTITY,canon_Other_00710,2019
canon_Material_00437,ENTITY_ASSOCIATED_WITH_ENTITY,canon_Method_00296,2019
canon_Task_00576,ENTITY_ASSOCIATED_WITH_ENTITY,canon_Other_00710,2019
canon_Task_00576,ENTITY_ASSOCIATED_WITH_ENTITY,canon_Method_00296,2019
canon_Other_00710,ENTITY_ASSOCIATED_WITH_ENTITY,canon_Task_00576,2019
canon_Other_00710,ENTITY_ASSOCIATED_WITH_ENTITY,canon_Method_00296,2019
canon_Method_00296,ENTITY_ASSOCIATED_WITH_ENTITY,canon_Task_00576,2019
canon_Method_00296,ENTITY_ASSOCIATED_WITH_ENTITY,canon_Other_00710,2019
canon_Other_00053,METHOD_EVALUATED_BY,canon_Method_00034,2019
canon_Method_00110,USED_FOR,canon_Method_00034,2019
canon_Method_00034,METHOD_APPLIED_TO,canon_Task_00340,2019
canon_Other_00053,USED_FOR,canon_Task_00340,2019
canon_Material_00005,USED_FOR,canon_Material_00018,2020
canon_Material_00002,ENTITY_ASSOCIATED_WITH_ENTITY,canon_Material_00881,2020
canon_Method_00609,USED_FOR,canon_Material_00018,2020
canon_Other_00249,ENTITY_ASSOCIATED_WITH_ENTITY,canon_Other_00712,2020
canon_Other_00249,ENTITY_ASSOCIATED_WITH_ENTITY,canon_Other_00713,2020
canon_Other_00712,ENTITY_ASSOCIATED_WITH_ENTITY,canon_Other_00713,2020
canon_Material_00018,ENTITY_ASSOCIATED_WITH_ENTITY,canon_Material_00002,2020
canon_Other_00714,ENTITY_ASSOCIATED_WITH_ENTITY,canon_Other_00715,2020
canon_Task_00119,ENTITY_ASSOCIATED_WITH_ENTITY,canon_Task_00342,2020
canon_Material_00202,ENTITY_ASSOCIATED_WITH_ENTITY,canon_Task_00343,2020
canon_Material_00202,ENTITY_ASSOCIATED_WITH_ENTITY,canon_Other_00021,2020
canon_Task_00343,ENTITY_ASSOCIATED_WITH_ENTITY,canon_Other_00021,2020
canon_Other_00021,ENTITY_ASSOCIATED_WITH_ENTITY,canon_Task_00343,2020
canon_Other_00139,USED_FOR,canon_Material_00018,2020
canon_Method_00610,METHOD_APPLIED_TO,canon_Material_00018,2020
canon_Method_00194,ENTITY_ASSOCIATED_WITH_ENTITY,canon_Method_00611,2020
canon_Other_00139,USED_FOR,canon_Material_00881,2020
canon_Material_00891,ENTITY_ASSOCIATED_WITH_ENTITY,canon_Material_00018,2020
canon_Material_00891,ENTITY_ASSOCIATED_WITH_ENTITY,canon_Material_00881,2020
canon_Material_00316,ENTITY_ASSOCIATED_WITH_ENTITY,canon_Material_00008,2020
canon_Material_00003,ENTITY_ASSOCIATED_WITH_ENTITY,canon_Material_00008,2020
canon_Material_00003,ENTITY_ASSOCIATED_WITH_ENTITY,canon_Material_00021,2020
canon_Material_00003,ENTITY_ASSOCIATED_WITH_ENTITY,canon_Material_00128,2020
canon_Material_00003,ENTITY_ASSOCIATED_WITH_ENTITY,canon_Material_00060,2020
canon_Material_00003,ENTITY_ASSOCIATED_WITH_ENTITY,canon_Material_00317,2020
canon_Material_00008,ENTITY_ASSOCIATED_WITH_ENTITY,canon_Material_00001,2020
canon_Material_00008,ENTITY_ASSOCIATED_WITH_ENTITY,canon_Material_00021,2020
canon_Material_00008,ENTITY_ASSOCIATED_WITH_ENTITY,canon_Material_00128,2020
canon_Material_00008,ENTITY_ASSOCIATED_WITH_ENTITY,canon_Material_00060,2020
canon_Material_00008,ENTITY_ASSOCIATED_WITH_ENTITY,canon_Material_00317,2020
canon_Material_00008,ENTITY_ASSOCIATED_WITH_ENTITY,canon_Material_00129,2020
canon_Material_00021,ENTITY_ASSOCIATED_WITH_ENTITY,canon_Material_00001,2020
canon_Material_00021,ENTITY_ASSOCIATED_WITH_ENTITY,canon_Material_00008,2020
canon_Material_00021,ENTITY_ASSOCIATED_WITH_ENTITY,canon_Material_00128,2020
canon_Material_00021,ENTITY_ASSOCIATED_WITH_ENTITY,canon_Material_00060,2020
canon_Material_00021,ENTITY_ASSOCIATED_WITH_ENTITY,canon_Material_00317,2020
canon_Material_00021,ENTITY_ASSOCIATED_WITH_ENTITY,canon_Material_00129,2020
canon_Material_00128,ENTITY_ASSOCIATED_WITH_ENTITY,canon_Material_00001,2020
canon_Material_00128,ENTITY_ASSOCIATED_WITH_ENTITY,canon_Material_00008,2020
canon_Material_00128,ENTITY_ASSOCIATED_WITH_ENTITY,canon_Material_00021,2020
canon_Material_00128,ENTITY_ASSOCIATED_WITH_ENTITY,canon_Material_00060,2020
canon_Material_00128,ENTITY_ASSOCIATED_WITH_ENTITY,canon_Material_00317,2020
canon_Material_00128,ENTITY_ASSOCIATED_WITH_ENTITY,canon_Material_00129,2020
canon_Material_00060,ENTITY_ASSOCIATED_WITH_ENTITY,canon_Material_00001,2020
canon_Material_00060,ENTITY_ASSOCIATED_WITH_ENTITY,canon_Material_00008,2020
canon_Material_00060,ENTITY_ASSOCIATED_WITH_ENTITY,canon_Material_00021,2020
canon_Material_00060,ENTITY_ASSOCIATED_WITH_ENTITY,canon_Material_00128,2020
canon_Material_00060,ENTITY_ASSOCIATED_WITH_ENTITY,canon_Material_00317,2020
canon_Material_00060,ENTITY_ASSOCIATED_WITH_ENTITY,canon_Material_00129,2020
canon_Material_00317,ENTITY_ASSOCIATED_WITH_ENTITY,canon_Material_00001,2020
canon_Material_00317,ENTITY_ASSOCIATED_WITH_ENTITY,canon_Material_00021,2020
canon_Material_00317,ENTITY_ASSOCIATED_WITH_ENTITY,canon_Material_00128,2020
canon_Material_00317,ENTITY_ASSOCIATED_WITH_ENTITY,canon_Material_00060,2020
canon_Material_00317,ENTITY_ASSOCIATED_WITH_ENTITY,canon_Material_00129,2020
canon_Material_00129,ENTITY_ASSOCIATED_WITH_ENTITY,canon_Material_00001,2020
canon_Material_00129,ENTITY_ASSOCIATED_WITH_ENTITY,canon_Material_00128,2020
canon_Material_00129,ENTITY_ASSOCIATED_WITH_ENTITY,canon_Material_00060,2020
canon_Material_00129,ENTITY_ASSOCIATED_WITH_ENTITY,canon_Material_00317,2020
canon_Material_00003,USED_FOR,canon_Material_00002,2020
canon_Material_00003,ENTITY_ASSOCIATED_WITH_ENTITY,canon_Material_00001,2020
canon_Other_00071,ENTITY_ASSOCIATED_WITH_ENTITY,canon_Method_00788,2020
canon_Other_00071,ENTITY_ASSOCIATED_WITH_ENTITY,canon_Method_00788,2020
canon_Other_00717,USED_FOR,canon_Method_00613,2020
canon_Method_00613,USED_FOR,canon_Other_00717,2020
canon_Method_00788,ENTITY_ASSOCIATED_WITH_ENTITY,canon_Other_00071,2020
canon_Other_00071,ENTITY_ASSOCIATED_WITH_ENTITY,canon_Method_00788,2020
canon_Other_00071,ENTITY_ASSOCIATED_WITH_ENTITY,canon_Other_00718,2020
canon_Method_00615,USED_FOR,canon_Material_00002,2020
canon_Method_00616,USED_FOR,canon_Material_00002,2020
canon_Method_00616,USED_FOR,canon_Other_00719,2020
canon_Method_00616,METHOD_APPLIED_TO,canon_Task_00057,2020
canon_Material_00087,USED_FOR,canon_Material_00002,2020
canon_Material_00007,ENTITY_ASSOCIATED_WITH_ENTITY,canon_Method_00205,2020
canon_Method_00205,ENTITY_ASSOCIATED_WITH_ENTITY,canon_Material_00018,2020
canon_Material_00007,ENTITY_ASSOCIATED_WITH_ENTITY,canon_Other_00720,2020
canon_Other_00147,ENTITY_ASSOCIATED_WITH_ENTITY,canon_Material_00152,2020
canon_Other_00721,ENTITY_ASSOCIATED_WITH_ENTITY,canon_Other_00722,2020
canon_Other_00722,ENTITY_ASSOCIATED_WITH_ENTITY,canon_Other_00250,2020
canon_Other_00722,ENTITY_ASSOCIATED_WITH_ENTITY,canon_Other_00723,2020
canon_Other_00722,ENTITY_ASSOCIATED_WITH_ENTITY,canon_Other_00724,2020
canon_Other_00250,ENTITY_ASSOCIATED_WITH_ENTITY,canon_Other_00722,2020
canon_Other_00250,ENTITY_ASSOCIATED_WITH_ENTITY,canon_Other_00723,2020
canon_Other_00250,ENTITY_ASSOCIATED_WITH_ENTITY,canon_Other_00724,2020
canon_Other_00723,ENTITY_ASSOCIATED_WITH_ENTITY,canon_Other_00722,2020
canon_Other_00723,ENTITY_ASSOCIATED_WITH_ENTITY,canon_Other_00250,2020
canon_Other_00723,ENTITY_ASSOCIATED_WITH_ENTITY,canon_Other_00724,2020
canon_Other_00723,USED_FOR,canon_Material_00018,2020
canon_Other_00723,ENTITY_ASSOCIATED_WITH_ENTITY,canon_Material_00002,2020
canon_Other_00724,ENTITY_ASSOCIATED_WITH_ENTITY,canon_Other_00722,2020
canon_Other_00724,ENTITY_ASSOCIATED_WITH_ENTITY,canon_Other_00250,2020
canon_Other_00724,ENTITY_ASSOCIATED_WITH_ENTITY,canon_Other_00723,2020
canon_Other_00724,USED_FOR,canon_Material_00018,2020
canon_Other_00724,ENTITY_ASSOCIATED_WITH_ENTITY,canon_Material_00002,2020
canon_Material_00002,ENTITY_ASSOCIATED_WITH_ENTITY,canon_Material_00018,2020
canon_Other_00250,ENTITY_ASSOCIATED_WITH_ENTITY,canon_Other_00725,2020
canon_Other_00726,ENTITY_ASSOCIATED_WITH_ENTITY,canon_Other_00725,2020
canon_Other_00726,ENTITY_ASSOCIATED_WITH_ENTITY,canon_Material_00018,2020
canon_Other_00727,USED_FOR,canon_Other_00728,2020
canon_Other_00727,USED_FOR,canon_Task_00110,2020
canon_Material_00018,ENTITY_ASSOCIATED_WITH_ENTITY,canon_Material_00004,2020
canon_Material_00319,USED_FOR,canon_Other_00729,2020
canon_Material_00002,ENTITY_ASSOCIATED_WITH_ENTITY,canon_Material_00557,2020
canon_Material_00881,ENTITY_ASSOCIATED_WITH_ENTITY,canon_Material_00557,2020
canon_Material_00018,ENTITY_ASSOCIATED_WITH_ENTITY,canon_Material_00557,2020
canon_Material_00881,ENTITY_ASSOCIATED_WITH_ENTITY,canon_Task_00806,2020
canon_Material_00001,USED_FOR,canon_Material_00155,2020
canon_Material_00001,USED_FOR,canon_Other_00039,2020
canon_Material_00001,USED_FOR,canon_Material_00018,2020
canon_Material_00018,ENTITY_ASSOCIATED_WITH_ENTITY,canon_Material_00155,2020
canon_Method_00621,USED_FOR,canon_Material_00018,2020
canon_Method_00621,USED_FOR,canon_Other_00731,2020
canon_Other_00731,ENTITY_ASSOCIATED_WITH_ENTITY,canon_Material_00018,2020
canon_Other_00095,USED_FOR,canon_Material_00002,2020
canon_Material_00012,ENTITY_ASSOCIATED_WITH_ENTITY,canon_Material_00018,2020
canon_Method_00195,ENTITY_ASSOCIATED_WITH_ENTITY,canon_Material_00018,2020
canon_Method_00195,ENTITY_ASSOCIATED_WITH_ENTITY,canon_Other_00734,2020
canon_Material_00315,ENTITY_ASSOCIATED_WITH_ENTITY,canon_Method_00218,2020
canon_Material_00008,ENTITY_ASSOCIATED_WITH_ENTITY,canon_Material_00005,2020
canon_Material_00008,ENTITY_ASSOCIATED_WITH_ENTITY,canon_Material_00003,2020
canon_Material_00003,ENTITY_ASSOCIATED_WITH_ENTITY,canon_Material_00005,2020
canon_Material_00020,USED_FOR,canon_Material_00018,2020
canon_Material_00003,ENTITY_ASSOCIATED_WITH_ENTITY,canon_Material_00002,2020
canon_Material_00001,USED_FOR,canon_Material_00018,2020
canon_Material_00003,ENTITY_ASSOCIATED_WITH_ENTITY,canon_Material_00881,2020
canon_Task_00126,ENTITY_ASSOCIATED_WITH_ENTITY,canon_Method_00788,2020
canon_Other_00738,ENTITY_ASSOCIATED_WITH_ENTITY,canon_Other_00737,2020
canon_Other_00738,ENTITY_ASSOCIATED_WITH_ENTITY,canon_Other_00739,2020
canon_Other_00739,ENTITY_ASSOCIATED_WITH_ENTITY,canon_Other_00737,2020
canon_Method_00627,METHOD_APPLIED_TO,canon_Task_00348,2020
canon_Method_00631,USED_FOR,canon_Method_00076,2020
canon_Method_00632,USED_FOR,canon_Method_00076,2020
canon_Other_00740,ENTITY_ASSOCIATED_WITH_ENTITY,canon_Other_00254,2020
canon_Other_00254,ENTITY_ASSOCIATED_WITH_ENTITY,canon_Other_00741,2020
canon_Other_00254,ENTITY_ASSOCIATED_WITH_ENTITY,canon_Other_00742,2020
canon_Other_00741,ENTITY_ASSOCIATED_WITH_ENTITY,canon_Other_00254,2020
canon_Other_00741,ENTITY_ASSOCIATED_WITH_ENTITY,canon_Other_00742,2020
canon_Other_00742,ENTITY_ASSOCIATED_WITH_ENTITY,canon_Other_00741,2020
canon_Method_00788,ENTITY_ASSOCIATED_WITH_ENTITY,canon_Other_00741,2020
canon_Method_00788,ENTITY_ASSOCIATED_WITH_ENTITY,canon_Other_00742,2020
canon_Method_00788,USED_FOR,canon_Method_00633,2020
canon_Other_00743,USED_FOR,canon_Material_00002,2020
canon_Material_00322,USED_FOR,canon_Method_00634,2020
canon_Method_00634,METHOD_APPLIED_TO,canon_Material_00002,2020
canon_Metric_00054,METHOD_EVALUATED_BY,canon_Material_00002,2020
canon_Material_00086,ENTITY_ASSOCIATED_WITH_ENTITY,canon_Material_00371,2020
canon_Metric_00015,ENTITY_ASSOCIATED_WITH_ENTITY,canon_Material_00002,2020
canon_Metric_00015,ENTITY_ASSOCIATED_WITH_ENTITY,canon_Task_00057,2020
canon_Material_00132,ENTITY_ASSOCIATED_WITH_ENTITY,canon_Material_00019,2020
canon_Other_00744,ENTITY_ASSOCIATED_WITH_ENTITY,canon_Material_00007,2020
canon_Task_00349,ENTITY_ASSOCIATED_WITH_ENTITY,canon_Method_01112,2020
canon_Task_00349,USED_FOR,canon_Material_00002,2020
canon_Method_01112,USED_FOR,canon_Material_00002,2020
canon_Method_00635,USED_FOR,canon_Method_00020,2020
canon_Method_00020,USED_FOR,canon_Method_00635,2020
canon_Metric_00015,ENTITY_ASSOCIATED_WITH_ENTITY,canon_Other_00745,2020
canon_Method_00636,METHOD_APPLIED_TO,canon_Material_00002,2020
canon_Method_00637,USED_FOR,canon_Other_00749,2020
canon_Method_00637,USED_FOR,canon_Method_00020,2020
canon_Method_00637,USED_FOR,canon_Other_00259,2020
canon_Method_00020,USED_FOR,canon_Other_00749,2020
canon_Method_00020,USED_FOR,canon_Method_00637,2020
canon_Method_00020,USED_FOR,canon_Other_00259,2020
canon_Method_00113,USED_FOR,canon_Other_00253,2020
canon_Material_00324,USED_FOR,canon_Method_00638,2020
canon_Material_00116,ENTITY_ASSOCIATED_WITH_ENTITY,canon_Other_00260,2020
canon_Material_00116,ENTITY_ASSOCIATED_WITH_ENTITY,canon_Material_00086,2020
canon_Other_00260,ENTITY_ASSOCIATED_WITH_ENTITY,canon_Material_00116,2020
canon_Other_00260,ENTITY_ASSOCIATED_WITH_ENTITY,canon_Material_00086,2020
canon_Material_00086,ENTITY_ASSOCIATED_WITH_ENTITY,canon_Other_00260,2020
canon_Method_00639,USED_FOR,canon_Method_00196,2020
canon_Method_00639,METHOD_APPLIED_TO,canon_Task_00351,2020
canon_Method_00196,USED_FOR,canon_Method_00639,2020
canon_Method_00196,METHOD_APPLIED_TO,canon_Task_00351,2020
canon_Method_00077,USED_FOR,canon_Other_00751,2020
canon_Method_00020,METHOD_APPLIED_TO,canon_Material_00004,2020
canon_Method_00639,USED_FOR,canon_Method_00196,2020
canon_Method_00639,USED_FOR,canon_Other_00753,2020
canon_Method_00640,USED_FOR,canon_Other_00755,2020
canon_Other_00261,ENTITY_ASSOCIATED_WITH_ENTITY,canon_Other_00755,2020
canon_Method_00639,USED_FOR,canon_Method_00077,2020
canon_Other_00756,ENTITY_ASSOCIATED_WITH_ENTITY,canon_Method_00642,2020
canon_Other_00758,USED_FOR,canon_Other_00759,2020
canon_Other_00759,USED_FOR,canon_Other_00758,2020
canon_Other_00760,ENTITY_ASSOCIATED_WITH_ENTITY,canon_Other_00761,2020
canon_Other_00761,ENTITY_ASSOCIATED_WITH_ENTITY,canon_Other_00763,2020
canon_Other_00762,ENTITY_ASSOCIATED_WITH_ENTITY,canon_Other_00761,2020
canon_Other_00762,ENTITY_ASSOCIATED_WITH_ENTITY,canon_Other_00763,2020
canon_Other_00763,ENTITY_ASSOCIATED_WITH_ENTITY,canon_Other_00761,2020
canon_Method_00643,METHOD_APPLIED_TO,canon_Material_00002,2020
canon_Method_00644,USED_FOR,canon_Other_00764,2020
canon_Material_00325,USED_FOR,canon_Other_00764,2020
canon_Method_00645,USED_FOR,canon_Other_00262,2020
canon_Method_00646,USED_FOR,canon_Other_00263,2020
canon_Other_00766,ENTITY_ASSOCIATED_WITH_ENTITY,canon_Other_00765,2020
canon_Other_00766,ENTITY_ASSOCIATED_WITH_ENTITY,canon_Other_00767,2020
canon_Other_00767,ENTITY_ASSOCIATED_WITH_ENTITY,canon_Other_00765,2020
canon_Method_00647,USED_FOR,canon_Other_00264,2020
canon_Method_00649,USED_FOR,canon_Material_00002,2020
canon_Other_00098,USED_FOR,canon_Method_00649,2020
canon_Other_00769,ENTITY_ASSOCIATED_WITH_ENTITY,canon_Other_00003,2020
canon_Other_00769,ENTITY_ASSOCIATED_WITH_ENTITY,canon_Other_00770,2020
canon_Other_00770,ENTITY_ASSOCIATED_WITH_ENTITY,canon_Other_00003,2020
canon_Method_00005,METHOD_APPLIED_TO,canon_Task_00114,2020
canon_Material_00006,ENTITY_ASSOCIATED_WITH_ENTITY,canon_Material_00133,2020
canon_Material_00327,USED_FOR,canon_Other_00772,2020
canon_Material_00062,USED_FOR,canon_Material_00006,2020
canon_Method_00078,USED_FOR,canon_Method_00651,2020
canon_Method_00652,USED_FOR,canon_Method_00653,2020
canon_Other_00773,ENTITY_ASSOCIATED_WITH_ENTITY,canon_Method_00652,2020
canon_Other_00774,ENTITY_ASSOCIATED_WITH_ENTITY,canon_Other_00775,2020
canon_Other_00067,ENTITY_ASSOCIATED_WITH_ENTITY,canon_Material_00152,2020
canon_Material_00152,USED_FOR,canon_Other_00067,2020
canon_Other_00776,ENTITY_ASSOCIATED_WITH_ENTITY,canon_Other_00777,2020
canon_Other_00777,ENTITY_ASSOCIATED_WITH_ENTITY,canon_Other_00776,2020
canon_Material_00328,USED_FOR,canon_Material_00006,2020
canon_Other_00779,USED_FOR,canon_Material_00002,2020
canon_Material_00002,USED_FOR,canon_Other_00779,2020
canon_Other_00780,USED_FOR,canon_Other_00779,2020
canon_Other_00780,USED_FOR,canon_Material_00002,2020
canon_Material_00006,ENTITY_ASSOCIATED_WITH_ENTITY,canon_Material_00133,2020
canon_Other_00781,USED_FOR,canon_Other_00265,2020
canon_Other_00265,ENTITY_ASSOCIATED_WITH_ENTITY,canon_Other_00781,2020
canon_Other_00782,USED_FOR,canon_Material_00002,2020
canon_Other_00782,USED_FOR,canon_Other_00124,2020
canon_Material_00002,ENTITY_ASSOCIATED_WITH_ENTITY,canon_Other_00124,2020
canon_Method_00114,METHOD_APPLIED_TO,canon_Task_00354,2020
canon_Method_00116,USED_FOR,canon_Other_00067,2020
canon_Method_00114,ENTITY_ASSOCIATED_WITH_ENTITY,canon_Method_00116,2020
canon_Method_00114,USED_FOR,canon_Other_00067,2020
canon_Method_00114,METHOD_APPLIED_TO,canon_Task_00034,2020
canon_Other_00069,USED_FOR,canon_Task_00034,2020
canon_Other_00069,USED_FOR,canon_Task_00355,2020
canon_Other_00069,USED_FOR,canon_Method_00128,2020
canon_Task_00355,ENTITY_ASSOCIATED_WITH_ENTITY,canon_Method_00128,2020
canon_Method_00658,METHOD_APPLIED_TO,canon_Task_00013,2020
canon_Material_00330,USED_FOR,canon_Method_00658,2020
canon_Method_00659,USED_FOR,canon_Method_00198,2020
canon_Other_00013,USED_FOR,canon_Method_00198,2020
canon_Method_00660,USED_FOR,canon_Other_00013,2020
canon_Method_00660,USED_FOR,canon_Method_00198,2020
canon_Method_00199,USED_FOR,canon_Method_00035,2020
canon_Method_00199,USED_FOR,canon_Other_00003,2020
canon_Method_00662,USED_FOR,canon_Material_00002,2020
canon_Other_00009,USED_FOR,canon_Method_00200,2020
canon_Method_00199,USED_FOR,canon_Other_00009,2020
canon_Other_00056,USED_FOR,canon_Material_00831,2020
canon_Other_00785,ENTITY_ASSOCIATED_WITH_ENTITY,canon_Other_00786,2020
canon_Other_00786,ENTITY_ASSOCIATED_WITH_ENTITY,canon_Other_00787,2020
canon_Other_00787,ENTITY_ASSOCIATED_WITH_ENTITY,canon_Other_00788,2020
canon_Method_00071,METHOD_APPLIED_TO,canon_Task_00013,2020
canon_Material_00332,USED_FOR,canon_Method_00071,2020
canon_Method_00071,METHOD_APPLIED_TO,canon_Task_00013,2020
canon_Method_00012,USED_FOR,canon_Method_00071,2020
canon_Method_00012,METHOD_APPLIED_TO,canon_Task_00013,2020
canon_Material_00044,USED_FOR,canon_Method_00071,2020
canon_Material_00333,USED_FOR,canon_Method_00071,2020
canon_Material_00333,USED_FOR,canon_Task_00013,2020
canon_Material_00334,ENTITY_ASSOCIATED_WITH_ENTITY,canon_Material_00044,2020
canon_Material_00334,ENTITY_ASSOCIATED_WITH_ENTITY,canon_Material_00333,2020
canon_Material_00334,ENTITY_ASSOCIATED_WITH_ENTITY,canon_Material_00335,2020
canon_Material_00334,ENTITY_ASSOCIATED_WITH_ENTITY,canon_Material_00336,2020
canon_Material_00335,USED_FOR,canon_Task_00013,2020
canon_Material_00335,ENTITY_ASSOCIATED_WITH_ENTITY,canon_Material_00044,2020
canon_Material_00335,ENTITY_ASSOCIATED_WITH_ENTITY,canon_Material_00333,2020
canon_Material_00335,ENTITY_ASSOCIATED_WITH_ENTITY,canon_Material_00336,2020
canon_Material_00336,USED_FOR,canon_Task_00013,2020
canon_Material_00336,ENTITY_ASSOCIATED_WITH_ENTITY,canon_Material_00044,2020
canon_Material_00336,ENTITY_ASSOCIATED_WITH_ENTITY,canon_Material_00333,2020
canon_Material_00336,ENTITY_ASSOCIATED_WITH_ENTITY,canon_Material_00335,2020
canon_Method_00669,METHOD_APPLIED_TO,canon_Material_00137,2020
canon_Other_00005,USED_FOR,canon_Material_00137,2020
canon_Other_00005,USED_FOR,canon_Material_00058,2020
canon_Material_00058,METHOD_EVALUATED_BY,canon_Other_00005,2020
canon_Material_00058,USED_FOR,canon_Method_00012,2020
canon_Method_00670,METHOD_APPLIED_TO,canon_Material_00337,2020
canon_Method_00670,USED_FOR,canon_Method_00012,2020
canon_Material_00337,USED_FOR,canon_Method_00012,2020
canon_Method_00671,METHOD_APPLIED_TO,canon_Task_00357,2020
canon_Material_00063,USED_FOR,canon_Method_00671,2020
canon_Task_00358,USED_FOR,canon_Task_00359,2020
canon_Method_00007,METHOD_APPLIED_TO,canon_Task_00359,2020
canon_Method_00494,USED_FOR,canon_Other_00005,2020
canon_Material_00339,USED_FOR,canon_Other_00005,2020
canon_Material_00339,ENTITY_ASSOCIATED_WITH_ENTITY,canon_Material_00004,2020
canon_Material_00004,USED_FOR,canon_Other_00005,2020
canon_Material_00004,ENTITY_ASSOCIATED_WITH_ENTITY,canon_Material_00339,2020
canon_Other_00789,USED_FOR,canon_Task_00246,2020
canon_Task_00246,ENTITY_ASSOCIATED_WITH_ENTITY,canon_Other_00789,2020
canon_Method_00673,METHOD_APPLIED_TO,canon_Task_00149,2020
canon_Material_00336,USED_FOR,canon_Task_00360,2020
canon_Method_00674,METHOD_APPLIED_TO,canon_Task_00360,2020
canon_Method_00674,METHOD_APPLIED_TO,canon_Material_00138,2020
canon_Method_00674,ENTITY_ASSOCIATED_WITH_ENTITY,canon_Method_00194,2020
canon_Method_00194,USED_FOR,canon_Task_00360,2020
canon_Method_00194,USED_FOR,canon_Material_00138,2020
canon_Method_00675,ENTITY_ASSOCIATED_WITH_ENTITY,canon_Other_00791,2020
canon_Other_00791,USED_FOR,canon_Material_00002,2020
canon_Other_00791,USED_FOR,canon_Material_00138,2020
canon_Other_00791,USED_FOR,canon_Material_00340,2020
canon_Material_00002,ENTITY_ASSOCIATED_WITH_ENTITY,canon_Material_00138,2020
canon_Material_00002,ENTITY_ASSOCIATED_WITH_ENTITY,canon_Material_00340,2020
canon_Material_00138,ENTITY_ASSOCIATED_WITH_ENTITY,canon_Material_00340,2020
canon_Material_00340,ENTITY_ASSOCIATED_WITH_ENTITY,canon_Material_00138,2020
canon_Method_00009,USED_FOR,canon_Other_00792,2020
canon_Method_00004,ENTITY_ASSOCIATED_WITH_ENTITY,canon_Material_00341,2020
canon_Method_00004,ENTITY_ASSOCIATED_WITH_ENTITY,canon_Method_00103,2020
canon_Method_00004,ENTITY_ASSOCIATED_WITH_ENTITY,canon_Method_00677,2020
canon_Method_00677,ENTITY_ASSOCIATED_WITH_ENTITY,canon_Method_00103,2020
canon_Method_00201,METHOD_APPLIED_TO,canon_Material_00002,2020
canon_Other_00099,USED_FOR,canon_Task_00129,2020
canon_Method_00679,METHOD_APPLIED_TO,canon_Task_00361,2020
canon_Method_00069,ENTITY_ASSOCIATED_WITH_ENTITY,canon_Method_00007,2020
canon_Method_00115,METHOD_APPLIED_TO,canon_Task_00003,2020
canon_Material_00009,USED_FOR,canon_Method_00115,2020
canon_Method_00626,USED_FOR,canon_Material_00002,2020
canon_Material_00139,USED_FOR,canon_Material_00002,2020
canon_Material_00139,ENTITY_ASSOCIATED_WITH_ENTITY,canon_Material_00063,2020
canon_Material_00139,USED_FOR,canon_Material_00002,2020
canon_Material_00063,USED_FOR,canon_Material_00002,2020
canon_Material_00063,ENTITY_ASSOCIATED_WITH_ENTITY,canon_Material_00139,2020
canon_Material_00063,USED_FOR,canon_Material_00002,2020
canon_Material_00140,USED_FOR,canon_Method_00115,2020
canon_Other_00793,ENTITY_ASSOCIATED_WITH_ENTITY,canon_Other_00266,2020
canon_Method_00012,USED_FOR,canon_Other_00793,2020
canon_Method_00012,USED_FOR,canon_Method_00081,2020
canon_Method_00081,ENTITY_ASSOCIATED_WITH_ENTITY,canon_Other_00266,2020
canon_Method_00081,USED_FOR,canon_Other_00793,2020
canon_Method_00081,USED_FOR,canon_Method_00012,2020
canon_Other_00794,USED_FOR,canon_Other_00793,2020
canon_Other_00794,USED_FOR,canon_Method_00012,2020
canon_Other_00794,USED_FOR,canon_Method_00081,2020
canon_Method_00115,METHOD_APPLIED_TO,canon_Task_00362,2020
canon_Method_00022,USED_FOR,canon_Material_00007,2020
canon_Method_00022,USED_FOR,canon_Material_00002,2020
canon_Material_00029,USED_FOR,canon_Method_00022,2020
canon_Method_00680,USED_FOR,canon_Other_00267,2020
canon_Method_00203,USED_FOR,canon_Other_00023,2020
canon_Material_00012,USED_FOR,canon_Task_00363,2020
canon_Material_00143,USED_FOR,canon_Material_00012,2020
canon_Material_00143,USED_FOR,canon_Task_00363,2020
canon_Method_00007,METHOD_APPLIED_TO,canon_Material_00342,2020
canon_Method_00116,USED_FOR,canon_Method_00681,2020
canon_Method_00116,METHOD_APPLIED_TO,canon_Material_00343,2020
canon_Method_00682,USED_FOR,canon_Material_00002,2020
canon_Method_00683,USED_FOR,canon_Method_00682,2020
canon_Material_00143,USED_FOR,canon_Method_00682,2020
canon_Other_00796,USED_FOR,canon_Material_00002,2020
canon_Other_00797,USED_FOR,canon_Material_00344,2020
canon_Other_00797,USED_FOR,canon_Method_00684,2020
canon_Other_00798,ENTITY_ASSOCIATED_WITH_ENTITY,canon_Method_00684,2020
canon_Other_00798,ENTITY_ASSOCIATED_WITH_ENTITY,canon_Method_00204,2020
canon_Method_00204,ENTITY_ASSOCIATED_WITH_ENTITY,canon_Method_00684,2020
canon_Method_00071,USED_FOR,canon_Other_00799,2020
canon_Other_00268,USED_FOR,canon_Other_00800,2020
canon_Method_00688,METHOD_APPLIED_TO,canon_Metric_00101,2020
canon_Method_00688,METHOD_APPLIED_TO,canon_Task_00366,2020
canon_Metric_00101,ENTITY_ASSOCIATED_WITH_ENTITY,canon_Task_00366,2020
canon_Task_00366,ENTITY_ASSOCIATED_WITH_ENTITY,canon_Metric_00101,2020
canon_Metric_00101,ENTITY_ASSOCIATED_WITH_ENTITY,canon_Task_00116,2020
canon_Method_00025,METHOD_APPLIED_TO,canon_Task_00367,2020
canon_Other_00003,USED_FOR,canon_Material_00002,2020
canon_Other_00003,USED_FOR,canon_Material_00002,2020
canon_Method_00019,METHOD_APPLIED_TO,canon_Task_00368,2020
canon_Method_00689,METHOD_APPLIED_TO,canon_Material_00009,2020
canon_Method_00690,METHOD_APPLIED_TO,canon_Material_00009,2020
canon_Method_00691,METHOD_APPLIED_TO,canon_Material_00009,2020
canon_Method_00694,USED_FOR,canon_Method_00693,2020
canon_Material_00058,METHOD_EVALUATED_BY,canon_Other_00009,2020
canon_Metric_00056,METHOD_EVALUATED_BY,canon_Other_00009,2020
canon_Other_00269,USED_FOR,canon_Method_00695,2020
canon_Material_00015,ENTITY_ASSOCIATED_WITH_ENTITY,canon_Method_01220,2020
canon_Material_00015,ENTITY_ASSOCIATED_WITH_ENTITY,canon_Material_00045,2020
canon_Material_00045,ENTITY_ASSOCIATED_WITH_ENTITY,canon_Method_01220,2020
canon_Method_00697,USED_FOR,canon_Material_00007,2020
canon_Method_00697,USED_FOR,canon_Other_00802,2020
canon_Method_00698,METHOD_APPLIED_TO,canon_Task_00369,2020
canon_Material_00004,USED_FOR,canon_Task_00369,2020
canon_Task_00370,USED_FOR,canon_Task_00371,2020
canon_Material_00346,USED_FOR,canon_Task_00371,2020
canon_Material_00029,USED_FOR,canon_Task_00371,2020
canon_Material_00029,USED_FOR,canon_Material_00346,2020
canon_Method_00022,METHOD_APPLIED_TO,canon_Task_00117,2020
canon_Method_00358,USED_FOR,canon_Other_00003,2020
canon_Material_00347,METHOD_EVALUATED_BY,canon_Other_00023,2020
canon_Other_00023,ENTITY_ASSOCIATED_WITH_ENTITY,canon_Other_00011,2020
canon_Other_00023,USED_FOR,canon_Task_00117,2020
canon_Other_00023,USED_FOR,canon_Material_00004,2020
canon_Method_00699,METHOD_APPLIED_TO,canon_Task_00372,2020
canon_Material_00029,USED_FOR,canon_Task_00372,2020
canon_Material_00009,USED_FOR,canon_Method_00700,2020
canon_Method_00036,USED_FOR,canon_Method_00700,2020
canon_Method_00036,ENTITY_ASSOCIATED_WITH_ENTITY,canon_Method_00051,2020
canon_Method_00051,USED_FOR,canon_Method_00700,2020
canon_Method_00051,ENTITY_ASSOCIATED_WITH_ENTITY,canon_Method_00036,2020
canon_Method_00003,ENTITY_ASSOCIATED_WITH_ENTITY,canon_Method_00004,2020
canon_Method_00118,ENTITY_ASSOCIATED_WITH_ENTITY,canon_Method_00004,2020
canon_Other_00804,USED_FOR,canon_Method_00702,2020
canon_Material_00348,USED_FOR,canon_Method_00702,2020
canon_Material_00348,USED_FOR,canon_Other_00804,2020
canon_Material_00002,USED_FOR,canon_Method_00702,2020
canon_Material_00002,USED_FOR,canon_Other_00804,2020
canon_Material_00002,ENTITY_ASSOCIATED_WITH_ENTITY,canon_Material_00144,2020
canon_Material_00009,USED_FOR,canon_Method_00702,2020
canon_Material_00009,USED_FOR,canon_Other_00804,2020
canon_Material_00009,USED_FOR,canon_Material_00144,2020
canon_Material_00063,USED_FOR,canon_Material_00152,2020
canon_Metric_00001,METHOD_EVALUATED_BY,canon_Other_00003,2020
canon_Material_00116,ENTITY_ASSOCIATED_WITH_ENTITY,canon_Other_00260,2020
canon_Material_00116,ENTITY_ASSOCIATED_WITH_ENTITY,canon_Material_00086,2020
canon_Other_00260,ENTITY_ASSOCIATED_WITH_ENTITY,canon_Material_00086,2020
canon_Material_00086,ENTITY_ASSOCIATED_WITH_ENTITY,canon_Other_00260,2020
canon_Method_00703,USED_FOR,canon_Material_00002,2020
canon_Material_00009,USED_FOR,canon_Material_00002,2020
canon_Material_00062,ENTITY_ASSOCIATED_WITH_ENTITY,canon_Method_00704,2020
canon_Other_00807,ENTITY_ASSOCIATED_WITH_ENTITY,canon_Method_00704,2020
canon_Method_00705,METHOD_APPLIED_TO,canon_Metric_00101,2020
canon_Method_00706,METHOD_APPLIED_TO,canon_Task_00003,2020
canon_Material_00002,ENTITY_ASSOCIATED_WITH_ENTITY,canon_Method_00706,2020
canon_Material_00002,METHOD_APPLIED_TO,canon_Task_00003,2020
canon_Method_00707,ENTITY_ASSOCIATED_WITH_ENTITY,canon_Method_00706,2020
canon_Method_00707,METHOD_APPLIED_TO,canon_Task_00003,2020
canon_Material_00009,USED_FOR,canon_Method_00706,2020
canon_Material_00009,USED_FOR,canon_Task_00003,2020
canon_Other_00016,USED_FOR,canon_Other_00808,2020
canon_Method_00708,USED_FOR,canon_Other_00016,2020
canon_Method_00708,METHOD_APPLIED_TO,canon_Task_00374,2020
canon_Method_00708,USED_FOR,canon_Other_00808,2020
canon_Task_00374,ENTITY_ASSOCIATED_WITH_ENTITY,canon_Other_00808,2020
canon_Method_00081,USED_FOR,canon_Other_00808,2020
canon_Method_00205,USED_FOR,canon_Other_00016,2020
canon_Metric_00001,METHOD_EVALUATED_BY,canon_Other_00016,2020
canon_Metric_00057,METHOD_EVALUATED_BY,canon_Other_00016,2020
canon_Method_00709,USED_FOR,canon_Other_00016,2020
canon_Method_00710,METHOD_APPLIED_TO,canon_Material_00006,2020
canon_Method_00711,USED_FOR,canon_Method_00712,2020
canon_Metric_00058,METHOD_EVALUATED_BY,canon_Method_00713,2020
canon_Metric_00058,METHOD_EVALUATED_BY,canon_Material_00145,2020
canon_Metric_00058,METHOD_EVALUATED_BY,canon_Other_00809,2020
canon_Material_00145,USED_FOR,canon_Other_00809,2020
canon_Other_00809,ENTITY_ASSOCIATED_WITH_ENTITY,canon_Material_00145,2020
canon_Method_00207,METHOD_APPLIED_TO,canon_Task_00029,2020
canon_Method_00715,ENTITY_ASSOCIATED_WITH_ENTITY,canon_Method_00012,2020
canon_Method_00716,ENTITY_ASSOCIATED_WITH_ENTITY,canon_Method_00012,2020
canon_Method_00716,ENTITY_ASSOCIATED_WITH_ENTITY,canon_Method_00717,2020
canon_Method_00717,ENTITY_ASSOCIATED_WITH_ENTITY,canon_Method_00012,2020
canon_Method_00717,ENTITY_ASSOCIATED_WITH_ENTITY,canon_Method_00716,2020
canon_Method_00720,METHOD_APPLIED_TO,canon_Material_00011,2020
canon_Method_00720,METHOD_APPLIED_TO,canon_Material_00011,2020
canon_Method_00721,METHOD_APPLIED_TO,canon_Material_00011,2020
canon_Material_00350,USED_FOR,canon_Method_00720,2020
canon_Method_00722,USED_FOR,canon_Method_00720,2020
canon_Method_00722,METHOD_APPLIED_TO,canon_Material_00011,2020
canon_Material_00351,USED_FOR,canon_Method_00720,2020
canon_Material_00351,ENTITY_ASSOCIATED_WITH_ENTITY,canon_Material_00350,2020
canon_Material_00351,USED_FOR,canon_Method_00722,2020
canon_Material_00351,USED_FOR,canon_Material_00011,2020
canon_Material_00146,USED_FOR,canon_Other_00810,2020
canon_Task_00375,ENTITY_ASSOCIATED_WITH_ENTITY,canon_Other_00810,2020
canon_Method_00725,METHOD_APPLIED_TO,canon_Material_00352,2020
canon_Method_00725,ENTITY_ASSOCIATED_WITH_ENTITY,canon_Method_00726,2020
canon_Material_00352,ENTITY_ASSOCIATED_WITH_ENTITY,canon_Method_00726,2020
canon_Method_00726,ENTITY_ASSOCIATED_WITH_ENTITY,canon_Method_00725,2020
canon_Method_00726,METHOD_APPLIED_TO,canon_Material_00352,2020
canon_Other_00271,ENTITY_ASSOCIATED_WITH_ENTITY,canon_Other_00812,2020
canon_Material_00354,ENTITY_ASSOCIATED_WITH_ENTITY,canon_Other_00271,2020
canon_Method_00727,METHOD_APPLIED_TO,canon_Material_00355,2020
canon_Method_00003,ENTITY_ASSOCIATED_WITH_ENTITY,canon_Method_00007,2020
canon_Method_00003,METHOD_APPLIED_TO,canon_Material_00002,2020
canon_Method_00007,METHOD_APPLIED_TO,canon_Material_00002,2020
canon_Material_00333,ENTITY_ASSOCIATED_WITH_ENTITY,canon_Material_00152,2020
canon_Material_00333,USED_FOR,canon_Material_00878,2020
canon_Material_00152,ENTITY_ASSOCIATED_WITH_ENTITY,canon_Material_00333,2020
canon_Material_00152,USED_FOR,canon_Material_00878,2020
canon_Other_00819,ENTITY_ASSOCIATED_WITH_ENTITY,canon_Other_00820,2020
canon_Material_00356,ENTITY_ASSOCIATED_WITH_ENTITY,canon_Material_00147,2020
canon_Material_00356,ENTITY_ASSOCIATED_WITH_ENTITY,canon_Material_00015,2020
canon_Material_00356,ENTITY_ASSOCIATED_WITH_ENTITY,canon_Material_00117,2020
canon_Material_00356,ENTITY_ASSOCIATED_WITH_ENTITY,canon_Material_00045,2020
canon_Material_00015,ENTITY_ASSOCIATED_WITH_ENTITY,canon_Material_00147,2020
canon_Material_00015,ENTITY_ASSOCIATED_WITH_ENTITY,canon_Material_00356,2020
canon_Material_00015,ENTITY_ASSOCIATED_WITH_ENTITY,canon_Material_00117,2020
canon_Material_00015,ENTITY_ASSOCIATED_WITH_ENTITY,canon_Material_00045,2020
canon_Material_00117,ENTITY_ASSOCIATED_WITH_ENTITY,canon_Material_00147,2020
canon_Material_00117,ENTITY_ASSOCIATED_WITH_ENTITY,canon_Material_00015,2020
canon_Material_00117,ENTITY_ASSOCIATED_WITH_ENTITY,canon_Material_00045,2020
canon_Material_00045,ENTITY_ASSOCIATED_WITH_ENTITY,canon_Material_00147,2020
canon_Material_00045,ENTITY_ASSOCIATED_WITH_ENTITY,canon_Material_00117,2020
canon_Other_00822,ENTITY_ASSOCIATED_WITH_ENTITY,canon_Other_00823,2020
canon_Method_00730,METHOD_APPLIED_TO,canon_Material_00006,2020
canon_Method_00730,USED_FOR,canon_Other_00824,2020
canon_Method_00730,USED_FOR,canon_Other_00825,2020
canon_Material_00006,ENTITY_ASSOCIATED_WITH_ENTITY,canon_Other_00825,2020
canon_Other_00824,ENTITY_ASSOCIATED_WITH_ENTITY,canon_Material_00006,2020
canon_Other_00824,ENTITY_ASSOCIATED_WITH_ENTITY,canon_Other_00825,2020
canon_Method_00120,METHOD_APPLIED_TO,canon_Material_00357,2020
canon_Method_00120,USED_FOR,canon_Method_00731,2020
canon_Other_00827,ENTITY_ASSOCIATED_WITH_ENTITY,canon_Other_00828,2020
canon_Method_00732,USED_FOR,canon_Other_00237,2020
canon_Method_00732,USED_FOR,canon_Material_00002,2020
canon_Material_00003,USED_FOR,canon_Other_00237,2020
canon_Material_00003,USED_FOR,canon_Material_00002,2020
canon_Material_00021,USED_FOR,canon_Other_00237,2020
canon_Material_00021,ENTITY_ASSOCIATED_WITH_ENTITY,canon_Material_00022,2020
canon_Material_00021,ENTITY_ASSOCIATED_WITH_ENTITY,canon_Material_00046,2020
canon_Material_00021,ENTITY_ASSOCIATED_WITH_ENTITY,canon_Material_00148,2020
canon_Material_00022,USED_FOR,canon_Other_00237,2020
canon_Material_00022,ENTITY_ASSOCIATED_WITH_ENTITY,canon_Method_00732,2020
canon_Material_00022,ENTITY_ASSOCIATED_WITH_ENTITY,canon_Material_00046,2020
canon_Material_00022,ENTITY_ASSOCIATED_WITH_ENTITY,canon_Material_00148,2020
canon_Material_00046,USED_FOR,canon_Other_00237,2020
canon_Material_00046,ENTITY_ASSOCIATED_WITH_ENTITY,canon_Method_00732,2020
canon_Material_00046,ENTITY_ASSOCIATED_WITH_ENTITY,canon_Material_00022,2020
canon_Material_00046,ENTITY_ASSOCIATED_WITH_ENTITY,canon_Material_00148,2020
canon_Material_00148,USED_FOR,canon_Other_00237,2020
canon_Material_00148,ENTITY_ASSOCIATED_WITH_ENTITY,canon_Material_00046,2020
canon_Method_00077,METHOD_APPLIED_TO,canon_Task_00119,2020
canon_Material_00058,USED_FOR,canon_Method_00049,2020
canon_Method_00287,ENTITY_ASSOCIATED_WITH_ENTITY,canon_Task_00120,2020
canon_Method_00733,METHOD_APPLIED_TO,canon_Task_00378,2020
canon_Method_00734,METHOD_APPLIED_TO,canon_Task_00378,2020
canon_Method_00734,ENTITY_ASSOCIATED_WITH_ENTITY,canon_Method_00208,2020
canon_Method_00208,METHOD_APPLIED_TO,canon_Task_00378,2020
canon_Method_00208,ENTITY_ASSOCIATED_WITH_ENTITY,canon_Method_00734,2020
canon_Method_00735,ENTITY_ASSOCIATED_WITH_ENTITY,canon_Method_00736,2020
canon_Method_00209,ENTITY_ASSOCIATED_WITH_ENTITY,canon_Method_00210,2020
canon_Method_00209,ENTITY_ASSOCIATED_WITH_ENTITY,canon_Method_00208,2020
canon_Method_00210,ENTITY_ASSOCIATED_WITH_ENTITY,canon_Method_00208,2020
canon_Material_00360,USED_FOR,canon_Method_00210,2020
canon_Material_00360,USED_FOR,canon_Method_00208,2020
canon_Method_00740,METHOD_APPLIED_TO,canon_Material_00015,2020
canon_Material_00015,ENTITY_ASSOCIATED_WITH_ENTITY,canon_Method_00740,2020
canon_Metric_00060,METHOD_EVALUATED_BY,canon_Method_00210,2020
canon_Metric_00060,METHOD_EVALUATED_BY,canon_Other_00831,2020
canon_Method_00209,USED_FOR,canon_Metric_00061,2020
canon_Method_00209,METHOD_APPLIED_TO,canon_Material_00006,2020
canon_Metric_00061,USED_FOR,canon_Material_00006,2020
canon_Other_00832,ENTITY_ASSOCIATED_WITH_ENTITY,canon_Task_00444,2020
canon_Other_00832,ENTITY_ASSOCIATED_WITH_ENTITY,canon_Other_00834,2020
canon_Task_00444,ENTITY_ASSOCIATED_WITH_ENTITY,canon_Other_00832,2020
canon_Task_00444,ENTITY_ASSOCIATED_WITH_ENTITY,canon_Other_00834,2020
canon_Task_00444,ENTITY_ASSOCIATED_WITH_ENTITY,canon_Other_00835,2020
canon_Task_00444,ENTITY_ASSOCIATED_WITH_ENTITY,canon_Other_00836,2020
canon_Task_00444,ENTITY_ASSOCIATED_WITH_ENTITY,canon_Other_00837,2020
canon_Task_00444,ENTITY_ASSOCIATED_WITH_ENTITY,canon_Other_00838,2020
canon_Task_00444,ENTITY_ASSOCIATED_WITH_ENTITY,canon_Other_00839,2020
canon_Task_00444,ENTITY_ASSOCIATED_WITH_ENTITY,canon_Other_00146,2020
canon_Task_00444,ENTITY_ASSOCIATED_WITH_ENTITY,canon_Other_00840,2020
canon_Task_00444,ENTITY_ASSOCIATED_WITH_ENTITY,canon_Other_00841,2020
canon_Other_00834,ENTITY_ASSOCIATED_WITH_ENTITY,canon_Task_00444,2020
canon_Other_00834,ENTITY_ASSOCIATED_WITH_ENTITY,canon_Other_00835,2020
canon_Other_00834,ENTITY_ASSOCIATED_WITH_ENTITY,canon_Other_00836,2020
canon_Other_00834,ENTITY_ASSOCIATED_WITH_ENTITY,canon_Other_00837,2020
canon_Other_00834,ENTITY_ASSOCIATED_WITH_ENTITY,canon_Other_00838,2020
canon_Other_00834,ENTITY_ASSOCIATED_WITH_ENTITY,canon_Other_00839,2020
canon_Other_00834,ENTITY_ASSOCIATED_WITH_ENTITY,canon_Other_00146,2020
canon_Other_00834,ENTITY_ASSOCIATED_WITH_ENTITY,canon_Other_00840,2020
canon_Other_00834,ENTITY_ASSOCIATED_WITH_ENTITY,canon_Other_00841,2020
canon_Other_00835,ENTITY_ASSOCIATED_WITH_ENTITY,canon_Task_00444,2020
canon_Other_00835,ENTITY_ASSOCIATED_WITH_ENTITY,canon_Other_00834,2020
canon_Other_00835,ENTITY_ASSOCIATED_WITH_ENTITY,canon_Other_00836,2020
canon_Other_00835,ENTITY_ASSOCIATED_WITH_ENTITY,canon_Other_00837,2020
canon_Other_00835,ENTITY_ASSOCIATED_WITH_ENTITY,canon_Other_00838,2020
canon_Other_00835,ENTITY_ASSOCIATED_WITH_ENTITY,canon_Other_00839,2020
canon_Other_00835,ENTITY_ASSOCIATED_WITH_ENTITY,canon_Other_00146,2020
canon_Other_00835,ENTITY_ASSOCIATED_WITH_ENTITY,canon_Other_00840,2020
canon_Other_00835,ENTITY_ASSOCIATED_WITH_ENTITY,canon_Other_00841,2020
canon_Other_00836,ENTITY_ASSOCIATED_WITH_ENTITY,canon_Task_00444,2020
canon_Other_00836,ENTITY_ASSOCIATED_WITH_ENTITY,canon_Other_00834,2020
canon_Other_00836,ENTITY_ASSOCIATED_WITH_ENTITY,canon_Other_00835,2020
canon_Other_00836,ENTITY_ASSOCIATED_WITH_ENTITY,canon_Other_00837,2020
canon_Other_00836,ENTITY_ASSOCIATED_WITH_ENTITY,canon_Other_00838,2020
canon_Other_00836,ENTITY_ASSOCIATED_WITH_ENTITY,canon_Other_00839,2020
canon_Other_00836,ENTITY_ASSOCIATED_WITH_ENTITY,canon_Other_00146,2020
canon_Other_00836,ENTITY_ASSOCIATED_WITH_ENTITY,canon_Other_00840,2020
canon_Other_00836,ENTITY_ASSOCIATED_WITH_ENTITY,canon_Other_00841,2020
canon_Other_00837,ENTITY_ASSOCIATED_WITH_ENTITY,canon_Task_00444,2020
canon_Other_00837,ENTITY_ASSOCIATED_WITH_ENTITY,canon_Other_00834,2020
canon_Other_00837,ENTITY_ASSOCIATED_WITH_ENTITY,canon_Other_00835,2020
canon_Other_00837,ENTITY_ASSOCIATED_WITH_ENTITY,canon_Other_00836,2020
canon_Other_00837,ENTITY_ASSOCIATED_WITH_ENTITY,canon_Other_00838,2020
canon_Other_00837,ENTITY_ASSOCIATED_WITH_ENTITY,canon_Other_00839,2020
canon_Other_00837,ENTITY_ASSOCIATED_WITH_ENTITY,canon_Other_00146,2020
canon_Other_00837,ENTITY_ASSOCIATED_WITH_ENTITY,canon_Other_00840,2020
canon_Other_00837,ENTITY_ASSOCIATED_WITH_ENTITY,canon_Other_00841,2020
canon_Other_00838,ENTITY_ASSOCIATED_WITH_ENTITY,canon_Task_00444,2020
canon_Other_00838,ENTITY_ASSOCIATED_WITH_ENTITY,canon_Other_00834,2020
canon_Other_00838,ENTITY_ASSOCIATED_WITH_ENTITY,canon_Other_00835,2020
canon_Other_00838,ENTITY_ASSOCIATED_WITH_ENTITY,canon_Other_00836,2020
canon_Other_00838,ENTITY_ASSOCIATED_WITH_ENTITY,canon_Other_00837,2020
canon_Other_00838,ENTITY_ASSOCIATED_WITH_ENTITY,canon_Other_00839,2020
canon_Other_00838,ENTITY_ASSOCIATED_WITH_ENTITY,canon_Other_00146,2020
canon_Other_00838,ENTITY_ASSOCIATED_WITH_ENTITY,canon_Other_00840,2020
canon_Other_00838,ENTITY_ASSOCIATED_WITH_ENTITY,canon_Other_00841,2020
canon_Other_00839,ENTITY_ASSOCIATED_WITH_ENTITY,canon_Task_00444,2020
canon_Other_00839,ENTITY_ASSOCIATED_WITH_ENTITY,canon_Other_00834,2020
canon_Other_00839,ENTITY_ASSOCIATED_WITH_ENTITY,canon_Other_00835,2020
canon_Other_00839,ENTITY_ASSOCIATED_WITH_ENTITY,canon_Other_00836,2020
canon_Other_00839,ENTITY_ASSOCIATED_WITH_ENTITY,canon_Other_00837,2020
canon_Other_00839,ENTITY_ASSOCIATED_WITH_ENTITY,canon_Other_00838,2020
canon_Other_00839,ENTITY_ASSOCIATED_WITH_ENTITY,canon_Other_00146,2020
canon_Other_00839,ENTITY_ASSOCIATED_WITH_ENTITY,canon_Other_00840,2020
canon_Other_00839,ENTITY_ASSOCIATED_WITH_ENTITY,canon_Other_00841,2020
canon_Other_00146,ENTITY_ASSOCIATED_WITH_ENTITY,canon_Task_00444,2020
canon_Other_00146,ENTITY_ASSOCIATED_WITH_ENTITY,canon_Other_00834,2020
canon_Other_00146,ENTITY_ASSOCIATED_WITH_ENTITY,canon_Other_00835,2020
canon_Other_00146,ENTITY_ASSOCIATED_WITH_ENTITY,canon_Other_00836,2020
canon_Other_00146,ENTITY_ASSOCIATED_WITH_ENTITY,canon_Other_00837,2020
canon_Other_00146,ENTITY_ASSOCIATED_WITH_ENTITY,canon_Other_00838,2020
canon_Other_00146,ENTITY_ASSOCIATED_WITH_ENTITY,canon_Other_00839,2020
canon_Other_00146,ENTITY_ASSOCIATED_WITH_ENTITY,canon_Other_00840,2020
canon_Other_00146,ENTITY_ASSOCIATED_WITH_ENTITY,canon_Other_00841,2020
canon_Other_00840,ENTITY_ASSOCIATED_WITH_ENTITY,canon_Task_00444,2020
canon_Other_00840,ENTITY_ASSOCIATED_WITH_ENTITY,canon_Other_00834,2020
canon_Other_00840,ENTITY_ASSOCIATED_WITH_ENTITY,canon_Other_00835,2020
canon_Other_00840,ENTITY_ASSOCIATED_WITH_ENTITY,canon_Other_00836,2020
canon_Other_00840,ENTITY_ASSOCIATED_WITH_ENTITY,canon_Other_00837,2020
canon_Other_00840,ENTITY_ASSOCIATED_WITH_ENTITY,canon_Other_00838,2020
canon_Other_00840,ENTITY_ASSOCIATED_WITH_ENTITY,canon_Other_00839,2020
canon_Other_00840,ENTITY_ASSOCIATED_WITH_ENTITY,canon_Other_00146,2020
canon_Other_00840,ENTITY_ASSOCIATED_WITH_ENTITY,canon_Other_00841,2020
canon_Other_00841,ENTITY_ASSOCIATED_WITH_ENTITY,canon_Task_00444,2020
canon_Other_00841,ENTITY_ASSOCIATED_WITH_ENTITY,canon_Other_00834,2020
canon_Other_00841,ENTITY_ASSOCIATED_WITH_ENTITY,canon_Other_00835,2020
canon_Other_00841,ENTITY_ASSOCIATED_WITH_ENTITY,canon_Other_00836,2020
canon_Other_00841,ENTITY_ASSOCIATED_WITH_ENTITY,canon_Other_00837,2020
canon_Other_00841,ENTITY_ASSOCIATED_WITH_ENTITY,canon_Other_00838,2020
canon_Other_00841,ENTITY_ASSOCIATED_WITH_ENTITY,canon_Other_00839,2020
canon_Other_00841,ENTITY_ASSOCIATED_WITH_ENTITY,canon_Other_00146,2020
canon_Other_00841,ENTITY_ASSOCIATED_WITH_ENTITY,canon_Other_00840,2020
canon_Other_00842,ENTITY_ASSOCIATED_WITH_ENTITY,canon_Task_00037,2020
canon_Task_00037,ENTITY_ASSOCIATED_WITH_ENTITY,canon_Other_00842,2020
canon_Other_00845,USED_FOR,canon_Method_00742,2020
canon_Method_00743,METHOD_APPLIED_TO,canon_Task_00380,2020
canon_Method_00745,ENTITY_ASSOCIATED_WITH_ENTITY,canon_Method_00747,2020
canon_Method_00745,USED_FOR,canon_Method_00212,2020
canon_Method_00746,USED_FOR,canon_Method_00745,2020
canon_Method_00211,USED_FOR,canon_Method_00745,2020
canon_Metric_00063,METHOD_EVALUATED_BY,canon_Method_00745,2020
canon_Metric_00063,METHOD_EVALUATED_BY,canon_Method_00747,2020
canon_Method_00747,USED_FOR,canon_Method_00212,2020
canon_Method_00213,METHOD_APPLIED_TO,canon_Task_00381,2020
canon_Method_00211,USED_FOR,canon_Method_00212,2020
canon_Method_00748,USED_FOR,canon_Method_00212,2020
canon_Material_00361,USED_FOR,canon_Method_00212,2020
canon_Material_00361,ENTITY_ASSOCIATED_WITH_ENTITY,canon_Material_00362,2020
canon_Material_00362,USED_FOR,canon_Method_00212,2020
canon_Method_00337,USED_FOR,canon_Task_00380,2020
canon_Method_00213,USED_FOR,canon_Other_00848,2020
canon_Other_00034,USED_FOR,canon_Task_00382,2020
canon_Material_00363,USED_FOR,canon_Other_00034,2020
canon_Material_00363,USED_FOR,canon_Task_00382,2020
canon_Material_00364,USED_FOR,canon_Other_00034,2020
canon_Material_00364,USED_FOR,canon_Task_00382,2020
canon_Material_00365,USED_FOR,canon_Task_00382,2020
canon_Method_00749,USED_FOR,canon_Other_00849,2020
canon_Material_00366,USED_FOR,canon_Method_00749,2020
canon_Material_00366,USED_FOR,canon_Other_00849,2020
canon_Other_00851,ENTITY_ASSOCIATED_WITH_ENTITY,canon_Method_00750,2020
canon_Method_00751,METHOD_APPLIED_TO,canon_Task_00121,2020
canon_Material_00367,USED_FOR,canon_Method_00751,2020
canon_Material_00367,USED_FOR,canon_Task_00121,2020
canon_Task_00383,ENTITY_ASSOCIATED_WITH_ENTITY,canon_Other_00034,2020
canon_Task_00384,ENTITY_ASSOCIATED_WITH_ENTITY,canon_Task_00385,2020
canon_Method_00752,ENTITY_ASSOCIATED_WITH_ENTITY,canon_Method_00753,2020
canon_Material_00368,METHOD_EVALUATED_BY,canon_Other_00034,2020
canon_Material_00369,USED_FOR,canon_Other_00034,2020
canon_Metric_00002,METHOD_EVALUATED_BY,canon_Method_00754,2020
canon_Metric_00002,METHOD_EVALUATED_BY,canon_Other_00006,2020
canon_Method_00128,USED_FOR,canon_Method_00755,2020
canon_Other_00147,USED_FOR,canon_Method_00755,2020
canon_Method_00120,METHOD_APPLIED_TO,canon_Material_00006,2020
canon_Other_00275,ENTITY_ASSOCIATED_WITH_ENTITY,canon_Method_00497,2020
canon_Other_00275,ENTITY_ASSOCIATED_WITH_ENTITY,canon_Other_00855,2020
canon_Other_00275,ENTITY_ASSOCIATED_WITH_ENTITY,canon_Other_00277,2020
canon_Method_00497,ENTITY_ASSOCIATED_WITH_ENTITY,canon_Other_00275,2020
canon_Method_00497,ENTITY_ASSOCIATED_WITH_ENTITY,canon_Other_00855,2020
canon_Method_00497,ENTITY_ASSOCIATED_WITH_ENTITY,canon_Other_00277,2020
canon_Other_00855,ENTITY_ASSOCIATED_WITH_ENTITY,canon_Other_00275,2020
canon_Other_00855,ENTITY_ASSOCIATED_WITH_ENTITY,canon_Method_00497,2020
canon_Other_00855,ENTITY_ASSOCIATED_WITH_ENTITY,canon_Other_00277,2020
canon_Other_00277,ENTITY_ASSOCIATED_WITH_ENTITY,canon_Other_00275,2020
canon_Other_00277,ENTITY_ASSOCIATED_WITH_ENTITY,canon_Method_00497,2020
canon_Other_00277,ENTITY_ASSOCIATED_WITH_ENTITY,canon_Other_00855,2020
canon_Method_00759,METHOD_APPLIED_TO,canon_Task_00386,2020
canon_Method_00759,ENTITY_ASSOCIATED_WITH_ENTITY,canon_Method_00121,2020
canon_Method_00759,ENTITY_ASSOCIATED_WITH_ENTITY,canon_Method_00760,2020
canon_Method_00121,METHOD_APPLIED_TO,canon_Task_00386,2020
canon_Method_00121,ENTITY_ASSOCIATED_WITH_ENTITY,canon_Method_00760,2020
canon_Method_00760,METHOD_APPLIED_TO,canon_Task_00386,2020
canon_Method_00756,USED_FOR,canon_Material_00006,2020
canon_Method_00762,USED_FOR,canon_Method_00761,2020
canon_Other_00072,ENTITY_ASSOCIATED_WITH_ENTITY,canon_Material_00006,2020
canon_Material_00006,ENTITY_ASSOCIATED_WITH_ENTITY,canon_Other_00072,2020
canon_Method_00763,METHOD_APPLIED_TO,canon_Task_00114,2020
canon_Material_00149,USED_FOR,canon_Task_00114,2020
canon_Method_00121,METHOD_APPLIED_TO,canon_Material_00006,2020
canon_Method_00121,ENTITY_ASSOCIATED_WITH_ENTITY,canon_Method_00764,2020
canon_Method_00764,USED_FOR,canon_Other_00072,2020
canon_Method_00764,METHOD_APPLIED_TO,canon_Material_00006,2020
canon_Method_00767,METHOD_APPLIED_TO,canon_Material_00006,2020
canon_Method_00767,ENTITY_ASSOCIATED_WITH_ENTITY,canon_Other_00221,2020
canon_Other_00221,USED_FOR,canon_Material_00006,2020
canon_Method_00768,METHOD_APPLIED_TO,canon_Material_00372,2020
canon_Method_00769,USED_FOR,canon_Other_00858,2020
canon_Material_00064,USED_FOR,canon_Method_00770,2020
canon_Material_00064,USED_FOR,canon_Method_00771,2020
canon_Method_00771,USED_FOR,canon_Method_00770,2020
canon_Method_00772,USED_FOR,canon_Method_00770,2020
canon_Method_00772,USED_FOR,canon_Method_00771,2020
canon_Material_00152,ENTITY_ASSOCIATED_WITH_ENTITY,canon_Material_00152,2020
canon_Material_00152,ENTITY_ASSOCIATED_WITH_ENTITY,canon_Other_00860,2020
canon_Material_00152,ENTITY_ASSOCIATED_WITH_ENTITY,canon_Material_00152,2020
canon_Material_00152,ENTITY_ASSOCIATED_WITH_ENTITY,canon_Other_00861,2020
canon_Material_00152,ENTITY_ASSOCIATED_WITH_ENTITY,canon_Other_00862,2020
canon_Material_00152,ENTITY_ASSOCIATED_WITH_ENTITY,canon_Other_00278,2020
canon_Material_00152,ENTITY_ASSOCIATED_WITH_ENTITY,canon_Material_00152,2020
canon_Material_00152,ENTITY_ASSOCIATED_WITH_ENTITY,canon_Other_00860,2020
canon_Material_00152,ENTITY_ASSOCIATED_WITH_ENTITY,canon_Material_00152,2020
canon_Material_00152,ENTITY_ASSOCIATED_WITH_ENTITY,canon_Other_00861,2020
canon_Material_00152,ENTITY_ASSOCIATED_WITH_ENTITY,canon_Other_00862,2020
canon_Other_00860,ENTITY_ASSOCIATED_WITH_ENTITY,canon_Other_00278,2020
canon_Other_00860,ENTITY_ASSOCIATED_WITH_ENTITY,canon_Material_00152,2020
canon_Other_00860,ENTITY_ASSOCIATED_WITH_ENTITY,canon_Material_00152,2020
canon_Other_00860,ENTITY_ASSOCIATED_WITH_ENTITY,canon_Material_00152,2020
canon_Other_00860,ENTITY_ASSOCIATED_WITH_ENTITY,canon_Other_00861,2020
canon_Other_00860,ENTITY_ASSOCIATED_WITH_ENTITY,canon_Other_00862,2020
canon_Material_00152,ENTITY_ASSOCIATED_WITH_ENTITY,canon_Other_00278,2020
canon_Material_00152,ENTITY_ASSOCIATED_WITH_ENTITY,canon_Material_00152,2020
canon_Material_00152,ENTITY_ASSOCIATED_WITH_ENTITY,canon_Material_00152,2020
canon_Material_00152,ENTITY_ASSOCIATED_WITH_ENTITY,canon_Other_00860,2020
canon_Material_00152,ENTITY_ASSOCIATED_WITH_ENTITY,canon_Other_00861,2020
canon_Material_00152,ENTITY_ASSOCIATED_WITH_ENTITY,canon_Other_00862,2020
canon_Other_00861,ENTITY_ASSOCIATED_WITH_ENTITY,canon_Other_00278,2020
canon_Other_00861,ENTITY_ASSOCIATED_WITH_ENTITY,canon_Material_00152,2020
canon_Other_00861,ENTITY_ASSOCIATED_WITH_ENTITY,canon_Material_00152,2020
canon_Other_00861,ENTITY_ASSOCIATED_WITH_ENTITY,canon_Other_00860,2020
canon_Other_00861,ENTITY_ASSOCIATED_WITH_ENTITY,canon_Material_00152,2020
canon_Other_00861,ENTITY_ASSOCIATED_WITH_ENTITY,canon_Other_00862,2020
canon_Other_00862,ENTITY_ASSOCIATED_WITH_ENTITY,canon_Other_00278,2020
canon_Other_00862,ENTITY_ASSOCIATED_WITH_ENTITY,canon_Material_00152,2020
canon_Other_00862,ENTITY_ASSOCIATED_WITH_ENTITY,canon_Material_00152,2020
canon_Other_00862,ENTITY_ASSOCIATED_WITH_ENTITY,canon_Other_00860,2020
canon_Other_00862,ENTITY_ASSOCIATED_WITH_ENTITY,canon_Material_00152,2020
canon_Other_00862,ENTITY_ASSOCIATED_WITH_ENTITY,canon_Other_00861,2020
canon_Other_00863,ENTITY_ASSOCIATED_WITH_ENTITY,canon_Other_00145,2020
canon_Other_00145,ENTITY_ASSOCIATED_WITH_ENTITY,canon_Other_00863,2020
canon_Material_00003,USED_FOR,canon_Material_00002,2020
canon_Material_00003,USED_FOR,canon_Material_00018,2020
canon_Material_00003,USED_FOR,canon_Material_00007,2020
canon_Material_00003,USED_FOR,canon_Material_00018,2020
canon_Material_00001,USED_FOR,canon_Task_00058,2020
canon_Material_00005,USED_FOR,canon_Task_00023,2020
canon_Material_00008,USED_FOR,canon_Task_00058,2020
canon_Other_00866,ENTITY_ASSOCIATED_WITH_ENTITY,canon_Other_00279,2020
canon_Material_00008,ENTITY_ASSOCIATED_WITH_ENTITY,canon_Material_00005,2020
canon_Material_00004,ENTITY_ASSOCIATED_WITH_ENTITY,canon_Material_00195,2020
canon_Material_00002,ENTITY_ASSOCIATED_WITH_ENTITY,canon_Other_00867,2020
canon_Material_00001,ENTITY_ASSOCIATED_WITH_ENTITY,canon_Material_00002,2020
canon_Material_00881,ENTITY_ASSOCIATED_WITH_ENTITY,canon_Task_00806,2020
canon_Material_00002,ENTITY_ASSOCIATED_WITH_ENTITY,canon_Task_00806,2020
canon_Material_00005,USED_FOR,canon_Material_00881,2020
canon_Material_00005,USED_FOR,canon_Task_00806,2020
canon_Other_00713,ENTITY_ASSOCIATED_WITH_ENTITY,canon_Material_00881,2020
canon_Other_00713,USED_FOR,canon_Material_00002,2020
canon_Material_00881,ENTITY_ASSOCIATED_WITH_ENTITY,canon_Other_00713,2020
canon_Material_00881,USED_FOR,canon_Material_00002,2020
canon_Method_00021,USED_FOR,canon_Material_00018,2020
canon_Material_00002,ENTITY_ASSOCIATED_WITH_ENTITY,canon_Material_00002,2020
canon_Material_00002,ENTITY_ASSOCIATED_WITH_ENTITY,canon_Material_00002,2020
canon_Material_00002,ENTITY_ASSOCIATED_WITH_ENTITY,canon_Material_00002,2020
canon_Material_00002,ENTITY_ASSOCIATED_WITH_ENTITY,canon_Material_00002,2020
canon_Material_00002,ENTITY_ASSOCIATED_WITH_ENTITY,canon_Material_00002,2020
canon_Material_00002,ENTITY_ASSOCIATED_WITH_ENTITY,canon_Material_00002,2020
canon_Material_00002,ENTITY_ASSOCIATED_WITH_ENTITY,canon_Material_00018,2020
canon_Material_00018,ENTITY_ASSOCIATED_WITH_ENTITY,canon_Other_00871,2020
canon_Material_00001,ENTITY_ASSOCIATED_WITH_ENTITY,canon_Material_00881,2020
canon_Method_00777,METHOD_APPLIED_TO,canon_Material_00477,2020
canon_Other_00873,ENTITY_ASSOCIATED_WITH_ENTITY,canon_Other_00874,2020
canon_Material_00002,ENTITY_ASSOCIATED_WITH_ENTITY,canon_Other_00874,2020
canon_Material_00002,ENTITY_ASSOCIATED_WITH_ENTITY,canon_Material_00033,2020
canon_Material_00033,ENTITY_ASSOCIATED_WITH_ENTITY,canon_Other_00874,2020
canon_Material_00001,USED_FOR,canon_Material_00002,2020
canon_Material_00001,USED_FOR,canon_Material_00004,2020
canon_Material_00004,ENTITY_ASSOCIATED_WITH_ENTITY,canon_Material_00001,2020
canon_Method_00258,USED_FOR,canon_Material_00002,2020
canon_Method_00258,METHOD_APPLIED_TO,canon_Material_00001,2020
canon_Method_00258,METHOD_APPLIED_TO,canon_Material_00004,2020
canon_Material_00001,USED_FOR,canon_Material_00018,2020
canon_Method_00144,USED_FOR,canon_Material_00002,2020
canon_Other_00102,ENTITY_ASSOCIATED_WITH_ENTITY,canon_Task_00578,2020
canon_Method_00031,ENTITY_ASSOCIATED_WITH_ENTITY,canon_Task_00578,2020
canon_Material_00377,USED_FOR,canon_Other_00102,2020
canon_Other_00876,ENTITY_ASSOCIATED_WITH_ENTITY,canon_Material_00032,2020
canon_Material_00151,ENTITY_ASSOCIATED_WITH_ENTITY,canon_Other_00876,2020
canon_Material_00151,ENTITY_ASSOCIATED_WITH_ENTITY,canon_Material_00032,2020
canon_Material_00151,ENTITY_ASSOCIATED_WITH_ENTITY,canon_Material_00008,2020
canon_Material_00151,ENTITY_ASSOCIATED_WITH_ENTITY,canon_Material_00003,2020
canon_Material_00008,ENTITY_ASSOCIATED_WITH_ENTITY,canon_Other_00876,2020
canon_Material_00008,ENTITY_ASSOCIATED_WITH_ENTITY,canon_Material_00032,2020
canon_Material_00008,ENTITY_ASSOCIATED_WITH_ENTITY,canon_Material_00003,2020
canon_Material_00008,ENTITY_ASSOCIATED_WITH_ENTITY,canon_Material_00378,2020
canon_Material_00003,ENTITY_ASSOCIATED_WITH_ENTITY,canon_Other_00876,2020
canon_Material_00003,ENTITY_ASSOCIATED_WITH_ENTITY,canon_Material_00032,2020
canon_Material_00003,ENTITY_ASSOCIATED_WITH_ENTITY,canon_Material_00008,2020
canon_Material_00003,ENTITY_ASSOCIATED_WITH_ENTITY,canon_Material_00378,2020
canon_Material_00378,ENTITY_ASSOCIATED_WITH_ENTITY,canon_Other_00876,2020
canon_Material_00378,ENTITY_ASSOCIATED_WITH_ENTITY,canon_Material_00032,2020
canon_Material_00378,ENTITY_ASSOCIATED_WITH_ENTITY,canon_Material_00008,2020
canon_Material_00378,ENTITY_ASSOCIATED_WITH_ENTITY,canon_Material_00003,2020
canon_Material_00016,USED_FOR,canon_Task_00024,2020
canon_Material_00020,USED_FOR,canon_Task_00024,2020
canon_Material_00001,ENTITY_ASSOCIATED_WITH_ENTITY,canon_Task_00024,2020
canon_Material_00003,USED_FOR,canon_Material_00002,2020
canon_Material_00003,ENTITY_ASSOCIATED_WITH_ENTITY,canon_Material_00037,2020
canon_Material_00007,ENTITY_ASSOCIATED_WITH_ENTITY,canon_Material_00002,2020
canon_Material_00002,ENTITY_ASSOCIATED_WITH_ENTITY,canon_Material_00007,2020
canon_Task_00388,ENTITY_ASSOCIATED_WITH_ENTITY,canon_Task_00012,2020
canon_Task_00388,USED_FOR,canon_Other_00036,2020
canon_Material_00002,ENTITY_ASSOCIATED_WITH_ENTITY,canon_Task_00012,2020
canon_Material_00002,METHOD_EVALUATED_BY,canon_Other_00036,2020
canon_Method_00841,ENTITY_ASSOCIATED_WITH_ENTITY,canon_Other_00879,2020
canon_Other_00879,ENTITY_ASSOCIATED_WITH_ENTITY,canon_Method_00841,2020
canon_Material_00379,USED_FOR,canon_Material_00840,2020
canon_Material_00379,USED_FOR,canon_Material_00018,2020
canon_Other_00281,ENTITY_ASSOCIATED_WITH_ENTITY,canon_Other_00149,2020
canon_Other_00149,ENTITY_ASSOCIATED_WITH_ENTITY,canon_Other_00882,2020
canon_Method_00782,USED_FOR,canon_Other_00149,2020
canon_Material_00089,ENTITY_ASSOCIATED_WITH_ENTITY,canon_Material_00380,2020
canon_Material_00089,ENTITY_ASSOCIATED_WITH_ENTITY,canon_Material_00382,2020
canon_Material_00089,ENTITY_ASSOCIATED_WITH_ENTITY,canon_Material_00383,2020
canon_Material_00381,ENTITY_ASSOCIATED_WITH_ENTITY,canon_Material_00380,2020
canon_Material_00381,ENTITY_ASSOCIATED_WITH_ENTITY,canon_Material_00089,2020
canon_Material_00381,ENTITY_ASSOCIATED_WITH_ENTITY,canon_Material_00382,2020
canon_Material_00381,ENTITY_ASSOCIATED_WITH_ENTITY,canon_Material_00383,2020
canon_Material_00382,ENTITY_ASSOCIATED_WITH_ENTITY,canon_Material_00381,2020
canon_Material_00382,ENTITY_ASSOCIATED_WITH_ENTITY,canon_Material_00383,2020
canon_Material_00382,ENTITY_ASSOCIATED_WITH_ENTITY,canon_Material_00384,2020
canon_Material_00383,ENTITY_ASSOCIATED_WITH_ENTITY,canon_Material_00384,2020
canon_Material_00384,ENTITY_ASSOCIATED_WITH_ENTITY,canon_Material_00383,2020
canon_Other_00883,ENTITY_ASSOCIATED_WITH_ENTITY,canon_Other_00853,2020
canon_Other_00883,ENTITY_ASSOCIATED_WITH_ENTITY,canon_Material_00027,2020
canon_Other_00853,ENTITY_ASSOCIATED_WITH_ENTITY,canon_Other_00883,2020
canon_Other_00853,ENTITY_ASSOCIATED_WITH_ENTITY,canon_Material_00027,2020
canon_Material_00002,USED_FOR,canon_Material_00881,2020
canon_Material_00386,USED_FOR,canon_Material_00881,2020
canon_Material_00881,ENTITY_ASSOCIATED_WITH_ENTITY,canon_Material_00198,2020
canon_Material_00065,USED_FOR,canon_Material_00388,2020
canon_Material_00002,USED_FOR,canon_Material_00154,2020
canon_Material_00002,USED_FOR,canon_Material_00881,2020
canon_Material_00154,ENTITY_ASSOCIATED_WITH_ENTITY,canon_Material_00881,2020
canon_Method_00022,METHOD_APPLIED_TO,canon_Task_00122,2020
canon_Method_00022,METHOD_APPLIED_TO,canon_Task_00122,2020
canon_Method_00783,ENTITY_ASSOCIATED_WITH_ENTITY,canon_Method_00081,2020
canon_Method_00081,ENTITY_ASSOCIATED_WITH_ENTITY,canon_Method_00784,2020
canon_Metric_00065,METHOD_EVALUATED_BY,canon_Other_00005,2020
canon_Metric_00001,ENTITY_ASSOCIATED_WITH_ENTITY,canon_Metric_00065,2020
canon_Metric_00066,ENTITY_ASSOCIATED_WITH_ENTITY,canon_Metric_00065,2020
canon_Metric_00066,ENTITY_ASSOCIATED_WITH_ENTITY,canon_Metric_00009,2020
canon_Metric_00009,ENTITY_ASSOCIATED_WITH_ENTITY,canon_Metric_00065,2020
canon_Metric_00009,METHOD_EVALUATED_BY,canon_Other_00005,2020
canon_Other_00005,USED_FOR,canon_Task_00036,2020
canon_Method_00081,ENTITY_ASSOCIATED_WITH_ENTITY,canon_Metric_00065,2020
canon_Method_00081,ENTITY_ASSOCIATED_WITH_ENTITY,canon_Other_00005,2020
canon_Method_00081,ENTITY_ASSOCIATED_WITH_ENTITY,canon_Method_00082,2020
canon_Method_00081,METHOD_APPLIED_TO,canon_Task_00036,2020
canon_Method_00082,ENTITY_ASSOCIATED_WITH_ENTITY,canon_Metric_00065,2020
canon_Method_00082,USED_FOR,canon_Other_00005,2020
canon_Method_00082,METHOD_APPLIED_TO,canon_Task_00036,2020
canon_Method_00785,USED_FOR,canon_Other_00886,2020
canon_Material_00390,USED_FOR,canon_Material_00004,2020
canon_Method_00029,METHOD_APPLIED_TO,canon_Material_00002,2020
canon_Other_00889,ENTITY_ASSOCIATED_WITH_ENTITY,canon_Other_00890,2020
canon_Other_00889,ENTITY_ASSOCIATED_WITH_ENTITY,canon_Material_00391,2020
canon_Other_00890,ENTITY_ASSOCIATED_WITH_ENTITY,canon_Material_00391,2020
canon_Material_00090,ENTITY_ASSOCIATED_WITH_ENTITY,canon_Material_00066,2020
canon_Material_00090,USED_FOR,canon_Material_00002,2020
canon_Material_00066,USED_FOR,canon_Material_00002,2020
canon_Material_00090,ENTITY_ASSOCIATED_WITH_ENTITY,canon_Material_00066,2020
canon_Material_00006,ENTITY_ASSOCIATED_WITH_ENTITY,canon_Material_00045,2020
canon_Material_00006,ENTITY_ASSOCIATED_WITH_ENTITY,canon_Material_00086,2020
canon_Material_00086,ENTITY_ASSOCIATED_WITH_ENTITY,canon_Material_00086,2020
canon_Material_00086,ENTITY_ASSOCIATED_WITH_ENTITY,canon_Material_00086,2020
canon_Material_00086,ENTITY_ASSOCIATED_WITH_ENTITY,canon_Material_00086,2020
canon_Other_00892,ENTITY_ASSOCIATED_WITH_ENTITY,canon_Material_00086,2020
canon_Material_00393,ENTITY_ASSOCIATED_WITH_ENTITY,canon_Material_00012,2020
canon_Method_00787,USED_FOR,canon_Other_00895,2020
canon_Other_00895,ENTITY_ASSOCIATED_WITH_ENTITY,canon_Material_00012,2020
canon_Material_00393,ENTITY_ASSOCIATED_WITH_ENTITY,canon_Material_00393,2020
canon_Material_00393,ENTITY_ASSOCIATED_WITH_ENTITY,canon_Material_00393,2020
canon_Material_00393,ENTITY_ASSOCIATED_WITH_ENTITY,canon_Other_00896,2020
canon_Other_00896,ENTITY_ASSOCIATED_WITH_ENTITY,canon_Material_00393,2020
canon_Other_00896,ENTITY_ASSOCIATED_WITH_ENTITY,canon_Material_00393,2020
canon_Other_00896,ENTITY_ASSOCIATED_WITH_ENTITY,canon_Material_00393,2020
canon_Other_00897,ENTITY_ASSOCIATED_WITH_ENTITY,canon_Other_00898,2020
canon_Material_00878,USED_FOR,canon_Other_00898,2020
canon_Material_00036,USED_FOR,canon_Other_00900,2020
canon_Material_00395,USED_FOR,canon_Other_00900,2020
canon_Material_00395,USED_FOR,canon_Material_00878,2020
canon_Other_00901,ENTITY_ASSOCIATED_WITH_ENTITY,canon_Material_00006,2020
canon_Other_00901,ENTITY_ASSOCIATED_WITH_ENTITY,canon_Material_00878,2020
canon_Material_00006,ENTITY_ASSOCIATED_WITH_ENTITY,canon_Other_00901,2020
canon_Material_00006,ENTITY_ASSOCIATED_WITH_ENTITY,canon_Material_00878,2020
canon_Material_00012,USED_FOR,canon_Other_00902,2020
canon_Material_00557,USED_FOR,canon_Other_00902,2020
canon_Material_00001,ENTITY_ASSOCIATED_WITH_ENTITY,canon_Other_00904,2020
canon_Other_00283,ENTITY_ASSOCIATED_WITH_ENTITY,canon_Other_00904,2020
canon_Other_00103,ENTITY_ASSOCIATED_WITH_ENTITY,canon_Other_00284,2020
canon_Other_00284,ENTITY_ASSOCIATED_WITH_ENTITY,canon_Other_00284,2020
canon_Method_00215,USED_FOR,canon_Material_00018,2020
canon_Method_00789,USED_FOR,canon_Method_00788,2020
canon_Method_00789,USED_FOR,canon_Method_00216,2020
canon_Method_00790,USED_FOR,canon_Material_00002,2020
canon_Material_00001,ENTITY_ASSOCIATED_WITH_ENTITY,canon_Other_00022,2020
canon_Material_00002,ENTITY_ASSOCIATED_WITH_ENTITY,canon_Material_00397,2020
canon_Material_00119,ENTITY_ASSOCIATED_WITH_ENTITY,canon_Material_00398,2020
canon_Material_00119,ENTITY_ASSOCIATED_WITH_ENTITY,canon_Material_00005,2020
canon_Material_00005,ENTITY_ASSOCIATED_WITH_ENTITY,canon_Material_00398,2020
canon_Other_00013,USED_FOR,canon_Material_00002,2020
canon_Other_00013,USED_FOR,canon_Material_00878,2020
canon_Other_00013,USED_FOR,canon_Material_00007,2020
canon_Other_00013,USED_FOR,canon_Material_00002,2020
canon_Other_00013,USED_FOR,canon_Material_00557,2020
canon_Other_00908,USED_FOR,canon_Material_00002,2020
canon_Material_00010,METHOD_APPLIED_TO,canon_Material_00002,2020
canon_Method_00795,METHOD_APPLIED_TO,canon_Task_00001,2020
canon_Material_00005,USED_FOR,canon_Task_00060,2020
canon_Material_00008,ENTITY_ASSOCIATED_WITH_ENTITY,canon_Material_00005,2020
canon_Material_00008,ENTITY_ASSOCIATED_WITH_ENTITY,canon_Material_00003,2020
canon_Material_00008,USED_FOR,canon_Task_00060,2020
canon_Material_00003,ENTITY_ASSOCIATED_WITH_ENTITY,canon_Material_00005,2020
canon_Material_00003,USED_FOR,canon_Task_00060,2020
canon_Material_00018,ENTITY_ASSOCIATED_WITH_ENTITY,canon_Task_00341,2020
canon_Method_00025,METHOD_APPLIED_TO,canon_Task_00394,2020
canon_Method_00217,USED_FOR,canon_Method_00016,2020
canon_Material_00310,METHOD_EVALUATED_BY,canon_Method_00016,2020
canon_Material_00400,ENTITY_ASSOCIATED_WITH_ENTITY,canon_Material_00399,2020
canon_Material_00008,ENTITY_ASSOCIATED_WITH_ENTITY,canon_Material_00401,2020
canon_Material_00008,ENTITY_ASSOCIATED_WITH_ENTITY,canon_Material_00003,2020
canon_Material_00003,ENTITY_ASSOCIATED_WITH_ENTITY,canon_Material_00401,2020
canon_Material_00878,USED_FOR,canon_Material_00018,2020
canon_Material_00006,ENTITY_ASSOCIATED_WITH_ENTITY,canon_Material_00116,2020
canon_Material_00116,ENTITY_ASSOCIATED_WITH_ENTITY,canon_Material_00006,2020
canon_Method_00797,ENTITY_ASSOCIATED_WITH_ENTITY,canon_Method_00798,2020
canon_Method_00798,ENTITY_ASSOCIATED_WITH_ENTITY,canon_Method_00797,2020
canon_Material_00023,ENTITY_ASSOCIATED_WITH_ENTITY,canon_Material_00002,2020
canon_Task_00075,USED_FOR,canon_Material_00004,2020
canon_Task_00395,ENTITY_ASSOCIATED_WITH_ENTITY,canon_Other_00153,2020
canon_Material_00002,ENTITY_ASSOCIATED_WITH_ENTITY,canon_Other_00153,2020
canon_Other_00910,ENTITY_ASSOCIATED_WITH_ENTITY,canon_Other_00911,2020
canon_Material_00001,USED_FOR,canon_Other_00912,2020
canon_Material_00315,ENTITY_ASSOCIATED_WITH_ENTITY,canon_Other_00153,2020
canon_Method_00801,USED_FOR,canon_Material_00023,2020
canon_Material_00037,USED_FOR,canon_Method_00801,2020
canon_Material_00037,USED_FOR,canon_Material_00023,2020
canon_Other_00003,USED_FOR,canon_Material_00018,2020
canon_Material_00095,ENTITY_ASSOCIATED_WITH_ENTITY,canon_Method_00788,2020
canon_Method_00788,ENTITY_ASSOCIATED_WITH_ENTITY,canon_Material_00095,2020
canon_Material_00023,ENTITY_ASSOCIATED_WITH_ENTITY,canon_Material_00405,2020
canon_Method_00010,USED_FOR,canon_Method_01352,2020
canon_Material_00008,ENTITY_ASSOCIATED_WITH_ENTITY,canon_Material_00406,2020
canon_Material_00008,ENTITY_ASSOCIATED_WITH_ENTITY,canon_Material_00067,2020
canon_Material_00008,ENTITY_ASSOCIATED_WITH_ENTITY,canon_Material_00003,2020
canon_Material_00067,ENTITY_ASSOCIATED_WITH_ENTITY,canon_Material_00406,2020
canon_Material_00067,ENTITY_ASSOCIATED_WITH_ENTITY,canon_Material_00003,2020
canon_Material_00003,ENTITY_ASSOCIATED_WITH_ENTITY,canon_Material_00406,2020
canon_Material_00003,ENTITY_ASSOCIATED_WITH_ENTITY,canon_Material_00067,2020
canon_Other_00918,ENTITY_ASSOCIATED_WITH_ENTITY,canon_Other_00917,2020
canon_Other_00920,ENTITY_ASSOCIATED_WITH_ENTITY,canon_Task_00028,2020
canon_Method_00010,USED_FOR,canon_Task_00341,2020
canon_Task_00071,ENTITY_ASSOCIATED_WITH_ENTITY,canon_Other_00923,2020
canon_Other_00923,USED_FOR,canon_Task_00341,2020
canon_Material_00023,ENTITY_ASSOCIATED_WITH_ENTITY,canon_Material_00407,2020
canon_Material_00023,ENTITY_ASSOCIATED_WITH_ENTITY,canon_Material_00408,2020
canon_Other_00925,ENTITY_ASSOCIATED_WITH_ENTITY,canon_Other_00924,2020
canon_Material_00409,ENTITY_ASSOCIATED_WITH_ENTITY,canon_Material_00008,2020
canon_Material_00004,USED_FOR,canon_Other_00286,2020
canon_Material_00001,ENTITY_ASSOCIATED_WITH_ENTITY,canon_Material_00092,2020
canon_Material_00878,METHOD_APPLIED_TO,canon_Task_00037,2020
canon_Material_00878,METHOD_APPLIED_TO,canon_Material_00007,2020
canon_Other_00039,ENTITY_ASSOCIATED_WITH_ENTITY,canon_Material_00002,2020
canon_Material_00001,ENTITY_ASSOCIATED_WITH_ENTITY,canon_Material_00411,2020
canon_Material_00001,ENTITY_ASSOCIATED_WITH_ENTITY,canon_Material_00412,2020
canon_Material_00411,ENTITY_ASSOCIATED_WITH_ENTITY,canon_Material_00412,2020
canon_Material_00412,ENTITY_ASSOCIATED_WITH_ENTITY,canon_Material_00411,2020
canon_Other_00926,ENTITY_ASSOCIATED_WITH_ENTITY,canon_Other_00927,2020
canon_Method_00123,METHOD_APPLIED_TO,canon_Material_00002,2021
canon_Method_00123,USED_FOR,canon_Method_01336,2021
canon_Other_00929,ENTITY_ASSOCIATED_WITH_ENTITY,canon_Task_00806,2021
canon_Method_00123,ENTITY_ASSOCIATED_WITH_ENTITY,canon_Method_00805,2021
canon_Method_00123,USED_FOR,canon_Material_00155,2021
canon_Method_00123,USED_FOR,canon_Task_00806,2021
canon_Method_00805,USED_FOR,canon_Method_00123,2021
canon_Method_00805,USED_FOR,canon_Material_00155,2021
canon_Method_00805,USED_FOR,canon_Task_00806,2021
canon_Material_00155,ENTITY_ASSOCIATED_WITH_ENTITY,canon_Task_00806,2021
canon_Task_00806,ENTITY_ASSOCIATED_WITH_ENTITY,canon_Material_00155,2021
canon_Material_00067,ENTITY_ASSOCIATED_WITH_ENTITY,canon_Method_00811,2021
canon_Material_00067,METHOD_APPLIED_TO,canon_Material_00001,2021
canon_Method_00811,METHOD_APPLIED_TO,canon_Material_00001,2021
canon_Material_00001,USED_FOR,canon_Material_00018,2021
canon_Other_00006,ENTITY_ASSOCIATED_WITH_ENTITY,canon_Other_00930,2021
canon_Method_00031,METHOD_APPLIED_TO,canon_Task_00397,2021
canon_Method_00031,USED_FOR,canon_Other_00220,2021
canon_Task_00397,ENTITY_ASSOCIATED_WITH_ENTITY,canon_Other_00220,2021
canon_Other_00931,ENTITY_ASSOCIATED_WITH_ENTITY,canon_Other_00932,2021
canon_Method_00814,USED_FOR,canon_Material_00002,2021
canon_Method_00815,METHOD_APPLIED_TO,canon_Material_00157,2021
canon_Material_00129,ENTITY_ASSOCIATED_WITH_ENTITY,canon_Material_00157,2021
canon_Task_00125,USED_FOR,canon_Material_00157,2021
canon_Material_00157,USED_FOR,canon_Task_00125,2021
canon_Material_00416,USED_FOR,canon_Task_00125,2021
canon_Other_00155,USED_FOR,canon_Task_00398,2021
canon_Method_00817,ENTITY_ASSOCIATED_WITH_ENTITY,canon_Method_00816,2021
canon_Method_00817,ENTITY_ASSOCIATED_WITH_ENTITY,canon_Other_00935,2021
canon_Other_00935,ENTITY_ASSOCIATED_WITH_ENTITY,canon_Method_00816,2021
canon_Other_00936,ENTITY_ASSOCIATED_WITH_ENTITY,canon_Material_00417,2021
canon_Material_00421,ENTITY_ASSOCIATED_WITH_ENTITY,canon_Method_00815,2021
canon_Method_00125,ENTITY_ASSOCIATED_WITH_ENTITY,canon_Method_00815,2021
canon_Other_00937,USED_FOR,canon_Material_00881,2021
canon_Material_00881,ENTITY_ASSOCIATED_WITH_ENTITY,canon_Other_00938,2021
canon_Material_00419,USED_FOR,canon_Method_00815,2021
canon_Material_00419,USED_FOR,canon_Other_00937,2021
canon_Material_00419,USED_FOR,canon_Material_00881,2021
canon_Material_00420,METHOD_EVALUATED_BY,canon_Material_00421,2021
canon_Material_00420,METHOD_EVALUATED_BY,canon_Method_00125,2021
canon_Material_00421,USED_FOR,canon_Material_00421,2021
canon_Material_00421,USED_FOR,canon_Method_00125,2021
canon_Material_00421,ENTITY_ASSOCIATED_WITH_ENTITY,canon_Other_00939,2021
canon_Method_00125,ENTITY_ASSOCIATED_WITH_ENTITY,canon_Other_00939,2021
canon_Method_00262,ENTITY_ASSOCIATED_WITH_ENTITY,canon_Method_00032,2021
canon_Material_00008,ENTITY_ASSOCIATED_WITH_ENTITY,canon_Material_00003,2021
canon_Material_00003,ENTITY_ASSOCIATED_WITH_ENTITY,canon_Material_00422,2021
canon_Material_00003,ENTITY_ASSOCIATED_WITH_ENTITY,canon_Material_00021,2021
canon_Material_00003,ENTITY_ASSOCIATED_WITH_ENTITY,canon_Material_00423,2021
canon_Material_00003,ENTITY_ASSOCIATED_WITH_ENTITY,canon_Material_00043,2021
canon_Material_00422,ENTITY_ASSOCIATED_WITH_ENTITY,canon_Material_00003,2021
canon_Material_00422,ENTITY_ASSOCIATED_WITH_ENTITY,canon_Material_00021,2021
canon_Material_00422,ENTITY_ASSOCIATED_WITH_ENTITY,canon_Material_00423,2021
canon_Material_00422,ENTITY_ASSOCIATED_WITH_ENTITY,canon_Material_00043,2021
canon_Material_00422,ENTITY_ASSOCIATED_WITH_ENTITY,canon_Material_00424,2021
canon_Material_00422,ENTITY_ASSOCIATED_WITH_ENTITY,canon_Material_00425,2021
canon_Material_00021,ENTITY_ASSOCIATED_WITH_ENTITY,canon_Material_00422,2021
canon_Material_00021,ENTITY_ASSOCIATED_WITH_ENTITY,canon_Material_00423,2021
canon_Material_00021,ENTITY_ASSOCIATED_WITH_ENTITY,canon_Material_00043,2021
canon_Material_00021,ENTITY_ASSOCIATED_WITH_ENTITY,canon_Material_00424,2021
canon_Material_00021,ENTITY_ASSOCIATED_WITH_ENTITY,canon_Material_00425,2021
canon_Material_00423,ENTITY_ASSOCIATED_WITH_ENTITY,canon_Material_00003,2021
canon_Material_00423,ENTITY_ASSOCIATED_WITH_ENTITY,canon_Material_00422,2021
canon_Material_00423,ENTITY_ASSOCIATED_WITH_ENTITY,canon_Material_00021,2021
canon_Material_00423,ENTITY_ASSOCIATED_WITH_ENTITY,canon_Material_00043,2021
canon_Material_00423,ENTITY_ASSOCIATED_WITH_ENTITY,canon_Material_00424,2021
canon_Material_00423,ENTITY_ASSOCIATED_WITH_ENTITY,canon_Material_00425,2021
canon_Material_00043,ENTITY_ASSOCIATED_WITH_ENTITY,canon_Material_00003,2021
canon_Material_00043,ENTITY_ASSOCIATED_WITH_ENTITY,canon_Material_00422,2021
canon_Material_00043,ENTITY_ASSOCIATED_WITH_ENTITY,canon_Material_00021,2021
canon_Material_00043,ENTITY_ASSOCIATED_WITH_ENTITY,canon_Material_00423,2021
canon_Material_00043,ENTITY_ASSOCIATED_WITH_ENTITY,canon_Material_00424,2021
canon_Material_00043,ENTITY_ASSOCIATED_WITH_ENTITY,canon_Material_00425,2021
canon_Material_00424,ENTITY_ASSOCIATED_WITH_ENTITY,canon_Material_00422,2021
canon_Material_00424,ENTITY_ASSOCIATED_WITH_ENTITY,canon_Material_00021,2021
canon_Material_00424,ENTITY_ASSOCIATED_WITH_ENTITY,canon_Material_00423,2021
canon_Material_00424,ENTITY_ASSOCIATED_WITH_ENTITY,canon_Material_00043,2021
canon_Material_00424,ENTITY_ASSOCIATED_WITH_ENTITY,canon_Material_00425,2021
canon_Material_00425,ENTITY_ASSOCIATED_WITH_ENTITY,canon_Material_00422,2021
canon_Material_00425,ENTITY_ASSOCIATED_WITH_ENTITY,canon_Material_00021,2021
canon_Material_00425,ENTITY_ASSOCIATED_WITH_ENTITY,canon_Material_00423,2021
canon_Material_00425,ENTITY_ASSOCIATED_WITH_ENTITY,canon_Material_00043,2021
canon_Material_00425,ENTITY_ASSOCIATED_WITH_ENTITY,canon_Material_00424,2021
canon_Method_00819,METHOD_APPLIED_TO,canon_Material_00423,2021
canon_Method_00819,METHOD_APPLIED_TO,canon_Material_00043,2021
canon_Method_00819,METHOD_APPLIED_TO,canon_Material_00424,2021
canon_Method_00819,METHOD_APPLIED_TO,canon_Material_00425,2021
canon_Other_00942,USED_FOR,canon_Material_00018,2021
canon_Other_00943,USED_FOR,canon_Material_00002,2021
canon_Method_00221,ENTITY_ASSOCIATED_WITH_ENTITY,canon_Method_00820,2021
canon_Material_00428,ENTITY_ASSOCIATED_WITH_ENTITY,canon_Material_00429,2021
canon_Method_00222,USED_FOR,canon_Material_00016,2021
canon_Method_00821,USED_FOR,canon_Method_00822,2021
canon_Method_00821,USED_FOR,canon_Method_00052,2021
canon_Method_00822,USED_FOR,canon_Method_00052,2021
canon_Method_00822,USED_FOR,canon_Material_00002,2021
canon_Method_00052,USED_FOR,canon_Method_00821,2021
canon_Method_00052,USED_FOR,canon_Method_00822,2021
canon_Method_00052,USED_FOR,canon_Material_00002,2021
canon_Material_00002,ENTITY_ASSOCIATED_WITH_ENTITY,canon_Method_00052,2021
canon_Material_00001,USED_FOR,canon_Material_00109,2021
canon_Material_00431,ENTITY_ASSOCIATED_WITH_ENTITY,canon_Material_00158,2021
canon_Material_00432,ENTITY_ASSOCIATED_WITH_ENTITY,canon_Material_00158,2021
canon_Material_00002,USED_FOR,canon_Method_00823,2021
canon_Method_00823,USED_FOR,canon_Material_00002,2021
canon_Other_00026,USED_FOR,canon_Material_00154,2021
canon_Method_00824,USED_FOR,canon_Material_00002,2021
canon_Task_00120,ENTITY_ASSOCIATED_WITH_ENTITY,canon_Method_00001,2021
canon_Material_00001,USED_FOR,canon_Task_00120,2021
canon_Material_00001,USED_FOR,canon_Method_00001,2021
canon_Method_00825,USED_FOR,canon_Method_00296,2021
canon_Method_00826,METHOD_APPLIED_TO,canon_Material_00004,2021
canon_Method_00224,USED_FOR,canon_Material_00002,2021
canon_Method_00827,ENTITY_ASSOCIATED_WITH_ENTITY,canon_Other_00035,2021
canon_Method_00828,ENTITY_ASSOCIATED_WITH_ENTITY,canon_Other_00035,2021
canon_Other_00008,USED_FOR,canon_Method_00829,2021
canon_Other_00948,USED_FOR,canon_Method_00829,2021
canon_Method_00830,USED_FOR,canon_Other_00008,2021
canon_Method_00830,USED_FOR,canon_Other_00948,2021
canon_Method_00830,ENTITY_ASSOCIATED_WITH_ENTITY,canon_Method_00831,2021
canon_Method_00830,ENTITY_ASSOCIATED_WITH_ENTITY,canon_Method_00832,2021
canon_Method_00831,USED_FOR,canon_Other_00948,2021
canon_Method_00831,USED_FOR,canon_Method_00829,2021
canon_Method_00831,ENTITY_ASSOCIATED_WITH_ENTITY,canon_Method_00832,2021
canon_Method_00832,USED_FOR,canon_Other_00948,2021
canon_Method_00832,USED_FOR,canon_Method_00829,2021
canon_Method_00832,ENTITY_ASSOCIATED_WITH_ENTITY,canon_Method_00831,2021
canon_Metric_00069,METHOD_EVALUATED_BY,canon_Other_00003,2021
canon_Metric_00001,METHOD_EVALUATED_BY,canon_Other_00003,2021
canon_Method_00833,USED_FOR,canon_Method_00224,2021
canon_Method_00834,USED_FOR,canon_Material_00002,2021
canon_Method_00019,USED_FOR,canon_Material_00002,2021
canon_Method_00001,USED_FOR,canon_Material_00002,2021
canon_Other_00951,ENTITY_ASSOCIATED_WITH_ENTITY,canon_Other_00952,2021
canon_Other_00952,ENTITY_ASSOCIATED_WITH_ENTITY,canon_Material_00081,2021
canon_Method_00225,USED_FOR,canon_Material_00002,2021
canon_Method_00835,USED_FOR,canon_Method_00225,2021
canon_Method_00226,USED_FOR,canon_Method_00225,2021
canon_Task_00400,ENTITY_ASSOCIATED_WITH_ENTITY,canon_Method_00010,2021
canon_Method_00226,USED_FOR,canon_Method_00010,2021
canon_Other_00954,ENTITY_ASSOCIATED_WITH_ENTITY,canon_Other_00289,2021
canon_Material_00153,ENTITY_ASSOCIATED_WITH_ENTITY,canon_Material_00002,2021
canon_Method_00836,USED_FOR,canon_Material_00002,2021
canon_Method_00010,ENTITY_ASSOCIATED_WITH_ENTITY,canon_Method_00008,2021
canon_Method_00008,USED_FOR,canon_Other_00106,2021
canon_Method_00028,METHOD_APPLIED_TO,canon_Task_00401,2021
canon_Method_00028,USED_FOR,canon_Material_00002,2021
canon_Method_00126,USED_FOR,canon_Method_00838,2021
canon_Method_00028,USED_FOR,canon_Method_00839,2021
canon_Method_00028,ENTITY_ASSOCIATED_WITH_ENTITY,canon_Method_00840,2021
canon_Method_00840,USED_FOR,canon_Method_00839,2021
canon_Method_00840,USED_FOR,canon_Method_00126,2021
canon_Method_00126,USED_FOR,canon_Method_00839,2021
canon_Method_00126,USED_FOR,canon_Method_00840,2021
canon_Material_00475,ENTITY_ASSOCIATED_WITH_ENTITY,canon_Task_00126,2021
canon_Material_00475,ENTITY_ASSOCIATED_WITH_ENTITY,canon_Method_00842,2021
canon_Task_00126,ENTITY_ASSOCIATED_WITH_ENTITY,canon_Method_00842,2021
canon_Material_00006,ENTITY_ASSOCIATED_WITH_ENTITY,canon_Method_00842,2021
canon_Method_00843,USED_FOR,canon_Material_00625,2021
canon_Method_00844,ENTITY_ASSOCIATED_WITH_ENTITY,canon_Method_00084,2021
canon_Method_00844,ENTITY_ASSOCIATED_WITH_ENTITY,canon_Method_00845,2021
canon_Material_00434,USED_FOR,canon_Method_00846,2021
canon_Material_00434,USED_FOR,canon_Other_00956,2021
canon_Other_00957,USED_FOR,canon_Other_00958,2021
canon_Other_00958,USED_FOR,canon_Other_00957,2021
canon_Method_00084,USED_FOR,canon_Method_00028,2021
canon_Material_00058,USED_FOR,canon_Method_00028,2021
canon_Material_00058,USED_FOR,canon_Method_00084,2021
canon_Material_00058,ENTITY_ASSOCIATED_WITH_ENTITY,canon_Other_00959,2021
canon_Other_00959,USED_FOR,canon_Method_00028,2021
canon_Other_00959,USED_FOR,canon_Method_00084,2021
canon_Other_00254,ENTITY_ASSOCIATED_WITH_ENTITY,canon_Material_00002,2021
canon_Method_00847,USED_FOR,canon_Material_00006,2021
canon_Material_00161,USED_FOR,canon_Method_00788,2021
canon_Method_00127,METHOD_APPLIED_TO,canon_Material_00002,2021
canon_Method_00848,METHOD_APPLIED_TO,canon_Material_00002,2021
canon_Method_00848,USED_FOR,canon_Method_00127,2021
canon_Other_00960,ENTITY_ASSOCIATED_WITH_ENTITY,canon_Method_00127,2021
canon_Other_00960,ENTITY_ASSOCIATED_WITH_ENTITY,canon_Method_00848,2021
canon_Other_00003,USED_FOR,canon_Material_00437,2021
canon_Material_00437,USED_FOR,canon_Other_00003,2021
canon_Material_00006,ENTITY_ASSOCIATED_WITH_ENTITY,canon_Material_00371,2021
canon_Material_00086,ENTITY_ASSOCIATED_WITH_ENTITY,canon_Material_00371,2021
canon_Material_00086,ENTITY_ASSOCIATED_WITH_ENTITY,canon_Other_00100,2021
canon_Other_00100,ENTITY_ASSOCIATED_WITH_ENTITY,canon_Material_00371,2021
canon_Other_00100,ENTITY_ASSOCIATED_WITH_ENTITY,canon_Material_00086,2021
canon_Material_00438,USED_FOR,canon_Other_00291,2021
canon_Material_00440,USED_FOR,canon_Material_00439,2021
canon_Material_00092,METHOD_APPLIED_TO,canon_Material_00002,2021
canon_Method_00855,USED_FOR,canon_Other_00965,2021
canon_Method_00856,USED_FOR,canon_Other_00965,2021
canon_Other_00966,USED_FOR,canon_Method_00857,2021
canon_Other_00966,USED_FOR,canon_Other_00967,2021
canon_Method_00227,ENTITY_ASSOCIATED_WITH_ENTITY,canon_Method_00858,2021
canon_Other_00157,ENTITY_ASSOCIATED_WITH_ENTITY,canon_Method_00859,2021
canon_Other_00969,ENTITY_ASSOCIATED_WITH_ENTITY,canon_Method_00859,2021
canon_Other_00969,ENTITY_ASSOCIATED_WITH_ENTITY,canon_Metric_00072,2021
canon_Metric_00072,ENTITY_ASSOCIATED_WITH_ENTITY,canon_Method_00859,2021
canon_Metric_00071,METHOD_EVALUATED_BY,canon_Method_00860,2021
canon_Other_00013,USED_FOR,canon_Method_00229,2021
canon_Other_00013,USED_FOR,canon_Method_00229,2021
canon_Other_00972,ENTITY_ASSOCIATED_WITH_ENTITY,canon_Other_00013,2021
canon_Other_00972,USED_FOR,canon_Method_00229,2021
canon_Method_00861,ENTITY_ASSOCIATED_WITH_ENTITY,canon_Other_00013,2021
canon_Method_00861,ENTITY_ASSOCIATED_WITH_ENTITY,canon_Method_00053,2021
canon_Method_00861,ENTITY_ASSOCIATED_WITH_ENTITY,canon_Method_00862,2021
canon_Method_00053,ENTITY_ASSOCIATED_WITH_ENTITY,canon_Other_00013,2021
canon_Method_00053,ENTITY_ASSOCIATED_WITH_ENTITY,canon_Method_00861,2021
canon_Method_00053,ENTITY_ASSOCIATED_WITH_ENTITY,canon_Method_00862,2021
canon_Method_00862,ENTITY_ASSOCIATED_WITH_ENTITY,canon_Other_00013,2021
canon_Method_00862,ENTITY_ASSOCIATED_WITH_ENTITY,canon_Method_00861,2021
canon_Method_00862,ENTITY_ASSOCIATED_WITH_ENTITY,canon_Method_00053,2021
canon_Other_00013,USED_FOR,canon_Method_00863,2021
canon_Other_00013,USED_FOR,canon_Method_00020,2021
canon_Method_00020,USED_FOR,canon_Method_00863,2021
canon_Other_00293,ENTITY_ASSOCIATED_WITH_ENTITY,canon_Material_00004,2021
canon_Material_00004,USED_FOR,canon_Other_00293,2021
canon_Method_00865,METHOD_APPLIED_TO,canon_Material_00002,2021
canon_Other_00974,USED_FOR,canon_Other_00003,2021
canon_Method_00867,USED_FOR,canon_Other_00003,2021
canon_Other_00975,USED_FOR,canon_Task_00406,2021
canon_Method_00868,USED_FOR,canon_Other_00294,2021
canon_Material_00152,USED_FOR,canon_Other_00294,2021
canon_Other_00978,ENTITY_ASSOCIATED_WITH_ENTITY,canon_Other_00977,2021
canon_Method_00128,METHOD_APPLIED_TO,canon_Material_00002,2021
canon_Material_00162,ENTITY_ASSOCIATED_WITH_ENTITY,canon_Material_00002,2021
canon_Material_00081,ENTITY_ASSOCIATED_WITH_ENTITY,canon_Other_00980,2021
canon_Material_00442,USED_FOR,canon_Other_00059,2021
canon_Material_00442,USED_FOR,canon_Other_00295,2021
canon_Method_00175,USED_FOR,canon_Other_00059,2021
canon_Method_00175,USED_FOR,canon_Other_00295,2021
canon_Method_00874,USED_FOR,canon_Other_00059,2021
canon_Method_00874,USED_FOR,canon_Other_00295,2021
canon_Other_00981,ENTITY_ASSOCIATED_WITH_ENTITY,canon_Other_00982,2021
canon_Other_00981,ENTITY_ASSOCIATED_WITH_ENTITY,canon_Other_00983,2021
canon_Other_00982,ENTITY_ASSOCIATED_WITH_ENTITY,canon_Other_00983,2021
canon_Other_00984,ENTITY_ASSOCIATED_WITH_ENTITY,canon_Other_00985,2021
canon_Other_00986,ENTITY_ASSOCIATED_WITH_ENTITY,canon_Other_00985,2021
canon_Method_00875,USED_FOR,canon_Method_00078,2021
canon_Method_00078,USED_FOR,canon_Other_00987,2021
canon_Task_00116,USED_FOR,canon_Task_00409,2021
canon_Task_00116,USED_FOR,canon_Material_00002,2021
canon_Method_00028,USED_FOR,canon_Material_00002,2021
canon_Method_00128,USED_FOR,canon_Method_00028,2021
canon_Method_00128,ENTITY_ASSOCIATED_WITH_ENTITY,canon_Method_00876,2021
canon_Method_00876,USED_FOR,canon_Method_00028,2021
canon_Material_00443,USED_FOR,canon_Other_00003,2021
canon_Material_00443,USED_FOR,canon_Material_00058,2021
canon_Material_00058,USED_FOR,canon_Other_00003,2021
canon_Material_00058,USED_FOR,canon_Material_00443,2021
canon_Method_00877,USED_FOR,canon_Method_00053,2021
canon_Metric_00073,USED_FOR,canon_Other_00003,2021
canon_Other_00775,ENTITY_ASSOCIATED_WITH_ENTITY,canon_Other_00988,2021
canon_Other_00988,USED_FOR,canon_Material_00002,2021
canon_Method_00004,METHOD_APPLIED_TO,canon_Task_00410,2021
canon_Method_00004,METHOD_APPLIED_TO,canon_Task_00411,2021
canon_Metric_00074,METHOD_EVALUATED_BY,canon_Method_00004,2021
canon_Material_00344,ENTITY_ASSOCIATED_WITH_ENTITY,canon_Other_00297,2021
canon_Method_00879,USED_FOR,canon_Method_00071,2021
canon_Other_00003,ENTITY_ASSOCIATED_WITH_ENTITY,canon_Other_00005,2021
canon_Other_00990,USED_FOR,canon_Other_00003,2021
canon_Other_00297,USED_FOR,canon_Other_00003,2021
canon_Metric_00001,METHOD_EVALUATED_BY,canon_Other_00003,2021
canon_Metric_00003,METHOD_EVALUATED_BY,canon_Other_00003,2021
canon_Metric_00003,ENTITY_ASSOCIATED_WITH_ENTITY,canon_Metric_00004,2021
canon_Metric_00004,METHOD_EVALUATED_BY,canon_Other_00003,2021
canon_Metric_00004,ENTITY_ASSOCIATED_WITH_ENTITY,canon_Metric_00003,2021
canon_Material_00002,METHOD_APPLIED_TO,canon_Task_00008,2021
canon_Method_00880,USED_FOR,canon_Material_00002,2021
canon_Method_00880,METHOD_APPLIED_TO,canon_Task_00008,2021
canon_Method_00880,ENTITY_ASSOCIATED_WITH_ENTITY,canon_Method_00003,2021
canon_Method_00003,USED_FOR,canon_Material_00002,2021
canon_Method_00003,METHOD_APPLIED_TO,canon_Task_00008,2021
canon_Task_00412,ENTITY_ASSOCIATED_WITH_ENTITY,canon_Task_00413,2021
canon_Method_00016,ENTITY_ASSOCIATED_WITH_ENTITY,canon_Method_00881,2021
canon_Other_00009,USED_FOR,canon_Task_00003,2021
canon_Metric_00004,METHOD_EVALUATED_BY,canon_Other_00009,2021
canon_Metric_00003,METHOD_EVALUATED_BY,canon_Other_00009,2021
canon_Metric_00004,METHOD_EVALUATED_BY,canon_Other_00009,2021
canon_Metric_00004,ENTITY_ASSOCIATED_WITH_ENTITY,canon_Metric_00003,2021
canon_Metric_00004,ENTITY_ASSOCIATED_WITH_ENTITY,canon_Metric_00003,2021
canon_Metric_00004,METHOD_EVALUATED_BY,canon_Task_00008,2021
canon_Metric_00003,METHOD_EVALUATED_BY,canon_Other_00009,2021
canon_Metric_00003,ENTITY_ASSOCIATED_WITH_ENTITY,canon_Metric_00004,2021
canon_Metric_00003,METHOD_EVALUATED_BY,canon_Task_00008,2021
canon_Task_00008,METHOD_EVALUATED_BY,canon_Other_00009,2021
canon_Material_00445,USED_FOR,canon_Other_00009,2021
canon_Material_00445,USED_FOR,canon_Metric_00003,2021
canon_Material_00445,USED_FOR,canon_Task_00008,2021
canon_Method_00018,METHOD_APPLIED_TO,canon_Task_00127,2021
canon_Method_00018,METHOD_APPLIED_TO,canon_Task_00127,2021
canon_Task_00414,ENTITY_ASSOCIATED_WITH_ENTITY,canon_Task_00127,2021
canon_Other_00020,USED_FOR,canon_Task_00127,2021
canon_Other_00020,ENTITY_ASSOCIATED_WITH_ENTITY,canon_Other_00069,2021
canon_Other_00069,USED_FOR,canon_Task_00127,2021
canon_Material_00446,USED_FOR,canon_Method_00018,2021
canon_Method_00882,METHOD_APPLIED_TO,canon_Task_00415,2021
canon_Method_00018,METHOD_APPLIED_TO,canon_Task_00415,2021
canon_Method_00018,METHOD_APPLIED_TO,canon_Task_00416,2021
canon_Method_00022,USED_FOR,canon_Material_00007,2021
canon_Method_00022,USED_FOR,canon_Material_00002,2021
canon_Material_00029,USED_FOR,canon_Method_00022,2021
canon_Method_00007,USED_FOR,canon_Other_00267,2021
canon_Method_00203,USED_FOR,canon_Other_00023,2021
canon_Metric_00004,ENTITY_ASSOCIATED_WITH_ENTITY,canon_Metric_00003,2021
canon_Method_00003,ENTITY_ASSOCIATED_WITH_ENTITY,canon_Task_00417,2021
canon_Method_00007,USED_FOR,canon_Method_00886,2021
canon_Method_00102,ENTITY_ASSOCIATED_WITH_ENTITY,canon_Method_00003,2021
canon_Method_00004,ENTITY_ASSOCIATED_WITH_ENTITY,canon_Method_00003,2021
canon_Method_00003,ENTITY_ASSOCIATED_WITH_ENTITY,canon_Method_00004,2021
canon_Method_00003,ENTITY_ASSOCIATED_WITH_ENTITY,canon_Method_00887,2021
canon_Material_00094,USED_FOR,canon_Material_00002,2021
canon_Material_00094,ENTITY_ASSOCIATED_WITH_ENTITY,canon_Material_00447,2021
canon_Material_00447,USED_FOR,canon_Material_00002,2021
canon_Material_00094,ENTITY_ASSOCIATED_WITH_ENTITY,canon_Material_00163,2021
canon_Other_00994,ENTITY_ASSOCIATED_WITH_ENTITY,canon_Other_00995,2021
canon_Other_00995,ENTITY_ASSOCIATED_WITH_ENTITY,canon_Other_00994,2021
canon_Method_00889,METHOD_APPLIED_TO,canon_Task_00419,2021
canon_Method_00231,METHOD_APPLIED_TO,canon_Task_00419,2021
canon_Method_00231,USED_FOR,canon_Method_00889,2021
canon_Method_00231,ENTITY_ASSOCIATED_WITH_ENTITY,canon_Method_00082,2021
canon_Method_00082,METHOD_APPLIED_TO,canon_Task_00419,2021
canon_Method_00082,USED_FOR,canon_Method_00889,2021
canon_Method_00890,METHOD_APPLIED_TO,canon_Task_00420,2021
canon_Method_00891,USED_FOR,canon_Method_00890,2021
canon_Method_00891,METHOD_APPLIED_TO,canon_Task_00420,2021
canon_Method_00231,USED_FOR,canon_Method_00890,2021
canon_Method_00231,METHOD_APPLIED_TO,canon_Task_00420,2021
canon_Method_00231,ENTITY_ASSOCIATED_WITH_ENTITY,canon_Method_00783,2021
canon_Method_00783,USED_FOR,canon_Method_00890,2021
canon_Method_00783,METHOD_APPLIED_TO,canon_Task_00420,2021
canon_Method_00893,ENTITY_ASSOCIATED_WITH_ENTITY,canon_Other_00005,2021
canon_Method_00893,ENTITY_ASSOCIATED_WITH_ENTITY,canon_Method_00081,2021
canon_Method_00894,ENTITY_ASSOCIATED_WITH_ENTITY,canon_Other_00005,2021
canon_Method_00894,ENTITY_ASSOCIATED_WITH_ENTITY,canon_Method_00081,2021
canon_Method_00081,ENTITY_ASSOCIATED_WITH_ENTITY,canon_Other_00005,2021
canon_Method_00081,ENTITY_ASSOCIATED_WITH_ENTITY,canon_Method_00895,2021
canon_Method_00081,METHOD_APPLIED_TO,canon_Task_00421,2021
canon_Method_00081,ENTITY_ASSOCIATED_WITH_ENTITY,canon_Method_00684,2021
canon_Method_00895,ENTITY_ASSOCIATED_WITH_ENTITY,canon_Other_00005,2021
canon_Method_00895,ENTITY_ASSOCIATED_WITH_ENTITY,canon_Method_00081,2021
canon_Method_00895,METHOD_APPLIED_TO,canon_Task_00421,2021
canon_Method_00895,ENTITY_ASSOCIATED_WITH_ENTITY,canon_Method_00684,2021
canon_Task_00421,ENTITY_ASSOCIATED_WITH_ENTITY,canon_Method_00895,2021
canon_Task_00421,ENTITY_ASSOCIATED_WITH_ENTITY,canon_Method_00684,2021
canon_Method_00896,ENTITY_ASSOCIATED_WITH_ENTITY,canon_Other_00005,2021
canon_Method_00896,ENTITY_ASSOCIATED_WITH_ENTITY,canon_Method_00081,2021
canon_Method_00896,ENTITY_ASSOCIATED_WITH_ENTITY,canon_Method_00895,2021
canon_Method_00896,METHOD_APPLIED_TO,canon_Task_00421,2021
canon_Method_00896,USED_FOR,canon_Method_00684,2021
canon_Method_00684,ENTITY_ASSOCIATED_WITH_ENTITY,canon_Other_00005,2021
canon_Method_00684,ENTITY_ASSOCIATED_WITH_ENTITY,canon_Method_00081,2021
canon_Method_00684,ENTITY_ASSOCIATED_WITH_ENTITY,canon_Method_00895,2021
canon_Method_00684,METHOD_APPLIED_TO,canon_Task_00421,2021
canon_Material_00448,METHOD_EVALUATED_BY,canon_Other_00009,2021
canon_Material_00448,METHOD_EVALUATED_BY,canon_Other_00011,2021
canon_Other_00009,ENTITY_ASSOCIATED_WITH_ENTITY,canon_Other_00011,2021
canon_Method_00003,ENTITY_ASSOCIATED_WITH_ENTITY,canon_Method_00207,2021
canon_Method_00898,METHOD_APPLIED_TO,canon_Task_00003,2021
canon_Method_00004,ENTITY_ASSOCIATED_WITH_ENTITY,canon_Method_00898,2021
canon_Method_00899,ENTITY_ASSOCIATED_WITH_ENTITY,canon_Method_00898,2021
canon_Method_00003,ENTITY_ASSOCIATED_WITH_ENTITY,canon_Method_00898,2021
canon_Method_00900,METHOD_APPLIED_TO,canon_Task_00003,2021
canon_Method_00004,ENTITY_ASSOCIATED_WITH_ENTITY,canon_Method_00003,2021
canon_Material_00118,USED_FOR,canon_Task_00422,2021
canon_Other_00997,ENTITY_ASSOCIATED_WITH_ENTITY,canon_Task_00422,2021
canon_Task_00422,USED_FOR,canon_Task_00423,2021
canon_Method_00903,METHOD_APPLIED_TO,canon_Material_00449,2021
canon_Method_00903,METHOD_APPLIED_TO,canon_Material_00450,2021
canon_Method_00903,METHOD_APPLIED_TO,canon_Material_00451,2021
canon_Material_00449,ENTITY_ASSOCIATED_WITH_ENTITY,canon_Material_00450,2021
canon_Material_00449,ENTITY_ASSOCIATED_WITH_ENTITY,canon_Material_00451,2021
canon_Material_00450,ENTITY_ASSOCIATED_WITH_ENTITY,canon_Material_00451,2021
canon_Material_00451,ENTITY_ASSOCIATED_WITH_ENTITY,canon_Material_00450,2021
canon_Method_00105,METHOD_APPLIED_TO,canon_Task_00424,2021
canon_Other_00999,ENTITY_ASSOCIATED_WITH_ENTITY,canon_Method_00105,2021
canon_Task_00425,ENTITY_ASSOCIATED_WITH_ENTITY,canon_Material_00095,2021
canon_Method_00232,METHOD_APPLIED_TO,canon_Task_00426,2021
canon_Method_00232,ENTITY_ASSOCIATED_WITH_ENTITY,canon_Method_00004,2021
canon_Method_00004,METHOD_APPLIED_TO,canon_Task_00426,2021
canon_Other_00009,USED_FOR,canon_Material_00002,2021
canon_Material_00452,USED_FOR,canon_Other_00009,2021
canon_Method_00004,USED_FOR,canon_Other_00009,2021
canon_Method_00004,USED_FOR,canon_Material_00002,2021
canon_Other_00009,USED_FOR,canon_Material_00453,2021
canon_Other_00009,USED_FOR,canon_Material_00454,2021
canon_Method_00232,ENTITY_ASSOCIATED_WITH_ENTITY,canon_Other_00009,2021
canon_Method_00232,METHOD_APPLIED_TO,canon_Material_00453,2021
canon_Method_00904,USED_FOR,canon_Other_00107,2021
canon_Method_00904,USED_FOR,canon_Other_01000,2021
canon_Other_00107,ENTITY_ASSOCIATED_WITH_ENTITY,canon_Other_01000,2021
canon_Material_00455,METHOD_EVALUATED_BY,canon_Other_00008,2021
canon_Material_00456,METHOD_EVALUATED_BY,canon_Material_00002,2021
canon_Method_00054,ENTITY_ASSOCIATED_WITH_ENTITY,canon_Method_00905,2021
canon_Method_00905,METHOD_APPLIED_TO,canon_Task_00427,2021
canon_Material_00457,USED_FOR,canon_Task_00428,2021
canon_Method_00906,USED_FOR,canon_Other_00035,2021
canon_Method_00054,ENTITY_ASSOCIATED_WITH_ENTITY,canon_Method_00207,2021
canon_Method_00054,METHOD_APPLIED_TO,canon_Task_00429,2021
canon_Method_00207,METHOD_APPLIED_TO,canon_Task_00429,2021
canon_Method_00207,METHOD_APPLIED_TO,canon_Material_00458,2021
canon_Task_00429,ENTITY_ASSOCIATED_WITH_ENTITY,canon_Material_00458,2021
canon_Material_00458,USED_FOR,canon_Task_00429,2021
canon_Method_00054,USED_FOR,canon_Other_01003,2021
canon_Method_00025,METHOD_APPLIED_TO,canon_Task_00003,2021
canon_Method_00003,METHOD_APPLIED_TO,canon_Material_00002,2021
canon_Method_00117,METHOD_APPLIED_TO,canon_Material_00002,2021
canon_Method_00003,USED_FOR,canon_Other_00088,2021
canon_Task_00003,ENTITY_ASSOCIATED_WITH_ENTITY,canon_Other_00088,2021
canon_Task_00003,ENTITY_ASSOCIATED_WITH_ENTITY,canon_Task_00430,2021
canon_Task_00430,ENTITY_ASSOCIATED_WITH_ENTITY,canon_Other_00088,2021
canon_Material_00459,USED_FOR,canon_Method_00003,2021
canon_Material_00459,USED_FOR,canon_Other_00088,2021
canon_Method_00016,USED_FOR,canon_Other_00088,2021
canon_Method_00908,USED_FOR,canon_Method_00016,2021
canon_Method_00908,USED_FOR,canon_Other_00088,2021
canon_Method_00168,USED_FOR,canon_Other_01004,2021
canon_Method_00007,METHOD_APPLIED_TO,canon_Material_00002,2021
canon_Method_00007,USED_FOR,canon_Method_00024,2021
canon_Method_00007,METHOD_APPLIED_TO,canon_Method_00105,2021
canon_Method_00024,USED_FOR,canon_Method_00007,2021
canon_Method_00024,METHOD_APPLIED_TO,canon_Method_00105,2021
canon_Method_00909,ENTITY_ASSOCIATED_WITH_ENTITY,canon_Method_00910,2021
canon_Method_00012,METHOD_APPLIED_TO,canon_Task_00432,2021
canon_Method_00055,METHOD_APPLIED_TO,canon_Task_00432,2021
canon_Method_00055,ENTITY_ASSOCIATED_WITH_ENTITY,canon_Method_00056,2021
canon_Method_00056,ENTITY_ASSOCIATED_WITH_ENTITY,canon_Method_00023,2021
canon_Method_00056,ENTITY_ASSOCIATED_WITH_ENTITY,canon_Method_00055,2021
canon_Method_00055,ENTITY_ASSOCIATED_WITH_ENTITY,canon_Method_00023,2021
canon_Method_00889,METHOD_APPLIED_TO,canon_Task_00433,2021
canon_Method_00056,ENTITY_ASSOCIATED_WITH_ENTITY,canon_Method_00889,2021
canon_Method_00056,ENTITY_ASSOCIATED_WITH_ENTITY,canon_Method_00055,2021
canon_Method_00055,ENTITY_ASSOCIATED_WITH_ENTITY,canon_Method_00889,2021
canon_Method_00055,USED_FOR,canon_Method_00913,2021
canon_Method_00913,ENTITY_ASSOCIATED_WITH_ENTITY,canon_Method_00055,2021
canon_Other_00298,USED_FOR,canon_Method_00914,2021
canon_Method_00056,ENTITY_ASSOCIATED_WITH_ENTITY,canon_Other_00011,2021
canon_Metric_00001,METHOD_EVALUATED_BY,canon_Method_00056,2021
canon_Metric_00001,METHOD_EVALUATED_BY,canon_Other_00011,2021
canon_Metric_00001,METHOD_EVALUATED_BY,canon_Method_00055,2021
canon_Metric_00001,METHOD_EVALUATED_BY,canon_Method_00915,2021
canon_Method_00055,ENTITY_ASSOCIATED_WITH_ENTITY,canon_Other_00011,2021
canon_Method_00055,USED_FOR,canon_Method_00915,2021
canon_Method_00915,METHOD_EVALUATED_BY,canon_Other_00011,2021
canon_Method_00915,METHOD_EVALUATED_BY,canon_Method_00055,2021
canon_Other_00299,ENTITY_ASSOCIATED_WITH_ENTITY,canon_Material_00461,2021
canon_Material_00462,USED_FOR,canon_Material_00118,2021
canon_Material_00462,USED_FOR,canon_Other_00299,2021
canon_Material_00024,ENTITY_ASSOCIATED_WITH_ENTITY,canon_Material_00310,2021
canon_Material_00024,ENTITY_ASSOCIATED_WITH_ENTITY,canon_Material_00463,2021
canon_Material_00463,ENTITY_ASSOCIATED_WITH_ENTITY,canon_Material_00310,2021
canon_Material_00463,ENTITY_ASSOCIATED_WITH_ENTITY,canon_Material_00024,2021
canon_Metric_00077,ENTITY_ASSOCIATED_WITH_ENTITY,canon_Other_01009,2021
canon_Material_00464,USED_FOR,canon_Method_00236,2021
canon_Method_00237,METHOD_APPLIED_TO,canon_Task_00435,2021
canon_Method_00238,METHOD_APPLIED_TO,canon_Task_00435,2021
canon_Method_00073,USED_FOR,canon_Method_00237,2021
canon_Method_00073,USED_FOR,canon_Method_00238,2021
canon_Method_00073,ENTITY_ASSOCIATED_WITH_ENTITY,canon_Method_00030,2021
canon_Method_00073,ENTITY_ASSOCIATED_WITH_ENTITY,canon_Method_00002,2021
canon_Method_00030,USED_FOR,canon_Method_00237,2021
canon_Method_00030,USED_FOR,canon_Method_00238,2021
canon_Method_00030,ENTITY_ASSOCIATED_WITH_ENTITY,canon_Method_00002,2021
canon_Method_00002,USED_FOR,canon_Method_00237,2021
canon_Method_00002,USED_FOR,canon_Method_00238,2021
canon_Method_00002,ENTITY_ASSOCIATED_WITH_ENTITY,canon_Method_00030,2021
canon_Other_01011,ENTITY_ASSOCIATED_WITH_ENTITY,canon_Other_01012,2021
canon_Material_00114,USED_FOR,canon_Method_00240,2021
canon_Material_00114,USED_FOR,canon_Method_00238,2021
canon_Material_00114,USED_FOR,canon_Method_00002,2021
canon_Material_00114,METHOD_APPLIED_TO,canon_Task_00436,2021
canon_Material_00114,METHOD_APPLIED_TO,canon_Task_00437,2021
canon_Method_00917,USED_FOR,canon_Method_00240,2021
canon_Method_00917,USED_FOR,canon_Method_00238,2021
canon_Method_00917,USED_FOR,canon_Material_00114,2021
canon_Method_00917,ENTITY_ASSOCIATED_WITH_ENTITY,canon_Method_00049,2021
canon_Method_00917,ENTITY_ASSOCIATED_WITH_ENTITY,canon_Method_00002,2021
canon_Method_00049,USED_FOR,canon_Method_00240,2021
canon_Method_00049,USED_FOR,canon_Method_00238,2021
canon_Method_00049,USED_FOR,canon_Material_00114,2021
canon_Method_00049,USED_FOR,canon_Method_00002,2021
canon_Method_00049,METHOD_APPLIED_TO,canon_Material_00166,2021
canon_Method_00049,METHOD_APPLIED_TO,canon_Task_00436,2021
canon_Method_00049,METHOD_APPLIED_TO,canon_Task_00437,2021
canon_Method_00002,USED_FOR,canon_Method_00240,2021
canon_Method_00002,USED_FOR,canon_Method_00238,2021
canon_Method_00002,USED_FOR,canon_Material_00114,2021
canon_Method_00002,ENTITY_ASSOCIATED_WITH_ENTITY,canon_Method_00049,2021
canon_Method_00002,METHOD_APPLIED_TO,canon_Material_00166,2021
canon_Method_00002,METHOD_APPLIED_TO,canon_Task_00436,2021
canon_Method_00002,METHOD_APPLIED_TO,canon_Task_00437,2021
canon_Material_00166,USED_FOR,canon_Method_00240,2021
canon_Material_00166,USED_FOR,canon_Method_00238,2021
canon_Material_00166,USED_FOR,canon_Material_00114,2021
canon_Material_00166,ENTITY_ASSOCIATED_WITH_ENTITY,canon_Method_00049,2021
canon_Material_00166,USED_FOR,canon_Method_00002,2021
canon_Material_00166,USED_FOR,canon_Task_00436,2021
canon_Material_00166,USED_FOR,canon_Task_00437,2021
canon_Task_00436,ENTITY_ASSOCIATED_WITH_ENTITY,canon_Method_00002,2021
canon_Task_00436,ENTITY_ASSOCIATED_WITH_ENTITY,canon_Material_00166,2021
canon_Task_00436,ENTITY_ASSOCIATED_WITH_ENTITY,canon_Task_00437,2021
canon_Task_00437,ENTITY_ASSOCIATED_WITH_ENTITY,canon_Method_00002,2021
canon_Task_00437,USED_FOR,canon_Task_00436,2021
canon_Method_00918,ENTITY_ASSOCIATED_WITH_ENTITY,canon_Method_00025,2021
canon_Method_00025,USED_FOR,canon_Material_00002,2021
canon_Method_00919,USED_FOR,canon_Method_00920,2021
canon_Other_01016,ENTITY_ASSOCIATED_WITH_ENTITY,canon_Other_01017,2021
canon_Other_01016,ENTITY_ASSOCIATED_WITH_ENTITY,canon_Other_01018,2021
canon_Other_01017,ENTITY_ASSOCIATED_WITH_ENTITY,canon_Other_01018,2021
canon_Other_01017,ENTITY_ASSOCIATED_WITH_ENTITY,canon_Other_01019,2021
canon_Other_01018,ENTITY_ASSOCIATED_WITH_ENTITY,canon_Other_01017,2021
canon_Other_01018,ENTITY_ASSOCIATED_WITH_ENTITY,canon_Other_01019,2021
canon_Other_01018,ENTITY_ASSOCIATED_WITH_ENTITY,canon_Other_01020,2021
canon_Other_01019,ENTITY_ASSOCIATED_WITH_ENTITY,canon_Other_01018,2021
canon_Other_01019,ENTITY_ASSOCIATED_WITH_ENTITY,canon_Other_01020,2021
canon_Other_01019,ENTITY_ASSOCIATED_WITH_ENTITY,canon_Other_00159,2021
canon_Other_01020,ENTITY_ASSOCIATED_WITH_ENTITY,canon_Other_01018,2021
canon_Other_01020,ENTITY_ASSOCIATED_WITH_ENTITY,canon_Other_01019,2021
canon_Other_01020,USED_FOR,canon_Other_00159,2021
canon_Other_00159,ENTITY_ASSOCIATED_WITH_ENTITY,canon_Other_01018,2021
canon_Other_00159,ENTITY_ASSOCIATED_WITH_ENTITY,canon_Other_01019,2021
canon_Other_00159,ENTITY_ASSOCIATED_WITH_ENTITY,canon_Other_01020,2021
canon_Method_00922,USED_FOR,canon_Method_00921,2021
canon_Task_00438,ENTITY_ASSOCIATED_WITH_ENTITY,canon_Task_00439,2021
canon_Task_00439,ENTITY_ASSOCIATED_WITH_ENTITY,canon_Method_00924,2021
canon_Task_00439,USED_FOR,canon_Material_00468,2021
canon_Method_00924,ENTITY_ASSOCIATED_WITH_ENTITY,canon_Task_00439,2021
canon_Method_00924,METHOD_APPLIED_TO,canon_Material_00468,2021
canon_Method_00925,METHOD_APPLIED_TO,canon_Material_00006,2021
canon_Method_00926,ENTITY_ASSOCIATED_WITH_ENTITY,canon_Method_00927,2021
canon_Material_00469,ENTITY_ASSOCIATED_WITH_ENTITY,canon_Method_00927,2021
canon_Material_00470,USED_FOR,canon_Material_00471,2021
canon_Method_00007,ENTITY_ASSOCIATED_WITH_ENTITY,canon_Method_00003,2021
canon_Method_00007,METHOD_APPLIED_TO,canon_Material_00002,2021
canon_Method_00003,ENTITY_ASSOCIATED_WITH_ENTITY,canon_Material_00097,2021
canon_Method_00003,METHOD_APPLIED_TO,canon_Material_00002,2021
canon_Material_00097,USED_FOR,canon_Material_00002,2021
canon_Method_00032,USED_FOR,canon_Method_00928,2021
canon_Method_00007,ENTITY_ASSOCIATED_WITH_ENTITY,canon_Method_00002,2021
canon_Method_00007,METHOD_APPLIED_TO,canon_Task_00440,2021
canon_Method_00002,ENTITY_ASSOCIATED_WITH_ENTITY,canon_Method_00007,2021
canon_Method_00002,METHOD_APPLIED_TO,canon_Task_00440,2021
canon_Method_00032,USED_FOR,canon_Method_00929,2021
canon_Material_00016,METHOD_APPLIED_TO,canon_Method_00088,2021
canon_Other_01023,ENTITY_ASSOCIATED_WITH_ENTITY,canon_Other_01025,2021
canon_Other_01025,ENTITY_ASSOCIATED_WITH_ENTITY,canon_Other_01023,2021
canon_Task_00441,USED_FOR,canon_Method_00004,2021
canon_Method_00049,ENTITY_ASSOCIATED_WITH_ENTITY,canon_Method_00194,2021
canon_Other_01026,ENTITY_ASSOCIATED_WITH_ENTITY,canon_Method_00038,2021
canon_Other_01026,ENTITY_ASSOCIATED_WITH_ENTITY,canon_Other_01027,2021
canon_Other_01027,ENTITY_ASSOCIATED_WITH_ENTITY,canon_Other_01026,2021
canon_Method_00932,METHOD_APPLIED_TO,canon_Material_00098,2021
canon_Method_01829,METHOD_EVALUATED_BY,canon_Method_00004,2021
canon_Method_01829,ENTITY_ASSOCIATED_WITH_ENTITY,canon_Task_00442,2021
canon_Method_01829,ENTITY_ASSOCIATED_WITH_ENTITY,canon_Other_00050,2021
canon_Task_00442,ENTITY_ASSOCIATED_WITH_ENTITY,canon_Other_00050,2021
canon_Other_00050,ENTITY_ASSOCIATED_WITH_ENTITY,canon_Task_00442,2021
canon_Method_00116,ENTITY_ASSOCIATED_WITH_ENTITY,canon_Method_00069,2021
canon_Method_00934,ENTITY_ASSOCIATED_WITH_ENTITY,canon_Method_00935,2021
canon_Method_00935,USED_FOR,canon_Method_00038,2021
canon_Method_00935,ENTITY_ASSOCIATED_WITH_ENTITY,canon_Method_00936,2021
canon_Method_00038,METHOD_APPLIED_TO,canon_Method_00030,2021
canon_Other_01028,USED_FOR,canon_Method_00030,2021
canon_Other_01028,USED_FOR,canon_Method_00938,2021
canon_Other_01028,USED_FOR,canon_Method_00038,2021
canon_Other_01028,USED_FOR,canon_Method_00939,2021
canon_Other_01028,USED_FOR,canon_Method_00940,2021
canon_Method_00938,ENTITY_ASSOCIATED_WITH_ENTITY,canon_Method_00038,2021
canon_Method_00038,USED_FOR,canon_Method_00938,2021
canon_Method_00939,ENTITY_ASSOCIATED_WITH_ENTITY,canon_Other_01028,2021
canon_Method_00939,USED_FOR,canon_Method_00938,2021
canon_Method_00939,ENTITY_ASSOCIATED_WITH_ENTITY,canon_Method_00038,2021
canon_Method_00939,ENTITY_ASSOCIATED_WITH_ENTITY,canon_Method_00940,2021
canon_Method_00940,ENTITY_ASSOCIATED_WITH_ENTITY,canon_Other_01028,2021
canon_Method_00940,USED_FOR,canon_Method_00938,2021
canon_Method_00940,USED_FOR,canon_Method_00038,2021
canon_Method_00940,ENTITY_ASSOCIATED_WITH_ENTITY,canon_Method_00939,2021
canon_Other_01030,USED_FOR,canon_Other_01031,2021
canon_Other_01031,ENTITY_ASSOCIATED_WITH_ENTITY,canon_Other_01030,2021
canon_Other_01032,ENTITY_ASSOCIATED_WITH_ENTITY,canon_Task_00444,2021
canon_Other_01033,USED_FOR,canon_Task_00445,2021
canon_Method_00007,METHOD_APPLIED_TO,canon_Material_00106,2021
canon_Task_00446,ENTITY_ASSOCIATED_WITH_ENTITY,canon_Task_00447,2021
canon_Task_00448,ENTITY_ASSOCIATED_WITH_ENTITY,canon_Task_00449,2021
canon_Task_00449,ENTITY_ASSOCIATED_WITH_ENTITY,canon_Task_00450,2021
canon_Task_00450,ENTITY_ASSOCIATED_WITH_ENTITY,canon_Task_00129,2021
canon_Method_00002,METHOD_APPLIED_TO,canon_Task_00451,2021
canon_Other_01035,USED_FOR,canon_Method_00002,2021
canon_Other_01035,USED_FOR,canon_Task_00452,2021
canon_Other_01035,USED_FOR,canon_Task_00453,2021
canon_Task_00452,ENTITY_ASSOCIATED_WITH_ENTITY,canon_Task_00453,2021
canon_Material_00168,ENTITY_ASSOCIATED_WITH_ENTITY,canon_Material_00099,2021
canon_Material_00472,ENTITY_ASSOCIATED_WITH_ENTITY,canon_Material_00473,2021
canon_Material_00472,ENTITY_ASSOCIATED_WITH_ENTITY,canon_Material_00474,2021
canon_Material_00473,ENTITY_ASSOCIATED_WITH_ENTITY,canon_Material_00474,2021
canon_Material_00473,ENTITY_ASSOCIATED_WITH_ENTITY,canon_Material_00094,2021
canon_Material_00474,ENTITY_ASSOCIATED_WITH_ENTITY,canon_Material_00473,2021
canon_Material_00474,ENTITY_ASSOCIATED_WITH_ENTITY,canon_Material_00094,2021
canon_Material_00474,ENTITY_ASSOCIATED_WITH_ENTITY,canon_Material_00475,2021
canon_Material_00094,ENTITY_ASSOCIATED_WITH_ENTITY,canon_Material_00474,2021
canon_Material_00094,ENTITY_ASSOCIATED_WITH_ENTITY,canon_Material_00475,2021
canon_Material_00094,ENTITY_ASSOCIATED_WITH_ENTITY,canon_Material_00476,2021
canon_Material_00475,ENTITY_ASSOCIATED_WITH_ENTITY,canon_Material_00094,2021
canon_Material_00475,ENTITY_ASSOCIATED_WITH_ENTITY,canon_Material_00476,2021
canon_Material_00476,ENTITY_ASSOCIATED_WITH_ENTITY,canon_Material_00475,2021
canon_Material_00477,ENTITY_ASSOCIATED_WITH_ENTITY,canon_Material_00099,2021
canon_Material_00099,ENTITY_ASSOCIATED_WITH_ENTITY,canon_Material_00477,2021
canon_Other_00108,USED_FOR,canon_Other_00300,2021
canon_Other_00300,USED_FOR,canon_Other_00108,2021
canon_Task_00454,ENTITY_ASSOCIATED_WITH_ENTITY,canon_Task_00033,2021
canon_Other_01038,ENTITY_ASSOCIATED_WITH_ENTITY,canon_Method_00948,2021
canon_Method_00948,ENTITY_ASSOCIATED_WITH_ENTITY,canon_Other_01038,2021
canon_Material_00001,ENTITY_ASSOCIATED_WITH_ENTITY,canon_Method_00105,2021
canon_Method_00105,ENTITY_ASSOCIATED_WITH_ENTITY,canon_Method_00950,2021
canon_Method_00950,ENTITY_ASSOCIATED_WITH_ENTITY,canon_Method_00951,2021
canon_Method_00951,ENTITY_ASSOCIATED_WITH_ENTITY,canon_Method_00950,2021
canon_Task_00455,USED_FOR,canon_Material_00002,2021
canon_Method_00952,METHOD_APPLIED_TO,canon_Material_00007,2021
canon_Method_00952,ENTITY_ASSOCIATED_WITH_ENTITY,canon_Method_00953,2021
canon_Method_00039,ENTITY_ASSOCIATED_WITH_ENTITY,canon_Method_00247,2021
canon_Method_00247,ENTITY_ASSOCIATED_WITH_ENTITY,canon_Method_00039,2021
canon_Method_00049,USED_FOR,canon_Method_00955,2021
canon_Method_00057,USED_FOR,canon_Method_00955,2021
canon_Method_00469,ENTITY_ASSOCIATED_WITH_ENTITY,canon_Other_00162,2021
canon_Other_00162,ENTITY_ASSOCIATED_WITH_ENTITY,canon_Method_00469,2021
canon_Method_00469,ENTITY_ASSOCIATED_WITH_ENTITY,canon_Material_00006,2021
canon_Method_00469,ENTITY_ASSOCIATED_WITH_ENTITY,canon_Other_00162,2021
canon_Method_00469,ENTITY_ASSOCIATED_WITH_ENTITY,canon_Other_01041,2021
canon_Method_00469,ENTITY_ASSOCIATED_WITH_ENTITY,canon_Other_01042,2021
canon_Other_00162,ENTITY_ASSOCIATED_WITH_ENTITY,canon_Material_00006,2021
canon_Other_00162,ENTITY_ASSOCIATED_WITH_ENTITY,canon_Method_00469,2021
canon_Other_00162,ENTITY_ASSOCIATED_WITH_ENTITY,canon_Other_01041,2021
canon_Other_00162,ENTITY_ASSOCIATED_WITH_ENTITY,canon_Other_01042,2021
canon_Other_01041,ENTITY_ASSOCIATED_WITH_ENTITY,canon_Material_00006,2021
canon_Other_01041,ENTITY_ASSOCIATED_WITH_ENTITY,canon_Method_00469,2021
canon_Other_01041,ENTITY_ASSOCIATED_WITH_ENTITY,canon_Other_00162,2021
canon_Other_01041,ENTITY_ASSOCIATED_WITH_ENTITY,canon_Other_01042,2021
canon_Other_01042,ENTITY_ASSOCIATED_WITH_ENTITY,canon_Material_00006,2021
canon_Other_01042,ENTITY_ASSOCIATED_WITH_ENTITY,canon_Method_00469,2021
canon_Other_01042,ENTITY_ASSOCIATED_WITH_ENTITY,canon_Other_00162,2021
canon_Other_01042,ENTITY_ASSOCIATED_WITH_ENTITY,canon_Other_01041,2021
canon_Other_00162,ENTITY_ASSOCIATED_WITH_ENTITY,canon_Other_01043,2021
canon_Other_01043,ENTITY_ASSOCIATED_WITH_ENTITY,canon_Other_00162,2021
canon_Other_01045,METHOD_EVALUATED_BY,canon_Method_00957,2021
canon_Material_00049,ENTITY_ASSOCIATED_WITH_ENTITY,canon_Material_00030,2021
canon_Material_00030,ENTITY_ASSOCIATED_WITH_ENTITY,canon_Material_00049,2021
canon_Material_00482,USED_FOR,canon_Material_00481,2021
canon_Material_00482,ENTITY_ASSOCIATED_WITH_ENTITY,canon_Material_00049,2021
canon_Material_00482,ENTITY_ASSOCIATED_WITH_ENTITY,canon_Material_00030,2021
canon_Material_00482,ENTITY_ASSOCIATED_WITH_ENTITY,canon_Material_00483,2021
canon_Material_00482,ENTITY_ASSOCIATED_WITH_ENTITY,canon_Material_00484,2021
canon_Material_00483,USED_FOR,canon_Material_00481,2021
canon_Material_00483,ENTITY_ASSOCIATED_WITH_ENTITY,canon_Material_00049,2021
canon_Material_00483,ENTITY_ASSOCIATED_WITH_ENTITY,canon_Material_00030,2021
canon_Material_00483,ENTITY_ASSOCIATED_WITH_ENTITY,canon_Material_00482,2021
canon_Material_00483,ENTITY_ASSOCIATED_WITH_ENTITY,canon_Material_00484,2021
canon_Material_00484,USED_FOR,canon_Material_00481,2021
canon_Material_00484,ENTITY_ASSOCIATED_WITH_ENTITY,canon_Material_00049,2021
canon_Material_00484,ENTITY_ASSOCIATED_WITH_ENTITY,canon_Material_00030,2021
canon_Material_00484,ENTITY_ASSOCIATED_WITH_ENTITY,canon_Material_00482,2021
canon_Material_00484,ENTITY_ASSOCIATED_WITH_ENTITY,canon_Material_00483,2021
canon_Material_00485,ENTITY_ASSOCIATED_WITH_ENTITY,canon_Material_00170,2021
canon_Other_01049,ENTITY_ASSOCIATED_WITH_ENTITY,canon_Material_00007,2021
canon_Method_00963,ENTITY_ASSOCIATED_WITH_ENTITY,canon_Method_00005,2021
canon_Method_00005,ENTITY_ASSOCIATED_WITH_ENTITY,canon_Method_00058,2021
canon_Method_00120,USED_FOR,canon_Other_01050,2021
canon_Method_00009,USED_FOR,canon_Material_00881,2021
canon_Method_00964,USED_FOR,canon_Material_00018,2021
canon_Method_00031,ENTITY_ASSOCIATED_WITH_ENTITY,canon_Material_00881,2021
canon_Material_00018,ENTITY_ASSOCIATED_WITH_ENTITY,canon_Method_00031,2021
canon_Material_00100,ENTITY_ASSOCIATED_WITH_ENTITY,canon_Other_01054,2021
canon_Material_00100,USED_FOR,canon_Other_00075,2021
canon_Other_00075,ENTITY_ASSOCIATED_WITH_ENTITY,canon_Material_00100,2021
canon_Method_00003,METHOD_APPLIED_TO,canon_Material_00002,2021
canon_Material_00003,USED_FOR,canon_Material_00002,2021
canon_Material_00008,ENTITY_ASSOCIATED_WITH_ENTITY,canon_Material_00005,2021
canon_Material_00021,ENTITY_ASSOCIATED_WITH_ENTITY,canon_Material_00005,2021
canon_Material_00021,ENTITY_ASSOCIATED_WITH_ENTITY,canon_Material_00003,2021
canon_Material_00003,ENTITY_ASSOCIATED_WITH_ENTITY,canon_Material_00005,2021
canon_Material_00005,USED_FOR,canon_Material_00091,2021
canon_Method_00966,USED_FOR,canon_Material_00018,2021
canon_Method_00783,ENTITY_ASSOCIATED_WITH_ENTITY,canon_Other_00005,2021
canon_Method_00783,ENTITY_ASSOCIATED_WITH_ENTITY,canon_Method_00968,2021
canon_Method_00969,ENTITY_ASSOCIATED_WITH_ENTITY,canon_Other_00005,2021
canon_Method_00969,ENTITY_ASSOCIATED_WITH_ENTITY,canon_Method_00968,2021
canon_Method_00969,ENTITY_ASSOCIATED_WITH_ENTITY,canon_Method_00248,2021
canon_Method_00248,ENTITY_ASSOCIATED_WITH_ENTITY,canon_Other_00005,2021
canon_Method_00248,ENTITY_ASSOCIATED_WITH_ENTITY,canon_Method_00968,2021
canon_Method_00248,ENTITY_ASSOCIATED_WITH_ENTITY,canon_Method_00969,2021
canon_Method_00007,USED_FOR,canon_Other_00076,2021
canon_Method_00024,USED_FOR,canon_Other_00076,2021
canon_Method_00972,USED_FOR,canon_Material_00881,2021
canon_Other_00008,USED_FOR,canon_Material_00881,2021
canon_Other_00008,USED_FOR,canon_Task_00456,2021
canon_Material_00485,USED_FOR,canon_Material_00012,2021
canon_Method_00973,USED_FOR,canon_Material_00002,2021
canon_Task_00341,ENTITY_ASSOCIATED_WITH_ENTITY,canon_Material_00018,2021
canon_Task_00341,ENTITY_ASSOCIATED_WITH_ENTITY,canon_Other_01058,2021
canon_Material_00018,ENTITY_ASSOCIATED_WITH_ENTITY,canon_Other_01058,2021
canon_Method_00183,USED_FOR,canon_Task_00341,2021
canon_Material_00881,ENTITY_ASSOCIATED_WITH_ENTITY,canon_Task_00806,2021
canon_Task_00806,ENTITY_ASSOCIATED_WITH_ENTITY,canon_Material_00881,2021
canon_Method_00975,ENTITY_ASSOCIATED_WITH_ENTITY,canon_Method_00003,2021
canon_Method_00003,ENTITY_ASSOCIATED_WITH_ENTITY,canon_Method_00976,2021
canon_Method_00003,METHOD_APPLIED_TO,canon_Task_00012,2021
canon_Method_00976,METHOD_APPLIED_TO,canon_Task_00012,2021
canon_Method_00976,USED_FOR,canon_Method_00868,2021
canon_Method_00976,METHOD_APPLIED_TO,canon_Task_00119,2021
canon_Method_00976,METHOD_APPLIED_TO,canon_Task_00018,2021
canon_Task_00012,ENTITY_ASSOCIATED_WITH_ENTITY,canon_Method_00001,2021
canon_Task_00012,ENTITY_ASSOCIATED_WITH_ENTITY,canon_Method_00868,2021
canon_Task_00012,ENTITY_ASSOCIATED_WITH_ENTITY,canon_Task_00119,2021
canon_Task_00012,ENTITY_ASSOCIATED_WITH_ENTITY,canon_Task_00018,2021
canon_Method_00001,ENTITY_ASSOCIATED_WITH_ENTITY,canon_Method_00868,2021
canon_Method_00001,ENTITY_ASSOCIATED_WITH_ENTITY,canon_Task_00119,2021
canon_Method_00001,ENTITY_ASSOCIATED_WITH_ENTITY,canon_Task_00018,2021
canon_Method_00868,ENTITY_ASSOCIATED_WITH_ENTITY,canon_Method_00001,2021
canon_Method_00868,METHOD_APPLIED_TO,canon_Task_00119,2021
canon_Method_00868,METHOD_APPLIED_TO,canon_Task_00018,2021
canon_Task_00119,ENTITY_ASSOCIATED_WITH_ENTITY,canon_Method_00001,2021
canon_Task_00119,ENTITY_ASSOCIATED_WITH_ENTITY,canon_Method_00868,2021
canon_Task_00119,ENTITY_ASSOCIATED_WITH_ENTITY,canon_Task_00018,2021
canon_Task_00018,ENTITY_ASSOCIATED_WITH_ENTITY,canon_Method_00001,2021
canon_Task_00018,ENTITY_ASSOCIATED_WITH_ENTITY,canon_Method_00868,2021
canon_Task_00018,USED_FOR,canon_Task_00119,2021
canon_Method_00977,ENTITY_ASSOCIATED_WITH_ENTITY,canon_Task_00457,2021
canon_Material_00002,ENTITY_ASSOCIATED_WITH_ENTITY,canon_Material_00018,2021
canon_Material_00002,ENTITY_ASSOCIATED_WITH_ENTITY,canon_Material_00018,2021
canon_Other_01061,ENTITY_ASSOCIATED_WITH_ENTITY,canon_Other_01064,2021
canon_Other_01062,USED_FOR,canon_Other_01064,2021
canon_Other_01063,USED_FOR,canon_Other_01062,2021
canon_Other_01063,USED_FOR,canon_Other_01064,2021
canon_Other_01065,ENTITY_ASSOCIATED_WITH_ENTITY,canon_Other_01064,2021
canon_Method_00250,ENTITY_ASSOCIATED_WITH_ENTITY,canon_Method_00025,2021
canon_Method_00025,METHOD_APPLIED_TO,canon_Material_00013,2021
canon_Material_00007,ENTITY_ASSOCIATED_WITH_ENTITY,canon_Material_00018,2021
canon_Material_00002,ENTITY_ASSOCIATED_WITH_ENTITY,canon_Material_00018,2021
canon_Method_00980,USED_FOR,canon_Material_00018,2021
canon_Material_00166,METHOD_APPLIED_TO,canon_Material_00490,2021
canon_Material_00490,USED_FOR,canon_Material_00166,2021
canon_Material_00490,ENTITY_ASSOCIATED_WITH_ENTITY,canon_Method_00130,2021
canon_Method_00130,METHOD_APPLIED_TO,canon_Material_00490,2021
canon_Method_00049,ENTITY_ASSOCIATED_WITH_ENTITY,canon_Method_00016,2021
canon_Method_00049,ENTITY_ASSOCIATED_WITH_ENTITY,canon_Other_01067,2021
canon_Method_00016,ENTITY_ASSOCIATED_WITH_ENTITY,canon_Other_01067,2021
canon_Method_00268,USED_FOR,canon_Method_00983,2021
canon_Metric_00001,METHOD_EVALUATED_BY,canon_Method_00983,2021
canon_Metric_00001,METHOD_EVALUATED_BY,canon_Method_00268,2021
canon_Metric_00008,METHOD_EVALUATED_BY,canon_Method_00983,2021
canon_Metric_00008,ENTITY_ASSOCIATED_WITH_ENTITY,canon_Metric_00002,2021
canon_Metric_00008,ENTITY_ASSOCIATED_WITH_ENTITY,canon_Metric_00005,2021
canon_Metric_00002,METHOD_EVALUATED_BY,canon_Method_00983,2021
canon_Metric_00002,ENTITY_ASSOCIATED_WITH_ENTITY,canon_Metric_00008,2021
canon_Metric_00002,ENTITY_ASSOCIATED_WITH_ENTITY,canon_Metric_00005,2021
canon_Metric_00005,METHOD_EVALUATED_BY,canon_Method_00983,2021
canon_Metric_00005,ENTITY_ASSOCIATED_WITH_ENTITY,canon_Metric_00002,2021
canon_Material_00018,ENTITY_ASSOCIATED_WITH_ENTITY,canon_Material_00878,2021
canon_Material_00491,USED_FOR,canon_Material_00018,2021
canon_Other_01070,USED_FOR,canon_Material_00881,2021
canon_Material_00018,USED_FOR,canon_Material_00001,2021
canon_Material_00001,USED_FOR,canon_Material_00018,2021
canon_Material_00002,ENTITY_ASSOCIATED_WITH_ENTITY,canon_Material_00006,2021
canon_Material_00002,ENTITY_ASSOCIATED_WITH_ENTITY,canon_Other_01072,2021
canon_Material_00006,ENTITY_ASSOCIATED_WITH_ENTITY,canon_Other_01072,2021
canon_Material_00006,ENTITY_ASSOCIATED_WITH_ENTITY,canon_Other_00134,2021
canon_Other_01072,ENTITY_ASSOCIATED_WITH_ENTITY,canon_Material_00006,2021
canon_Other_01072,ENTITY_ASSOCIATED_WITH_ENTITY,canon_Other_00134,2021
canon_Other_00134,ENTITY_ASSOCIATED_WITH_ENTITY,canon_Material_00006,2021
canon_Other_00134,ENTITY_ASSOCIATED_WITH_ENTITY,canon_Other_01072,2021
canon_Other_01073,ENTITY_ASSOCIATED_WITH_ENTITY,canon_Other_01074,2021
canon_Other_01073,ENTITY_ASSOCIATED_WITH_ENTITY,canon_Material_00006,2021
canon_Other_01074,ENTITY_ASSOCIATED_WITH_ENTITY,canon_Other_01073,2021
canon_Other_01074,ENTITY_ASSOCIATED_WITH_ENTITY,canon_Material_00006,2021
canon_Material_00006,ENTITY_ASSOCIATED_WITH_ENTITY,canon_Other_01074,2021
canon_Task_00126,ENTITY_ASSOCIATED_WITH_ENTITY,canon_Material_00002,2021
canon_Other_00071,ENTITY_ASSOCIATED_WITH_ENTITY,canon_Task_00126,2021
canon_Task_00126,ENTITY_ASSOCIATED_WITH_ENTITY,canon_Other_00071,2021
canon_Other_01075,ENTITY_ASSOCIATED_WITH_ENTITY,canon_Other_01076,2021
canon_Method_00128,ENTITY_ASSOCIATED_WITH_ENTITY,canon_Task_00460,2021
canon_Material_00492,USED_FOR,canon_Task_00036,2021
canon_Other_01077,ENTITY_ASSOCIATED_WITH_ENTITY,canon_Other_00153,2021
canon_Material_00493,USED_FOR,canon_Material_00023,2021
canon_Method_00985,USED_FOR,canon_Material_00023,2021
canon_Method_00072,USED_FOR,canon_Material_00496,2021
canon_Method_00072,USED_FOR,canon_Other_01078,2021
canon_Method_00111,USED_FOR,canon_Material_00496,2021
canon_Material_00497,USED_FOR,canon_Task_00462,2021
canon_Method_00988,METHOD_APPLIED_TO,canon_Task_00463,2021
canon_Method_00988,METHOD_APPLIED_TO,canon_Method_01149,2021
canon_Material_00003,USED_FOR,canon_Other_01079,2021
canon_Material_00003,USED_FOR,canon_Material_00881,2021
canon_Material_00002,ENTITY_ASSOCIATED_WITH_ENTITY,canon_Material_00159,2021
canon_Other_01080,ENTITY_ASSOCIATED_WITH_ENTITY,canon_Material_00018,2021
canon_Other_01080,ENTITY_ASSOCIATED_WITH_ENTITY,canon_Other_01081,2021
canon_Other_01081,ENTITY_ASSOCIATED_WITH_ENTITY,canon_Material_00018,2021
canon_Other_01081,ENTITY_ASSOCIATED_WITH_ENTITY,canon_Material_00195,2021
canon_Material_00195,ENTITY_ASSOCIATED_WITH_ENTITY,canon_Material_00018,2021
canon_Material_00195,ENTITY_ASSOCIATED_WITH_ENTITY,canon_Other_01081,2021
canon_Material_00195,ENTITY_ASSOCIATED_WITH_ENTITY,canon_Material_00210,2021
canon_Material_00195,ENTITY_ASSOCIATED_WITH_ENTITY,canon_Method_00031,2021
canon_Material_00210,ENTITY_ASSOCIATED_WITH_ENTITY,canon_Material_00018,2021
canon_Material_00210,ENTITY_ASSOCIATED_WITH_ENTITY,canon_Material_00195,2021
canon_Material_00210,ENTITY_ASSOCIATED_WITH_ENTITY,canon_Method_00031,2021
canon_Method_00031,ENTITY_ASSOCIATED_WITH_ENTITY,canon_Material_00018,2021
canon_Method_00031,ENTITY_ASSOCIATED_WITH_ENTITY,canon_Material_00195,2021
canon_Method_00031,ENTITY_ASSOCIATED_WITH_ENTITY,canon_Material_00210,2021
canon_Material_00025,USED_FOR,canon_Task_00001,2021
canon_Task_00466,USED_FOR,canon_Material_00023,2021
canon_Material_00025,USED_FOR,canon_Task_00466,2021
canon_Material_00025,USED_FOR,canon_Material_00023,2021
canon_Other_01084,USED_FOR,canon_Material_00025,2021
canon_Material_00501,ENTITY_ASSOCIATED_WITH_ENTITY,canon_Material_00061,2021
canon_Material_00018,ENTITY_ASSOCIATED_WITH_ENTITY,canon_Material_00023,2021
canon_Material_00023,ENTITY_ASSOCIATED_WITH_ENTITY,canon_Material_00018,2021
canon_Other_00016,USED_FOR,canon_Material_00023,2021
canon_Material_00503,USED_FOR,canon_Other_00016,2021
canon_Material_00503,USED_FOR,canon_Material_00023,2021
canon_Task_00119,ENTITY_ASSOCIATED_WITH_ENTITY,canon_Other_01086,2021
canon_Other_01087,ENTITY_ASSOCIATED_WITH_ENTITY,canon_Method_00391,2021
canon_Other_01087,ENTITY_ASSOCIATED_WITH_ENTITY,canon_Other_01089,2021
canon_Method_00391,ENTITY_ASSOCIATED_WITH_ENTITY,canon_Other_01089,2021
canon_Other_01089,ENTITY_ASSOCIATED_WITH_ENTITY,canon_Method_00391,2021
canon_Material_00008,ENTITY_ASSOCIATED_WITH_ENTITY,canon_Method_00391,2021
canon_Material_00008,ENTITY_ASSOCIATED_WITH_ENTITY,canon_Other_01089,2021
canon_Material_00008,ENTITY_ASSOCIATED_WITH_ENTITY,canon_Material_00046,2021
canon_Material_00008,ENTITY_ASSOCIATED_WITH_ENTITY,canon_Material_00003,2021
canon_Material_00046,ENTITY_ASSOCIATED_WITH_ENTITY,canon_Method_00391,2021
canon_Material_00046,ENTITY_ASSOCIATED_WITH_ENTITY,canon_Other_01089,2021
canon_Material_00046,ENTITY_ASSOCIATED_WITH_ENTITY,canon_Material_00008,2021
canon_Material_00046,ENTITY_ASSOCIATED_WITH_ENTITY,canon_Material_00003,2021
canon_Material_00003,ENTITY_ASSOCIATED_WITH_ENTITY,canon_Method_00391,2021
canon_Material_00003,ENTITY_ASSOCIATED_WITH_ENTITY,canon_Other_01089,2021
canon_Material_00003,ENTITY_ASSOCIATED_WITH_ENTITY,canon_Material_00008,2021
canon_Material_00003,ENTITY_ASSOCIATED_WITH_ENTITY,canon_Material_00046,2021
canon_Material_00008,ENTITY_ASSOCIATED_WITH_ENTITY,canon_Material_00003,2021
canon_Material_00008,USED_FOR,canon_Material_00091,2021
canon_Material_00008,ENTITY_ASSOCIATED_WITH_ENTITY,canon_Material_00046,2021
canon_Material_00001,USED_FOR,canon_Material_00004,2021
canon_Other_01093,ENTITY_ASSOCIATED_WITH_ENTITY,canon_Task_00806,2021
canon_Material_00023,ENTITY_ASSOCIATED_WITH_ENTITY,canon_Method_00031,2021
canon_Material_00023,ENTITY_ASSOCIATED_WITH_ENTITY,canon_Other_01094,2021
canon_Method_00031,ENTITY_ASSOCIATED_WITH_ENTITY,canon_Other_01094,2021
canon_Other_01094,ENTITY_ASSOCIATED_WITH_ENTITY,canon_Method_00031,2021
canon_Material_00001,ENTITY_ASSOCIATED_WITH_ENTITY,canon_Material_00804,2021
canon_Method_00994,USED_FOR,canon_Material_00804,2021
canon_Other_00020,USED_FOR,canon_Material_00004,2021
canon_Material_00003,USED_FOR,canon_Material_00804,2021
canon_Material_00804,ENTITY_ASSOCIATED_WITH_ENTITY,canon_Material_00109,2021
canon_Method_00031,USED_FOR,canon_Material_00804,2021
canon_Other_01095,USED_FOR,canon_Material_00804,2021
canon_Other_01095,USED_FOR,canon_Material_00109,2021
canon_Material_00003,USED_FOR,canon_Material_00804,2021
canon_Material_00001,USED_FOR,canon_Material_00878,2021
canon_Other_01099,ENTITY_ASSOCIATED_WITH_ENTITY,canon_Other_01100,2021
canon_Other_01100,ENTITY_ASSOCIATED_WITH_ENTITY,canon_Other_01099,2021
canon_Material_00069,ENTITY_ASSOCIATED_WITH_ENTITY,canon_Material_00069,2021
canon_Material_00069,ENTITY_ASSOCIATED_WITH_ENTITY,canon_Material_00069,2021
canon_Material_00070,ENTITY_ASSOCIATED_WITH_ENTITY,canon_Material_00508,2021
canon_Material_00003,ENTITY_ASSOCIATED_WITH_ENTITY,canon_Material_00008,2021
canon_Material_00008,ENTITY_ASSOCIATED_WITH_ENTITY,canon_Material_00128,2021
canon_Material_00128,ENTITY_ASSOCIATED_WITH_ENTITY,canon_Material_00022,2021
canon_Method_00996,USED_FOR,canon_Method_00116,2021
canon_Method_00996,USED_FOR,canon_Method_00007,2021
canon_Method_00025,METHOD_APPLIED_TO,canon_Task_00001,2021
canon_Method_00019,USED_FOR,canon_Other_00003,2021
canon_Other_00003,USED_FOR,canon_Method_00050,2021
canon_Method_00908,USED_FOR,canon_Method_00019,2021
canon_Method_00908,USED_FOR,canon_Other_00003,2021
canon_Method_00908,USED_FOR,canon_Method_00030,2021
canon_Method_00908,METHOD_APPLIED_TO,canon_Method_00050,2021
canon_Method_00997,ENTITY_ASSOCIATED_WITH_ENTITY,canon_Method_00019,2021
canon_Method_00997,USED_FOR,canon_Other_00003,2021
canon_Method_00997,USED_FOR,canon_Method_00908,2021
canon_Method_00997,ENTITY_ASSOCIATED_WITH_ENTITY,canon_Method_00030,2021
canon_Method_00997,METHOD_APPLIED_TO,canon_Method_00050,2021
canon_Method_00030,USED_FOR,canon_Method_00019,2021
canon_Method_00030,USED_FOR,canon_Other_00003,2021
canon_Method_00030,USED_FOR,canon_Method_00908,2021
canon_Method_00030,METHOD_APPLIED_TO,canon_Method_00050,2021
canon_Method_00050,USED_FOR,canon_Other_00003,2021
canon_Method_00050,ENTITY_ASSOCIATED_WITH_ENTITY,canon_Method_00030,2021
canon_Method_00103,ENTITY_ASSOCIATED_WITH_ENTITY,canon_Method_00998,2021
canon_Method_00103,ENTITY_ASSOCIATED_WITH_ENTITY,canon_Method_01070,2021
canon_Method_00103,ENTITY_ASSOCIATED_WITH_ENTITY,canon_Method_00103,2021
canon_Method_00998,ENTITY_ASSOCIATED_WITH_ENTITY,canon_Method_00103,2021
canon_Method_00999,METHOD_APPLIED_TO,canon_Method_00103,2021
canon_Method_00999,USED_FOR,canon_Method_00998,2021
canon_Method_00999,METHOD_APPLIED_TO,canon_Method_01070,2021
canon_Method_00999,METHOD_APPLIED_TO,canon_Method_00103,2021
canon_Method_00999,METHOD_APPLIED_TO,canon_Material_00098,2021
canon_Method_01070,ENTITY_ASSOCIATED_WITH_ENTITY,canon_Method_00998,2021
canon_Method_01070,ENTITY_ASSOCIATED_WITH_ENTITY,canon_Method_00103,2021
canon_Method_00103,ENTITY_ASSOCIATED_WITH_ENTITY,canon_Method_00998,2021
canon_Material_00098,ENTITY_ASSOCIATED_WITH_ENTITY,canon_Method_00103,2021
canon_Other_01101,USED_FOR,canon_Method_00998,2021
canon_Other_01101,USED_FOR,canon_Method_01070,2021
canon_Other_01101,USED_FOR,canon_Method_00103,2021
canon_Other_01101,USED_FOR,canon_Material_00098,2021
canon_Method_01000,ENTITY_ASSOCIATED_WITH_ENTITY,canon_Method_00998,2021
canon_Method_01000,METHOD_APPLIED_TO,canon_Method_01070,2021
canon_Method_01000,ENTITY_ASSOCIATED_WITH_ENTITY,canon_Method_00103,2021
canon_Method_01000,METHOD_APPLIED_TO,canon_Material_00098,2021
canon_Method_01000,ENTITY_ASSOCIATED_WITH_ENTITY,canon_Other_01101,2021
canon_Method_01000,ENTITY_ASSOCIATED_WITH_ENTITY,canon_Method_01001,2021
canon_Method_01001,USED_FOR,canon_Method_00998,2021
canon_Method_01001,METHOD_APPLIED_TO,canon_Method_01070,2021
canon_Method_01001,METHOD_APPLIED_TO,canon_Method_00103,2021
canon_Method_01001,METHOD_APPLIED_TO,canon_Material_00098,2021
canon_Method_01001,ENTITY_ASSOCIATED_WITH_ENTITY,canon_Other_01101,2021
canon_Method_01001,ENTITY_ASSOCIATED_WITH_ENTITY,canon_Method_01000,2021
canon_Material_00001,ENTITY_ASSOCIATED_WITH_ENTITY,canon_Material_00004,2021
canon_Method_00040,METHOD_APPLIED_TO,canon_Material_00004,2021
canon_Material_00001,ENTITY_ASSOCIATED_WITH_ENTITY,canon_Material_00001,2021
canon_Method_00040,USED_FOR,canon_Material_00002,2021
canon_Method_00040,METHOD_EVALUATED_BY,canon_Material_00002,2021
canon_Method_00040,METHOD_EVALUATED_BY,canon_Other_01090,2021
canon_Other_01090,USED_FOR,canon_Method_00040,2021
canon_Other_01090,USED_FOR,canon_Material_00002,2021
canon_Other_01090,USED_FOR,canon_Other_00077,2021
canon_Other_00077,ENTITY_ASSOCIATED_WITH_ENTITY,canon_Material_00002,2021
canon_Method_00001,METHOD_APPLIED_TO,canon_Task_00001,2021
canon_Method_01003,METHOD_APPLIED_TO,canon_Task_00001,2021
canon_Method_00001,USED_FOR,canon_Method_00253,2021
canon_Method_00050,USED_FOR,canon_Method_00253,2021
canon_Other_00016,USED_FOR,canon_Method_00253,2021
canon_Method_00001,METHOD_APPLIED_TO,canon_Task_00018,2021
canon_Material_00018,ENTITY_ASSOCIATED_WITH_ENTITY,canon_Material_00061,2021
canon_Method_00254,ENTITY_ASSOCIATED_WITH_ENTITY,canon_Task_00470,2021
canon_Material_00001,ENTITY_ASSOCIATED_WITH_ENTITY,canon_Material_00002,2021
canon_Method_00254,ENTITY_ASSOCIATED_WITH_ENTITY,canon_Task_00471,2021
canon_Material_00511,ENTITY_ASSOCIATED_WITH_ENTITY,canon_Task_00471,2021
canon_Other_00150,ENTITY_ASSOCIATED_WITH_ENTITY,canon_Method_00218,2021
canon_Other_00150,ENTITY_ASSOCIATED_WITH_ENTITY,canon_Other_01105,2021
canon_Other_00150,ENTITY_ASSOCIATED_WITH_ENTITY,canon_Other_01106,2021
canon_Method_00218,ENTITY_ASSOCIATED_WITH_ENTITY,canon_Other_00150,2021
canon_Method_00218,ENTITY_ASSOCIATED_WITH_ENTITY,canon_Other_01105,2021
canon_Method_00218,ENTITY_ASSOCIATED_WITH_ENTITY,canon_Other_01106,2021
canon_Other_01105,ENTITY_ASSOCIATED_WITH_ENTITY,canon_Other_00150,2021
canon_Other_01105,ENTITY_ASSOCIATED_WITH_ENTITY,canon_Method_00218,2021
canon_Other_01105,ENTITY_ASSOCIATED_WITH_ENTITY,canon_Other_01106,2021
canon_Other_01106,ENTITY_ASSOCIATED_WITH_ENTITY,canon_Other_00150,2021
canon_Other_01106,ENTITY_ASSOCIATED_WITH_ENTITY,canon_Method_00218,2021
canon_Other_01106,ENTITY_ASSOCIATED_WITH_ENTITY,canon_Other_01105,2021
canon_Material_00026,USED_FOR,canon_Material_00023,2021
canon_Method_01006,USED_FOR,canon_Other_01107,2021
canon_Method_01007,USED_FOR,canon_Other_01107,2021
canon_Method_01007,USED_FOR,canon_Method_01006,2021
canon_Method_01008,USED_FOR,canon_Material_00023,2021
canon_Other_01108,USED_FOR,canon_Method_01008,2021
canon_Other_01108,USED_FOR,canon_Material_00023,2021
canon_Method_01009,METHOD_APPLIED_TO,canon_Task_00473,2021
canon_Method_01010,METHOD_APPLIED_TO,canon_Material_00512,2021
canon_Material_00171,USED_FOR,canon_Material_00002,2021
canon_Material_00513,USED_FOR,canon_Task_00341,2021
canon_Method_00019,METHOD_APPLIED_TO,canon_Task_00474,2021
canon_Method_00025,METHOD_APPLIED_TO,canon_Material_00023,2021
canon_Method_01011,METHOD_APPLIED_TO,canon_Task_00001,2021
canon_Method_01011,ENTITY_ASSOCIATED_WITH_ENTITY,canon_Method_00012,2021
canon_Method_01012,METHOD_APPLIED_TO,canon_Task_00001,2021
canon_Method_01013,USED_FOR,canon_Material_00881,2021
canon_Material_00881,USED_FOR,canon_Method_01013,2021
canon_Material_00036,ENTITY_ASSOCIATED_WITH_ENTITY,canon_Material_00517,2021
canon_Material_00036,ENTITY_ASSOCIATED_WITH_ENTITY,canon_Material_00008,2021
canon_Material_00036,ENTITY_ASSOCIATED_WITH_ENTITY,canon_Material_00022,2021
canon_Material_00517,ENTITY_ASSOCIATED_WITH_ENTITY,canon_Material_00008,2021
canon_Material_00517,ENTITY_ASSOCIATED_WITH_ENTITY,canon_Material_00022,2021
canon_Material_00008,ENTITY_ASSOCIATED_WITH_ENTITY,canon_Material_00517,2021
canon_Material_00008,ENTITY_ASSOCIATED_WITH_ENTITY,canon_Material_00022,2021
canon_Material_00008,ENTITY_ASSOCIATED_WITH_ENTITY,canon_Material_00003,2021
canon_Material_00022,ENTITY_ASSOCIATED_WITH_ENTITY,canon_Material_00008,2021
canon_Material_00022,ENTITY_ASSOCIATED_WITH_ENTITY,canon_Material_00003,2021
canon_Material_00003,ENTITY_ASSOCIATED_WITH_ENTITY,canon_Material_00022,2021
canon_Material_00003,ENTITY_ASSOCIATED_WITH_ENTITY,canon_Material_00151,2021
canon_Material_00151,ENTITY_ASSOCIATED_WITH_ENTITY,canon_Material_00518,2021
canon_Material_00518,ENTITY_ASSOCIATED_WITH_ENTITY,canon_Material_00151,2021
canon_Material_00043,USED_FOR,canon_Method_00010,2021
canon_Material_00043,ENTITY_ASSOCIATED_WITH_ENTITY,canon_Material_00519,2021
canon_Material_00519,USED_FOR,canon_Method_00010,2021
canon_Material_00519,ENTITY_ASSOCIATED_WITH_ENTITY,canon_Material_00520,2021
canon_Material_00520,USED_FOR,canon_Method_00010,2021
canon_Material_00004,USED_FOR,canon_Task_00018,2021
canon_Method_00130,METHOD_APPLIED_TO,canon_Task_00018,2021
canon_Material_00036,ENTITY_ASSOCIATED_WITH_ENTITY,canon_Method_00130,2021
canon_Material_00036,ENTITY_ASSOCIATED_WITH_ENTITY,canon_Material_00521,2021
canon_Material_00521,ENTITY_ASSOCIATED_WITH_ENTITY,canon_Method_00130,2021
canon_Method_01015,METHOD_APPLIED_TO,canon_Task_00475,2021
canon_Method_01015,METHOD_APPLIED_TO,canon_Task_00038,2021
canon_Method_00016,USED_FOR,canon_Method_01015,2021
canon_Method_00016,METHOD_APPLIED_TO,canon_Task_00475,2021
canon_Method_00016,METHOD_APPLIED_TO,canon_Task_00038,2021
canon_Task_00038,USED_FOR,canon_Task_00475,2021
canon_Task_00038,USED_FOR,canon_Method_00016,2021
canon_Material_00001,USED_FOR,canon_Material_00002,2021
canon_Other_00166,ENTITY_ASSOCIATED_WITH_ENTITY,canon_Other_00077,2021
canon_Method_00041,METHOD_APPLIED_TO,canon_Task_00476,2021
canon_Method_00041,USED_FOR,canon_Method_01016,2021
canon_Method_01018,USED_FOR,canon_Method_01019,2021
canon_Method_01018,USED_FOR,canon_Other_00055,2021
canon_Other_00055,USED_FOR,canon_Method_01019,2021
canon_Metric_00002,ENTITY_ASSOCIATED_WITH_ENTITY,canon_Metric_00005,2021
canon_Metric_00005,ENTITY_ASSOCIATED_WITH_ENTITY,canon_Metric_00008,2021
canon_Metric_00008,ENTITY_ASSOCIATED_WITH_ENTITY,canon_Metric_00005,2021
canon_Material_00005,ENTITY_ASSOCIATED_WITH_ENTITY,canon_Material_00011,2021
canon_Material_00005,USED_FOR,canon_Material_00011,2021
canon_Material_00022,ENTITY_ASSOCIATED_WITH_ENTITY,canon_Material_00008,2021
canon_Material_00005,ENTITY_ASSOCIATED_WITH_ENTITY,canon_Material_00011,2021
canon_Material_00023,ENTITY_ASSOCIATED_WITH_ENTITY,canon_Other_00113,2021
canon_Other_00113,USED_FOR,canon_Material_00023,2021
canon_Other_00301,ENTITY_ASSOCIATED_WITH_ENTITY,canon_Material_00002,2021
canon_Other_00301,USED_FOR,canon_Task_00477,2021
canon_Material_00001,ENTITY_ASSOCIATED_WITH_ENTITY,canon_Method_01020,2021
canon_Method_01020,USED_FOR,canon_Material_00001,2021
canon_Material_00002,ENTITY_ASSOCIATED_WITH_ENTITY,canon_Method_00218,2021
canon_Material_00522,USED_FOR,canon_Material_00023,2021
canon_Other_00009,ENTITY_ASSOCIATED_WITH_ENTITY,canon_Method_01023,2021
canon_Material_00001,ENTITY_ASSOCIATED_WITH_ENTITY,canon_Material_00002,2021
canon_Material_00001,USED_FOR,canon_Method_00031,2021
canon_Other_01113,USED_FOR,canon_Other_00048,2021
canon_Material_00003,USED_FOR,canon_Other_00048,2021
canon_Material_00526,USED_FOR,canon_Material_00002,2021
canon_Material_00527,USED_FOR,canon_Material_00526,2021
canon_Material_00527,USED_FOR,canon_Material_00002,2021
canon_Other_00026,USED_FOR,canon_Material_00528,2021
canon_Material_00065,USED_FOR,canon_Other_00026,2021
canon_Material_00018,ENTITY_ASSOCIATED_WITH_ENTITY,canon_Other_01116,2021
canon_Material_00018,ENTITY_ASSOCIATED_WITH_ENTITY,canon_Method_00296,2021
canon_Material_00018,ENTITY_ASSOCIATED_WITH_ENTITY,canon_Material_00002,2021
canon_Other_01116,ENTITY_ASSOCIATED_WITH_ENTITY,canon_Material_00018,2021
canon_Other_01116,ENTITY_ASSOCIATED_WITH_ENTITY,canon_Method_00296,2021
canon_Other_01116,ENTITY_ASSOCIATED_WITH_ENTITY,canon_Material_00002,2021
canon_Method_00296,ENTITY_ASSOCIATED_WITH_ENTITY,canon_Other_01116,2021
canon_Method_00296,ENTITY_ASSOCIATED_WITH_ENTITY,canon_Material_00002,2021
canon_Material_00002,ENTITY_ASSOCIATED_WITH_ENTITY,canon_Other_01116,2021
canon_Material_00002,ENTITY_ASSOCIATED_WITH_ENTITY,canon_Method_00296,2021
canon_Method_01025,METHOD_APPLIED_TO,canon_Task_00133,2021
canon_Method_00921,METHOD_APPLIED_TO,canon_Task_00133,2021
canon_Method_01026,USED_FOR,canon_Other_01117,2021
canon_Material_00069,USED_FOR,canon_Other_01117,2021
canon_Other_01118,ENTITY_ASSOCIATED_WITH_ENTITY,canon_Other_01119,2021
canon_Metric_00001,METHOD_EVALUATED_BY,canon_Method_00042,2021
canon_Metric_00001,ENTITY_ASSOCIATED_WITH_ENTITY,canon_Metric_00002,2021
canon_Metric_00001,ENTITY_ASSOCIATED_WITH_ENTITY,canon_Metric_00005,2021
canon_Metric_00002,METHOD_EVALUATED_BY,canon_Method_00042,2021
canon_Metric_00002,ENTITY_ASSOCIATED_WITH_ENTITY,canon_Metric_00005,2021
canon_Metric_00002,ENTITY_ASSOCIATED_WITH_ENTITY,canon_Metric_00009,2021
canon_Metric_00005,METHOD_EVALUATED_BY,canon_Method_00042,2021
canon_Metric_00005,ENTITY_ASSOCIATED_WITH_ENTITY,canon_Metric_00009,2021
canon_Metric_00009,METHOD_EVALUATED_BY,canon_Method_00042,2021
canon_Metric_00009,ENTITY_ASSOCIATED_WITH_ENTITY,canon_Metric_00005,2021
canon_Method_01027,USED_FOR,canon_Method_00004,2021
canon_Method_00004,USED_FOR,canon_Method_01027,2021
canon_Other_00147,ENTITY_ASSOCIATED_WITH_ENTITY,canon_Other_00024,2021
canon_Other_00024,ENTITY_ASSOCIATED_WITH_ENTITY,canon_Other_00147,2021
canon_Material_00878,ENTITY_ASSOCIATED_WITH_ENTITY,canon_Task_00131,2021
canon_Material_00881,ENTITY_ASSOCIATED_WITH_ENTITY,canon_Task_00806,2021
canon_Task_00806,ENTITY_ASSOCIATED_WITH_ENTITY,canon_Other_00302,2021
canon_Other_00302,ENTITY_ASSOCIATED_WITH_ENTITY,canon_Task_00806,2021
canon_Material_00002,ENTITY_ASSOCIATED_WITH_ENTITY,canon_Task_00005,2021
canon_Metric_00081,ENTITY_ASSOCIATED_WITH_ENTITY,canon_Metric_00082,2021
canon_Metric_00082,ENTITY_ASSOCIATED_WITH_ENTITY,canon_Other_00158,2021
canon_Material_00003,USED_FOR,canon_Material_00002,2021
canon_Material_00158,USED_FOR,canon_Material_00002,2021
canon_Method_00218,ENTITY_ASSOCIATED_WITH_ENTITY,canon_Other_01121,2021
canon_Other_01121,ENTITY_ASSOCIATED_WITH_ENTITY,canon_Other_01122,2021
canon_Method_01029,ENTITY_ASSOCIATED_WITH_ENTITY,canon_Method_00008,2021
canon_Method_01029,METHOD_APPLIED_TO,canon_Material_00002,2021
canon_Method_00008,METHOD_APPLIED_TO,canon_Material_00002,2021
canon_Material_00057,USED_FOR,canon_Material_00018,2021
canon_Method_00001,USED_FOR,canon_Material_00002,2021
canon_Method_00001,ENTITY_ASSOCIATED_WITH_ENTITY,canon_Method_00131,2021
canon_Material_00098,USED_FOR,canon_Method_00131,2021
canon_Material_00047,USED_FOR,canon_Method_00131,2021
canon_Material_00047,USED_FOR,canon_Material_00098,2021
canon_Other_00304,ENTITY_ASSOCIATED_WITH_ENTITY,canon_Other_01124,2021
canon_Material_00172,USED_FOR,canon_Method_00001,2021
canon_Method_01033,USED_FOR,canon_Material_00002,2021
canon_Method_00257,USED_FOR,canon_Material_00002,2021
canon_Method_00257,USED_FOR,canon_Other_00305,2021
canon_Other_00305,USED_FOR,canon_Material_00002,2021
canon_Method_00258,USED_FOR,canon_Method_00257,2021
canon_Other_00105,USED_FOR,canon_Material_00002,2021
canon_Other_00105,ENTITY_ASSOCIATED_WITH_ENTITY,canon_Other_00168,2021
canon_Other_00105,ENTITY_ASSOCIATED_WITH_ENTITY,canon_Method_00223,2021
canon_Other_00168,USED_FOR,canon_Material_00002,2021
canon_Other_00168,ENTITY_ASSOCIATED_WITH_ENTITY,canon_Method_00223,2021
canon_Method_00223,USED_FOR,canon_Material_00002,2021
canon_Method_00223,ENTITY_ASSOCIATED_WITH_ENTITY,canon_Other_00168,2021
canon_Material_00003,USED_FOR,canon_Material_00002,2021
canon_Material_00002,ENTITY_ASSOCIATED_WITH_ENTITY,canon_Other_01126,2021
canon_Other_01126,ENTITY_ASSOCIATED_WITH_ENTITY,canon_Material_00002,2021
canon_Other_00060,ENTITY_ASSOCIATED_WITH_ENTITY,canon_Other_00075,2021
canon_Other_00060,ENTITY_ASSOCIATED_WITH_ENTITY,canon_Material_00881,2021
canon_Other_00060,ENTITY_ASSOCIATED_WITH_ENTITY,canon_Other_01127,2021
canon_Other_01127,ENTITY_ASSOCIATED_WITH_ENTITY,canon_Other_00075,2021
canon_Other_01127,ENTITY_ASSOCIATED_WITH_ENTITY,canon_Material_00881,2021
canon_Other_01128,ENTITY_ASSOCIATED_WITH_ENTITY,canon_Material_00881,2021
canon_Material_00001,USED_FOR,canon_Material_00173,2021
canon_Material_00002,METHOD_APPLIED_TO,canon_Task_00479,2021
canon_Material_00002,ENTITY_ASSOCIATED_WITH_ENTITY,canon_Material_00007,2021
canon_Method_00008,ENTITY_ASSOCIATED_WITH_ENTITY,canon_Method_00941,2021
canon_Method_00941,ENTITY_ASSOCIATED_WITH_ENTITY,canon_Method_01037,2021
canon_Material_00002,ENTITY_ASSOCIATED_WITH_ENTITY,canon_Material_00018,2022
canon_Method_01038,METHOD_APPLIED_TO,canon_Material_00536,2022
canon_Material_00537,USED_FOR,canon_Material_00536,2022
canon_Material_00538,USED_FOR,canon_Material_00536,2022
canon_Material_00039,USED_FOR,canon_Material_00536,2022
canon_Material_00039,USED_FOR,canon_Material_00539,2022
canon_Material_00540,USED_FOR,canon_Other_00107,2022
canon_Method_00012,USED_FOR,canon_Other_00107,2022
canon_Other_00003,USED_FOR,canon_Material_00023,2022
canon_Material_00023,METHOD_EVALUATED_BY,canon_Other_00003,2022
canon_Metric_00001,METHOD_EVALUATED_BY,canon_Other_00003,2022
canon_Metric_00001,METHOD_EVALUATED_BY,canon_Material_00023,2022
canon_Metric_00002,METHOD_EVALUATED_BY,canon_Method_01039,2022
canon_Metric_00005,METHOD_EVALUATED_BY,canon_Method_01039,2022
canon_Metric_00005,ENTITY_ASSOCIATED_WITH_ENTITY,canon_Metric_00017,2022
canon_Method_01040,USED_FOR,canon_Metric_00017,2022
canon_Metric_00002,ENTITY_ASSOCIATED_WITH_ENTITY,canon_Metric_00005,2022
canon_Metric_00002,ENTITY_ASSOCIATED_WITH_ENTITY,canon_Metric_00017,2022
canon_Metric_00002,METHOD_EVALUATED_BY,canon_Material_00541,2022
canon_Metric_00005,ENTITY_ASSOCIATED_WITH_ENTITY,canon_Metric_00017,2022
canon_Other_00003,ENTITY_ASSOCIATED_WITH_ENTITY,canon_Method_00016,2022
canon_Method_00001,METHOD_APPLIED_TO,canon_Material_00004,2022
canon_Method_00007,USED_FOR,canon_Material_00023,2022
canon_Method_00007,ENTITY_ASSOCIATED_WITH_ENTITY,canon_Method_00003,2022
canon_Method_00007,USED_FOR,canon_Material_00546,2022
canon_Method_00003,USED_FOR,canon_Material_00023,2022
canon_Method_00003,USED_FOR,canon_Material_00546,2022
canon_Method_00007,ENTITY_ASSOCIATED_WITH_ENTITY,canon_Method_01042,2022
canon_Method_00007,USED_FOR,canon_Method_01043,2022
canon_Method_00007,USED_FOR,canon_Material_00546,2022
canon_Method_01042,USED_FOR,canon_Method_01043,2022
canon_Method_01042,USED_FOR,canon_Material_00546,2022
canon_Method_01043,ENTITY_ASSOCIATED_WITH_ENTITY,canon_Method_01042,2022
canon_Method_01043,USED_FOR,canon_Material_00546,2022
canon_Method_00002,ENTITY_ASSOCIATED_WITH_ENTITY,canon_Method_00003,2022
canon_Method_00002,USED_FOR,canon_Method_01043,2022
canon_Method_00003,USED_FOR,canon_Method_01043,2022
canon_Other_00003,USED_FOR,canon_Task_00481,2022
canon_Material_00546,ENTITY_ASSOCIATED_WITH_ENTITY,canon_Method_01044,2022
canon_Other_01130,ENTITY_ASSOCIATED_WITH_ENTITY,canon_Other_01131,2022
canon_Other_01130,ENTITY_ASSOCIATED_WITH_ENTITY,canon_Other_01132,2022
canon_Other_01131,ENTITY_ASSOCIATED_WITH_ENTITY,canon_Other_01132,2022
canon_Other_01131,ENTITY_ASSOCIATED_WITH_ENTITY,canon_Other_00760,2022
canon_Other_01131,ENTITY_ASSOCIATED_WITH_ENTITY,canon_Other_01133,2022
canon_Other_01131,ENTITY_ASSOCIATED_WITH_ENTITY,canon_Other_01134,2022
canon_Other_01132,ENTITY_ASSOCIATED_WITH_ENTITY,canon_Other_01131,2022
canon_Other_01132,ENTITY_ASSOCIATED_WITH_ENTITY,canon_Other_00760,2022
canon_Other_01132,ENTITY_ASSOCIATED_WITH_ENTITY,canon_Other_01133,2022
canon_Other_01132,ENTITY_ASSOCIATED_WITH_ENTITY,canon_Other_01134,2022
canon_Other_00760,ENTITY_ASSOCIATED_WITH_ENTITY,canon_Other_01131,2022
canon_Other_00760,ENTITY_ASSOCIATED_WITH_ENTITY,canon_Other_01132,2022
canon_Other_00760,ENTITY_ASSOCIATED_WITH_ENTITY,canon_Other_01133,2022
canon_Other_00760,ENTITY_ASSOCIATED_WITH_ENTITY,canon_Other_01134,2022
canon_Other_01133,ENTITY_ASSOCIATED_WITH_ENTITY,canon_Other_01131,2022
canon_Other_01133,ENTITY_ASSOCIATED_WITH_ENTITY,canon_Other_01132,2022
canon_Other_01133,ENTITY_ASSOCIATED_WITH_ENTITY,canon_Other_00760,2022
canon_Other_01133,ENTITY_ASSOCIATED_WITH_ENTITY,canon_Other_01134,2022
canon_Other_01134,ENTITY_ASSOCIATED_WITH_ENTITY,canon_Other_01131,2022
canon_Other_01134,ENTITY_ASSOCIATED_WITH_ENTITY,canon_Other_01132,2022
canon_Other_01134,ENTITY_ASSOCIATED_WITH_ENTITY,canon_Other_00760,2022
canon_Other_01134,ENTITY_ASSOCIATED_WITH_ENTITY,canon_Other_01133,2022
canon_Method_00261,METHOD_APPLIED_TO,canon_Task_00482,2022
canon_Other_01135,ENTITY_ASSOCIATED_WITH_ENTITY,canon_Other_00308,2022
canon_Other_01135,ENTITY_ASSOCIATED_WITH_ENTITY,canon_Other_01136,2022
canon_Other_01135,ENTITY_ASSOCIATED_WITH_ENTITY,canon_Material_00437,2022
canon_Other_00308,ENTITY_ASSOCIATED_WITH_ENTITY,canon_Other_01135,2022
canon_Other_00308,ENTITY_ASSOCIATED_WITH_ENTITY,canon_Other_01136,2022
canon_Other_00308,ENTITY_ASSOCIATED_WITH_ENTITY,canon_Material_00437,2022
canon_Other_01136,ENTITY_ASSOCIATED_WITH_ENTITY,canon_Other_01135,2022
canon_Other_01136,ENTITY_ASSOCIATED_WITH_ENTITY,canon_Other_00308,2022
canon_Other_01136,ENTITY_ASSOCIATED_WITH_ENTITY,canon_Material_00437,2022
canon_Material_00437,ENTITY_ASSOCIATED_WITH_ENTITY,canon_Other_01135,2022
canon_Material_00437,ENTITY_ASSOCIATED_WITH_ENTITY,canon_Other_00308,2022
canon_Material_00437,ENTITY_ASSOCIATED_WITH_ENTITY,canon_Other_01136,2022
canon_Method_01045,ENTITY_ASSOCIATED_WITH_ENTITY,canon_Method_00233,2022
canon_Method_01045,METHOD_APPLIED_TO,canon_Material_00059,2022
canon_Method_00261,METHOD_APPLIED_TO,canon_Task_00003,2022
canon_Method_00261,USED_FOR,canon_Material_00002,2022
canon_Other_01142,ENTITY_ASSOCIATED_WITH_ENTITY,canon_Other_01141,2022
canon_Other_01142,ENTITY_ASSOCIATED_WITH_ENTITY,canon_Material_00547,2022
canon_Method_01046,METHOD_APPLIED_TO,canon_Task_00001,2022
canon_Method_01047,USED_FOR,canon_Other_01144,2022
canon_Method_01047,USED_FOR,canon_Method_01048,2022
canon_Method_01048,USED_FOR,canon_Other_01144,2022
canon_Method_01048,USED_FOR,canon_Method_01047,2022
canon_Method_01049,ENTITY_ASSOCIATED_WITH_ENTITY,canon_Method_01050,2022
canon_Method_01046,USED_FOR,canon_Method_01051,2022
canon_Method_01052,METHOD_APPLIED_TO,canon_Material_00004,2022
canon_Material_00003,USED_FOR,canon_Method_01052,2022
canon_Material_00001,USED_FOR,canon_Material_00002,2022
canon_Other_00061,USED_FOR,canon_Material_00004,2022
canon_Method_01053,USED_FOR,canon_Method_01052,2022
canon_Method_01053,METHOD_APPLIED_TO,canon_Material_00549,2022
canon_Method_01053,METHOD_APPLIED_TO,canon_Material_00550,2022
canon_Method_01053,USED_FOR,canon_Other_00061,2022
canon_Material_00549,ENTITY_ASSOCIATED_WITH_ENTITY,canon_Material_00550,2022
canon_Material_00549,METHOD_EVALUATED_BY,canon_Other_00061,2022
canon_Material_00550,METHOD_EVALUATED_BY,canon_Other_00061,2022
canon_Other_00061,USED_FOR,canon_Method_01052,2022
canon_Other_00061,USED_FOR,canon_Material_00549,2022
canon_Other_00061,USED_FOR,canon_Material_00550,2022
canon_Material_00023,ENTITY_ASSOCIATED_WITH_ENTITY,canon_Other_00022,2022
canon_Material_00551,ENTITY_ASSOCIATED_WITH_ENTITY,canon_Material_00006,2022
canon_Material_00021,ENTITY_ASSOCIATED_WITH_ENTITY,canon_Material_00008,2022
canon_Material_00021,ENTITY_ASSOCIATED_WITH_ENTITY,canon_Material_00003,2022
canon_Material_00021,ENTITY_ASSOCIATED_WITH_ENTITY,canon_Material_00553,2022
canon_Material_00021,ENTITY_ASSOCIATED_WITH_ENTITY,canon_Material_00018,2022
canon_Material_00008,ENTITY_ASSOCIATED_WITH_ENTITY,canon_Material_00003,2022
canon_Material_00008,ENTITY_ASSOCIATED_WITH_ENTITY,canon_Material_00553,2022
canon_Material_00008,ENTITY_ASSOCIATED_WITH_ENTITY,canon_Material_00018,2022
canon_Material_00003,ENTITY_ASSOCIATED_WITH_ENTITY,canon_Material_00008,2022
canon_Material_00003,ENTITY_ASSOCIATED_WITH_ENTITY,canon_Material_00553,2022
canon_Material_00003,USED_FOR,canon_Material_00018,2022
canon_Material_00003,USED_FOR,canon_Material_00002,2022
canon_Material_00553,ENTITY_ASSOCIATED_WITH_ENTITY,canon_Material_00003,2022
canon_Material_00553,USED_FOR,canon_Material_00018,2022
canon_Material_00553,USED_FOR,canon_Material_00002,2022
canon_Material_00018,ENTITY_ASSOCIATED_WITH_ENTITY,canon_Material_00002,2022
canon_Material_00002,ENTITY_ASSOCIATED_WITH_ENTITY,canon_Material_00018,2022
canon_Method_01054,METHOD_APPLIED_TO,canon_Task_00012,2022
canon_Other_01148,ENTITY_ASSOCIATED_WITH_ENTITY,canon_Material_00881,2022
canon_Task_00475,ENTITY_ASSOCIATED_WITH_ENTITY,canon_Material_00554,2022
canon_Task_00475,ENTITY_ASSOCIATED_WITH_ENTITY,canon_Material_00058,2022
canon_Material_00058,ENTITY_ASSOCIATED_WITH_ENTITY,canon_Material_00554,2022
canon_Other_00011,ENTITY_ASSOCIATED_WITH_ENTITY,canon_Material_00554,2022
canon_Method_01056,METHOD_APPLIED_TO,canon_Task_00012,2022
canon_Method_01056,USED_FOR,canon_Method_01056,2022
canon_Method_01057,USED_FOR,canon_Other_01151,2022
canon_Method_01057,USED_FOR,canon_Other_01152,2022
canon_Other_01153,ENTITY_ASSOCIATED_WITH_ENTITY,canon_Other_00122,2022
canon_Other_01154,ENTITY_ASSOCIATED_WITH_ENTITY,canon_Other_01154,2022
canon_Other_01155,USED_FOR,canon_Other_00003,2022
canon_Other_01155,ENTITY_ASSOCIATED_WITH_ENTITY,canon_Other_01156,2022
canon_Other_01156,USED_FOR,canon_Other_00003,2022
canon_Material_00025,USED_FOR,canon_Task_00012,2022
canon_Material_00003,USED_FOR,canon_Material_00018,2022
canon_Material_00003,ENTITY_ASSOCIATED_WITH_ENTITY,canon_Material_00001,2022
canon_Other_00003,USED_FOR,canon_Task_00012,2022
canon_Material_00025,USED_FOR,canon_Other_00003,2022
canon_Material_00025,USED_FOR,canon_Task_00012,2022
canon_Method_00049,USED_FOR,canon_Other_00003,2022
canon_Method_00049,METHOD_APPLIED_TO,canon_Task_00012,2022
canon_Method_01059,METHOD_APPLIED_TO,canon_Material_00004,2022
canon_Method_01060,USED_FOR,canon_Method_01061,2022
canon_Method_01060,METHOD_APPLIED_TO,canon_Method_00103,2022
canon_Method_01061,METHOD_APPLIED_TO,canon_Method_00103,2022
canon_Method_01062,USED_FOR,canon_Other_00016,2022
canon_Material_00555,METHOD_EVALUATED_BY,canon_Other_00016,2022
canon_Material_00555,ENTITY_ASSOCIATED_WITH_ENTITY,canon_Material_00025,2022
canon_Material_00025,METHOD_EVALUATED_BY,canon_Other_00016,2022
canon_Material_00025,USED_FOR,canon_Material_00004,2022
canon_Material_00004,ENTITY_ASSOCIATED_WITH_ENTITY,canon_Material_00025,2022
canon_Other_00003,METHOD_EVALUATED_BY,canon_Other_00003,2022
canon_Material_00398,ENTITY_ASSOCIATED_WITH_ENTITY,canon_Material_00001,2022
canon_Material_00398,ENTITY_ASSOCIATED_WITH_ENTITY,canon_Material_00072,2022
canon_Material_00398,ENTITY_ASSOCIATED_WITH_ENTITY,canon_Other_00309,2022
canon_Material_00072,ENTITY_ASSOCIATED_WITH_ENTITY,canon_Material_00001,2022
canon_Material_00072,ENTITY_ASSOCIATED_WITH_ENTITY,canon_Material_00398,2022
canon_Material_00072,ENTITY_ASSOCIATED_WITH_ENTITY,canon_Other_00309,2022
canon_Other_00309,ENTITY_ASSOCIATED_WITH_ENTITY,canon_Material_00001,2022
canon_Other_00309,ENTITY_ASSOCIATED_WITH_ENTITY,canon_Material_00398,2022
canon_Other_00309,ENTITY_ASSOCIATED_WITH_ENTITY,canon_Material_00072,2022
canon_Method_01063,METHOD_APPLIED_TO,canon_Task_00001,2022
canon_Method_01063,METHOD_APPLIED_TO,canon_Material_00004,2022
canon_Method_01063,METHOD_APPLIED_TO,canon_Material_00557,2022
canon_Task_00001,USED_FOR,canon_Material_00004,2022
canon_Task_00001,USED_FOR,canon_Material_00557,2022
canon_Material_00005,USED_FOR,canon_Material_00023,2022
canon_Method_00003,METHOD_APPLIED_TO,canon_Task_00483,2022
canon_Method_00012,METHOD_APPLIED_TO,canon_Task_00483,2022
canon_Method_01064,ENTITY_ASSOCIATED_WITH_ENTITY,canon_Method_01409,2022
canon_Method_01065,USED_FOR,canon_Other_00005,2022
canon_Other_00005,USED_FOR,canon_Task_00001,2022
canon_Method_00262,ENTITY_ASSOCIATED_WITH_ENTITY,canon_Metric_00085,2022
canon_Method_00262,METHOD_APPLIED_TO,canon_Method_01071,2022
canon_Method_00003,USED_FOR,canon_Metric_00085,2022
canon_Method_00003,METHOD_APPLIED_TO,canon_Method_01071,2022
canon_Method_00003,ENTITY_ASSOCIATED_WITH_ENTITY,canon_Method_00009,2022
canon_Method_00009,USED_FOR,canon_Metric_00085,2022
canon_Method_00009,METHOD_APPLIED_TO,canon_Method_01071,2022
canon_Other_01159,USED_FOR,canon_Method_01067,2022
canon_Other_01159,ENTITY_ASSOCIATED_WITH_ENTITY,canon_Other_01160,2022
canon_Other_01160,USED_FOR,canon_Method_01067,2022
canon_Method_00081,ENTITY_ASSOCIATED_WITH_ENTITY,canon_Method_00783,2022
canon_Method_00783,ENTITY_ASSOCIATED_WITH_ENTITY,canon_Method_01068,2022
canon_Method_01068,ENTITY_ASSOCIATED_WITH_ENTITY,canon_Method_01069,2022
canon_Method_01069,ENTITY_ASSOCIATED_WITH_ENTITY,canon_Method_01068,2022
canon_Other_00169,ENTITY_ASSOCIATED_WITH_ENTITY,canon_Material_00002,2022
canon_Material_00001,ENTITY_ASSOCIATED_WITH_ENTITY,canon_Material_00002,2022
canon_Material_00559,ENTITY_ASSOCIATED_WITH_ENTITY,canon_Material_00037,2022
canon_Material_00003,USED_FOR,canon_Material_00558,2022
canon_Other_01161,ENTITY_ASSOCIATED_WITH_ENTITY,canon_Other_01162,2022
canon_Method_00103,METHOD_APPLIED_TO,canon_Material_00002,2022
canon_Material_00001,ENTITY_ASSOCIATED_WITH_ENTITY,canon_Material_00560,2022
canon_Material_00560,ENTITY_ASSOCIATED_WITH_ENTITY,canon_Material_00561,2022
canon_Material_00561,ENTITY_ASSOCIATED_WITH_ENTITY,canon_Material_00560,2022
canon_Material_00562,USED_FOR,canon_Other_00026,2022
canon_Method_00016,METHOD_APPLIED_TO,canon_Material_00012,2022
canon_Material_00102,USED_FOR,canon_Other_00060,2022
canon_Material_00102,ENTITY_ASSOCIATED_WITH_ENTITY,canon_Material_00018,2022
canon_Material_00002,USED_FOR,canon_Task_00487,2022
canon_Task_00008,USED_FOR,canon_Task_00024,2022
canon_Method_01072,USED_FOR,canon_Other_00080,2022
canon_Other_00022,ENTITY_ASSOCIATED_WITH_ENTITY,canon_Material_00804,2022
canon_Method_00010,USED_FOR,canon_Material_00804,2022
canon_Material_00038,USED_FOR,canon_Material_00804,2022
canon_Material_00038,USED_FOR,canon_Method_00010,2022
canon_Material_00003,USED_FOR,canon_Other_01165,2022
canon_Material_00065,USED_FOR,canon_Material_00195,2022
canon_Method_01074,USED_FOR,canon_Material_00002,2022
canon_Material_00002,USED_FOR,canon_Material_00002,2022
canon_Method_00263,METHOD_APPLIED_TO,canon_Task_00136,2022
canon_Other_01166,ENTITY_ASSOCIATED_WITH_ENTITY,canon_Material_00564,2022
canon_Material_00564,USED_FOR,canon_Other_01166,2022
canon_Method_00263,USED_FOR,canon_Method_01357,2022
canon_Other_00310,ENTITY_ASSOCIATED_WITH_ENTITY,canon_Material_00565,2022
canon_Other_01168,USED_FOR,canon_Other_00310,2022
canon_Other_01168,ENTITY_ASSOCIATED_WITH_ENTITY,canon_Material_00565,2022
canon_Material_00565,USED_FOR,canon_Other_00310,2022
canon_Material_00565,USED_FOR,canon_Other_01168,2022
canon_Material_00566,ENTITY_ASSOCIATED_WITH_ENTITY,canon_Material_00564,2022
canon_Method_01075,USED_FOR,canon_Other_00310,2022
canon_Method_01075,USED_FOR,canon_Material_00881,2022
canon_Method_01076,USED_FOR,canon_Other_00310,2022
canon_Method_01076,USED_FOR,canon_Material_00881,2022
canon_Material_00567,ENTITY_ASSOCIATED_WITH_ENTITY,canon_Other_00310,2022
canon_Material_00567,USED_FOR,canon_Material_00881,2022
canon_Method_00308,METHOD_APPLIED_TO,canon_Material_00006,2022
canon_Material_00104,USED_FOR,canon_Material_00002,2022
canon_Material_00006,ENTITY_ASSOCIATED_WITH_ENTITY,canon_Method_01077,2022
canon_Material_00006,ENTITY_ASSOCIATED_WITH_ENTITY,canon_Other_01170,2022
canon_Other_01170,ENTITY_ASSOCIATED_WITH_ENTITY,canon_Material_00006,2022
canon_Other_00003,USED_FOR,canon_Material_00568,2022
canon_Material_00568,USED_FOR,canon_Other_00003,2022
canon_Metric_00086,ENTITY_ASSOCIATED_WITH_ENTITY,canon_Metric_00019,2022
canon_Metric_00019,ENTITY_ASSOCIATED_WITH_ENTITY,canon_Metric_00086,2022
canon_Other_01172,USED_FOR,canon_Method_00132,2022
canon_Other_01173,USED_FOR,canon_Method_00132,2022
canon_Metric_00087,ENTITY_ASSOCIATED_WITH_ENTITY,canon_Metric_00088,2022
canon_Metric_00087,USED_FOR,canon_Other_01174,2022
canon_Metric_00088,USED_FOR,canon_Other_01174,2022
canon_Method_01081,USED_FOR,canon_Other_01174,2022
canon_Method_00133,METHOD_APPLIED_TO,canon_Material_00002,2022
canon_Other_00311,USED_FOR,canon_Method_00133,2022
canon_Task_00492,USED_FOR,canon_Material_00002,2022
canon_Other_01175,ENTITY_ASSOCIATED_WITH_ENTITY,canon_Other_00311,2022
canon_Metric_00089,METHOD_EVALUATED_BY,canon_Other_01176,2022
canon_Other_01177,ENTITY_ASSOCIATED_WITH_ENTITY,canon_Other_00311,2022
canon_Method_01082,USED_FOR,canon_Other_00005,2022
canon_Material_00002,USED_FOR,canon_Other_00312,2022
canon_Other_01180,ENTITY_ASSOCIATED_WITH_ENTITY,canon_Other_00313,2022
canon_Other_00313,ENTITY_ASSOCIATED_WITH_ENTITY,canon_Other_01180,2022
canon_Other_00005,USED_FOR,canon_Other_00313,2022
canon_Material_00002,USED_FOR,canon_Task_00493,2022
canon_Task_00494,ENTITY_ASSOCIATED_WITH_ENTITY,canon_Task_00495,2022
canon_Material_00006,ENTITY_ASSOCIATED_WITH_ENTITY,canon_Material_00002,2022
canon_Material_00002,USED_FOR,canon_Task_00496,2022
canon_Task_00496,ENTITY_ASSOCIATED_WITH_ENTITY,canon_Material_00002,2022
canon_Task_00496,ENTITY_ASSOCIATED_WITH_ENTITY,canon_Material_00002,2022
canon_Method_01083,ENTITY_ASSOCIATED_WITH_ENTITY,canon_Method_00114,2022
canon_Method_01083,USED_FOR,canon_Method_01084,2022
canon_Method_00114,USED_FOR,canon_Method_01084,2022
canon_Method_00025,METHOD_APPLIED_TO,canon_Task_00498,2022
canon_Method_00025,METHOD_APPLIED_TO,canon_Method_00128,2022
canon_Method_01085,USED_FOR,canon_Task_00498,2022
canon_Other_00226,USED_FOR,canon_Method_01085,2022
canon_Method_01088,ENTITY_ASSOCIATED_WITH_ENTITY,canon_Method_01086,2022
canon_Method_01088,ENTITY_ASSOCIATED_WITH_ENTITY,canon_Method_01087,2022
canon_Method_01088,USED_FOR,canon_Method_00264,2022
canon_Method_01088,ENTITY_ASSOCIATED_WITH_ENTITY,canon_Method_01089,2022
canon_Method_01088,ENTITY_ASSOCIATED_WITH_ENTITY,canon_Method_01090,2022
canon_Method_01089,ENTITY_ASSOCIATED_WITH_ENTITY,canon_Method_01086,2022
canon_Method_01089,ENTITY_ASSOCIATED_WITH_ENTITY,canon_Method_01087,2022
canon_Method_01089,USED_FOR,canon_Method_00264,2022
canon_Method_01089,USED_FOR,canon_Other_01182,2022
canon_Method_01089,ENTITY_ASSOCIATED_WITH_ENTITY,canon_Method_01090,2022
canon_Method_01090,ENTITY_ASSOCIATED_WITH_ENTITY,canon_Method_01086,2022
canon_Method_01090,ENTITY_ASSOCIATED_WITH_ENTITY,canon_Method_01087,2022
canon_Method_01090,USED_FOR,canon_Method_00264,2022
canon_Method_01090,ENTITY_ASSOCIATED_WITH_ENTITY,canon_Method_01089,2022
canon_Method_01090,USED_FOR,canon_Other_01182,2022
canon_Method_00938,USED_FOR,canon_Method_00490,2022
canon_Method_01092,USED_FOR,canon_Method_01091,2022
canon_Other_00110,USED_FOR,canon_Task_00500,2022
canon_Material_00571,USED_FOR,canon_Material_00572,2022
canon_Material_00572,ENTITY_ASSOCIATED_WITH_ENTITY,canon_Material_00571,2022
canon_Method_01093,METHOD_APPLIED_TO,canon_Material_00083,2022
canon_Method_00236,USED_FOR,canon_Method_00194,2022
canon_Method_00236,USED_FOR,canon_Method_00020,2022
canon_Method_00020,METHOD_APPLIED_TO,canon_Method_00194,2022
canon_Method_00027,METHOD_APPLIED_TO,canon_Material_00007,2022
canon_Other_00023,USED_FOR,canon_Material_00166,2022
canon_Other_00023,USED_FOR,canon_Other_01183,2022
canon_Method_01096,ENTITY_ASSOCIATED_WITH_ENTITY,canon_Other_00023,2022
canon_Method_00020,ENTITY_ASSOCIATED_WITH_ENTITY,canon_Other_00023,2022
canon_Method_00678,USED_FOR,canon_Other_00023,2022
canon_Method_00678,METHOD_APPLIED_TO,canon_Material_00166,2022
canon_Method_00678,USED_FOR,canon_Other_01183,2022
canon_Material_00166,ENTITY_ASSOCIATED_WITH_ENTITY,canon_Other_01183,2022
canon_Task_00126,ENTITY_ASSOCIATED_WITH_ENTITY,canon_Other_01183,2022
canon_Task_00126,ENTITY_ASSOCIATED_WITH_ENTITY,canon_Method_01006,2022
canon_Method_01006,ENTITY_ASSOCIATED_WITH_ENTITY,canon_Other_01183,2022
canon_Method_01097,ENTITY_ASSOCIATED_WITH_ENTITY,canon_Method_00028,2022
canon_Method_01098,ENTITY_ASSOCIATED_WITH_ENTITY,canon_Method_00020,2022
canon_Method_01098,ENTITY_ASSOCIATED_WITH_ENTITY,canon_Method_00201,2022
canon_Material_00161,ENTITY_ASSOCIATED_WITH_ENTITY,canon_Other_01185,2022
canon_Material_00161,USED_FOR,canon_Method_00080,2022
canon_Material_00573,USED_FOR,canon_Method_00080,2022
canon_Other_01185,USED_FOR,canon_Method_00080,2022
canon_Method_01099,METHOD_APPLIED_TO,canon_Material_00004,2022
canon_Method_01100,METHOD_APPLIED_TO,canon_Material_00004,2022
canon_Material_00574,ENTITY_ASSOCIATED_WITH_ENTITY,canon_Material_00575,2022
canon_Other_00170,ENTITY_ASSOCIATED_WITH_ENTITY,canon_Material_00575,2022
canon_Other_00170,ENTITY_ASSOCIATED_WITH_ENTITY,canon_Other_00170,2022
canon_Other_00170,ENTITY_ASSOCIATED_WITH_ENTITY,canon_Other_00170,2022
canon_Method_01105,USED_FOR,canon_Other_00003,2022
canon_Method_01105,ENTITY_ASSOCIATED_WITH_ENTITY,canon_Other_01187,2022
canon_Method_01105,USED_FOR,canon_Other_00171,2022
canon_Other_01187,USED_FOR,canon_Other_00003,2022
canon_Other_01187,USED_FOR,canon_Other_00171,2022
canon_Other_01188,ENTITY_ASSOCIATED_WITH_ENTITY,canon_Other_00171,2022
canon_Method_01106,USED_FOR,canon_Material_00006,2022
canon_Method_01107,METHOD_APPLIED_TO,canon_Task_00112,2022
canon_Method_01107,USED_FOR,canon_Other_01189,2022
canon_Method_01111,USED_FOR,canon_Method_01110,2022
canon_Other_01195,USED_FOR,canon_Other_00008,2022
canon_Other_01195,USED_FOR,canon_Task_00504,2022
canon_Other_00008,USED_FOR,canon_Task_00503,2022
canon_Other_00008,USED_FOR,canon_Task_00504,2022
canon_Task_00503,ENTITY_ASSOCIATED_WITH_ENTITY,canon_Task_00504,2022
canon_Method_01113,USED_FOR,canon_Other_01196,2022
canon_Material_00006,USED_FOR,canon_Method_01113,2022
canon_Material_00577,USED_FOR,canon_Other_00008,2022
canon_Material_00577,ENTITY_ASSOCIATED_WITH_ENTITY,canon_Other_01197,2022
canon_Other_01197,USED_FOR,canon_Other_00008,2022
canon_Other_01197,ENTITY_ASSOCIATED_WITH_ENTITY,canon_Method_01098,2022
canon_Other_00006,USED_FOR,canon_Other_01198,2022
canon_Method_01114,METHOD_APPLIED_TO,canon_Task_00505,2022
canon_Method_01114,METHOD_APPLIED_TO,canon_Task_00506,2022
canon_Task_00505,ENTITY_ASSOCIATED_WITH_ENTITY,canon_Task_00506,2022
canon_Method_01117,ENTITY_ASSOCIATED_WITH_ENTITY,canon_Method_01116,2022
canon_Method_01118,ENTITY_ASSOCIATED_WITH_ENTITY,canon_Method_00641,2022
canon_Method_01118,ENTITY_ASSOCIATED_WITH_ENTITY,canon_Method_01119,2022
canon_Method_01118,ENTITY_ASSOCIATED_WITH_ENTITY,canon_Method_00043,2022
canon_Method_00641,ENTITY_ASSOCIATED_WITH_ENTITY,canon_Method_01119,2022
canon_Method_00641,ENTITY_ASSOCIATED_WITH_ENTITY,canon_Method_00043,2022
canon_Method_01119,ENTITY_ASSOCIATED_WITH_ENTITY,canon_Method_00641,2022
canon_Method_01119,ENTITY_ASSOCIATED_WITH_ENTITY,canon_Method_00043,2022
canon_Method_01119,USED_FOR,canon_Other_00005,2022
canon_Method_01119,USED_FOR,canon_Other_01201,2022
canon_Other_00005,USED_FOR,canon_Other_01201,2022
canon_Method_00043,USED_FOR,canon_Method_00020,2022
canon_Metric_00093,METHOD_EVALUATED_BY,canon_Method_00043,2022
canon_Metric_00094,METHOD_EVALUATED_BY,canon_Method_00043,2022
canon_Method_01120,USED_FOR,canon_Material_00002,2022
canon_Method_01122,USED_FOR,canon_Method_01121,2022
canon_Method_01122,USED_FOR,canon_Method_00694,2022
canon_Method_01122,USED_FOR,canon_Method_01120,2022
canon_Method_01122,USED_FOR,canon_Method_01123,2022
canon_Method_00694,USED_FOR,canon_Method_01122,2022
canon_Method_00694,USED_FOR,canon_Method_01120,2022
canon_Method_00694,USED_FOR,canon_Method_01123,2022
canon_Method_01120,USED_FOR,canon_Method_01121,2022
canon_Method_01120,USED_FOR,canon_Method_00078,2022
canon_Method_01120,USED_FOR,canon_Method_01122,2022
canon_Method_01120,USED_FOR,canon_Method_00694,2022
canon_Method_01120,USED_FOR,canon_Method_01123,2022
canon_Method_01123,USED_FOR,canon_Method_01121,2022
canon_Method_01123,USED_FOR,canon_Method_00078,2022
canon_Method_01123,USED_FOR,canon_Method_01122,2022
canon_Method_01123,USED_FOR,canon_Method_00694,2022
canon_Method_01123,USED_FOR,canon_Method_01120,2022
canon_Other_00003,USED_FOR,canon_Task_00507,2022
canon_Task_00507,USED_FOR,canon_Other_00003,2022
canon_Material_00786,ENTITY_ASSOCIATED_WITH_ENTITY,canon_Other_01202,2022
canon_Material_00786,ENTITY_ASSOCIATED_WITH_ENTITY,canon_Other_01203,2022
canon_Other_01202,ENTITY_ASSOCIATED_WITH_ENTITY,canon_Method_00020,2022
canon_Other_01202,ENTITY_ASSOCIATED_WITH_ENTITY,canon_Other_01203,2022
canon_Other_01203,ENTITY_ASSOCIATED_WITH_ENTITY,canon_Other_01202,2022
canon_Other_01204,ENTITY_ASSOCIATED_WITH_ENTITY,canon_Other_01205,2022
canon_Other_01204,ENTITY_ASSOCIATED_WITH_ENTITY,canon_Method_00266,2022
canon_Method_01125,USED_FOR,canon_Method_01126,2022
canon_Method_01127,ENTITY_ASSOCIATED_WITH_ENTITY,canon_Method_01126,2022
canon_Method_01127,ENTITY_ASSOCIATED_WITH_ENTITY,canon_Method_00020,2022
canon_Method_00020,ENTITY_ASSOCIATED_WITH_ENTITY,canon_Method_01126,2022
canon_Method_00020,ENTITY_ASSOCIATED_WITH_ENTITY,canon_Method_01127,2022
canon_Other_01206,ENTITY_ASSOCIATED_WITH_ENTITY,canon_Other_00314,2022
canon_Other_01207,ENTITY_ASSOCIATED_WITH_ENTITY,canon_Other_00314,2022
canon_Material_00152,ENTITY_ASSOCIATED_WITH_ENTITY,canon_Other_00314,2022
canon_Material_00152,ENTITY_ASSOCIATED_WITH_ENTITY,canon_Other_01207,2022
canon_Material_00152,ENTITY_ASSOCIATED_WITH_ENTITY,canon_Other_00059,2022
canon_Other_00059,ENTITY_ASSOCIATED_WITH_ENTITY,canon_Other_00314,2022
canon_Other_00059,ENTITY_ASSOCIATED_WITH_ENTITY,canon_Other_01207,2022
canon_Other_00059,ENTITY_ASSOCIATED_WITH_ENTITY,canon_Material_00152,2022
canon_Material_00030,USED_FOR,canon_Other_00314,2022
canon_Material_00030,ENTITY_ASSOCIATED_WITH_ENTITY,canon_Material_00079,2022
canon_Material_00079,ENTITY_ASSOCIATED_WITH_ENTITY,canon_Other_00314,2022
canon_Material_00079,ENTITY_ASSOCIATED_WITH_ENTITY,canon_Other_01207,2022
canon_Material_00079,ENTITY_ASSOCIATED_WITH_ENTITY,canon_Other_00059,2022
canon_Material_00079,ENTITY_ASSOCIATED_WITH_ENTITY,canon_Material_00079,2022
canon_Material_00079,ENTITY_ASSOCIATED_WITH_ENTITY,canon_Material_00103,2022
canon_Material_00079,ENTITY_ASSOCIATED_WITH_ENTITY,canon_Other_00314,2022
canon_Material_00079,ENTITY_ASSOCIATED_WITH_ENTITY,canon_Other_01207,2022
canon_Material_00079,ENTITY_ASSOCIATED_WITH_ENTITY,canon_Other_00059,2022
canon_Material_00079,ENTITY_ASSOCIATED_WITH_ENTITY,canon_Material_00079,2022
canon_Material_00079,ENTITY_ASSOCIATED_WITH_ENTITY,canon_Material_00103,2022
canon_Material_00103,ENTITY_ASSOCIATED_WITH_ENTITY,canon_Other_00314,2022
canon_Material_00103,ENTITY_ASSOCIATED_WITH_ENTITY,canon_Other_01207,2022
canon_Material_00103,ENTITY_ASSOCIATED_WITH_ENTITY,canon_Material_00079,2022
canon_Material_00103,ENTITY_ASSOCIATED_WITH_ENTITY,canon_Material_00079,2022
canon_Task_00508,ENTITY_ASSOCIATED_WITH_ENTITY,canon_Task_00509,2022
canon_Other_00013,USED_FOR,canon_Task_00510,2022
canon_Method_01152,USED_FOR,canon_Other_00013,2022
canon_Method_01152,USED_FOR,canon_Task_00510,2022
canon_Material_00004,USED_FOR,canon_Other_00013,2022
canon_Material_00004,USED_FOR,canon_Task_00510,2022
canon_Method_00128,ENTITY_ASSOCIATED_WITH_ENTITY,canon_Other_00172,2022
canon_Other_00016,USED_FOR,canon_Task_00512,2022
canon_Material_00002,USED_FOR,canon_Other_00016,2022
canon_Material_00034,USED_FOR,canon_Other_00016,2022
canon_Method_01130,ENTITY_ASSOCIATED_WITH_ENTITY,canon_Other_00016,2022
canon_Task_00140,ENTITY_ASSOCIATED_WITH_ENTITY,canon_Other_00016,2022
canon_Task_00140,ENTITY_ASSOCIATED_WITH_ENTITY,canon_Metric_00101,2022
canon_Metric_00101,ENTITY_ASSOCIATED_WITH_ENTITY,canon_Other_00016,2022
canon_Metric_00101,ENTITY_ASSOCIATED_WITH_ENTITY,canon_Other_01208,2022
canon_Other_01208,ENTITY_ASSOCIATED_WITH_ENTITY,canon_Other_00016,2022
canon_Method_00135,ENTITY_ASSOCIATED_WITH_ENTITY,canon_Method_00268,2022
canon_Method_00135,METHOD_APPLIED_TO,canon_Task_00132,2022
canon_Method_00268,METHOD_APPLIED_TO,canon_Task_00132,2022
canon_Method_01131,ENTITY_ASSOCIATED_WITH_ENTITY,canon_Method_00129,2022
canon_Method_00016,USED_FOR,canon_Other_01209,2022
canon_Method_00016,USED_FOR,canon_Other_01209,2022
canon_Method_00135,ENTITY_ASSOCIATED_WITH_ENTITY,canon_Method_00016,2022
canon_Method_00135,ENTITY_ASSOCIATED_WITH_ENTITY,canon_Method_00016,2022
canon_Method_00135,ENTITY_ASSOCIATED_WITH_ENTITY,canon_Method_00135,2022
canon_Method_00135,ENTITY_ASSOCIATED_WITH_ENTITY,canon_Method_00268,2022
canon_Method_00135,ENTITY_ASSOCIATED_WITH_ENTITY,canon_Method_00268,2022
canon_Method_00135,ENTITY_ASSOCIATED_WITH_ENTITY,canon_Method_00016,2022
canon_Method_00135,ENTITY_ASSOCIATED_WITH_ENTITY,canon_Method_00016,2022
canon_Method_00135,ENTITY_ASSOCIATED_WITH_ENTITY,canon_Method_00135,2022
canon_Method_00135,ENTITY_ASSOCIATED_WITH_ENTITY,canon_Method_00268,2022
canon_Method_00135,ENTITY_ASSOCIATED_WITH_ENTITY,canon_Method_00268,2022
canon_Method_00268,ENTITY_ASSOCIATED_WITH_ENTITY,canon_Method_00016,2022
canon_Method_00268,ENTITY_ASSOCIATED_WITH_ENTITY,canon_Method_00016,2022
canon_Method_00268,ENTITY_ASSOCIATED_WITH_ENTITY,canon_Method_00135,2022
canon_Method_00268,ENTITY_ASSOCIATED_WITH_ENTITY,canon_Method_00268,2022
canon_Method_00268,ENTITY_ASSOCIATED_WITH_ENTITY,canon_Method_00016,2022
canon_Method_00268,ENTITY_ASSOCIATED_WITH_ENTITY,canon_Method_00016,2022
canon_Method_00268,ENTITY_ASSOCIATED_WITH_ENTITY,canon_Method_00268,2022
canon_Method_01132,ENTITY_ASSOCIATED_WITH_ENTITY,canon_Method_01133,2022
canon_Method_01133,ENTITY_ASSOCIATED_WITH_ENTITY,canon_Method_01134,2022
canon_Method_01134,ENTITY_ASSOCIATED_WITH_ENTITY,canon_Method_01135,2022
canon_Method_01135,ENTITY_ASSOCIATED_WITH_ENTITY,canon_Method_01134,2022
canon_Method_01136,METHOD_APPLIED_TO,canon_Task_00023,2022
canon_Material_00016,USED_FOR,canon_Method_01136,2022
canon_Material_00016,METHOD_APPLIED_TO,canon_Task_00023,2022
canon_Material_00049,ENTITY_ASSOCIATED_WITH_ENTITY,canon_Material_00174,2022
canon_Material_00174,ENTITY_ASSOCIATED_WITH_ENTITY,canon_Material_00049,2022
canon_Method_01138,METHOD_APPLIED_TO,canon_Task_00513,2022
canon_Method_01138,ENTITY_ASSOCIATED_WITH_ENTITY,canon_Method_01139,2022
canon_Method_01139,METHOD_APPLIED_TO,canon_Task_00513,2022
canon_Material_00009,USED_FOR,canon_Task_00513,2022
canon_Material_00009,USED_FOR,canon_Method_01139,2022
canon_Method_00042,ENTITY_ASSOCIATED_WITH_ENTITY,canon_Method_01140,2022
canon_Material_00009,ENTITY_ASSOCIATED_WITH_ENTITY,canon_Material_00579,2022
canon_Material_00009,USED_FOR,canon_Material_00031,2022
canon_Material_00579,USED_FOR,canon_Material_00031,2022
canon_Metric_00020,METHOD_EVALUATED_BY,canon_Method_00012,2022
canon_Material_00009,METHOD_EVALUATED_BY,canon_Method_00012,2022
canon_Other_00013,USED_FOR,canon_Material_00009,2022
canon_Method_01141,USED_FOR,canon_Other_00013,2022
canon_Method_01142,USED_FOR,canon_Other_00013,2022
canon_Method_01142,USED_FOR,canon_Other_01211,2022
canon_Other_01211,USED_FOR,canon_Method_01142,2022
canon_Metric_00003,METHOD_EVALUATED_BY,canon_Other_00003,2022
canon_Metric_00003,ENTITY_ASSOCIATED_WITH_ENTITY,canon_Metric_00002,2022
canon_Metric_00002,METHOD_EVALUATED_BY,canon_Other_00003,2022
canon_Metric_00002,ENTITY_ASSOCIATED_WITH_ENTITY,canon_Metric_00001,2022
canon_Metric_00002,ENTITY_ASSOCIATED_WITH_ENTITY,canon_Metric_00003,2022
canon_Metric_00002,ENTITY_ASSOCIATED_WITH_ENTITY,canon_Metric_00002,2022
canon_Metric_00001,METHOD_EVALUATED_BY,canon_Other_00003,2022
canon_Material_00580,METHOD_EVALUATED_BY,canon_Other_00003,2022
canon_Material_00580,METHOD_EVALUATED_BY,canon_Material_00002,2022
canon_Metric_00001,METHOD_EVALUATED_BY,canon_Other_00003,2022
canon_Metric_00001,ENTITY_ASSOCIATED_WITH_ENTITY,canon_Metric_00002,2022
canon_Metric_00001,ENTITY_ASSOCIATED_WITH_ENTITY,canon_Metric_00001,2022
canon_Metric_00001,ENTITY_ASSOCIATED_WITH_ENTITY,canon_Metric_00003,2022
canon_Metric_00001,ENTITY_ASSOCIATED_WITH_ENTITY,canon_Metric_00002,2022
canon_Metric_00001,METHOD_EVALUATED_BY,canon_Material_00002,2022
canon_Metric_00003,METHOD_EVALUATED_BY,canon_Other_00003,2022
canon_Metric_00003,ENTITY_ASSOCIATED_WITH_ENTITY,canon_Metric_00001,2022
canon_Metric_00003,ENTITY_ASSOCIATED_WITH_ENTITY,canon_Metric_00002,2022
canon_Metric_00003,METHOD_EVALUATED_BY,canon_Material_00002,2022
canon_Metric_00002,METHOD_EVALUATED_BY,canon_Other_00003,2022
canon_Metric_00002,ENTITY_ASSOCIATED_WITH_ENTITY,canon_Metric_00001,2022
canon_Metric_00002,ENTITY_ASSOCIATED_WITH_ENTITY,canon_Metric_00003,2022
canon_Metric_00002,METHOD_EVALUATED_BY,canon_Material_00002,2022
canon_Material_00002,METHOD_EVALUATED_BY,canon_Other_00003,2022
canon_Material_00002,ENTITY_ASSOCIATED_WITH_ENTITY,canon_Metric_00003,2022
canon_Material_00002,ENTITY_ASSOCIATED_WITH_ENTITY,canon_Metric_00002,2022
canon_Material_00009,USED_FOR,canon_Task_00514,2022
canon_Method_01143,METHOD_APPLIED_TO,canon_Task_00514,2022
canon_Method_01144,METHOD_APPLIED_TO,canon_Task_00515,2022
canon_Method_01145,METHOD_APPLIED_TO,canon_Task_00515,2022
canon_Method_01146,ENTITY_ASSOCIATED_WITH_ENTITY,canon_Method_01144,2022
canon_Method_01146,METHOD_APPLIED_TO,canon_Task_00515,2022
canon_Material_00009,USED_FOR,canon_Task_00515,2022
canon_Method_00009,METHOD_APPLIED_TO,canon_Task_00516,2022
canon_Method_00079,USED_FOR,canon_Method_00009,2022
canon_Method_00079,METHOD_APPLIED_TO,canon_Task_00516,2022
canon_Method_00079,METHOD_APPLIED_TO,canon_Task_00516,2022
canon_Method_01147,ENTITY_ASSOCIATED_WITH_ENTITY,canon_Method_00059,2022
canon_Method_00269,ENTITY_ASSOCIATED_WITH_ENTITY,canon_Method_00059,2022
canon_Method_00269,ENTITY_ASSOCIATED_WITH_ENTITY,canon_Method_01148,2022
canon_Method_01148,ENTITY_ASSOCIATED_WITH_ENTITY,canon_Method_00059,2022
canon_Material_00581,USED_FOR,canon_Method_00059,2022
canon_Material_00582,USED_FOR,canon_Other_00005,2022
canon_Method_01149,USED_FOR,canon_Other_00005,2022
canon_Method_01150,ENTITY_ASSOCIATED_WITH_ENTITY,canon_Other_00011,2022
canon_Metric_00001,METHOD_EVALUATED_BY,canon_Method_01150,2022
canon_Metric_00001,METHOD_EVALUATED_BY,canon_Other_00011,2022
canon_Metric_00008,METHOD_EVALUATED_BY,canon_Method_01150,2022
canon_Metric_00008,METHOD_EVALUATED_BY,canon_Other_00011,2022
canon_Method_00138,METHOD_APPLIED_TO,canon_Material_00583,2022
canon_Method_00138,METHOD_APPLIED_TO,canon_Task_00013,2022
canon_Method_00023,METHOD_APPLIED_TO,canon_Material_00583,2022
canon_Method_00023,METHOD_APPLIED_TO,canon_Task_00013,2022
canon_Method_00023,METHOD_APPLIED_TO,canon_Task_00003,2022
canon_Method_00081,ENTITY_ASSOCIATED_WITH_ENTITY,canon_Method_00022,2022
canon_Material_00050,USED_FOR,canon_Method_00022,2022
canon_Method_00071,ENTITY_ASSOCIATED_WITH_ENTITY,canon_Method_00270,2022
canon_Method_00071,USED_FOR,canon_Other_01212,2022
canon_Method_00071,METHOD_APPLIED_TO,canon_Task_00144,2022
canon_Method_00270,USED_FOR,canon_Other_01212,2022
canon_Method_00270,METHOD_APPLIED_TO,canon_Task_00144,2022
canon_Method_00009,USED_FOR,canon_Other_01212,2022
canon_Method_00009,METHOD_APPLIED_TO,canon_Material_00050,2022
canon_Method_00009,METHOD_APPLIED_TO,canon_Task_00144,2022
canon_Material_00050,USED_FOR,canon_Other_01212,2022
canon_Material_00050,USED_FOR,canon_Method_00009,2022
canon_Material_00050,USED_FOR,canon_Task_00144,2022
canon_Method_00079,METHOD_APPLIED_TO,canon_Task_00517,2022
canon_Material_00050,USED_FOR,canon_Task_00517,2022
canon_Method_00029,USED_FOR,canon_Material_00002,2022
canon_Method_00015,ENTITY_ASSOCIATED_WITH_ENTITY,canon_Other_01213,2022
canon_Other_01213,ENTITY_ASSOCIATED_WITH_ENTITY,canon_Material_00002,2022
canon_Material_00002,ENTITY_ASSOCIATED_WITH_ENTITY,canon_Other_01213,2022
canon_Material_00011,ENTITY_ASSOCIATED_WITH_ENTITY,canon_Material_00584,2022
canon_Material_00011,ENTITY_ASSOCIATED_WITH_ENTITY,canon_Material_00585,2022
canon_Material_00584,ENTITY_ASSOCIATED_WITH_ENTITY,canon_Material_00585,2022
canon_Material_00585,ENTITY_ASSOCIATED_WITH_ENTITY,canon_Material_00004,2022
canon_Material_00586,ENTITY_ASSOCIATED_WITH_ENTITY,canon_Material_00584,2022
canon_Material_00586,ENTITY_ASSOCIATED_WITH_ENTITY,canon_Material_00585,2022
canon_Material_00586,ENTITY_ASSOCIATED_WITH_ENTITY,canon_Material_00004,2022
canon_Material_00030,ENTITY_ASSOCIATED_WITH_ENTITY,canon_Material_00584,2022
canon_Material_00030,ENTITY_ASSOCIATED_WITH_ENTITY,canon_Material_00585,2022
canon_Material_00030,ENTITY_ASSOCIATED_WITH_ENTITY,canon_Material_00004,2022
canon_Material_00030,ENTITY_ASSOCIATED_WITH_ENTITY,canon_Material_00089,2022
canon_Material_00030,ENTITY_ASSOCIATED_WITH_ENTITY,canon_Material_00174,2022
canon_Material_00030,ENTITY_ASSOCIATED_WITH_ENTITY,canon_Material_00587,2022
canon_Material_00030,ENTITY_ASSOCIATED_WITH_ENTITY,canon_Material_00175,2022
canon_Material_00030,ENTITY_ASSOCIATED_WITH_ENTITY,canon_Material_00588,2022
canon_Material_00089,ENTITY_ASSOCIATED_WITH_ENTITY,canon_Material_00585,2022
canon_Material_00089,USED_FOR,canon_Material_00004,2022
canon_Material_00089,ENTITY_ASSOCIATED_WITH_ENTITY,canon_Material_00030,2022
canon_Material_00089,ENTITY_ASSOCIATED_WITH_ENTITY,canon_Material_00174,2022
canon_Material_00089,ENTITY_ASSOCIATED_WITH_ENTITY,canon_Material_00587,2022
canon_Material_00089,ENTITY_ASSOCIATED_WITH_ENTITY,canon_Material_00175,2022
canon_Material_00089,ENTITY_ASSOCIATED_WITH_ENTITY,canon_Material_00588,2022
canon_Material_00174,ENTITY_ASSOCIATED_WITH_ENTITY,canon_Material_00585,2022
canon_Material_00174,USED_FOR,canon_Material_00004,2022
canon_Material_00174,ENTITY_ASSOCIATED_WITH_ENTITY,canon_Material_00030,2022
canon_Material_00174,ENTITY_ASSOCIATED_WITH_ENTITY,canon_Material_00089,2022
canon_Material_00174,ENTITY_ASSOCIATED_WITH_ENTITY,canon_Material_00587,2022
canon_Material_00174,ENTITY_ASSOCIATED_WITH_ENTITY,canon_Material_00175,2022
canon_Material_00174,ENTITY_ASSOCIATED_WITH_ENTITY,canon_Material_00588,2022
canon_Material_00587,ENTITY_ASSOCIATED_WITH_ENTITY,canon_Material_00585,2022
canon_Material_00587,USED_FOR,canon_Material_00004,2022
canon_Material_00587,ENTITY_ASSOCIATED_WITH_ENTITY,canon_Material_00089,2022
canon_Material_00587,ENTITY_ASSOCIATED_WITH_ENTITY,canon_Material_00174,2022
canon_Material_00587,ENTITY_ASSOCIATED_WITH_ENTITY,canon_Material_00175,2022
canon_Material_00587,ENTITY_ASSOCIATED_WITH_ENTITY,canon_Material_00588,2022
canon_Material_00175,ENTITY_ASSOCIATED_WITH_ENTITY,canon_Material_00585,2022
canon_Material_00175,USED_FOR,canon_Material_00004,2022
canon_Material_00175,ENTITY_ASSOCIATED_WITH_ENTITY,canon_Material_00089,2022
canon_Material_00175,ENTITY_ASSOCIATED_WITH_ENTITY,canon_Material_00174,2022
canon_Material_00175,ENTITY_ASSOCIATED_WITH_ENTITY,canon_Material_00587,2022
canon_Material_00175,ENTITY_ASSOCIATED_WITH_ENTITY,canon_Material_00588,2022
canon_Material_00588,ENTITY_ASSOCIATED_WITH_ENTITY,canon_Material_00585,2022
canon_Material_00588,USED_FOR,canon_Material_00004,2022
canon_Material_00588,ENTITY_ASSOCIATED_WITH_ENTITY,canon_Material_00089,2022
canon_Material_00588,ENTITY_ASSOCIATED_WITH_ENTITY,canon_Material_00174,2022
canon_Material_00588,ENTITY_ASSOCIATED_WITH_ENTITY,canon_Material_00587,2022
canon_Material_00588,ENTITY_ASSOCIATED_WITH_ENTITY,canon_Material_00175,2022
canon_Material_00589,USED_FOR,canon_Method_01151,2022
canon_Method_00003,USED_FOR,canon_Method_01152,2022
canon_Method_00003,USED_FOR,canon_Method_01153,2022
canon_Material_00009,USED_FOR,canon_Method_01152,2022
canon_Material_00009,USED_FOR,canon_Method_01153,2022
canon_Other_00006,ENTITY_ASSOCIATED_WITH_ENTITY,canon_Other_00008,2022
canon_Other_00006,USED_FOR,canon_Task_00003,2022
canon_Other_00008,USED_FOR,canon_Task_00003,2022
canon_Other_01214,ENTITY_ASSOCIATED_WITH_ENTITY,canon_Method_01154,2022
canon_Other_01214,USED_FOR,canon_Material_00002,2022
canon_Method_01154,USED_FOR,canon_Material_00002,2022
canon_Method_01155,METHOD_APPLIED_TO,canon_Method_01152,2022
canon_Method_01155,METHOD_APPLIED_TO,canon_Task_00003,2022
canon_Material_00590,USED_FOR,canon_Method_01155,2022
canon_Other_00013,USED_FOR,canon_Task_00518,2022
canon_Material_00051,USED_FOR,canon_Other_00013,2022
canon_Metric_00001,METHOD_EVALUATED_BY,canon_Other_00013,2022
canon_Metric_00001,METHOD_EVALUATED_BY,canon_Material_00002,2022
canon_Metric_00001,ENTITY_ASSOCIATED_WITH_ENTITY,canon_Metric_00001,2022
canon_Metric_00001,METHOD_EVALUATED_BY,canon_Material_00152,2022
canon_Metric_00001,METHOD_EVALUATED_BY,canon_Material_00002,2022
canon_Material_00002,ENTITY_ASSOCIATED_WITH_ENTITY,canon_Metric_00001,2022
canon_Material_00002,ENTITY_ASSOCIATED_WITH_ENTITY,canon_Material_00152,2022
canon_Material_00002,ENTITY_ASSOCIATED_WITH_ENTITY,canon_Material_00002,2022
canon_Metric_00001,METHOD_EVALUATED_BY,canon_Other_00013,2022
canon_Metric_00001,METHOD_EVALUATED_BY,canon_Task_00518,2022
canon_Metric_00001,METHOD_EVALUATED_BY,canon_Material_00002,2022
canon_Metric_00001,METHOD_EVALUATED_BY,canon_Material_00152,2022
canon_Metric_00001,METHOD_EVALUATED_BY,canon_Material_00002,2022
canon_Metric_00001,METHOD_EVALUATED_BY,canon_Task_00519,2022
canon_Material_00152,ENTITY_ASSOCIATED_WITH_ENTITY,canon_Material_00002,2022
canon_Material_00002,ENTITY_ASSOCIATED_WITH_ENTITY,canon_Material_00152,2022
canon_Task_00519,METHOD_EVALUATED_BY,canon_Other_00013,2022
canon_Task_00519,METHOD_EVALUATED_BY,canon_Task_00518,2022
canon_Task_00519,METHOD_EVALUATED_BY,canon_Material_00002,2022
canon_Task_00519,ENTITY_ASSOCIATED_WITH_ENTITY,canon_Metric_00001,2022
canon_Task_00519,METHOD_EVALUATED_BY,canon_Material_00152,2022
canon_Task_00519,METHOD_EVALUATED_BY,canon_Material_00002,2022
canon_Method_00019,METHOD_APPLIED_TO,canon_Task_00520,2022
canon_Other_01219,ENTITY_ASSOCIATED_WITH_ENTITY,canon_Other_01220,2022
canon_Method_01158,ENTITY_ASSOCIATED_WITH_ENTITY,canon_Method_01159,2022
canon_Method_01162,USED_FOR,canon_Method_01163,2022
canon_Method_01162,USED_FOR,canon_Other_01221,2022
canon_Method_01163,USED_FOR,canon_Method_01162,2022
canon_Method_01163,USED_FOR,canon_Other_01221,2022
canon_Method_01165,ENTITY_ASSOCIATED_WITH_ENTITY,canon_Method_01164,2022
canon_Other_01222,USED_FOR,canon_Other_00016,2022
canon_Material_00591,ENTITY_ASSOCIATED_WITH_ENTITY,canon_Method_01166,2022
canon_Material_00109,USED_FOR,canon_Material_00591,2022
canon_Material_00109,USED_FOR,canon_Material_00591,2022
canon_Other_01223,ENTITY_ASSOCIATED_WITH_ENTITY,canon_Method_01166,2022
canon_Other_01223,ENTITY_ASSOCIATED_WITH_ENTITY,canon_Material_00591,2022
canon_Other_01224,ENTITY_ASSOCIATED_WITH_ENTITY,canon_Method_01166,2022
canon_Other_01224,ENTITY_ASSOCIATED_WITH_ENTITY,canon_Other_01225,2022
canon_Other_01225,ENTITY_ASSOCIATED_WITH_ENTITY,canon_Method_01166,2022
canon_Other_01225,USED_FOR,canon_Material_00591,2022
canon_Other_01225,ENTITY_ASSOCIATED_WITH_ENTITY,canon_Other_01224,2022
canon_Method_01167,METHOD_APPLIED_TO,canon_Task_00368,2022
canon_Method_01168,METHOD_APPLIED_TO,canon_Task_00525,2022
canon_Method_01167,METHOD_APPLIED_TO,canon_Task_00003,2022
canon_Method_01167,METHOD_APPLIED_TO,canon_Task_00526,2022
canon_Task_00526,USED_FOR,canon_Task_00003,2022
canon_Task_00526,USED_FOR,canon_Material_00106,2022
canon_Task_00526,USED_FOR,canon_Task_00527,2022
canon_Material_00106,ENTITY_ASSOCIATED_WITH_ENTITY,canon_Task_00527,2022
canon_Method_00051,ENTITY_ASSOCIATED_WITH_ENTITY,canon_Method_01118,2022
canon_Method_01169,METHOD_APPLIED_TO,canon_Task_00018,2022
canon_Metric_00001,METHOD_EVALUATED_BY,canon_Method_01169,2022
canon_Method_01170,ENTITY_ASSOCIATED_WITH_ENTITY,canon_Method_01169,2022
canon_Method_01170,METHOD_APPLIED_TO,canon_Task_00018,2022
canon_Method_01171,ENTITY_ASSOCIATED_WITH_ENTITY,canon_Method_01169,2022
canon_Method_01171,METHOD_APPLIED_TO,canon_Task_00018,2022
canon_Method_01173,USED_FOR,canon_Other_01229,2022
canon_Method_00019,USED_FOR,canon_Method_00305,2022
canon_Material_00592,USED_FOR,canon_Material_00002,2022
canon_Method_01174,USED_FOR,canon_Material_00002,2022
canon_Method_01174,ENTITY_ASSOCIATED_WITH_ENTITY,canon_Method_00019,2022
canon_Method_00019,USED_FOR,canon_Material_00002,2022
canon_Method_00019,ENTITY_ASSOCIATED_WITH_ENTITY,canon_Method_00007,2022
canon_Method_00007,USED_FOR,canon_Material_00002,2022
canon_Method_00007,USED_FOR,canon_Method_00019,2022
canon_Method_00035,METHOD_APPLIED_TO,canon_Material_00024,2022
canon_Material_00027,USED_FOR,canon_Task_00528,2022
canon_Method_00035,USED_FOR,canon_Method_00200,2022
canon_Method_00136,USED_FOR,canon_Method_00200,2022
canon_Method_01175,METHOD_APPLIED_TO,canon_Material_00052,2022
canon_Method_00117,METHOD_APPLIED_TO,canon_Material_00052,2022
canon_Method_00117,METHOD_APPLIED_TO,canon_Task_00530,2022
canon_Task_00530,METHOD_EVALUATED_BY,canon_Method_01175,2022
canon_Task_00530,METHOD_EVALUATED_BY,canon_Method_00117,2022
canon_Material_00593,METHOD_EVALUATED_BY,canon_Method_01175,2022
canon_Material_00593,METHOD_EVALUATED_BY,canon_Method_00117,2022
canon_Material_00594,METHOD_EVALUATED_BY,canon_Method_01175,2022
canon_Material_00594,METHOD_EVALUATED_BY,canon_Method_00117,2022
canon_Method_01176,METHOD_APPLIED_TO,canon_Task_00003,2022
canon_Method_01176,ENTITY_ASSOCIATED_WITH_ENTITY,canon_Method_00003,2022
canon_Method_00003,METHOD_APPLIED_TO,canon_Task_00003,2022
canon_Method_01177,METHOD_APPLIED_TO,canon_Task_00003,2022
canon_Method_00626,METHOD_APPLIED_TO,canon_Task_00003,2022
canon_Other_00011,USED_FOR,canon_Task_00018,2022
canon_Other_01230,ENTITY_ASSOCIATED_WITH_ENTITY,canon_Method_00007,2022
canon_Method_00021,ENTITY_ASSOCIATED_WITH_ENTITY,canon_Method_00033,2022
canon_Method_00021,ENTITY_ASSOCIATED_WITH_ENTITY,canon_Method_00042,2022
canon_Method_00033,ENTITY_ASSOCIATED_WITH_ENTITY,canon_Method_01178,2022
canon_Method_00033,ENTITY_ASSOCIATED_WITH_ENTITY,canon_Method_00042,2022
canon_Method_01178,ENTITY_ASSOCIATED_WITH_ENTITY,canon_Method_00137,2022
canon_Method_01178,ENTITY_ASSOCIATED_WITH_ENTITY,canon_Method_00042,2022
canon_Method_00137,ENTITY_ASSOCIATED_WITH_ENTITY,canon_Method_00042,2022
canon_Method_00036,USED_FOR,canon_Method_01179,2022
canon_Metric_00001,METHOD_EVALUATED_BY,canon_Method_00033,2022
canon_Task_00013,ENTITY_ASSOCIATED_WITH_ENTITY,canon_Method_01180,2022
canon_Task_00141,USED_FOR,canon_Task_00013,2022
canon_Method_00023,METHOD_APPLIED_TO,canon_Task_00141,2022
canon_Method_00023,METHOD_APPLIED_TO,canon_Task_00013,2022
canon_Method_00023,USED_FOR,canon_Other_01231,2022
canon_Other_01231,USED_FOR,canon_Task_00142,2022
canon_Other_01231,USED_FOR,canon_Task_00038,2022
canon_Other_01231,USED_FOR,canon_Task_00018,2022
canon_Task_00142,USED_FOR,canon_Task_00018,2022
canon_Task_00038,ENTITY_ASSOCIATED_WITH_ENTITY,canon_Task_00018,2022
canon_Task_00018,ENTITY_ASSOCIATED_WITH_ENTITY,canon_Task_00038,2022
canon_Task_00531,USED_FOR,canon_Material_00002,2022
canon_Task_00531,ENTITY_ASSOCIATED_WITH_ENTITY,canon_Material_00031,2022
canon_Material_00031,USED_FOR,canon_Material_00002,2022
canon_Method_00023,USED_FOR,canon_Material_00002,2022
canon_Method_00023,USED_FOR,canon_Material_00152,2022
canon_Material_00002,ENTITY_ASSOCIATED_WITH_ENTITY,canon_Material_00152,2022
canon_Method_01181,ENTITY_ASSOCIATED_WITH_ENTITY,canon_Method_00009,2022
canon_Method_01182,ENTITY_ASSOCIATED_WITH_ENTITY,canon_Method_00009,2022
canon_Method_01182,ENTITY_ASSOCIATED_WITH_ENTITY,canon_Method_00269,2022
canon_Method_00269,ENTITY_ASSOCIATED_WITH_ENTITY,canon_Method_00009,2022
canon_Method_00269,ENTITY_ASSOCIATED_WITH_ENTITY,canon_Method_01182,2022
canon_Method_01183,USED_FOR,canon_Method_00012,2022
canon_Method_01183,METHOD_APPLIED_TO,canon_Method_00490,2022
canon_Method_00236,USED_FOR,canon_Method_01186,2022
canon_Method_00236,USED_FOR,canon_Method_00017,2022
canon_Method_00060,METHOD_APPLIED_TO,canon_Task_00532,2022
canon_Method_00060,USED_FOR,canon_Other_01232,2022
canon_Method_00085,ENTITY_ASSOCIATED_WITH_ENTITY,canon_Method_00060,2022
canon_Metric_00006,METHOD_EVALUATED_BY,canon_Method_00060,2022
canon_Metric_00006,METHOD_EVALUATED_BY,canon_Method_01187,2022
canon_Task_00536,ENTITY_ASSOCIATED_WITH_ENTITY,canon_Task_00535,2022
canon_Method_00085,ENTITY_ASSOCIATED_WITH_ENTITY,canon_Method_00060,2022
canon_Metric_00096,METHOD_EVALUATED_BY,canon_Method_00085,2022
canon_Metric_00096,METHOD_EVALUATED_BY,canon_Method_00060,2022
canon_Metric_00096,METHOD_EVALUATED_BY,canon_Method_00085,2022
canon_Metric_00096,METHOD_EVALUATED_BY,canon_Method_00085,2022
canon_Metric_00096,METHOD_EVALUATED_BY,canon_Metric_00097,2022
canon_Method_00085,ENTITY_ASSOCIATED_WITH_ENTITY,canon_Method_00060,2022
canon_Method_00085,ENTITY_ASSOCIATED_WITH_ENTITY,canon_Method_00085,2022
canon_Method_00085,ENTITY_ASSOCIATED_WITH_ENTITY,canon_Metric_00097,2022
canon_Method_00085,ENTITY_ASSOCIATED_WITH_ENTITY,canon_Method_00060,2022
canon_Method_00085,METHOD_EVALUATED_BY,canon_Metric_00096,2022
canon_Method_00085,METHOD_EVALUATED_BY,canon_Metric_00097,2022
canon_Metric_00097,METHOD_EVALUATED_BY,canon_Method_00060,2022
canon_Metric_00097,METHOD_EVALUATED_BY,canon_Metric_00096,2022
canon_Metric_00097,METHOD_EVALUATED_BY,canon_Method_00085,2022
canon_Metric_00097,METHOD_EVALUATED_BY,canon_Method_00085,2022
canon_Other_00055,USED_FOR,canon_Task_00537,2022
canon_Other_00055,USED_FOR,canon_Material_00333,2022
canon_Task_00537,USED_FOR,canon_Material_00333,2022
canon_Material_00333,USED_FOR,canon_Task_00537,2022
canon_Method_00069,METHOD_APPLIED_TO,canon_Task_00538,2022
canon_Method_00069,ENTITY_ASSOCIATED_WITH_ENTITY,canon_Method_00016,2022
canon_Method_00016,METHOD_APPLIED_TO,canon_Task_00538,2022
canon_Method_00003,ENTITY_ASSOCIATED_WITH_ENTITY,canon_Method_00138,2022
canon_Method_00003,USED_FOR,canon_Other_01233,2022
canon_Method_00138,USED_FOR,canon_Other_01233,2022
canon_Other_00023,USED_FOR,canon_Method_00003,2022
canon_Other_00023,USED_FOR,canon_Method_00138,2022
canon_Other_00023,USED_FOR,canon_Other_01233,2022
canon_Method_01192,USED_FOR,canon_Other_01234,2022
canon_Method_01193,ENTITY_ASSOCIATED_WITH_ENTITY,canon_Method_01192,2022
canon_Method_00262,ENTITY_ASSOCIATED_WITH_ENTITY,canon_Method_01192,2022
canon_Method_00262,ENTITY_ASSOCIATED_WITH_ENTITY,canon_Method_01194,2022
canon_Method_00262,USED_FOR,canon_Other_01234,2022
canon_Method_01194,ENTITY_ASSOCIATED_WITH_ENTITY,canon_Method_01192,2022
canon_Method_01194,ENTITY_ASSOCIATED_WITH_ENTITY,canon_Method_00262,2022
canon_Method_01194,USED_FOR,canon_Other_01234,2022
canon_Method_01195,METHOD_APPLIED_TO,canon_Task_00539,2022
canon_Material_00009,USED_FOR,canon_Method_01195,2022
canon_Method_01196,METHOD_APPLIED_TO,canon_Task_00540,2022
canon_Method_01197,USED_FOR,canon_Method_01196,2022
canon_Material_00009,USED_FOR,canon_Method_01196,2022
canon_Material_00009,USED_FOR,canon_Task_00540,2022
canon_Other_00316,USED_FOR,canon_Other_01235,2022
canon_Other_00316,USED_FOR,canon_Other_01235,2022
canon_Material_00062,USED_FOR,canon_Other_01235,2022
canon_Method_01199,ENTITY_ASSOCIATED_WITH_ENTITY,canon_Method_01187,2022
canon_Method_01200,ENTITY_ASSOCIATED_WITH_ENTITY,canon_Method_01187,2022
canon_Method_01200,ENTITY_ASSOCIATED_WITH_ENTITY,canon_Method_01201,2022
canon_Method_01201,ENTITY_ASSOCIATED_WITH_ENTITY,canon_Method_01187,2022
canon_Method_01201,USED_FOR,canon_Other_00003,2022
canon_Material_00062,ENTITY_ASSOCIATED_WITH_ENTITY,canon_Method_01187,2022
canon_Material_00062,USED_FOR,canon_Method_01201,2022
canon_Material_00062,USED_FOR,canon_Other_00003,2022
canon_Material_00028,USED_FOR,canon_Other_01236,2022
canon_Material_00028,USED_FOR,canon_Other_01237,2022
canon_Method_01187,USED_FOR,canon_Method_01202,2022
canon_Material_00051,USED_FOR,canon_Method_01202,2022
canon_Material_00051,USED_FOR,canon_Method_01187,2022
canon_Material_00009,USED_FOR,canon_Method_01202,2022
canon_Method_00025,METHOD_APPLIED_TO,canon_Task_00541,2022
canon_Method_00019,METHOD_APPLIED_TO,canon_Material_00597,2022
canon_Method_00061,ENTITY_ASSOCIATED_WITH_ENTITY,canon_Method_01204,2022
canon_Method_00086,ENTITY_ASSOCIATED_WITH_ENTITY,canon_Method_01204,2022
canon_Method_00086,ENTITY_ASSOCIATED_WITH_ENTITY,canon_Method_00021,2022
canon_Method_00021,ENTITY_ASSOCIATED_WITH_ENTITY,canon_Method_01204,2022
canon_Method_00021,ENTITY_ASSOCIATED_WITH_ENTITY,canon_Method_00139,2022
canon_Method_00021,ENTITY_ASSOCIATED_WITH_ENTITY,canon_Method_00033,2022
canon_Method_00139,ENTITY_ASSOCIATED_WITH_ENTITY,canon_Method_01204,2022
canon_Method_00139,ENTITY_ASSOCIATED_WITH_ENTITY,canon_Method_00021,2022
canon_Method_00139,ENTITY_ASSOCIATED_WITH_ENTITY,canon_Method_00033,2022
canon_Method_00139,ENTITY_ASSOCIATED_WITH_ENTITY,canon_Method_01178,2022
canon_Method_00033,ENTITY_ASSOCIATED_WITH_ENTITY,canon_Method_01204,2022
canon_Method_00033,ENTITY_ASSOCIATED_WITH_ENTITY,canon_Method_00139,2022
canon_Method_00033,ENTITY_ASSOCIATED_WITH_ENTITY,canon_Method_01178,2022
canon_Method_01178,ENTITY_ASSOCIATED_WITH_ENTITY,canon_Method_01204,2022
canon_Method_01178,ENTITY_ASSOCIATED_WITH_ENTITY,canon_Method_00139,2022
canon_Method_01178,ENTITY_ASSOCIATED_WITH_ENTITY,canon_Method_00033,2022
canon_Method_01178,ENTITY_ASSOCIATED_WITH_ENTITY,canon_Other_00011,2022
canon_Metric_00003,METHOD_EVALUATED_BY,canon_Method_01178,2022
canon_Metric_00003,ENTITY_ASSOCIATED_WITH_ENTITY,canon_Metric_00002,2022
canon_Metric_00003,ENTITY_ASSOCIATED_WITH_ENTITY,canon_Metric_00001,2022
canon_Metric_00003,METHOD_EVALUATED_BY,canon_Other_00011,2022
canon_Metric_00002,METHOD_EVALUATED_BY,canon_Method_01178,2022
canon_Metric_00002,ENTITY_ASSOCIATED_WITH_ENTITY,canon_Metric_00001,2022
canon_Metric_00002,METHOD_EVALUATED_BY,canon_Other_00011,2022
canon_Metric_00001,METHOD_EVALUATED_BY,canon_Method_01178,2022
canon_Metric_00001,METHOD_EVALUATED_BY,canon_Other_00011,2022
canon_Metric_00008,METHOD_EVALUATED_BY,canon_Method_01178,2022
canon_Metric_00008,METHOD_EVALUATED_BY,canon_Other_00011,2022
canon_Method_00061,ENTITY_ASSOCIATED_WITH_ENTITY,canon_Metric_00002,2022
canon_Method_00061,ENTITY_ASSOCIATED_WITH_ENTITY,canon_Other_00011,2022
canon_Method_00061,ENTITY_ASSOCIATED_WITH_ENTITY,canon_Method_00086,2022
canon_Method_00061,ENTITY_ASSOCIATED_WITH_ENTITY,canon_Method_00139,2022
canon_Method_00061,ENTITY_ASSOCIATED_WITH_ENTITY,canon_Method_00135,2022
canon_Method_00086,ENTITY_ASSOCIATED_WITH_ENTITY,canon_Metric_00001,2022
canon_Method_00086,ENTITY_ASSOCIATED_WITH_ENTITY,canon_Other_00011,2022
canon_Method_00086,ENTITY_ASSOCIATED_WITH_ENTITY,canon_Method_01205,2022
canon_Method_00086,ENTITY_ASSOCIATED_WITH_ENTITY,canon_Method_00139,2022
canon_Method_00086,ENTITY_ASSOCIATED_WITH_ENTITY,canon_Method_00135,2022
canon_Method_01205,ENTITY_ASSOCIATED_WITH_ENTITY,canon_Metric_00002,2022
canon_Method_01205,ENTITY_ASSOCIATED_WITH_ENTITY,canon_Metric_00001,2022
canon_Method_01205,ENTITY_ASSOCIATED_WITH_ENTITY,canon_Other_00011,2022
canon_Method_01205,ENTITY_ASSOCIATED_WITH_ENTITY,canon_Method_00086,2022
canon_Method_01205,ENTITY_ASSOCIATED_WITH_ENTITY,canon_Method_00139,2022
canon_Method_01205,ENTITY_ASSOCIATED_WITH_ENTITY,canon_Method_00135,2022
canon_Method_00139,ENTITY_ASSOCIATED_WITH_ENTITY,canon_Other_00011,2022
canon_Method_00139,ENTITY_ASSOCIATED_WITH_ENTITY,canon_Method_00086,2022
canon_Method_00139,ENTITY_ASSOCIATED_WITH_ENTITY,canon_Method_01205,2022
canon_Method_00139,ENTITY_ASSOCIATED_WITH_ENTITY,canon_Method_00135,2022
canon_Method_00135,ENTITY_ASSOCIATED_WITH_ENTITY,canon_Other_00011,2022
canon_Method_00135,ENTITY_ASSOCIATED_WITH_ENTITY,canon_Method_00086,2022
canon_Method_00135,ENTITY_ASSOCIATED_WITH_ENTITY,canon_Method_00139,2022
canon_Metric_00099,ENTITY_ASSOCIATED_WITH_ENTITY,canon_Task_00542,2022
canon_Metric_00099,USED_FOR,canon_Task_00543,2022
canon_Method_01206,METHOD_APPLIED_TO,canon_Task_00542,2022
canon_Method_01206,METHOD_APPLIED_TO,canon_Task_00543,2022
canon_Method_01206,METHOD_APPLIED_TO,canon_Task_00003,2022
canon_Other_01238,USED_FOR,canon_Method_00276,2022
canon_Other_00003,USED_FOR,canon_Task_00544,2022
canon_Material_00178,USED_FOR,canon_Other_00013,2022
canon_Material_00058,METHOD_EVALUATED_BY,canon_Other_00013,2022
canon_Metric_00100,METHOD_EVALUATED_BY,canon_Other_00013,2022
canon_Metric_00100,METHOD_EVALUATED_BY,canon_Method_01206,2022
canon_Other_01239,METHOD_EVALUATED_BY,canon_Other_00013,2022
canon_Other_01239,METHOD_EVALUATED_BY,canon_Method_01206,2022
canon_Other_01239,ENTITY_ASSOCIATED_WITH_ENTITY,canon_Metric_00102,2022
canon_Metric_00101,METHOD_EVALUATED_BY,canon_Other_00013,2022
canon_Metric_00101,METHOD_EVALUATED_BY,canon_Method_01206,2022
canon_Metric_00102,METHOD_EVALUATED_BY,canon_Other_00013,2022
canon_Metric_00102,METHOD_EVALUATED_BY,canon_Method_01206,2022
canon_Metric_00102,ENTITY_ASSOCIATED_WITH_ENTITY,canon_Metric_00101,2022
canon_Method_00140,METHOD_APPLIED_TO,canon_Method_00001,2022
canon_Method_00140,METHOD_APPLIED_TO,canon_Material_00039,2022
canon_Method_00141,USED_FOR,canon_Method_00140,2022
canon_Method_00141,METHOD_APPLIED_TO,canon_Method_00001,2022
canon_Material_00039,USED_FOR,canon_Method_00009,2022
canon_Material_00039,USED_FOR,canon_Method_00095,2022
canon_Method_00009,USED_FOR,canon_Method_00095,2022
canon_Method_00095,USED_FOR,canon_Method_00009,2022
canon_Material_00600,USED_FOR,canon_Method_00095,2022
canon_Material_00600,ENTITY_ASSOCIATED_WITH_ENTITY,canon_Method_00096,2022
canon_Material_00600,ENTITY_ASSOCIATED_WITH_ENTITY,canon_Method_01207,2022
canon_Material_00600,ENTITY_ASSOCIATED_WITH_ENTITY,canon_Method_00140,2022
canon_Material_00600,ENTITY_ASSOCIATED_WITH_ENTITY,canon_Method_01208,2022
canon_Material_00600,ENTITY_ASSOCIATED_WITH_ENTITY,canon_Method_00277,2022
canon_Method_00096,USED_FOR,canon_Method_00009,2022
canon_Method_00096,USED_FOR,canon_Method_00095,2022
canon_Method_00096,ENTITY_ASSOCIATED_WITH_ENTITY,canon_Material_00600,2022
canon_Method_00096,ENTITY_ASSOCIATED_WITH_ENTITY,canon_Method_01207,2022
canon_Method_00096,ENTITY_ASSOCIATED_WITH_ENTITY,canon_Method_00140,2022
canon_Method_00096,ENTITY_ASSOCIATED_WITH_ENTITY,canon_Method_01208,2022
canon_Method_00096,ENTITY_ASSOCIATED_WITH_ENTITY,canon_Method_00277,2022
canon_Method_01207,USED_FOR,canon_Method_00009,2022
canon_Method_01207,USED_FOR,canon_Method_00095,2022
canon_Method_01207,ENTITY_ASSOCIATED_WITH_ENTITY,canon_Method_00140,2022
canon_Method_01207,USED_FOR,canon_Method_00277,2022
canon_Method_00140,USED_FOR,canon_Method_00009,2022
canon_Method_00140,USED_FOR,canon_Method_00095,2022
canon_Method_00140,ENTITY_ASSOCIATED_WITH_ENTITY,canon_Method_00096,2022
canon_Method_00140,ENTITY_ASSOCIATED_WITH_ENTITY,canon_Method_01207,2022
canon_Method_00140,ENTITY_ASSOCIATED_WITH_ENTITY,canon_Method_00277,2022
canon_Method_01208,USED_FOR,canon_Method_00009,2022
canon_Method_01208,USED_FOR,canon_Method_00095,2022
canon_Method_01208,ENTITY_ASSOCIATED_WITH_ENTITY,canon_Material_00600,2022
canon_Method_01208,ENTITY_ASSOCIATED_WITH_ENTITY,canon_Method_00096,2022
canon_Method_01208,ENTITY_ASSOCIATED_WITH_ENTITY,canon_Method_01207,2022
canon_Method_01208,ENTITY_ASSOCIATED_WITH_ENTITY,canon_Method_00140,2022
canon_Method_01208,ENTITY_ASSOCIATED_WITH_ENTITY,canon_Method_00277,2022
canon_Method_00277,USED_FOR,canon_Method_00009,2022
canon_Method_00277,USED_FOR,canon_Method_00095,2022
canon_Method_00277,ENTITY_ASSOCIATED_WITH_ENTITY,canon_Method_00096,2022
canon_Method_00277,ENTITY_ASSOCIATED_WITH_ENTITY,canon_Method_01207,2022
canon_Method_00277,ENTITY_ASSOCIATED_WITH_ENTITY,canon_Method_00140,2022
canon_Material_00004,USED_FOR,canon_Method_00009,2022
canon_Material_00004,USED_FOR,canon_Method_00095,2022
canon_Material_00004,USED_FOR,canon_Method_00140,2022
canon_Material_00004,USED_FOR,canon_Method_00277,2022
canon_Method_00038,USED_FOR,canon_Method_00141,2022
canon_Method_00141,USED_FOR,canon_Method_00038,2022
canon_Method_01209,USED_FOR,canon_Method_00038,2022
canon_Method_01209,USED_FOR,canon_Method_00141,2022
canon_Method_00009,METHOD_APPLIED_TO,canon_Task_00091,2022
canon_Method_00140,USED_FOR,canon_Method_00009,2022
canon_Method_00140,USED_FOR,canon_Method_00095,2022
canon_Method_00140,METHOD_APPLIED_TO,canon_Task_00091,2022
canon_Task_00091,METHOD_EVALUATED_BY,canon_Method_00009,2022
canon_Task_00091,METHOD_EVALUATED_BY,canon_Method_00095,2022
canon_Task_00091,METHOD_EVALUATED_BY,canon_Method_00140,2022
canon_Material_00004,ENTITY_ASSOCIATED_WITH_ENTITY,canon_Method_00087,2022
canon_Method_00087,METHOD_APPLIED_TO,canon_Material_00002,2022
canon_Method_00087,USED_FOR,canon_Material_00002,2022
canon_Method_00087,METHOD_APPLIED_TO,canon_Material_00002,2022
canon_Task_00546,ENTITY_ASSOCIATED_WITH_ENTITY,canon_Task_00547,2022
canon_Task_00546,ENTITY_ASSOCIATED_WITH_ENTITY,canon_Other_01242,2022
canon_Task_00546,ENTITY_ASSOCIATED_WITH_ENTITY,canon_Other_01243,2022
canon_Task_00546,ENTITY_ASSOCIATED_WITH_ENTITY,canon_Other_01244,2022
canon_Task_00547,ENTITY_ASSOCIATED_WITH_ENTITY,canon_Task_00546,2022
canon_Task_00547,ENTITY_ASSOCIATED_WITH_ENTITY,canon_Other_01242,2022
canon_Task_00547,ENTITY_ASSOCIATED_WITH_ENTITY,canon_Other_01243,2022
canon_Task_00547,ENTITY_ASSOCIATED_WITH_ENTITY,canon_Other_01244,2022
canon_Other_01242,ENTITY_ASSOCIATED_WITH_ENTITY,canon_Task_00546,2022
canon_Other_01242,ENTITY_ASSOCIATED_WITH_ENTITY,canon_Task_00547,2022
canon_Other_01242,ENTITY_ASSOCIATED_WITH_ENTITY,canon_Other_01243,2022
canon_Other_01242,ENTITY_ASSOCIATED_WITH_ENTITY,canon_Other_01244,2022
canon_Other_01243,ENTITY_ASSOCIATED_WITH_ENTITY,canon_Task_00546,2022
canon_Other_01243,ENTITY_ASSOCIATED_WITH_ENTITY,canon_Task_00547,2022
canon_Other_01243,ENTITY_ASSOCIATED_WITH_ENTITY,canon_Other_01242,2022
canon_Other_01243,ENTITY_ASSOCIATED_WITH_ENTITY,canon_Other_01244,2022
canon_Other_01244,ENTITY_ASSOCIATED_WITH_ENTITY,canon_Task_00547,2022
canon_Other_01244,ENTITY_ASSOCIATED_WITH_ENTITY,canon_Other_01242,2022
canon_Other_01244,ENTITY_ASSOCIATED_WITH_ENTITY,canon_Other_01243,2022
canon_Method_00049,METHOD_APPLIED_TO,canon_Task_00549,2022
canon_Method_00003,ENTITY_ASSOCIATED_WITH_ENTITY,canon_Method_00004,2022
canon_Method_00004,ENTITY_ASSOCIATED_WITH_ENTITY,canon_Method_00002,2022
canon_Method_00002,METHOD_APPLIED_TO,canon_Task_00158,2022
canon_Method_00002,METHOD_APPLIED_TO,canon_Method_01112,2022
canon_Task_00158,ENTITY_ASSOCIATED_WITH_ENTITY,canon_Method_01112,2022
canon_Method_01112,ENTITY_ASSOCIATED_WITH_ENTITY,canon_Task_00158,2022
canon_Method_00002,METHOD_APPLIED_TO,canon_Method_00948,2022
canon_Method_01210,METHOD_APPLIED_TO,canon_Task_00551,2022
canon_Task_00552,ENTITY_ASSOCIATED_WITH_ENTITY,canon_Task_00551,2022
canon_Task_00552,ENTITY_ASSOCIATED_WITH_ENTITY,canon_Task_00552,2022
canon_Task_00552,ENTITY_ASSOCIATED_WITH_ENTITY,canon_Task_00551,2022
canon_Task_00552,ENTITY_ASSOCIATED_WITH_ENTITY,canon_Task_00553,2022
canon_Task_00552,ENTITY_ASSOCIATED_WITH_ENTITY,canon_Method_00008,2022
canon_Task_00553,ENTITY_ASSOCIATED_WITH_ENTITY,canon_Task_00551,2022
canon_Task_00553,ENTITY_ASSOCIATED_WITH_ENTITY,canon_Task_00552,2022
canon_Task_00553,ENTITY_ASSOCIATED_WITH_ENTITY,canon_Method_00008,2022
canon_Method_00008,ENTITY_ASSOCIATED_WITH_ENTITY,canon_Task_00551,2022
canon_Method_00008,ENTITY_ASSOCIATED_WITH_ENTITY,canon_Task_00552,2022
canon_Method_00008,ENTITY_ASSOCIATED_WITH_ENTITY,canon_Task_00553,2022
canon_Method_00030,METHOD_APPLIED_TO,canon_Method_00948,2022
canon_Other_01245,ENTITY_ASSOCIATED_WITH_ENTITY,canon_Method_00030,2022
canon_Other_01246,ENTITY_ASSOCIATED_WITH_ENTITY,canon_Other_01245,2022
canon_Other_01246,ENTITY_ASSOCIATED_WITH_ENTITY,canon_Other_01247,2022
canon_Other_01247,ENTITY_ASSOCIATED_WITH_ENTITY,canon_Other_01245,2022
canon_Other_01247,ENTITY_ASSOCIATED_WITH_ENTITY,canon_Method_00030,2022
canon_Other_01247,ENTITY_ASSOCIATED_WITH_ENTITY,canon_Other_01248,2022
canon_Other_01247,ENTITY_ASSOCIATED_WITH_ENTITY,canon_Method_01211,2022
canon_Other_01248,ENTITY_ASSOCIATED_WITH_ENTITY,canon_Other_01245,2022
canon_Other_01248,ENTITY_ASSOCIATED_WITH_ENTITY,canon_Method_00030,2022
canon_Other_01248,ENTITY_ASSOCIATED_WITH_ENTITY,canon_Method_01211,2022
canon_Method_01211,ENTITY_ASSOCIATED_WITH_ENTITY,canon_Other_01245,2022
canon_Method_01211,ENTITY_ASSOCIATED_WITH_ENTITY,canon_Method_00030,2022
canon_Method_01211,ENTITY_ASSOCIATED_WITH_ENTITY,canon_Other_01248,2022
canon_Other_01249,ENTITY_ASSOCIATED_WITH_ENTITY,canon_Other_01250,2022
canon_Method_00756,USED_FOR,canon_Material_00002,2022
canon_Other_01255,ENTITY_ASSOCIATED_WITH_ENTITY,canon_Other_01256,2022
canon_Other_01255,ENTITY_ASSOCIATED_WITH_ENTITY,canon_Other_01257,2022
canon_Other_01255,ENTITY_ASSOCIATED_WITH_ENTITY,canon_Other_00134,2022
canon_Other_01256,ENTITY_ASSOCIATED_WITH_ENTITY,canon_Other_01255,2022
canon_Other_01256,ENTITY_ASSOCIATED_WITH_ENTITY,canon_Other_01257,2022
canon_Other_01256,ENTITY_ASSOCIATED_WITH_ENTITY,canon_Other_00134,2022
canon_Other_01257,ENTITY_ASSOCIATED_WITH_ENTITY,canon_Other_01256,2022
canon_Other_01257,ENTITY_ASSOCIATED_WITH_ENTITY,canon_Other_00134,2022
canon_Other_00134,ENTITY_ASSOCIATED_WITH_ENTITY,canon_Other_01256,2022
canon_Other_00134,ENTITY_ASSOCIATED_WITH_ENTITY,canon_Other_01257,2022
canon_Method_00022,METHOD_APPLIED_TO,canon_Task_00144,2022
canon_Material_00009,USED_FOR,canon_Method_00022,2022
canon_Method_00626,ENTITY_ASSOCIATED_WITH_ENTITY,canon_Method_01214,2022
canon_Method_01215,ENTITY_ASSOCIATED_WITH_ENTITY,canon_Method_01214,2022
canon_Material_00051,USED_FOR,canon_Task_00556,2022
canon_Method_00611,METHOD_APPLIED_TO,canon_Task_00029,2022
canon_Material_00607,ENTITY_ASSOCIATED_WITH_ENTITY,canon_Other_01258,2022
canon_Other_01258,ENTITY_ASSOCIATED_WITH_ENTITY,canon_Material_00607,2022
canon_Method_01218,ENTITY_ASSOCIATED_WITH_ENTITY,canon_Method_00081,2022
canon_Method_00204,ENTITY_ASSOCIATED_WITH_ENTITY,canon_Method_00081,2022
canon_Method_00204,ENTITY_ASSOCIATED_WITH_ENTITY,canon_Method_01219,2022
canon_Method_01219,ENTITY_ASSOCIATED_WITH_ENTITY,canon_Method_00081,2022
canon_Other_00163,ENTITY_ASSOCIATED_WITH_ENTITY,canon_Material_00006,2022
canon_Other_00163,ENTITY_ASSOCIATED_WITH_ENTITY,canon_Method_01220,2022
canon_Method_01220,ENTITY_ASSOCIATED_WITH_ENTITY,canon_Material_00006,2022
canon_Method_01221,ENTITY_ASSOCIATED_WITH_ENTITY,canon_Method_01222,2022
canon_Method_01222,ENTITY_ASSOCIATED_WITH_ENTITY,canon_Method_00279,2022
canon_Method_01222,ENTITY_ASSOCIATED_WITH_ENTITY,canon_Other_01259,2022
canon_Method_00279,ENTITY_ASSOCIATED_WITH_ENTITY,canon_Other_01259,2022
canon_Other_01260,ENTITY_ASSOCIATED_WITH_ENTITY,canon_Method_01222,2022
canon_Other_01260,ENTITY_ASSOCIATED_WITH_ENTITY,canon_Method_00279,2022
canon_Other_01260,ENTITY_ASSOCIATED_WITH_ENTITY,canon_Other_01259,2022
canon_Other_01260,ENTITY_ASSOCIATED_WITH_ENTITY,canon_Other_01261,2022
canon_Other_01261,ENTITY_ASSOCIATED_WITH_ENTITY,canon_Method_00279,2022
canon_Other_01261,ENTITY_ASSOCIATED_WITH_ENTITY,canon_Other_01259,2022
canon_Other_01262,ENTITY_ASSOCIATED_WITH_ENTITY,canon_Other_01263,2022
canon_Method_00062,METHOD_APPLIED_TO,canon_Material_00002,2022
canon_Method_01228,USED_FOR,canon_Material_00006,2022
canon_Other_01266,ENTITY_ASSOCIATED_WITH_ENTITY,canon_Material_00006,2022
canon_Other_01266,ENTITY_ASSOCIATED_WITH_ENTITY,canon_Other_01267,2022
canon_Other_01266,ENTITY_ASSOCIATED_WITH_ENTITY,canon_Other_00277,2022
canon_Other_01266,ENTITY_ASSOCIATED_WITH_ENTITY,canon_Other_00300,2022
canon_Other_01266,ENTITY_ASSOCIATED_WITH_ENTITY,canon_Other_01268,2022
canon_Other_00072,ENTITY_ASSOCIATED_WITH_ENTITY,canon_Material_00006,2022
canon_Other_00072,ENTITY_ASSOCIATED_WITH_ENTITY,canon_Other_01267,2022
canon_Other_00072,ENTITY_ASSOCIATED_WITH_ENTITY,canon_Other_00277,2022
canon_Other_00072,ENTITY_ASSOCIATED_WITH_ENTITY,canon_Other_00300,2022
canon_Other_00072,ENTITY_ASSOCIATED_WITH_ENTITY,canon_Other_01268,2022
canon_Other_00072,ENTITY_ASSOCIATED_WITH_ENTITY,canon_Other_01269,2022
canon_Other_00072,ENTITY_ASSOCIATED_WITH_ENTITY,canon_Method_00497,2022
canon_Other_01267,ENTITY_ASSOCIATED_WITH_ENTITY,canon_Material_00006,2022
canon_Other_01267,ENTITY_ASSOCIATED_WITH_ENTITY,canon_Other_00277,2022
canon_Other_01267,ENTITY_ASSOCIATED_WITH_ENTITY,canon_Other_00300,2022
canon_Other_01267,ENTITY_ASSOCIATED_WITH_ENTITY,canon_Other_01268,2022
canon_Other_01267,ENTITY_ASSOCIATED_WITH_ENTITY,canon_Other_01269,2022
canon_Other_01267,ENTITY_ASSOCIATED_WITH_ENTITY,canon_Method_00497,2022
canon_Other_00277,ENTITY_ASSOCIATED_WITH_ENTITY,canon_Material_00006,2022
canon_Other_00277,ENTITY_ASSOCIATED_WITH_ENTITY,canon_Other_01267,2022
canon_Other_00277,ENTITY_ASSOCIATED_WITH_ENTITY,canon_Other_00300,2022
canon_Other_00277,ENTITY_ASSOCIATED_WITH_ENTITY,canon_Other_01268,2022
canon_Other_00277,ENTITY_ASSOCIATED_WITH_ENTITY,canon_Other_01269,2022
canon_Other_00277,ENTITY_ASSOCIATED_WITH_ENTITY,canon_Method_00497,2022
canon_Other_00300,ENTITY_ASSOCIATED_WITH_ENTITY,canon_Material_00006,2022
canon_Other_00300,ENTITY_ASSOCIATED_WITH_ENTITY,canon_Other_01267,2022
canon_Other_00300,ENTITY_ASSOCIATED_WITH_ENTITY,canon_Other_00277,2022
canon_Other_00300,ENTITY_ASSOCIATED_WITH_ENTITY,canon_Other_01268,2022
canon_Other_00300,ENTITY_ASSOCIATED_WITH_ENTITY,canon_Other_01269,2022
canon_Other_00300,ENTITY_ASSOCIATED_WITH_ENTITY,canon_Method_00497,2022
canon_Other_01268,ENTITY_ASSOCIATED_WITH_ENTITY,canon_Material_00006,2022
canon_Other_01268,ENTITY_ASSOCIATED_WITH_ENTITY,canon_Other_01267,2022
canon_Other_01268,ENTITY_ASSOCIATED_WITH_ENTITY,canon_Other_00277,2022
canon_Other_01268,ENTITY_ASSOCIATED_WITH_ENTITY,canon_Other_00300,2022
canon_Other_01268,ENTITY_ASSOCIATED_WITH_ENTITY,canon_Other_01269,2022
canon_Other_01268,ENTITY_ASSOCIATED_WITH_ENTITY,canon_Method_00497,2022
canon_Other_01269,ENTITY_ASSOCIATED_WITH_ENTITY,canon_Material_00006,2022
canon_Other_01269,ENTITY_ASSOCIATED_WITH_ENTITY,canon_Other_01267,2022
canon_Other_01269,ENTITY_ASSOCIATED_WITH_ENTITY,canon_Other_00277,2022
canon_Other_01269,ENTITY_ASSOCIATED_WITH_ENTITY,canon_Other_00300,2022
canon_Other_01269,ENTITY_ASSOCIATED_WITH_ENTITY,canon_Other_01268,2022
canon_Other_01269,ENTITY_ASSOCIATED_WITH_ENTITY,canon_Method_00497,2022
canon_Method_00497,ENTITY_ASSOCIATED_WITH_ENTITY,canon_Material_00006,2022
canon_Method_00497,ENTITY_ASSOCIATED_WITH_ENTITY,canon_Other_01267,2022
canon_Method_00497,ENTITY_ASSOCIATED_WITH_ENTITY,canon_Other_00277,2022
canon_Method_00497,ENTITY_ASSOCIATED_WITH_ENTITY,canon_Other_00300,2022
canon_Method_00497,ENTITY_ASSOCIATED_WITH_ENTITY,canon_Other_01268,2022
canon_Method_00497,ENTITY_ASSOCIATED_WITH_ENTITY,canon_Other_01269,2022
canon_Other_01271,ENTITY_ASSOCIATED_WITH_ENTITY,canon_Other_01272,2022
canon_Material_00608,USED_FOR,canon_Other_01272,2022
canon_Material_00001,USED_FOR,canon_Material_00625,2022
canon_Other_00005,USED_FOR,canon_Material_00609,2022
canon_Method_01229,USED_FOR,canon_Other_00005,2022
canon_Method_01229,ENTITY_ASSOCIATED_WITH_ENTITY,canon_Method_01230,2022
canon_Method_01230,USED_FOR,canon_Other_00005,2022
canon_Method_00142,ENTITY_ASSOCIATED_WITH_ENTITY,canon_Other_00026,2022
canon_Other_01271,ENTITY_ASSOCIATED_WITH_ENTITY,canon_Other_00026,2022
canon_Other_01271,ENTITY_ASSOCIATED_WITH_ENTITY,canon_Other_01272,2022
canon_Other_01272,ENTITY_ASSOCIATED_WITH_ENTITY,canon_Other_00026,2022
canon_Material_00012,USED_FOR,canon_Method_00142,2022
canon_Material_00012,USED_FOR,canon_Other_00026,2022
canon_Material_00012,USED_FOR,canon_Other_01272,2022
canon_Material_00913,ENTITY_ASSOCIATED_WITH_ENTITY,canon_Other_01275,2022
canon_Other_01275,USED_FOR,canon_Other_01274,2022
canon_Method_00005,ENTITY_ASSOCIATED_WITH_ENTITY,canon_Method_00058,2022
canon_Other_01276,ENTITY_ASSOCIATED_WITH_ENTITY,canon_Material_00006,2022
canon_Other_01276,ENTITY_ASSOCIATED_WITH_ENTITY,canon_Other_01277,2022
canon_Material_00006,ENTITY_ASSOCIATED_WITH_ENTITY,canon_Other_01276,2022
canon_Material_00006,ENTITY_ASSOCIATED_WITH_ENTITY,canon_Other_01277,2022
canon_Other_01277,ENTITY_ASSOCIATED_WITH_ENTITY,canon_Other_01276,2022
canon_Other_01277,ENTITY_ASSOCIATED_WITH_ENTITY,canon_Material_00006,2022
canon_Method_01234,USED_FOR,canon_Method_00236,2022
canon_Other_01280,ENTITY_ASSOCIATED_WITH_ENTITY,canon_Other_01281,2022
canon_Other_01281,ENTITY_ASSOCIATED_WITH_ENTITY,canon_Other_01280,2022
canon_Method_01236,METHOD_APPLIED_TO,canon_Task_00069,2022
canon_Method_00032,USED_FOR,canon_Method_01236,2022
canon_Method_01236,USED_FOR,canon_Task_00069,2022
canon_Method_00032,METHOD_APPLIED_TO,canon_Method_01236,2022
canon_Method_01237,USED_FOR,canon_Method_00008,2022
canon_Method_01238,ENTITY_ASSOCIATED_WITH_ENTITY,canon_Method_01237,2022
canon_Method_01238,ENTITY_ASSOCIATED_WITH_ENTITY,canon_Method_00008,2022
canon_Method_00008,USED_FOR,canon_Method_01237,2022
canon_Method_01239,USED_FOR,canon_Method_00044,2022
canon_Material_00097,ENTITY_ASSOCIATED_WITH_ENTITY,canon_Method_01243,2022
canon_Material_00097,ENTITY_ASSOCIATED_WITH_ENTITY,canon_Method_00178,2022
canon_Method_01243,ENTITY_ASSOCIATED_WITH_ENTITY,canon_Method_00178,2022
canon_Method_01243,ENTITY_ASSOCIATED_WITH_ENTITY,canon_Method_00007,2022
canon_Method_00178,ENTITY_ASSOCIATED_WITH_ENTITY,canon_Method_01243,2022
canon_Method_00178,ENTITY_ASSOCIATED_WITH_ENTITY,canon_Method_00007,2022
canon_Method_00178,ENTITY_ASSOCIATED_WITH_ENTITY,canon_Method_00003,2022
canon_Method_00007,ENTITY_ASSOCIATED_WITH_ENTITY,canon_Method_00178,2022
canon_Method_00007,ENTITY_ASSOCIATED_WITH_ENTITY,canon_Method_00003,2022
canon_Method_00003,ENTITY_ASSOCIATED_WITH_ENTITY,canon_Method_00007,2022
canon_Method_00003,METHOD_APPLIED_TO,canon_Task_00560,2022
canon_Method_00281,METHOD_APPLIED_TO,canon_Material_00006,2022
canon_Material_00913,ENTITY_ASSOCIATED_WITH_ENTITY,canon_Other_01282,2022
canon_Method_01245,USED_FOR,canon_Other_01282,2022
canon_Method_01245,USED_FOR,canon_Material_00913,2022
canon_Material_00007,ENTITY_ASSOCIATED_WITH_ENTITY,canon_Material_00002,2022
canon_Material_00002,ENTITY_ASSOCIATED_WITH_ENTITY,canon_Material_00007,2022
canon_Other_01283,ENTITY_ASSOCIATED_WITH_ENTITY,canon_Other_00159,2022
canon_Material_00020,ENTITY_ASSOCIATED_WITH_ENTITY,canon_Material_00611,2022
canon_Material_00020,ENTITY_ASSOCIATED_WITH_ENTITY,canon_Material_00016,2022
canon_Material_00020,ENTITY_ASSOCIATED_WITH_ENTITY,canon_Material_00179,2022
canon_Material_00016,ENTITY_ASSOCIATED_WITH_ENTITY,canon_Material_00611,2022
canon_Material_00016,ENTITY_ASSOCIATED_WITH_ENTITY,canon_Material_00020,2022
canon_Material_00016,ENTITY_ASSOCIATED_WITH_ENTITY,canon_Material_00179,2022
canon_Material_00179,ENTITY_ASSOCIATED_WITH_ENTITY,canon_Material_00611,2022
canon_Material_00179,ENTITY_ASSOCIATED_WITH_ENTITY,canon_Material_00016,2022
canon_Method_01247,METHOD_APPLIED_TO,canon_Material_00028,2022
canon_Method_01249,ENTITY_ASSOCIATED_WITH_ENTITY,canon_Method_01250,2022
canon_Method_01250,USED_FOR,canon_Method_01248,2022
canon_Material_00012,USED_FOR,canon_Other_00323,2022
canon_Method_00283,ENTITY_ASSOCIATED_WITH_ENTITY,canon_Material_00001,2022
canon_Material_00612,ENTITY_ASSOCIATED_WITH_ENTITY,canon_Material_00613,2022
canon_Method_00049,METHOD_APPLIED_TO,canon_Material_00613,2022
canon_Method_00049,USED_FOR,canon_Method_00287,2022
canon_Other_01284,USED_FOR,canon_Method_00282,2022
canon_Method_00282,ENTITY_ASSOCIATED_WITH_ENTITY,canon_Task_00562,2022
canon_Method_00282,ENTITY_ASSOCIATED_WITH_ENTITY,canon_Task_00563,2022
canon_Task_00562,ENTITY_ASSOCIATED_WITH_ENTITY,canon_Method_00282,2022
canon_Task_00562,ENTITY_ASSOCIATED_WITH_ENTITY,canon_Task_00563,2022
canon_Task_00563,ENTITY_ASSOCIATED_WITH_ENTITY,canon_Task_00562,2022
canon_Material_00614,USED_FOR,canon_Task_00564,2022
canon_Other_01285,USED_FOR,canon_Task_00564,2022
canon_Other_01287,ENTITY_ASSOCIATED_WITH_ENTITY,canon_Material_00616,2022
canon_Method_00008,ENTITY_ASSOCIATED_WITH_ENTITY,canon_Method_00001,2022
canon_Material_00617,USED_FOR,canon_Material_00001,2022
canon_Material_00001,USED_FOR,canon_Material_00059,2022
canon_Other_01288,ENTITY_ASSOCIATED_WITH_ENTITY,canon_Other_01289,2022
canon_Method_00063,ENTITY_ASSOCIATED_WITH_ENTITY,canon_Method_00003,2022
canon_Method_00063,ENTITY_ASSOCIATED_WITH_ENTITY,canon_Method_00001,2022
canon_Method_00003,ENTITY_ASSOCIATED_WITH_ENTITY,canon_Method_00001,2022
canon_Method_00001,ENTITY_ASSOCIATED_WITH_ENTITY,canon_Method_00003,2022
canon_Method_00001,ENTITY_ASSOCIATED_WITH_ENTITY,canon_Method_00283,2022
canon_Method_00283,ENTITY_ASSOCIATED_WITH_ENTITY,canon_Method_00235,2022
canon_Method_00063,METHOD_APPLIED_TO,canon_Material_00060,2022
canon_Method_01252,USED_FOR,canon_Material_00076,2022
canon_Method_01252,ENTITY_ASSOCIATED_WITH_ENTITY,canon_Method_00001,2022
canon_Method_00001,USED_FOR,canon_Material_00076,2022
canon_Material_00619,USED_FOR,canon_Method_00001,2022
canon_Other_01290,ENTITY_ASSOCIATED_WITH_ENTITY,canon_Other_00308,2022
canon_Material_00181,USED_FOR,canon_Other_01291,2022
canon_Method_00084,METHOD_APPLIED_TO,canon_Method_00296,2022
canon_Method_00084,METHOD_APPLIED_TO,canon_Material_00622,2022
canon_Material_00623,USED_FOR,canon_Method_01254,2022
canon_Method_01256,METHOD_EVALUATED_BY,canon_Other_00023,2022
canon_Material_00624,USED_FOR,canon_Method_00001,2022
canon_Method_00003,METHOD_APPLIED_TO,canon_Method_00001,2022
canon_Method_00003,METHOD_APPLIED_TO,canon_Material_00624,2022
canon_Material_00003,ENTITY_ASSOCIATED_WITH_ENTITY,canon_Material_00071,2022
canon_Other_00035,USED_FOR,canon_Task_00566,2022
canon_Other_00008,USED_FOR,canon_Task_00002,2022
canon_Method_01257,ENTITY_ASSOCIATED_WITH_ENTITY,canon_Other_00008,2022
canon_Method_01257,USED_FOR,canon_Method_00001,2022
canon_Method_00019,USED_FOR,canon_Other_00009,2022
canon_Method_00021,USED_FOR,canon_Other_00009,2022
canon_Method_00021,ENTITY_ASSOCIATED_WITH_ENTITY,canon_Method_00019,2022
canon_Method_00135,USED_FOR,canon_Other_00009,2022
canon_Method_00135,ENTITY_ASSOCIATED_WITH_ENTITY,canon_Method_00019,2022
canon_Method_01258,ENTITY_ASSOCIATED_WITH_ENTITY,canon_Method_00019,2022
canon_Method_01258,ENTITY_ASSOCIATED_WITH_ENTITY,canon_Method_00284,2022
canon_Method_01258,ENTITY_ASSOCIATED_WITH_ENTITY,canon_Method_00139,2022
canon_Method_00284,ENTITY_ASSOCIATED_WITH_ENTITY,canon_Method_00019,2022
canon_Method_00284,ENTITY_ASSOCIATED_WITH_ENTITY,canon_Method_01258,2022
canon_Method_00284,ENTITY_ASSOCIATED_WITH_ENTITY,canon_Method_00139,2022
canon_Method_00139,ENTITY_ASSOCIATED_WITH_ENTITY,canon_Method_00019,2022
canon_Method_00139,ENTITY_ASSOCIATED_WITH_ENTITY,canon_Method_00284,2022
canon_Method_00296,ENTITY_ASSOCIATED_WITH_ENTITY,canon_Task_00567,2022
canon_Method_00296,ENTITY_ASSOCIATED_WITH_ENTITY,canon_Method_00799,2022
canon_Task_00567,ENTITY_ASSOCIATED_WITH_ENTITY,canon_Method_00799,2022
canon_Method_00799,ENTITY_ASSOCIATED_WITH_ENTITY,canon_Task_00567,2022
canon_Other_00324,USED_FOR,canon_Other_01292,2022
canon_Method_00648,USED_FOR,canon_Other_00324,2022
canon_Method_01259,USED_FOR,canon_Other_00324,2022
canon_Material_00002,METHOD_EVALUATED_BY,canon_Method_00285,2022
canon_Method_00286,USED_FOR,canon_Other_01293,2022
canon_Method_01262,USED_FOR,canon_Material_00002,2022
canon_Material_00040,USED_FOR,canon_Method_01262,2022
canon_Material_00003,ENTITY_ASSOCIATED_WITH_ENTITY,canon_Material_00001,2022
canon_Material_00002,ENTITY_ASSOCIATED_WITH_ENTITY,canon_Material_00001,2022
canon_Method_00131,USED_FOR,canon_Material_00002,2022
canon_Material_00627,USED_FOR,canon_Material_00073,2022
canon_Material_00073,USED_FOR,canon_Method_00001,2022
canon_Material_00628,USED_FOR,canon_Method_01263,2022
canon_Method_01264,METHOD_APPLIED_TO,canon_Material_00013,2022
canon_Other_00191,USED_FOR,canon_Other_01294,2022
canon_Material_00630,USED_FOR,canon_Other_00191,2022
canon_Other_01295,ENTITY_ASSOCIATED_WITH_ENTITY,canon_Method_01265,2022
canon_Material_00025,ENTITY_ASSOCIATED_WITH_ENTITY,canon_Material_00631,2022
canon_Material_00634,ENTITY_ASSOCIATED_WITH_ENTITY,canon_Material_00635,2022
canon_Other_01298,USED_FOR,canon_Material_00066,2022
canon_Material_00066,USED_FOR,canon_Task_00569,2022
canon_Task_00569,ENTITY_ASSOCIATED_WITH_ENTITY,canon_Task_00570,2022
canon_Material_00636,ENTITY_ASSOCIATED_WITH_ENTITY,canon_Other_01299,2022
canon_Method_01271,USED_FOR,canon_Other_01300,2022
canon_Method_01272,ENTITY_ASSOCIATED_WITH_ENTITY,canon_Method_01273,2022
canon_Method_01273,ENTITY_ASSOCIATED_WITH_ENTITY,canon_Method_01274,2022
canon_Method_01273,ENTITY_ASSOCIATED_WITH_ENTITY,canon_Method_01275,2022
canon_Method_01273,USED_FOR,canon_Other_01301,2022
canon_Method_01274,ENTITY_ASSOCIATED_WITH_ENTITY,canon_Method_01275,2022
canon_Method_01274,USED_FOR,canon_Other_01301,2022
canon_Method_01275,USED_FOR,canon_Other_01301,2022
canon_Other_01302,ENTITY_ASSOCIATED_WITH_ENTITY,canon_Other_01303,2022
canon_Material_00183,USED_FOR,canon_Method_00296,2022
canon_Material_00637,USED_FOR,canon_Method_00296,2022
canon_Material_00001,USED_FOR,canon_Method_00296,2022
canon_Material_00001,ENTITY_ASSOCIATED_WITH_ENTITY,canon_Material_00637,2022
canon_Material_00102,USED_FOR,canon_Material_00002,2022
canon_Method_00120,ENTITY_ASSOCIATED_WITH_ENTITY,canon_Material_00639,2022
canon_Material_00639,USED_FOR,canon_Method_00001,2022
canon_Material_00002,ENTITY_ASSOCIATED_WITH_ENTITY,canon_Material_00640,2022
canon_Other_00003,USED_FOR,canon_Method_00001,2022
canon_Material_00641,USED_FOR,canon_Other_00003,2022
canon_Metric_00104,METHOD_EVALUATED_BY,canon_Other_00006,2022
canon_Metric_00105,METHOD_EVALUATED_BY,canon_Other_00006,2022
canon_Method_00087,METHOD_APPLIED_TO,canon_Task_00571,2022
canon_Material_00003,USED_FOR,canon_Material_00011,2022
canon_Material_00001,USED_FOR,canon_Material_00002,2022
canon_Material_00017,USED_FOR,canon_Method_00296,2022
canon_Material_00002,USED_FOR,canon_Method_00296,2022
canon_Material_00002,USED_FOR,canon_Material_00017,2022
canon_Method_00061,ENTITY_ASSOCIATED_WITH_ENTITY,canon_Method_00273,2022
canon_Method_00061,METHOD_APPLIED_TO,canon_Task_00099,2022
canon_Method_00273,METHOD_APPLIED_TO,canon_Task_00099,2022
canon_Method_00273,USED_FOR,canon_Method_00144,2022
canon_Material_00003,USED_FOR,canon_Task_00099,2022
canon_Material_00003,ENTITY_ASSOCIATED_WITH_ENTITY,canon_Material_00008,2022
canon_Material_00008,USED_FOR,canon_Task_00099,2022
canon_Material_00008,USED_FOR,canon_Method_00144,2022
canon_Method_00144,ENTITY_ASSOCIATED_WITH_ENTITY,canon_Method_00273,2022
canon_Method_00144,METHOD_APPLIED_TO,canon_Task_00099,2022
canon_Method_00144,METHOD_APPLIED_TO,canon_Material_00003,2022
canon_Method_00144,METHOD_APPLIED_TO,canon_Material_00008,2022
canon_Material_00040,USED_FOR,canon_Method_00001,2022
canon_Material_00040,USED_FOR,canon_Material_00002,2022
canon_Material_00040,USED_FOR,canon_Method_00001,2022
canon_Other_00009,USED_FOR,canon_Method_00001,2022
canon_Task_00572,ENTITY_ASSOCIATED_WITH_ENTITY,canon_Method_01276,2022
canon_Method_01276,ENTITY_ASSOCIATED_WITH_ENTITY,canon_Method_00287,2022
canon_Method_01276,ENTITY_ASSOCIATED_WITH_ENTITY,canon_Method_01277,2022
canon_Method_00287,ENTITY_ASSOCIATED_WITH_ENTITY,canon_Method_01277,2022
canon_Method_01277,ENTITY_ASSOCIATED_WITH_ENTITY,canon_Method_00287,2022
canon_Material_00001,ENTITY_ASSOCIATED_WITH_ENTITY,canon_Method_00001,2022
canon_Other_01306,ENTITY_ASSOCIATED_WITH_ENTITY,canon_Material_00003,2022
canon_Other_01306,ENTITY_ASSOCIATED_WITH_ENTITY,canon_Other_01307,2022
canon_Other_01306,ENTITY_ASSOCIATED_WITH_ENTITY,canon_Material_00642,2022
canon_Other_01307,USED_FOR,canon_Material_00003,2022
canon_Other_01307,USED_FOR,canon_Other_01306,2022
canon_Other_01307,ENTITY_ASSOCIATED_WITH_ENTITY,canon_Material_00642,2022
canon_Material_00642,USED_FOR,canon_Other_01305,2022
canon_Material_00642,USED_FOR,canon_Material_00003,2022
canon_Material_00642,USED_FOR,canon_Other_01306,2022
canon_Material_00642,ENTITY_ASSOCIATED_WITH_ENTITY,canon_Other_01307,2022
canon_Material_00002,USED_FOR,canon_Method_00001,2022
canon_Material_00001,USED_FOR,canon_Method_00001,2022
canon_Method_00001,USED_FOR,canon_Other_00003,2022
canon_Other_00009,USED_FOR,canon_Method_00296,2022
canon_Material_00643,ENTITY_ASSOCIATED_WITH_ENTITY,canon_Method_00296,2022
canon_Material_00259,ENTITY_ASSOCIATED_WITH_ENTITY,canon_Method_01280,2022
canon_Material_00259,ENTITY_ASSOCIATED_WITH_ENTITY,canon_Method_01281,2022
canon_Method_01280,ENTITY_ASSOCIATED_WITH_ENTITY,canon_Method_01281,2022
canon_Method_01282,ENTITY_ASSOCIATED_WITH_ENTITY,canon_Method_01283,2022
canon_Method_01284,ENTITY_ASSOCIATED_WITH_ENTITY,canon_Method_00025,2022
canon_Method_00063,ENTITY_ASSOCIATED_WITH_ENTITY,canon_Task_00575,2022
canon_Method_00001,ENTITY_ASSOCIATED_WITH_ENTITY,canon_Task_00575,2022
canon_Method_01285,USED_FOR,canon_Method_00001,2022
canon_Method_01285,USED_FOR,canon_Method_00288,2022
canon_Method_01286,USED_FOR,canon_Method_01287,2022
canon_Method_01286,ENTITY_ASSOCIATED_WITH_ENTITY,canon_Method_01288,2022
canon_Method_01286,ENTITY_ASSOCIATED_WITH_ENTITY,canon_Method_01289,2022
canon_Method_01287,ENTITY_ASSOCIATED_WITH_ENTITY,canon_Method_01288,2022
canon_Method_01287,ENTITY_ASSOCIATED_WITH_ENTITY,canon_Method_01289,2022
canon_Method_01288,ENTITY_ASSOCIATED_WITH_ENTITY,canon_Method_01286,2022
canon_Method_01288,ENTITY_ASSOCIATED_WITH_ENTITY,canon_Method_01287,2022
canon_Method_01288,ENTITY_ASSOCIATED_WITH_ENTITY,canon_Method_01289,2022
canon_Method_01289,ENTITY_ASSOCIATED_WITH_ENTITY,canon_Method_01286,2022
canon_Method_01289,USED_FOR,canon_Method_01287,2022
canon_Method_01289,ENTITY_ASSOCIATED_WITH_ENTITY,canon_Method_01288,2022
canon_Method_01290,ENTITY_ASSOCIATED_WITH_ENTITY,canon_Material_00001,2022
canon_Method_00025,USED_FOR,canon_Method_01291,2022
canon_Material_00645,USED_FOR,canon_Method_00025,2022
canon_Material_00645,USED_FOR,canon_Method_01291,2022
canon_Material_00646,ENTITY_ASSOCIATED_WITH_ENTITY,canon_Material_00647,2022
canon_Material_00647,ENTITY_ASSOCIATED_WITH_ENTITY,canon_Material_00646,2022
canon_Material_00038,USED_FOR,canon_Method_00921,2022
canon_Material_00068,ENTITY_ASSOCIATED_WITH_ENTITY,canon_Material_00648,2022
canon_Metric_00129,ENTITY_ASSOCIATED_WITH_ENTITY,canon_Material_00648,2022
canon_Method_00289,USED_FOR,canon_Material_00002,2022
canon_Method_00289,ENTITY_ASSOCIATED_WITH_ENTITY,canon_Method_00001,2022
canon_Method_01294,USED_FOR,canon_Method_01293,2022
canon_Method_01294,USED_FOR,canon_Method_01289,2022
canon_Method_01289,USED_FOR,canon_Method_01293,2022
canon_Method_00289,ENTITY_ASSOCIATED_WITH_ENTITY,canon_Method_00001,2022
canon_Method_00001,USED_FOR,canon_Method_00144,2022
canon_Material_00012,USED_FOR,canon_Method_00144,2022
canon_Material_00003,USED_FOR,canon_Method_00144,2022
canon_Material_00003,USED_FOR,canon_Method_00001,2022
canon_Material_00651,USED_FOR,canon_Material_00001,2022
canon_Material_00651,USED_FOR,canon_Material_00002,2022
canon_Material_00002,ENTITY_ASSOCIATED_WITH_ENTITY,canon_Material_00651,2022
canon_Material_00040,USED_FOR,canon_Material_00026,2022
canon_Method_00145,USED_FOR,canon_Method_01296,2022
canon_Material_00003,ENTITY_ASSOCIATED_WITH_ENTITY,canon_Material_00001,2022
canon_Method_01297,METHOD_APPLIED_TO,canon_Task_00161,2022
canon_Material_00040,USED_FOR,canon_Task_00161,2022
canon_Method_01298,USED_FOR,canon_Method_01297,2022
canon_Method_01298,METHOD_APPLIED_TO,canon_Task_00161,2022
canon_Material_00003,ENTITY_ASSOCIATED_WITH_ENTITY,canon_Material_00039,2022
canon_Other_00003,USED_FOR,canon_Material_00002,2022
canon_Method_01299,USED_FOR,canon_Other_00003,2022
canon_Method_01299,USED_FOR,canon_Material_00002,2022
canon_Method_01299,METHOD_APPLIED_TO,canon_Material_00073,2022
canon_Material_00073,USED_FOR,canon_Other_00003,2022
canon_Material_00073,USED_FOR,canon_Method_01299,2022
canon_Method_00061,ENTITY_ASSOCIATED_WITH_ENTITY,canon_Method_00021,2022
canon_Method_00061,ENTITY_ASSOCIATED_WITH_ENTITY,canon_Method_01300,2022
canon_Method_00021,ENTITY_ASSOCIATED_WITH_ENTITY,canon_Method_01300,2022
canon_Method_00021,ENTITY_ASSOCIATED_WITH_ENTITY,canon_Other_00011,2022
canon_Method_00021,ENTITY_ASSOCIATED_WITH_ENTITY,canon_Method_00061,2022
canon_Metric_00001,METHOD_EVALUATED_BY,canon_Other_00011,2022
canon_Metric_00001,METHOD_EVALUATED_BY,canon_Method_00021,2022
canon_Metric_00001,METHOD_EVALUATED_BY,canon_Method_00061,2022
canon_Material_00003,METHOD_EVALUATED_BY,canon_Other_00003,2022
canon_Material_00001,USED_FOR,canon_Method_00001,2022
canon_Method_00003,METHOD_APPLIED_TO,canon_Method_00001,2022
canon_Method_00003,USED_FOR,canon_Material_00002,2022
canon_Other_00003,USED_FOR,canon_Method_00296,2022
canon_Material_00001,USED_FOR,canon_Method_00296,2022
canon_Material_00001,USED_FOR,canon_Material_00007,2022
canon_Method_00284,ENTITY_ASSOCIATED_WITH_ENTITY,canon_Method_00021,2022
canon_Method_00021,ENTITY_ASSOCIATED_WITH_ENTITY,canon_Method_00284,2022
canon_Method_01301,ENTITY_ASSOCIATED_WITH_ENTITY,canon_Method_00021,2022
canon_Metric_00106,METHOD_EVALUATED_BY,canon_Method_01301,2022
canon_Metric_00106,METHOD_EVALUATED_BY,canon_Method_00021,2022
canon_Metric_00056,METHOD_EVALUATED_BY,canon_Method_01301,2022
canon_Metric_00056,METHOD_EVALUATED_BY,canon_Method_00021,2022
canon_Method_00296,USED_FOR,canon_Material_00002,2022
canon_Material_00040,USED_FOR,canon_Method_00296,2022
canon_Material_00098,USED_FOR,canon_Material_00653,2022
canon_Method_00086,ENTITY_ASSOCIATED_WITH_ENTITY,canon_Method_00063,2022
canon_Method_00086,ENTITY_ASSOCIATED_WITH_ENTITY,canon_Method_00061,2022
canon_Method_00061,ENTITY_ASSOCIATED_WITH_ENTITY,canon_Method_00063,2022
canon_Method_00061,ENTITY_ASSOCIATED_WITH_ENTITY,canon_Method_00021,2022
canon_Method_00021,ENTITY_ASSOCIATED_WITH_ENTITY,canon_Method_00063,2022
canon_Method_01302,USED_FOR,canon_Material_00002,2022
canon_Material_00026,ENTITY_ASSOCIATED_WITH_ENTITY,canon_Material_00017,2022
canon_Material_00007,ENTITY_ASSOCIATED_WITH_ENTITY,canon_Material_00017,2022
canon_Material_00007,ENTITY_ASSOCIATED_WITH_ENTITY,canon_Material_00002,2022
canon_Material_00001,USED_FOR,canon_Material_00002,2022
canon_Material_00003,USED_FOR,canon_Material_00002,2022
canon_Material_00003,ENTITY_ASSOCIATED_WITH_ENTITY,canon_Material_00001,2022
canon_Material_00003,USED_FOR,canon_Other_01310,2022
canon_Method_01304,METHOD_APPLIED_TO,canon_Task_00002,2022
canon_Other_00006,USED_FOR,canon_Material_00098,2022
canon_Material_00001,USED_FOR,canon_Material_00098,2022
canon_Method_00025,METHOD_APPLIED_TO,canon_Method_00001,2022
canon_Material_00184,USED_FOR,canon_Method_00001,2022
canon_Material_00185,ENTITY_ASSOCIATED_WITH_ENTITY,canon_Method_00001,2022
canon_Material_00185,ENTITY_ASSOCIATED_WITH_ENTITY,canon_Material_00184,2022
canon_Material_00101,USED_FOR,canon_Method_00001,2022
canon_Material_00101,ENTITY_ASSOCIATED_WITH_ENTITY,canon_Material_00184,2022
canon_Method_00019,METHOD_APPLIED_TO,canon_Material_00025,2022
canon_Method_00090,USED_FOR,canon_Other_00003,2022
canon_Method_00090,USED_FOR,canon_Method_00290,2022
canon_Method_00061,USED_FOR,canon_Method_01306,2022
canon_Method_00036,USED_FOR,canon_Method_01307,2022
canon_Method_01309,ENTITY_ASSOCIATED_WITH_ENTITY,canon_Task_00576,2022
canon_Material_00656,ENTITY_ASSOCIATED_WITH_ENTITY,canon_Material_00070,2022
canon_Method_01311,METHOD_APPLIED_TO,canon_Method_00296,2022
canon_Material_00003,ENTITY_ASSOCIATED_WITH_ENTITY,canon_Material_00001,2022
canon_Material_00003,USED_FOR,canon_Method_01312,2022
canon_Method_01312,METHOD_APPLIED_TO,canon_Material_00003,2022
canon_Method_01313,USED_FOR,canon_Method_00004,2022
canon_Other_00006,USED_FOR,canon_Method_00004,2022
canon_Other_00006,USED_FOR,canon_Method_00049,2022
canon_Method_00001,METHOD_APPLIED_TO,canon_Material_00026,2022
canon_Method_00043,METHOD_APPLIED_TO,canon_Method_00587,2022
canon_Material_00010,ENTITY_ASSOCIATED_WITH_ENTITY,canon_Method_00587,2022
canon_Method_00049,METHOD_APPLIED_TO,canon_Material_00017,2022
canon_Material_00071,USED_FOR,canon_Method_00587,2022
canon_Material_00071,USED_FOR,canon_Method_00291,2022
canon_Method_00291,METHOD_APPLIED_TO,canon_Material_00017,2022
canon_Method_00291,METHOD_APPLIED_TO,canon_Method_00587,2022
canon_Method_01314,METHOD_APPLIED_TO,canon_Method_00587,2022
canon_Method_01314,USED_FOR,canon_Method_00291,2022
canon_Method_01314,ENTITY_ASSOCIATED_WITH_ENTITY,canon_Method_00081,2022
canon_Method_01314,ENTITY_ASSOCIATED_WITH_ENTITY,canon_Method_01315,2022
canon_Method_00081,METHOD_APPLIED_TO,canon_Method_00587,2022
canon_Method_00081,USED_FOR,canon_Method_00291,2022
canon_Method_00081,ENTITY_ASSOCIATED_WITH_ENTITY,canon_Method_01315,2022
canon_Method_01315,USED_FOR,canon_Other_00005,2022
canon_Method_01315,METHOD_APPLIED_TO,canon_Method_00587,2022
canon_Method_01315,USED_FOR,canon_Method_00291,2022
canon_Method_01315,ENTITY_ASSOCIATED_WITH_ENTITY,canon_Method_00081,2022
canon_Material_00038,METHOD_EVALUATED_BY,canon_Method_00291,2022
canon_Method_00291,USED_FOR,canon_Material_00002,2022
canon_Method_00291,ENTITY_ASSOCIATED_WITH_ENTITY,canon_Method_00007,2022
canon_Method_00007,USED_FOR,canon_Material_00002,2022
canon_Method_01316,USED_FOR,canon_Material_00002,2022
canon_Material_00008,ENTITY_ASSOCIATED_WITH_ENTITY,canon_Material_00071,2022
canon_Material_00008,ENTITY_ASSOCIATED_WITH_ENTITY,canon_Material_00003,2022
canon_Material_00001,USED_FOR,canon_Method_00001,2022
canon_Metric_00001,METHOD_EVALUATED_BY,canon_Method_01316,2022
canon_Method_01317,USED_FOR,canon_Method_01318,2022
canon_Method_01319,ENTITY_ASSOCIATED_WITH_ENTITY,canon_Method_01318,2022
canon_Method_01319,ENTITY_ASSOCIATED_WITH_ENTITY,canon_Method_01320,2022
canon_Method_01320,ENTITY_ASSOCIATED_WITH_ENTITY,canon_Method_01318,2022
canon_Method_01320,ENTITY_ASSOCIATED_WITH_ENTITY,canon_Method_01321,2022
canon_Method_01321,ENTITY_ASSOCIATED_WITH_ENTITY,canon_Method_01318,2022
canon_Method_01321,ENTITY_ASSOCIATED_WITH_ENTITY,canon_Method_01320,2022
canon_Other_00009,USED_FOR,canon_Method_01243,2022
canon_Method_01323,METHOD_APPLIED_TO,canon_Method_01243,2022
canon_Method_01323,METHOD_APPLIED_TO,canon_Task_00091,2022
canon_Method_01324,USED_FOR,canon_Other_00009,2022
canon_Method_01324,USED_FOR,canon_Method_01323,2022
canon_Method_01324,METHOD_APPLIED_TO,canon_Task_00091,2022
canon_Other_00323,ENTITY_ASSOCIATED_WITH_ENTITY,canon_Other_01316,2022
canon_Method_01325,METHOD_APPLIED_TO,canon_Material_00038,2022
canon_Other_01318,ENTITY_ASSOCIATED_WITH_ENTITY,canon_Other_01319,2022
canon_Other_01319,ENTITY_ASSOCIATED_WITH_ENTITY,canon_Other_01320,2022
canon_Material_00003,USED_FOR,canon_Material_00073,2022
canon_Method_00001,USED_FOR,canon_Material_00002,2022
canon_Material_00001,USED_FOR,canon_Method_00001,2022
canon_Material_00001,USED_FOR,canon_Material_00002,2022
canon_Method_00001,ENTITY_ASSOCIATED_WITH_ENTITY,canon_Method_00131,2022
canon_Material_00047,USED_FOR,canon_Method_00131,2022
canon_Material_00017,ENTITY_ASSOCIATED_WITH_ENTITY,canon_Method_00089,2022
canon_Material_00017,USED_FOR,canon_Task_00577,2022
canon_Material_00017,USED_FOR,canon_Method_00285,2022
canon_Method_00089,METHOD_APPLIED_TO,canon_Task_00577,2022
canon_Method_00089,USED_FOR,canon_Method_00285,2022
canon_Material_00004,METHOD_EVALUATED_BY,canon_Task_00577,2022
canon_Material_00004,METHOD_EVALUATED_BY,canon_Method_00285,2022
canon_Method_00286,USED_FOR,canon_Other_01321,2022
canon_Method_01326,METHOD_APPLIED_TO,canon_Material_00004,2022
canon_Material_00878,ENTITY_ASSOCIATED_WITH_ENTITY,canon_Task_00024,2022
canon_Material_00878,ENTITY_ASSOCIATED_WITH_ENTITY,canon_Task_00024,2022
canon_Material_00658,ENTITY_ASSOCIATED_WITH_ENTITY,canon_Material_00659,2022
canon_Material_00659,ENTITY_ASSOCIATED_WITH_ENTITY,canon_Material_00103,2022
canon_Material_00659,ENTITY_ASSOCIATED_WITH_ENTITY,canon_Material_00016,2022
canon_Material_00103,ENTITY_ASSOCIATED_WITH_ENTITY,canon_Material_00659,2022
canon_Material_00103,ENTITY_ASSOCIATED_WITH_ENTITY,canon_Material_00016,2022
canon_Material_00016,ENTITY_ASSOCIATED_WITH_ENTITY,canon_Material_00660,2022
canon_Material_00016,ENTITY_ASSOCIATED_WITH_ENTITY,canon_Material_00018,2022
canon_Material_00016,ENTITY_ASSOCIATED_WITH_ENTITY,canon_Task_00341,2022
canon_Material_00016,ENTITY_ASSOCIATED_WITH_ENTITY,canon_Material_00023,2022
canon_Material_00660,ENTITY_ASSOCIATED_WITH_ENTITY,canon_Material_00023,2022
canon_Material_00878,ENTITY_ASSOCIATED_WITH_ENTITY,canon_Material_00018,2022
canon_Material_00878,ENTITY_ASSOCIATED_WITH_ENTITY,canon_Task_00341,2022
canon_Material_00878,ENTITY_ASSOCIATED_WITH_ENTITY,canon_Material_00023,2022
canon_Material_00018,ENTITY_ASSOCIATED_WITH_ENTITY,canon_Material_00016,2022
canon_Material_00018,ENTITY_ASSOCIATED_WITH_ENTITY,canon_Material_00660,2022
canon_Material_00018,ENTITY_ASSOCIATED_WITH_ENTITY,canon_Task_00341,2022
canon_Material_00018,ENTITY_ASSOCIATED_WITH_ENTITY,canon_Material_00023,2022
canon_Task_00341,ENTITY_ASSOCIATED_WITH_ENTITY,canon_Material_00016,2022
canon_Task_00341,ENTITY_ASSOCIATED_WITH_ENTITY,canon_Material_00660,2022
canon_Task_00341,ENTITY_ASSOCIATED_WITH_ENTITY,canon_Material_00018,2022
canon_Task_00341,ENTITY_ASSOCIATED_WITH_ENTITY,canon_Material_00023,2022
canon_Material_00023,ENTITY_ASSOCIATED_WITH_ENTITY,canon_Material_00660,2022
canon_Material_00023,ENTITY_ASSOCIATED_WITH_ENTITY,canon_Material_00018,2022
canon_Material_00023,ENTITY_ASSOCIATED_WITH_ENTITY,canon_Task_00341,2022
canon_Material_00003,ENTITY_ASSOCIATED_WITH_ENTITY,canon_Material_00008,2022
canon_Material_00008,ENTITY_ASSOCIATED_WITH_ENTITY,canon_Material_00053,2022
canon_Material_00053,ENTITY_ASSOCIATED_WITH_ENTITY,canon_Material_00021,2022
canon_Method_01329,ENTITY_ASSOCIATED_WITH_ENTITY,canon_Method_01328,2022
canon_Method_01329,ENTITY_ASSOCIATED_WITH_ENTITY,canon_Method_01330,2022
canon_Method_01330,ENTITY_ASSOCIATED_WITH_ENTITY,canon_Method_01328,2022
canon_Method_01330,ENTITY_ASSOCIATED_WITH_ENTITY,canon_Method_01329,2022
canon_Method_00064,METHOD_APPLIED_TO,canon_Material_00018,2022
canon_Material_00001,ENTITY_ASSOCIATED_WITH_ENTITY,canon_Material_00018,2022
canon_Method_00292,USED_FOR,canon_Material_00018,2022
canon_Other_01324,ENTITY_ASSOCIATED_WITH_ENTITY,canon_Method_01332,2022
canon_Other_01324,ENTITY_ASSOCIATED_WITH_ENTITY,canon_Other_01325,2022
canon_Other_01325,ENTITY_ASSOCIATED_WITH_ENTITY,canon_Method_01332,2022
canon_Other_01325,ENTITY_ASSOCIATED_WITH_ENTITY,canon_Material_00018,2022
canon_Other_01325,ENTITY_ASSOCIATED_WITH_ENTITY,canon_Other_01326,2022
canon_Other_01325,ENTITY_ASSOCIATED_WITH_ENTITY,canon_Other_01327,2022
canon_Other_01325,ENTITY_ASSOCIATED_WITH_ENTITY,canon_Other_01328,2022
canon_Other_01326,ENTITY_ASSOCIATED_WITH_ENTITY,canon_Method_01332,2022
canon_Other_01326,ENTITY_ASSOCIATED_WITH_ENTITY,canon_Material_00018,2022
canon_Other_01326,ENTITY_ASSOCIATED_WITH_ENTITY,canon_Other_01325,2022
canon_Other_01326,ENTITY_ASSOCIATED_WITH_ENTITY,canon_Other_01327,2022
canon_Other_01326,ENTITY_ASSOCIATED_WITH_ENTITY,canon_Other_01328,2022
canon_Other_01327,ENTITY_ASSOCIATED_WITH_ENTITY,canon_Method_01332,2022
canon_Other_01327,ENTITY_ASSOCIATED_WITH_ENTITY,canon_Material_00018,2022
canon_Other_01327,ENTITY_ASSOCIATED_WITH_ENTITY,canon_Other_01325,2022
canon_Other_01327,ENTITY_ASSOCIATED_WITH_ENTITY,canon_Other_01326,2022
canon_Other_01327,ENTITY_ASSOCIATED_WITH_ENTITY,canon_Other_01328,2022
canon_Other_01328,ENTITY_ASSOCIATED_WITH_ENTITY,canon_Method_01332,2022
canon_Other_01328,ENTITY_ASSOCIATED_WITH_ENTITY,canon_Material_00018,2022
canon_Other_01328,ENTITY_ASSOCIATED_WITH_ENTITY,canon_Other_01326,2022
canon_Other_01328,ENTITY_ASSOCIATED_WITH_ENTITY,canon_Other_01327,2022
canon_Method_01333,METHOD_APPLIED_TO,canon_Task_00580,2022
canon_Material_00001,USED_FOR,canon_Method_01333,2022
canon_Material_00001,USED_FOR,canon_Material_00018,2022
canon_Material_00001,USED_FOR,canon_Material_00012,2022
canon_Other_00328,USED_FOR,canon_Method_01334,2022
canon_Other_01329,USED_FOR,canon_Material_00002,2022
canon_Other_01329,ENTITY_ASSOCIATED_WITH_ENTITY,canon_Other_01330,2022
canon_Other_01329,USED_FOR,canon_Material_00315,2022
canon_Other_01330,USED_FOR,canon_Material_00002,2022
canon_Other_01330,USED_FOR,canon_Other_01329,2022
canon_Other_01330,USED_FOR,canon_Material_00315,2022
canon_Method_00293,ENTITY_ASSOCIATED_WITH_ENTITY,canon_Method_01335,2022
canon_Method_00293,USED_FOR,canon_Other_00328,2022
canon_Method_01335,USED_FOR,canon_Other_00328,2022
canon_Material_00662,METHOD_EVALUATED_BY,canon_Method_00294,2022
canon_Material_00662,METHOD_EVALUATED_BY,canon_Material_00004,2022
canon_Material_00001,METHOD_EVALUATED_BY,canon_Method_00294,2022
canon_Material_00001,METHOD_EVALUATED_BY,canon_Material_00004,2022
canon_Material_00001,ENTITY_ASSOCIATED_WITH_ENTITY,canon_Material_00662,2022
canon_Method_00294,ENTITY_ASSOCIATED_WITH_ENTITY,canon_Material_00004,2022
canon_Material_00004,ENTITY_ASSOCIATED_WITH_ENTITY,canon_Method_00294,2022
canon_Material_00005,USED_FOR,canon_Material_00018,2022
canon_Method_00205,USED_FOR,canon_Method_01337,2022
canon_Method_00205,USED_FOR,canon_Task_00024,2022
canon_Method_01337,USED_FOR,canon_Method_00205,2022
canon_Method_01337,USED_FOR,canon_Task_00024,2022
canon_Material_00005,USED_FOR,canon_Task_00024,2022
canon_Material_00016,ENTITY_ASSOCIATED_WITH_ENTITY,canon_Material_00020,2022
canon_Material_00020,ENTITY_ASSOCIATED_WITH_ENTITY,canon_Material_00019,2022
canon_Material_00019,ENTITY_ASSOCIATED_WITH_ENTITY,canon_Material_00020,2022
canon_Method_00031,ENTITY_ASSOCIATED_WITH_ENTITY,canon_Material_00881,2022
canon_Material_00881,USED_FOR,canon_Task_00581,2022
canon_Method_00031,ENTITY_ASSOCIATED_WITH_ENTITY,canon_Material_00881,2022
canon_Material_00018,ENTITY_ASSOCIATED_WITH_ENTITY,canon_Method_00031,2022
canon_Metric_00107,ENTITY_ASSOCIATED_WITH_ENTITY,canon_Metric_00108,2022
canon_Metric_00108,ENTITY_ASSOCIATED_WITH_ENTITY,canon_Other_01331,2022
canon_Material_00881,ENTITY_ASSOCIATED_WITH_ENTITY,canon_Material_00195,2022
canon_Material_00012,USED_FOR,canon_Material_00195,2022
canon_Other_01072,ENTITY_ASSOCIATED_WITH_ENTITY,canon_Other_00033,2022
canon_Material_00042,USED_FOR,canon_Material_00002,2022
canon_Other_01333,ENTITY_ASSOCIATED_WITH_ENTITY,canon_Other_01334,2022
canon_Other_01333,ENTITY_ASSOCIATED_WITH_ENTITY,canon_Task_00584,2022
canon_Other_01334,USED_FOR,canon_Task_00584,2022
canon_Task_00583,ENTITY_ASSOCIATED_WITH_ENTITY,canon_Task_00584,2022
canon_Method_00110,USED_FOR,canon_Material_00881,2022
canon_Other_01335,USED_FOR,canon_Material_00881,2022
canon_Other_00003,USED_FOR,canon_Other_01336,2022
canon_Method_00783,ENTITY_ASSOCIATED_WITH_ENTITY,canon_Method_01040,2022
canon_Method_01040,ENTITY_ASSOCIATED_WITH_ENTITY,canon_Method_01339,2022
canon_Material_00071,ENTITY_ASSOCIATED_WITH_ENTITY,canon_Task_00585,2022
canon_Material_00001,USED_FOR,canon_Material_00012,2022
canon_Material_00014,USED_FOR,canon_Material_00315,2022
canon_Material_00664,ENTITY_ASSOCIATED_WITH_ENTITY,canon_Material_00663,2022
canon_Method_01340,ENTITY_ASSOCIATED_WITH_ENTITY,canon_Method_01341,2022
canon_Method_01340,ENTITY_ASSOCIATED_WITH_ENTITY,canon_Method_01342,2022
canon_Method_01341,ENTITY_ASSOCIATED_WITH_ENTITY,canon_Method_01342,2022
canon_Method_01341,USED_FOR,canon_Material_00014,2022
canon_Method_01342,USED_FOR,canon_Material_00014,2022
canon_Other_01337,ENTITY_ASSOCIATED_WITH_ENTITY,canon_Material_00002,2022
canon_Other_01339,ENTITY_ASSOCIATED_WITH_ENTITY,canon_Other_01340,2022
canon_Other_01339,ENTITY_ASSOCIATED_WITH_ENTITY,canon_Other_01341,2022
canon_Other_01339,ENTITY_ASSOCIATED_WITH_ENTITY,canon_Other_01342,2022
canon_Other_01339,ENTITY_ASSOCIATED_WITH_ENTITY,canon_Other_01343,2022
canon_Other_01340,ENTITY_ASSOCIATED_WITH_ENTITY,canon_Other_01341,2022
canon_Other_01340,ENTITY_ASSOCIATED_WITH_ENTITY,canon_Other_01342,2022
canon_Other_01340,ENTITY_ASSOCIATED_WITH_ENTITY,canon_Other_01343,2022
canon_Other_01341,ENTITY_ASSOCIATED_WITH_ENTITY,canon_Other_01340,2022
canon_Other_01341,ENTITY_ASSOCIATED_WITH_ENTITY,canon_Other_01342,2022
canon_Other_01341,ENTITY_ASSOCIATED_WITH_ENTITY,canon_Other_01343,2022
canon_Other_01342,ENTITY_ASSOCIATED_WITH_ENTITY,canon_Other_01341,2022
canon_Other_01342,ENTITY_ASSOCIATED_WITH_ENTITY,canon_Other_01343,2022
canon_Other_01342,ENTITY_ASSOCIATED_WITH_ENTITY,canon_Other_01344,2022
canon_Other_01342,ENTITY_ASSOCIATED_WITH_ENTITY,canon_Other_01345,2022
canon_Other_01343,ENTITY_ASSOCIATED_WITH_ENTITY,canon_Other_01341,2022
canon_Other_01343,ENTITY_ASSOCIATED_WITH_ENTITY,canon_Other_01342,2022
canon_Other_01343,ENTITY_ASSOCIATED_WITH_ENTITY,canon_Other_01344,2022
canon_Other_01343,ENTITY_ASSOCIATED_WITH_ENTITY,canon_Other_01345,2022
canon_Other_01344,ENTITY_ASSOCIATED_WITH_ENTITY,canon_Other_01342,2022
canon_Other_01344,ENTITY_ASSOCIATED_WITH_ENTITY,canon_Other_01343,2022
canon_Other_01344,ENTITY_ASSOCIATED_WITH_ENTITY,canon_Other_01345,2022
canon_Other_01344,ENTITY_ASSOCIATED_WITH_ENTITY,canon_Other_01346,2022
canon_Other_01345,ENTITY_ASSOCIATED_WITH_ENTITY,canon_Other_01343,2022
canon_Other_01345,ENTITY_ASSOCIATED_WITH_ENTITY,canon_Other_01344,2022
canon_Other_01345,ENTITY_ASSOCIATED_WITH_ENTITY,canon_Other_01346,2022
canon_Other_01346,ENTITY_ASSOCIATED_WITH_ENTITY,canon_Other_01344,2022
canon_Other_01346,ENTITY_ASSOCIATED_WITH_ENTITY,canon_Other_01345,2022
canon_Other_01348,ENTITY_ASSOCIATED_WITH_ENTITY,canon_Other_01347,2022
canon_Other_01348,ENTITY_ASSOCIATED_WITH_ENTITY,canon_Material_00398,2022
canon_Material_00398,ENTITY_ASSOCIATED_WITH_ENTITY,canon_Other_01347,2022
canon_Material_00398,ENTITY_ASSOCIATED_WITH_ENTITY,canon_Other_01349,2022
canon_Other_01349,ENTITY_ASSOCIATED_WITH_ENTITY,canon_Other_01347,2022
canon_Other_01349,ENTITY_ASSOCIATED_WITH_ENTITY,canon_Material_00398,2022
canon_Material_00665,USED_FOR,canon_Task_00586,2022
canon_Task_00586,USED_FOR,canon_Material_00002,2022
canon_Material_00003,USED_FOR,canon_Task_00586,2022
canon_Material_00003,USED_FOR,canon_Material_00002,2022
canon_Material_00001,USED_FOR,canon_Material_00002,2022
canon_Material_00667,USED_FOR,canon_Other_00005,2022
canon_Material_00668,USED_FOR,canon_Other_00005,2022
canon_Material_00187,USED_FOR,canon_Other_00005,2022
canon_Material_00186,USED_FOR,canon_Other_00005,2022
canon_Material_00186,USED_FOR,canon_Other_00003,2022
canon_Material_00669,ENTITY_ASSOCIATED_WITH_ENTITY,canon_Material_00186,2022
canon_Material_00669,ENTITY_ASSOCIATED_WITH_ENTITY,canon_Material_00670,2022
canon_Material_00670,ENTITY_ASSOCIATED_WITH_ENTITY,canon_Material_00186,2022
canon_Material_00670,ENTITY_ASSOCIATED_WITH_ENTITY,canon_Material_00669,2022
canon_Material_00670,METHOD_EVALUATED_BY,canon_Other_00003,2022
canon_Other_00026,METHOD_EVALUATED_BY,canon_Other_00005,2022
canon_Other_00026,METHOD_EVALUATED_BY,canon_Material_00186,2022
canon_Other_00026,METHOD_EVALUATED_BY,canon_Other_00003,2022
canon_Material_00187,METHOD_EVALUATED_BY,canon_Other_00003,2022
canon_Material_00671,METHOD_EVALUATED_BY,canon_Other_00003,2022
canon_Other_00013,USED_FOR,canon_Other_00093,2022
canon_Method_01343,METHOD_APPLIED_TO,canon_Task_00119,2022
canon_Material_00704,USED_FOR,canon_Method_01343,2022
canon_Other_00003,USED_FOR,canon_Material_00672,2022
canon_Other_00008,USED_FOR,canon_Material_00881,2022
canon_Material_00036,ENTITY_ASSOCIATED_WITH_ENTITY,canon_Material_00673,2022
canon_Material_00018,ENTITY_ASSOCIATED_WITH_ENTITY,canon_Material_00002,2022
canon_Method_01344,METHOD_APPLIED_TO,canon_Task_00039,2022
canon_Other_00003,USED_FOR,canon_Task_00587,2022
canon_Task_00039,ENTITY_ASSOCIATED_WITH_ENTITY,canon_Task_00587,2022
canon_Other_01353,ENTITY_ASSOCIATED_WITH_ENTITY,canon_Task_00140,2022
canon_Method_01347,METHOD_APPLIED_TO,canon_Task_00588,2022
canon_Other_01356,ENTITY_ASSOCIATED_WITH_ENTITY,canon_Material_00002,2022
canon_Task_00039,ENTITY_ASSOCIATED_WITH_ENTITY,canon_Task_00039,2022
canon_Task_00039,ENTITY_ASSOCIATED_WITH_ENTITY,canon_Task_00039,2022
canon_Method_00015,USED_FOR,canon_Task_00589,2022
canon_Material_00066,USED_FOR,canon_Method_00015,2022
canon_Task_00008,ENTITY_ASSOCIATED_WITH_ENTITY,canon_Material_00066,2022
canon_Task_00008,ENTITY_ASSOCIATED_WITH_ENTITY,canon_Task_00060,2022
canon_Task_00008,ENTITY_ASSOCIATED_WITH_ENTITY,canon_Task_00097,2022
canon_Task_00060,ENTITY_ASSOCIATED_WITH_ENTITY,canon_Material_00066,2022
canon_Task_00060,ENTITY_ASSOCIATED_WITH_ENTITY,canon_Task_00097,2022
canon_Task_00097,ENTITY_ASSOCIATED_WITH_ENTITY,canon_Material_00066,2022
canon_Task_00097,ENTITY_ASSOCIATED_WITH_ENTITY,canon_Task_00060,2022
canon_Task_00097,ENTITY_ASSOCIATED_WITH_ENTITY,canon_Task_00590,2022
canon_Task_00097,ENTITY_ASSOCIATED_WITH_ENTITY,canon_Task_00591,2022
canon_Task_00097,ENTITY_ASSOCIATED_WITH_ENTITY,canon_Task_00592,2022
canon_Task_00590,ENTITY_ASSOCIATED_WITH_ENTITY,canon_Material_00066,2022
canon_Task_00590,ENTITY_ASSOCIATED_WITH_ENTITY,canon_Task_00097,2022
canon_Task_00590,ENTITY_ASSOCIATED_WITH_ENTITY,canon_Task_00591,2022
canon_Task_00590,ENTITY_ASSOCIATED_WITH_ENTITY,canon_Task_00592,2022
canon_Task_00591,ENTITY_ASSOCIATED_WITH_ENTITY,canon_Material_00066,2022
canon_Task_00591,ENTITY_ASSOCIATED_WITH_ENTITY,canon_Task_00097,2022
canon_Task_00591,ENTITY_ASSOCIATED_WITH_ENTITY,canon_Task_00590,2022
canon_Task_00591,ENTITY_ASSOCIATED_WITH_ENTITY,canon_Task_00592,2022
canon_Task_00592,ENTITY_ASSOCIATED_WITH_ENTITY,canon_Material_00066,2022
canon_Task_00592,ENTITY_ASSOCIATED_WITH_ENTITY,canon_Task_00590,2022
canon_Task_00592,ENTITY_ASSOCIATED_WITH_ENTITY,canon_Task_00591,2022
canon_Other_01359,USED_FOR,canon_Method_00015,2022
canon_Method_01348,METHOD_APPLIED_TO,canon_Material_00059,2022
canon_Method_01348,METHOD_APPLIED_TO,canon_Task_00593,2022
canon_Method_01349,USED_FOR,canon_Material_00002,2022
canon_Task_00594,ENTITY_ASSOCIATED_WITH_ENTITY,canon_Method_01350,2022
canon_Method_01350,METHOD_APPLIED_TO,canon_Task_00594,2022
canon_Material_00675,ENTITY_ASSOCIATED_WITH_ENTITY,canon_Material_00676,2022
canon_Material_00018,ENTITY_ASSOCIATED_WITH_ENTITY,canon_Material_00676,2022
canon_Material_00006,ENTITY_ASSOCIATED_WITH_ENTITY,canon_Material_00002,2022
canon_Metric_00110,ENTITY_ASSOCIATED_WITH_ENTITY,canon_Metric_00111,2022
canon_Metric_00110,ENTITY_ASSOCIATED_WITH_ENTITY,canon_Metric_00109,2022
canon_Other_01365,ENTITY_ASSOCIATED_WITH_ENTITY,canon_Other_01366,2022
canon_Method_01352,ENTITY_ASSOCIATED_WITH_ENTITY,canon_Material_00001,2022
canon_Method_01352,ENTITY_ASSOCIATED_WITH_ENTITY,canon_Method_01353,2022
canon_Material_00001,ENTITY_ASSOCIATED_WITH_ENTITY,canon_Method_01353,2022
canon_Method_01353,ENTITY_ASSOCIATED_WITH_ENTITY,canon_Material_00001,2022
canon_Other_00013,USED_FOR,canon_Method_01354,2022
canon_Method_01356,METHOD_APPLIED_TO,canon_Task_00595,2022
canon_Other_01368,USED_FOR,canon_Method_01357,2022
canon_Other_00804,USED_FOR,canon_Other_00011,2022
canon_Other_00804,ENTITY_ASSOCIATED_WITH_ENTITY,canon_Other_01369,2022
canon_Method_01356,METHOD_APPLIED_TO,canon_Task_00596,2022
canon_Method_01356,USED_FOR,canon_Other_01370,2022
canon_Method_01358,METHOD_APPLIED_TO,canon_Task_00596,2022
canon_Method_01358,USED_FOR,canon_Other_01370,2022
canon_Method_01359,METHOD_APPLIED_TO,canon_Task_00597,2022
canon_Method_01360,METHOD_APPLIED_TO,canon_Task_00597,2022
canon_Method_01360,USED_FOR,canon_Method_01362,2022
canon_Method_01361,USED_FOR,canon_Method_01360,2022
canon_Method_01361,ENTITY_ASSOCIATED_WITH_ENTITY,canon_Other_01371,2022
canon_Method_01361,USED_FOR,canon_Method_01362,2022
canon_Other_01371,USED_FOR,canon_Method_01360,2022
canon_Other_01371,USED_FOR,canon_Method_01361,2022
canon_Other_01371,USED_FOR,canon_Method_01362,2022
canon_Method_01362,USED_FOR,canon_Method_01360,2022
canon_Material_00677,METHOD_EVALUATED_BY,canon_Other_00009,2022
canon_Material_00677,METHOD_EVALUATED_BY,canon_Other_00011,2022
canon_Material_00678,ENTITY_ASSOCIATED_WITH_ENTITY,canon_Material_00677,2022
canon_Material_00003,ENTITY_ASSOCIATED_WITH_ENTITY,canon_Material_00677,2022
canon_Other_00009,ENTITY_ASSOCIATED_WITH_ENTITY,canon_Other_00011,2022
canon_Metric_00001,ENTITY_ASSOCIATED_WITH_ENTITY,canon_Material_00677,2022
canon_Metric_00001,METHOD_EVALUATED_BY,canon_Other_00009,2022
canon_Metric_00001,METHOD_EVALUATED_BY,canon_Other_00011,2022
canon_Material_00038,ENTITY_ASSOCIATED_WITH_ENTITY,canon_Material_00677,2022
canon_Material_00038,METHOD_EVALUATED_BY,canon_Other_00009,2022
canon_Material_00038,METHOD_EVALUATED_BY,canon_Other_00011,2022
canon_Method_01365,USED_FOR,canon_Material_00002,2023
canon_Material_00026,USED_FOR,canon_Material_00002,2023
canon_Material_00007,ENTITY_ASSOCIATED_WITH_ENTITY,canon_Material_00002,2023
canon_Material_00002,ENTITY_ASSOCIATED_WITH_ENTITY,canon_Material_00007,2023
canon_Method_00146,USED_FOR,canon_Method_00296,2023
canon_Method_00109,USED_FOR,canon_Method_00296,2023
canon_Method_00109,ENTITY_ASSOCIATED_WITH_ENTITY,canon_Method_00052,2023
canon_Method_00052,USED_FOR,canon_Method_00296,2023
canon_Method_00147,USED_FOR,canon_Other_01372,2023
canon_Other_00013,USED_FOR,canon_Task_00598,2023
canon_Other_01375,ENTITY_ASSOCIATED_WITH_ENTITY,canon_Method_01367,2023
canon_Other_01375,ENTITY_ASSOCIATED_WITH_ENTITY,canon_Material_00091,2023
canon_Other_01375,ENTITY_ASSOCIATED_WITH_ENTITY,canon_Other_01376,2023
canon_Material_00091,ENTITY_ASSOCIATED_WITH_ENTITY,canon_Method_01367,2023
canon_Material_00091,ENTITY_ASSOCIATED_WITH_ENTITY,canon_Other_01375,2023
canon_Material_00091,ENTITY_ASSOCIATED_WITH_ENTITY,canon_Other_01376,2023
canon_Other_01376,ENTITY_ASSOCIATED_WITH_ENTITY,canon_Other_01375,2023
canon_Other_01376,ENTITY_ASSOCIATED_WITH_ENTITY,canon_Material_00091,2023
canon_Method_01369,USED_FOR,canon_Method_00149,2023
canon_Method_01369,USED_FOR,canon_Method_00149,2023
canon_Method_01369,USED_FOR,canon_Method_00149,2023
canon_Method_01370,ENTITY_ASSOCIATED_WITH_ENTITY,canon_Method_01369,2023
canon_Method_01370,ENTITY_ASSOCIATED_WITH_ENTITY,canon_Method_01371,2023
canon_Method_01370,ENTITY_ASSOCIATED_WITH_ENTITY,canon_Method_00149,2023
canon_Method_01371,ENTITY_ASSOCIATED_WITH_ENTITY,canon_Method_01369,2023
canon_Method_01371,ENTITY_ASSOCIATED_WITH_ENTITY,canon_Method_01372,2023
canon_Method_01371,USED_FOR,canon_Method_00149,2023
canon_Method_01371,ENTITY_ASSOCIATED_WITH_ENTITY,canon_Method_00149,2023
canon_Method_01371,ENTITY_ASSOCIATED_WITH_ENTITY,canon_Method_00149,2023
canon_Method_01372,ENTITY_ASSOCIATED_WITH_ENTITY,canon_Method_01369,2023
canon_Method_01372,ENTITY_ASSOCIATED_WITH_ENTITY,canon_Method_01371,2023
canon_Method_01372,USED_FOR,canon_Method_00149,2023
canon_Method_01372,ENTITY_ASSOCIATED_WITH_ENTITY,canon_Method_00149,2023
canon_Method_01372,ENTITY_ASSOCIATED_WITH_ENTITY,canon_Method_00149,2023
canon_Method_00149,ENTITY_ASSOCIATED_WITH_ENTITY,canon_Method_01369,2023
canon_Method_00149,ENTITY_ASSOCIATED_WITH_ENTITY,canon_Method_00149,2023
canon_Method_00149,ENTITY_ASSOCIATED_WITH_ENTITY,canon_Method_00149,2023
canon_Method_00149,ENTITY_ASSOCIATED_WITH_ENTITY,canon_Method_01369,2023
canon_Method_00149,ENTITY_ASSOCIATED_WITH_ENTITY,canon_Method_01372,2023
canon_Method_00149,ENTITY_ASSOCIATED_WITH_ENTITY,canon_Method_00149,2023
canon_Method_00149,ENTITY_ASSOCIATED_WITH_ENTITY,canon_Method_01369,2023
canon_Method_00149,ENTITY_ASSOCIATED_WITH_ENTITY,canon_Method_00149,2023
canon_Material_00018,ENTITY_ASSOCIATED_WITH_ENTITY,canon_Task_00148,2023
canon_Method_00004,METHOD_APPLIED_TO,canon_Task_00148,2023
canon_Method_00004,METHOD_APPLIED_TO,canon_Material_00074,2023
canon_Method_00004,METHOD_APPLIED_TO,canon_Material_00679,2023
canon_Other_01377,ENTITY_ASSOCIATED_WITH_ENTITY,canon_Material_00680,2023
canon_Material_00881,ENTITY_ASSOCIATED_WITH_ENTITY,canon_Task_00037,2023
canon_Method_00004,USED_FOR,canon_Other_01378,2023
canon_Material_00682,ENTITY_ASSOCIATED_WITH_ENTITY,canon_Other_01380,2023
canon_Other_01381,ENTITY_ASSOCIATED_WITH_ENTITY,canon_Other_00273,2023
canon_Other_01382,ENTITY_ASSOCIATED_WITH_ENTITY,canon_Other_00273,2023
canon_Other_01383,ENTITY_ASSOCIATED_WITH_ENTITY,canon_Other_00263,2023
canon_Material_00001,USED_FOR,canon_Material_00002,2023
canon_Other_00003,USED_FOR,canon_Material_00018,2023
canon_Material_00683,USED_FOR,canon_Other_00003,2023
canon_Material_00683,USED_FOR,canon_Method_00019,2023
canon_Other_00003,USED_FOR,canon_Material_00033,2023
canon_Other_01384,ENTITY_ASSOCIATED_WITH_ENTITY,canon_Method_00008,2023
canon_Method_00008,METHOD_APPLIED_TO,canon_Material_00033,2023
canon_Material_00032,USED_FOR,canon_Task_00012,2023
canon_Material_00032,USED_FOR,canon_Task_00601,2023
canon_Method_01375,METHOD_APPLIED_TO,canon_Material_00032,2023
canon_Task_00012,ENTITY_ASSOCIATED_WITH_ENTITY,canon_Task_00601,2023
canon_Method_01376,METHOD_APPLIED_TO,canon_Material_00004,2023
canon_Other_01387,ENTITY_ASSOCIATED_WITH_ENTITY,canon_Other_01388,2023
canon_Other_01388,ENTITY_ASSOCIATED_WITH_ENTITY,canon_Other_01387,2023
canon_Method_01375,USED_FOR,canon_Material_00047,2023
canon_Method_01375,USED_FOR,canon_Task_00012,2023
canon_Material_00003,USED_FOR,canon_Material_00002,2023
canon_Other_01392,USED_FOR,canon_Material_00039,2023
canon_Material_00067,ENTITY_ASSOCIATED_WITH_ENTITY,canon_Material_00005,2023
canon_Material_00067,ENTITY_ASSOCIATED_WITH_ENTITY,canon_Material_00003,2023
canon_Material_00003,ENTITY_ASSOCIATED_WITH_ENTITY,canon_Material_00005,2023
canon_Other_00330,ENTITY_ASSOCIATED_WITH_ENTITY,canon_Method_01381,2023
canon_Other_00330,ENTITY_ASSOCIATED_WITH_ENTITY,canon_Other_01393,2023
canon_Other_01393,ENTITY_ASSOCIATED_WITH_ENTITY,canon_Method_01381,2023
canon_Other_01393,ENTITY_ASSOCIATED_WITH_ENTITY,canon_Other_00330,2023
canon_Other_00056,ENTITY_ASSOCIATED_WITH_ENTITY,canon_Material_00018,2023
canon_Material_00019,ENTITY_ASSOCIATED_WITH_ENTITY,canon_Material_00041,2023
canon_Material_00041,ENTITY_ASSOCIATED_WITH_ENTITY,canon_Material_00048,2023
canon_Material_00684,ENTITY_ASSOCIATED_WITH_ENTITY,canon_Material_00048,2023
canon_Material_00048,ENTITY_ASSOCIATED_WITH_ENTITY,canon_Material_00684,2023
canon_Material_00048,ENTITY_ASSOCIATED_WITH_ENTITY,canon_Material_00685,2023
canon_Method_01382,USED_FOR,canon_Material_00018,2023
canon_Other_01394,USED_FOR,canon_Material_00002,2023
canon_Other_00115,ENTITY_ASSOCIATED_WITH_ENTITY,canon_Material_00002,2023
canon_Material_00003,USED_FOR,canon_Material_00002,2023
canon_Material_00001,USED_FOR,canon_Material_00002,2023
canon_Method_00008,ENTITY_ASSOCIATED_WITH_ENTITY,canon_Method_00090,2023
canon_Method_00008,USED_FOR,canon_Other_00115,2023
canon_Method_00090,USED_FOR,canon_Other_00115,2023
canon_Method_00091,METHOD_APPLIED_TO,canon_Method_00001,2023
canon_Material_00188,USED_FOR,canon_Method_00001,2023
canon_Material_00314,USED_FOR,canon_Method_00001,2023
canon_Other_01396,USED_FOR,canon_Method_00296,2023
canon_Method_00150,METHOD_APPLIED_TO,canon_Material_00188,2023
canon_Material_00188,USED_FOR,canon_Method_00150,2023
canon_Material_00180,ENTITY_ASSOCIATED_WITH_ENTITY,canon_Material_00688,2023
canon_Material_00688,ENTITY_ASSOCIATED_WITH_ENTITY,canon_Material_00689,2023
canon_Material_00688,ENTITY_ASSOCIATED_WITH_ENTITY,canon_Material_00690,2023
canon_Material_00689,ENTITY_ASSOCIATED_WITH_ENTITY,canon_Material_00688,2023
canon_Material_00689,ENTITY_ASSOCIATED_WITH_ENTITY,canon_Material_00690,2023
canon_Material_00690,ENTITY_ASSOCIATED_WITH_ENTITY,canon_Material_00689,2023
canon_Method_00001,USED_FOR,canon_Material_00002,2023
canon_Method_01388,METHOD_APPLIED_TO,canon_Task_00604,2023
canon_Task_00604,USED_FOR,canon_Material_00002,2023
canon_Method_00004,USED_FOR,canon_Method_01388,2023
canon_Method_00004,METHOD_APPLIED_TO,canon_Task_00604,2023
canon_Material_00003,ENTITY_ASSOCIATED_WITH_ENTITY,canon_Material_00691,2023
canon_Method_01389,USED_FOR,canon_Other_01397,2023
canon_Material_00695,USED_FOR,canon_Method_00296,2023
canon_Method_00051,METHOD_APPLIED_TO,canon_Method_00296,2023
canon_Method_00051,METHOD_APPLIED_TO,canon_Material_00695,2023
canon_Method_00001,METHOD_APPLIED_TO,canon_Task_00605,2023
canon_Method_01391,ENTITY_ASSOCIATED_WITH_ENTITY,canon_Method_00001,2023
canon_Method_01391,METHOD_APPLIED_TO,canon_Task_00605,2023
canon_Method_00001,METHOD_APPLIED_TO,canon_Material_00696,2023
canon_Material_00697,ENTITY_ASSOCIATED_WITH_ENTITY,canon_Material_00696,2023
canon_Method_01392,USED_FOR,canon_Method_01393,2023
canon_Method_01393,USED_FOR,canon_Method_01392,2023
canon_Other_01399,USED_FOR,canon_Other_01398,2023
canon_Method_01395,METHOD_APPLIED_TO,canon_Task_00149,2023
canon_Method_01396,METHOD_APPLIED_TO,canon_Task_00149,2023
canon_Method_01396,USED_FOR,canon_Method_01395,2023
canon_Method_01396,USED_FOR,canon_Method_01397,2023
canon_Method_01397,METHOD_APPLIED_TO,canon_Task_00149,2023
canon_Method_01397,USED_FOR,canon_Method_01395,2023
canon_Method_01397,USED_FOR,canon_Method_01396,2023
canon_Material_00014,USED_FOR,canon_Task_00606,2023
canon_Material_00018,ENTITY_ASSOCIATED_WITH_ENTITY,canon_Task_00341,2023
canon_Material_00018,ENTITY_ASSOCIATED_WITH_ENTITY,canon_Task_00806,2023
canon_Material_00014,USED_FOR,canon_Material_00011,2023
canon_Material_00014,USED_FOR,canon_Task_00024,2023
canon_Material_00698,ENTITY_ASSOCIATED_WITH_ENTITY,canon_Material_00699,2023
canon_Method_00031,ENTITY_ASSOCIATED_WITH_ENTITY,canon_Material_00001,2023
canon_Material_00314,USED_FOR,canon_Other_00026,2023
canon_Other_00026,USED_FOR,canon_Method_00051,2023
canon_Method_00051,METHOD_APPLIED_TO,canon_Task_00607,2023
canon_Other_00026,USED_FOR,canon_Other_00062,2023
canon_Material_00018,USED_FOR,canon_Other_01402,2023
canon_Material_00018,ENTITY_ASSOCIATED_WITH_ENTITY,canon_Other_01403,2023
canon_Material_00018,ENTITY_ASSOCIATED_WITH_ENTITY,canon_Material_00881,2023
canon_Other_01403,USED_FOR,canon_Other_01402,2023
canon_Other_01403,ENTITY_ASSOCIATED_WITH_ENTITY,canon_Material_00881,2023
canon_Other_01403,ENTITY_ASSOCIATED_WITH_ENTITY,canon_Method_01398,2023
canon_Other_01403,ENTITY_ASSOCIATED_WITH_ENTITY,canon_Method_01399,2023
canon_Material_00881,USED_FOR,canon_Other_01402,2023
canon_Material_00881,ENTITY_ASSOCIATED_WITH_ENTITY,canon_Other_01403,2023
canon_Material_00881,ENTITY_ASSOCIATED_WITH_ENTITY,canon_Method_01398,2023
canon_Material_00881,ENTITY_ASSOCIATED_WITH_ENTITY,canon_Method_01399,2023
canon_Material_00881,USED_FOR,canon_Other_00282,2023
canon_Method_01398,USED_FOR,canon_Other_01402,2023
canon_Method_01398,ENTITY_ASSOCIATED_WITH_ENTITY,canon_Material_00881,2023
canon_Method_01398,USED_FOR,canon_Method_01399,2023
canon_Method_01398,USED_FOR,canon_Other_00282,2023
canon_Method_01399,USED_FOR,canon_Other_01402,2023
canon_Method_01399,ENTITY_ASSOCIATED_WITH_ENTITY,canon_Material_00881,2023
canon_Method_01399,USED_FOR,canon_Method_01398,2023
canon_Method_01399,USED_FOR,canon_Other_00282,2023
canon_Other_00282,ENTITY_ASSOCIATED_WITH_ENTITY,canon_Other_01402,2023
canon_Other_00282,ENTITY_ASSOCIATED_WITH_ENTITY,canon_Material_00881,2023
canon_Other_00282,ENTITY_ASSOCIATED_WITH_ENTITY,canon_Method_01398,2023
canon_Other_00282,ENTITY_ASSOCIATED_WITH_ENTITY,canon_Method_01399,2023
canon_Material_00018,USED_FOR,canon_Other_01404,2023
canon_Method_00002,METHOD_APPLIED_TO,canon_Method_00954,2023
canon_Method_00007,METHOD_APPLIED_TO,canon_Task_00150,2023
canon_Method_00024,METHOD_APPLIED_TO,canon_Task_00150,2023
canon_Method_00038,ENTITY_ASSOCIATED_WITH_ENTITY,canon_Method_00045,2023
canon_Method_00002,METHOD_APPLIED_TO,canon_Task_00608,2023
canon_Method_00002,METHOD_APPLIED_TO,canon_Task_00608,2023
canon_Task_00608,USED_FOR,canon_Method_00002,2023
canon_Method_00002,METHOD_APPLIED_TO,canon_Method_00954,2023
canon_Material_00201,ENTITY_ASSOCIATED_WITH_ENTITY,canon_Material_00096,2023
canon_Method_01402,USED_FOR,canon_Material_00201,2023
canon_Method_01402,USED_FOR,canon_Material_00096,2023
canon_Method_00132,METHOD_APPLIED_TO,canon_Metric_00095,2023
canon_Method_00132,USED_FOR,canon_Task_00492,2023
canon_Other_00292,ENTITY_ASSOCIATED_WITH_ENTITY,canon_Task_00612,2023
canon_Other_00292,ENTITY_ASSOCIATED_WITH_ENTITY,canon_Other_00059,2023
canon_Task_00630,ENTITY_ASSOCIATED_WITH_ENTITY,canon_Material_00152,2023
canon_Task_00630,ENTITY_ASSOCIATED_WITH_ENTITY,canon_Other_01409,2023
canon_Task_00630,ENTITY_ASSOCIATED_WITH_ENTITY,canon_Other_00634,2023
canon_Task_00630,ENTITY_ASSOCIATED_WITH_ENTITY,canon_Other_00334,2023
canon_Task_00630,ENTITY_ASSOCIATED_WITH_ENTITY,canon_Other_01410,2023
canon_Material_00152,ENTITY_ASSOCIATED_WITH_ENTITY,canon_Task_00630,2023
canon_Material_00152,ENTITY_ASSOCIATED_WITH_ENTITY,canon_Other_01409,2023
canon_Material_00152,ENTITY_ASSOCIATED_WITH_ENTITY,canon_Other_00634,2023
canon_Material_00152,ENTITY_ASSOCIATED_WITH_ENTITY,canon_Other_00334,2023
canon_Material_00152,ENTITY_ASSOCIATED_WITH_ENTITY,canon_Other_01410,2023
canon_Other_01409,ENTITY_ASSOCIATED_WITH_ENTITY,canon_Task_00630,2023
canon_Other_01409,ENTITY_ASSOCIATED_WITH_ENTITY,canon_Material_00152,2023
canon_Other_01409,ENTITY_ASSOCIATED_WITH_ENTITY,canon_Other_00634,2023
canon_Other_01409,ENTITY_ASSOCIATED_WITH_ENTITY,canon_Other_00334,2023
canon_Other_01409,ENTITY_ASSOCIATED_WITH_ENTITY,canon_Other_01410,2023
canon_Other_00634,ENTITY_ASSOCIATED_WITH_ENTITY,canon_Task_00630,2023
canon_Other_00634,ENTITY_ASSOCIATED_WITH_ENTITY,canon_Material_00152,2023
canon_Other_00634,ENTITY_ASSOCIATED_WITH_ENTITY,canon_Other_01409,2023
canon_Other_00634,ENTITY_ASSOCIATED_WITH_ENTITY,canon_Other_00334,2023
canon_Other_00634,ENTITY_ASSOCIATED_WITH_ENTITY,canon_Other_01410,2023
canon_Other_00334,ENTITY_ASSOCIATED_WITH_ENTITY,canon_Task_00630,2023
canon_Other_00334,ENTITY_ASSOCIATED_WITH_ENTITY,canon_Material_00152,2023
canon_Other_00334,ENTITY_ASSOCIATED_WITH_ENTITY,canon_Other_01409,2023
canon_Other_00334,ENTITY_ASSOCIATED_WITH_ENTITY,canon_Other_00634,2023
canon_Other_00334,ENTITY_ASSOCIATED_WITH_ENTITY,canon_Other_01410,2023
canon_Other_01410,ENTITY_ASSOCIATED_WITH_ENTITY,canon_Material_00152,2023
canon_Other_01410,ENTITY_ASSOCIATED_WITH_ENTITY,canon_Other_01409,2023
canon_Other_01410,ENTITY_ASSOCIATED_WITH_ENTITY,canon_Other_00634,2023
canon_Other_01410,ENTITY_ASSOCIATED_WITH_ENTITY,canon_Other_00334,2023
canon_Method_00027,METHOD_APPLIED_TO,canon_Material_00004,2023
canon_Method_00027,METHOD_APPLIED_TO,canon_Material_00002,2023
canon_Method_01407,METHOD_APPLIED_TO,canon_Task_00144,2023
canon_Material_00135,USED_FOR,canon_Material_00002,2023
canon_Method_00091,METHOD_APPLIED_TO,canon_Task_00144,2023
canon_Method_00091,USED_FOR,canon_Method_01408,2023
canon_Method_01409,ENTITY_ASSOCIATED_WITH_ENTITY,canon_Method_01410,2023
canon_Method_01409,ENTITY_ASSOCIATED_WITH_ENTITY,canon_Method_01411,2023
canon_Method_01410,ENTITY_ASSOCIATED_WITH_ENTITY,canon_Method_01411,2023
canon_Method_01411,ENTITY_ASSOCIATED_WITH_ENTITY,canon_Method_01410,2023
canon_Method_00133,ENTITY_ASSOCIATED_WITH_ENTITY,canon_Method_00081,2023
canon_Method_00133,ENTITY_ASSOCIATED_WITH_ENTITY,canon_Method_01413,2023
canon_Method_00133,ENTITY_ASSOCIATED_WITH_ENTITY,canon_Method_01178,2023
canon_Method_00133,ENTITY_ASSOCIATED_WITH_ENTITY,canon_Method_00300,2023
canon_Method_00133,ENTITY_ASSOCIATED_WITH_ENTITY,canon_Method_00004,2023
canon_Method_00133,ENTITY_ASSOCIATED_WITH_ENTITY,canon_Method_00284,2023
canon_Method_00021,ENTITY_ASSOCIATED_WITH_ENTITY,canon_Method_00033,2023
canon_Method_00033,ENTITY_ASSOCIATED_WITH_ENTITY,canon_Method_01178,2023
canon_Method_00033,ENTITY_ASSOCIATED_WITH_ENTITY,canon_Method_00046,2023
canon_Method_00268,ENTITY_ASSOCIATED_WITH_ENTITY,canon_Method_00133,2023
canon_Method_00268,ENTITY_ASSOCIATED_WITH_ENTITY,canon_Method_00081,2023
canon_Method_00268,ENTITY_ASSOCIATED_WITH_ENTITY,canon_Method_01412,2023
canon_Method_00268,ENTITY_ASSOCIATED_WITH_ENTITY,canon_Method_01413,2023
canon_Method_00268,ENTITY_ASSOCIATED_WITH_ENTITY,canon_Method_01178,2023
canon_Method_00268,ENTITY_ASSOCIATED_WITH_ENTITY,canon_Method_00046,2023
canon_Method_00268,ENTITY_ASSOCIATED_WITH_ENTITY,canon_Method_00300,2023
canon_Method_00268,ENTITY_ASSOCIATED_WITH_ENTITY,canon_Method_00004,2023
canon_Method_00268,ENTITY_ASSOCIATED_WITH_ENTITY,canon_Method_00284,2023
canon_Method_00081,ENTITY_ASSOCIATED_WITH_ENTITY,canon_Method_00133,2023
canon_Method_00081,ENTITY_ASSOCIATED_WITH_ENTITY,canon_Method_00268,2023
canon_Method_00081,ENTITY_ASSOCIATED_WITH_ENTITY,canon_Method_01412,2023
canon_Method_00081,ENTITY_ASSOCIATED_WITH_ENTITY,canon_Method_01413,2023
canon_Method_00081,ENTITY_ASSOCIATED_WITH_ENTITY,canon_Method_01178,2023
canon_Method_00081,ENTITY_ASSOCIATED_WITH_ENTITY,canon_Method_00300,2023
canon_Method_00081,ENTITY_ASSOCIATED_WITH_ENTITY,canon_Method_00004,2023
canon_Method_00081,ENTITY_ASSOCIATED_WITH_ENTITY,canon_Method_00284,2023
canon_Method_01412,ENTITY_ASSOCIATED_WITH_ENTITY,canon_Method_00133,2023
canon_Method_01412,ENTITY_ASSOCIATED_WITH_ENTITY,canon_Method_00268,2023
canon_Method_01412,ENTITY_ASSOCIATED_WITH_ENTITY,canon_Method_00081,2023
canon_Method_01412,ENTITY_ASSOCIATED_WITH_ENTITY,canon_Method_01413,2023
canon_Method_01412,ENTITY_ASSOCIATED_WITH_ENTITY,canon_Method_01178,2023
canon_Method_01412,ENTITY_ASSOCIATED_WITH_ENTITY,canon_Method_00046,2023
canon_Method_01412,ENTITY_ASSOCIATED_WITH_ENTITY,canon_Method_00300,2023
canon_Method_01412,ENTITY_ASSOCIATED_WITH_ENTITY,canon_Method_00004,2023
canon_Method_01412,ENTITY_ASSOCIATED_WITH_ENTITY,canon_Method_00284,2023
canon_Method_01413,ENTITY_ASSOCIATED_WITH_ENTITY,canon_Method_00133,2023
canon_Method_01413,ENTITY_ASSOCIATED_WITH_ENTITY,canon_Method_00268,2023
canon_Method_01413,ENTITY_ASSOCIATED_WITH_ENTITY,canon_Method_00081,2023
canon_Method_01413,ENTITY_ASSOCIATED_WITH_ENTITY,canon_Method_01412,2023
canon_Method_01413,ENTITY_ASSOCIATED_WITH_ENTITY,canon_Method_00300,2023
canon_Method_01413,ENTITY_ASSOCIATED_WITH_ENTITY,canon_Method_00004,2023
canon_Method_01413,ENTITY_ASSOCIATED_WITH_ENTITY,canon_Method_00284,2023
canon_Method_01178,ENTITY_ASSOCIATED_WITH_ENTITY,canon_Method_00133,2023
canon_Method_01178,ENTITY_ASSOCIATED_WITH_ENTITY,canon_Method_00046,2023
canon_Method_01178,ENTITY_ASSOCIATED_WITH_ENTITY,canon_Method_00004,2023
canon_Method_01178,ENTITY_ASSOCIATED_WITH_ENTITY,canon_Method_00284,2023
canon_Method_00046,ENTITY_ASSOCIATED_WITH_ENTITY,canon_Method_00133,2023
canon_Method_00046,ENTITY_ASSOCIATED_WITH_ENTITY,canon_Method_00033,2023
canon_Method_00046,ENTITY_ASSOCIATED_WITH_ENTITY,canon_Method_01178,2023
canon_Method_00046,ENTITY_ASSOCIATED_WITH_ENTITY,canon_Method_00284,2023
canon_Method_00300,ENTITY_ASSOCIATED_WITH_ENTITY,canon_Method_00133,2023
canon_Method_00300,ENTITY_ASSOCIATED_WITH_ENTITY,canon_Method_00268,2023
canon_Method_00300,ENTITY_ASSOCIATED_WITH_ENTITY,canon_Method_00081,2023
canon_Method_00300,ENTITY_ASSOCIATED_WITH_ENTITY,canon_Method_01412,2023
canon_Method_00300,ENTITY_ASSOCIATED_WITH_ENTITY,canon_Method_01413,2023
canon_Method_00300,ENTITY_ASSOCIATED_WITH_ENTITY,canon_Method_01178,2023
canon_Method_00300,ENTITY_ASSOCIATED_WITH_ENTITY,canon_Method_00046,2023
canon_Method_00300,ENTITY_ASSOCIATED_WITH_ENTITY,canon_Method_00004,2023
canon_Method_00300,ENTITY_ASSOCIATED_WITH_ENTITY,canon_Method_00284,2023
canon_Method_00004,ENTITY_ASSOCIATED_WITH_ENTITY,canon_Method_00133,2023
canon_Method_00004,ENTITY_ASSOCIATED_WITH_ENTITY,canon_Method_00081,2023
canon_Method_00004,ENTITY_ASSOCIATED_WITH_ENTITY,canon_Method_01413,2023
canon_Method_00004,ENTITY_ASSOCIATED_WITH_ENTITY,canon_Method_00300,2023
canon_Method_00284,ENTITY_ASSOCIATED_WITH_ENTITY,canon_Method_00133,2023
canon_Method_00284,ENTITY_ASSOCIATED_WITH_ENTITY,canon_Method_00081,2023
canon_Method_00284,ENTITY_ASSOCIATED_WITH_ENTITY,canon_Method_01413,2023
canon_Method_00284,ENTITY_ASSOCIATED_WITH_ENTITY,canon_Method_01178,2023
canon_Method_00284,ENTITY_ASSOCIATED_WITH_ENTITY,canon_Method_00046,2023
canon_Method_00284,ENTITY_ASSOCIATED_WITH_ENTITY,canon_Method_00300,2023
canon_Method_00284,ENTITY_ASSOCIATED_WITH_ENTITY,canon_Method_00004,2023
canon_Method_01414,USED_FOR,canon_Method_00045,2023
canon_Method_01415,ENTITY_ASSOCIATED_WITH_ENTITY,canon_Other_00005,2023
canon_Method_01416,USED_FOR,canon_Method_01415,2023
canon_Method_01416,ENTITY_ASSOCIATED_WITH_ENTITY,canon_Other_00005,2023
canon_Material_00064,METHOD_EVALUATED_BY,canon_Method_01415,2023
canon_Material_00064,METHOD_EVALUATED_BY,canon_Other_00005,2023
canon_Material_00176,METHOD_EVALUATED_BY,canon_Method_01415,2023
canon_Material_00176,METHOD_EVALUATED_BY,canon_Other_00005,2023
canon_Material_00176,ENTITY_ASSOCIATED_WITH_ENTITY,canon_Material_00064,2023
canon_Method_00845,USED_FOR,canon_Material_00012,2023
canon_Material_00703,USED_FOR,canon_Other_00003,2023
canon_Material_00004,ENTITY_ASSOCIATED_WITH_ENTITY,canon_Material_00704,2023
canon_Material_00004,ENTITY_ASSOCIATED_WITH_ENTITY,canon_Method_00127,2023
canon_Material_00004,ENTITY_ASSOCIATED_WITH_ENTITY,canon_Method_00020,2023
canon_Other_01412,USED_FOR,canon_Other_00037,2023
canon_Other_01413,ENTITY_ASSOCIATED_WITH_ENTITY,canon_Other_01414,2023
canon_Method_00127,METHOD_APPLIED_TO,canon_Material_00002,2023
canon_Method_00020,METHOD_APPLIED_TO,canon_Material_00002,2023
canon_Method_01419,USED_FOR,canon_Method_00127,2023
canon_Method_01419,USED_FOR,canon_Method_00020,2023
canon_Method_01419,METHOD_APPLIED_TO,canon_Material_00002,2023
canon_Method_01420,USED_FOR,canon_Other_01415,2023
canon_Other_00171,ENTITY_ASSOCIATED_WITH_ENTITY,canon_Other_01416,2023
canon_Other_01416,ENTITY_ASSOCIATED_WITH_ENTITY,canon_Other_00171,2023
canon_Other_00063,ENTITY_ASSOCIATED_WITH_ENTITY,canon_Material_00002,2023
canon_Other_00063,ENTITY_ASSOCIATED_WITH_ENTITY,canon_Other_00063,2023
canon_Material_00002,ENTITY_ASSOCIATED_WITH_ENTITY,canon_Other_00063,2023
canon_Other_00063,ENTITY_ASSOCIATED_WITH_ENTITY,canon_Material_00002,2023
canon_Other_00063,ENTITY_ASSOCIATED_WITH_ENTITY,canon_Other_00063,2023
canon_Material_00002,ENTITY_ASSOCIATED_WITH_ENTITY,canon_Other_00063,2023
canon_Other_00063,ENTITY_ASSOCIATED_WITH_ENTITY,canon_Material_00002,2023
canon_Method_01421,METHOD_APPLIED_TO,canon_Material_00705,2023
canon_Method_01421,ENTITY_ASSOCIATED_WITH_ENTITY,canon_Method_01422,2023
canon_Method_01267,ENTITY_ASSOCIATED_WITH_ENTITY,canon_Method_01423,2023
canon_Method_00070,USED_FOR,canon_Other_00337,2023
canon_Method_00070,ENTITY_ASSOCIATED_WITH_ENTITY,canon_Method_01424,2023
canon_Method_00863,USED_FOR,canon_Other_00337,2023
canon_Method_00020,USED_FOR,canon_Other_00337,2023
canon_Method_00020,ENTITY_ASSOCIATED_WITH_ENTITY,canon_Method_01424,2023
canon_Method_01424,USED_FOR,canon_Other_00337,2023
canon_Material_00007,ENTITY_ASSOCIATED_WITH_ENTITY,canon_Other_00072,2023
canon_Material_00007,ENTITY_ASSOCIATED_WITH_ENTITY,canon_Other_00334,2023
canon_Other_00334,ENTITY_ASSOCIATED_WITH_ENTITY,canon_Material_00007,2023
canon_Method_00301,ENTITY_ASSOCIATED_WITH_ENTITY,canon_Other_00013,2023
canon_Method_00301,METHOD_APPLIED_TO,canon_Task_00613,2023
canon_Other_00013,USED_FOR,canon_Task_00613,2023
canon_Method_01426,USED_FOR,canon_Other_00013,2023
canon_Method_01426,ENTITY_ASSOCIATED_WITH_ENTITY,canon_Method_00116,2023
canon_Method_00116,USED_FOR,canon_Method_00301,2023
canon_Method_00116,USED_FOR,canon_Other_00013,2023
canon_Method_00116,USED_FOR,canon_Method_00132,2023
canon_Method_00132,ENTITY_ASSOCIATED_WITH_ENTITY,canon_Method_00116,2023
canon_Method_01427,USED_FOR,canon_Other_00053,2023
canon_Other_00053,METHOD_EVALUATED_BY,canon_Method_01427,2023
canon_Other_00020,USED_FOR,canon_Other_01421,2023
canon_Method_01120,USED_FOR,canon_Other_01422,2023
canon_Method_00134,USED_FOR,canon_Other_01422,2023
canon_Other_00008,USED_FOR,canon_Task_00614,2023
canon_Other_00008,USED_FOR,canon_Task_00151,2023
canon_Other_00008,USED_FOR,canon_Other_01425,2023
canon_Task_00151,METHOD_EVALUATED_BY,canon_Other_00008,2023
canon_Task_00151,ENTITY_ASSOCIATED_WITH_ENTITY,canon_Other_01425,2023
canon_Other_01426,USED_FOR,canon_Task_00152,2023
canon_Task_00615,USED_FOR,canon_Method_01428,2023
canon_Other_01428,ENTITY_ASSOCIATED_WITH_ENTITY,canon_Other_01429,2023
canon_Other_01432,USED_FOR,canon_Other_01431,2023
canon_Task_00007,ENTITY_ASSOCIATED_WITH_ENTITY,canon_Material_00002,2023
canon_Task_00007,ENTITY_ASSOCIATED_WITH_ENTITY,canon_Task_00007,2023
canon_Task_00007,USED_FOR,canon_Task_00007,2023
canon_Other_01436,ENTITY_ASSOCIATED_WITH_ENTITY,canon_Other_01437,2023
canon_Other_01436,ENTITY_ASSOCIATED_WITH_ENTITY,canon_Other_01438,2023
canon_Other_01437,ENTITY_ASSOCIATED_WITH_ENTITY,canon_Other_01436,2023
canon_Other_01437,ENTITY_ASSOCIATED_WITH_ENTITY,canon_Other_01438,2023
canon_Other_01438,ENTITY_ASSOCIATED_WITH_ENTITY,canon_Other_01436,2023
canon_Other_01438,ENTITY_ASSOCIATED_WITH_ENTITY,canon_Other_01437,2023
canon_Other_00005,ENTITY_ASSOCIATED_WITH_ENTITY,canon_Other_00003,2023
canon_Method_01432,USED_FOR,canon_Other_00005,2023
canon_Metric_00115,METHOD_EVALUATED_BY,canon_Other_00005,2023
canon_Metric_00115,METHOD_EVALUATED_BY,canon_Other_00003,2023
canon_Material_00001,USED_FOR,canon_Task_00066,2023
canon_Method_01433,METHOD_APPLIED_TO,canon_Task_00066,2023
canon_Method_01434,METHOD_APPLIED_TO,canon_Task_00617,2023
canon_Method_01435,USED_FOR,canon_Method_00236,2023
canon_Method_01120,USED_FOR,canon_Method_01435,2023
canon_Method_01436,USED_FOR,canon_Method_01435,2023
canon_Method_00302,USED_FOR,canon_Other_01440,2023
canon_Method_00863,ENTITY_ASSOCIATED_WITH_ENTITY,canon_Method_00028,2023
canon_Method_00028,ENTITY_ASSOCIATED_WITH_ENTITY,canon_Method_00863,2023
canon_Method_00028,ENTITY_ASSOCIATED_WITH_ENTITY,canon_Method_00102,2023
canon_Method_00102,USED_FOR,canon_Method_00302,2023
canon_Method_00102,USED_FOR,canon_Other_01440,2023
canon_Method_00102,USED_FOR,canon_Method_00863,2023
canon_Method_00102,USED_FOR,canon_Method_00028,2023
canon_Material_00706,METHOD_EVALUATED_BY,canon_Other_00009,2023
canon_Material_00104,USED_FOR,canon_Task_00619,2023
canon_Material_00006,USED_FOR,canon_Task_00492,2023
canon_Other_01441,USED_FOR,canon_Method_01437,2023
canon_Material_00104,USED_FOR,canon_Method_01437,2023
canon_Material_00708,ENTITY_ASSOCIATED_WITH_ENTITY,canon_Material_00709,2023
canon_Method_01438,USED_FOR,canon_Method_00236,2023
canon_Method_01438,ENTITY_ASSOCIATED_WITH_ENTITY,canon_Method_01439,2023
canon_Method_01439,USED_FOR,canon_Method_00236,2023
canon_Method_01423,USED_FOR,canon_Other_01443,2023
canon_Other_00217,USED_FOR,canon_Other_01446,2023
canon_Method_01440,USED_FOR,canon_Method_00070,2023
canon_Method_01440,USED_FOR,canon_Method_00020,2023
canon_Method_01440,METHOD_APPLIED_TO,canon_Material_00002,2023
canon_Method_00070,METHOD_APPLIED_TO,canon_Material_00002,2023
canon_Method_00020,METHOD_APPLIED_TO,canon_Material_00002,2023
canon_Method_00078,USED_FOR,canon_Other_00114,2023
canon_Method_01441,USED_FOR,canon_Method_00070,2023
canon_Method_01441,USED_FOR,canon_Method_01442,2023
canon_Material_00710,USED_FOR,canon_Method_01441,2023
canon_Material_00710,USED_FOR,canon_Method_00070,2023
canon_Material_00710,USED_FOR,canon_Method_01442,2023
canon_Material_00083,USED_FOR,canon_Method_01441,2023
canon_Material_00083,USED_FOR,canon_Method_00070,2023
canon_Material_00083,USED_FOR,canon_Method_01442,2023
canon_Material_00711,USED_FOR,canon_Method_01443,2023
canon_Method_00303,METHOD_APPLIED_TO,canon_Material_00027,2023
canon_Other_00034,USED_FOR,canon_Task_00153,2023
canon_Material_00189,USED_FOR,canon_Other_00034,2023
canon_Method_01444,METHOD_APPLIED_TO,canon_Material_00002,2023
canon_Material_00002,ENTITY_ASSOCIATED_WITH_ENTITY,canon_Material_00135,2023
canon_Material_00006,USED_FOR,canon_Material_00135,2023
canon_Method_01445,METHOD_APPLIED_TO,canon_Task_00621,2023
canon_Other_01450,ENTITY_ASSOCIATED_WITH_ENTITY,canon_Method_00022,2023
canon_Method_01447,USED_FOR,canon_Material_00002,2023
canon_Method_00021,ENTITY_ASSOCIATED_WITH_ENTITY,canon_Method_00033,2023
canon_Method_00021,ENTITY_ASSOCIATED_WITH_ENTITY,canon_Method_00284,2023
canon_Method_00021,ENTITY_ASSOCIATED_WITH_ENTITY,canon_Method_00046,2023
canon_Method_00021,ENTITY_ASSOCIATED_WITH_ENTITY,canon_Method_01448,2023
canon_Method_00021,ENTITY_ASSOCIATED_WITH_ENTITY,canon_Method_01450,2023
canon_Method_00033,ENTITY_ASSOCIATED_WITH_ENTITY,canon_Method_00284,2023
canon_Method_00033,ENTITY_ASSOCIATED_WITH_ENTITY,canon_Method_00046,2023
canon_Method_00033,ENTITY_ASSOCIATED_WITH_ENTITY,canon_Method_00061,2023
canon_Method_00033,ENTITY_ASSOCIATED_WITH_ENTITY,canon_Method_01448,2023
canon_Method_00033,ENTITY_ASSOCIATED_WITH_ENTITY,canon_Method_01455,2023
canon_Method_00033,ENTITY_ASSOCIATED_WITH_ENTITY,canon_Method_00137,2023
canon_Method_00033,ENTITY_ASSOCIATED_WITH_ENTITY,canon_Method_01456,2023
canon_Method_00033,ENTITY_ASSOCIATED_WITH_ENTITY,canon_Method_01457,2023
canon_Method_00033,ENTITY_ASSOCIATED_WITH_ENTITY,canon_Method_00248,2023
canon_Method_00033,ENTITY_ASSOCIATED_WITH_ENTITY,canon_Method_01450,2023
canon_Method_00284,ENTITY_ASSOCIATED_WITH_ENTITY,canon_Method_00033,2023
canon_Method_00284,ENTITY_ASSOCIATED_WITH_ENTITY,canon_Method_00046,2023
canon_Method_00284,ENTITY_ASSOCIATED_WITH_ENTITY,canon_Method_00061,2023
canon_Method_00284,ENTITY_ASSOCIATED_WITH_ENTITY,canon_Method_01448,2023
canon_Method_00284,ENTITY_ASSOCIATED_WITH_ENTITY,canon_Method_01455,2023
canon_Method_00284,ENTITY_ASSOCIATED_WITH_ENTITY,canon_Method_00137,2023
canon_Method_00284,ENTITY_ASSOCIATED_WITH_ENTITY,canon_Method_01456,2023
canon_Method_00284,ENTITY_ASSOCIATED_WITH_ENTITY,canon_Method_01457,2023
canon_Method_00284,ENTITY_ASSOCIATED_WITH_ENTITY,canon_Method_00248,2023
canon_Method_00284,ENTITY_ASSOCIATED_WITH_ENTITY,canon_Method_01450,2023
canon_Method_00046,ENTITY_ASSOCIATED_WITH_ENTITY,canon_Method_00033,2023
canon_Method_00046,ENTITY_ASSOCIATED_WITH_ENTITY,canon_Method_00284,2023
canon_Method_00046,ENTITY_ASSOCIATED_WITH_ENTITY,canon_Method_00061,2023
canon_Method_00046,ENTITY_ASSOCIATED_WITH_ENTITY,canon_Method_01448,2023
canon_Method_00046,ENTITY_ASSOCIATED_WITH_ENTITY,canon_Method_01455,2023
canon_Method_00046,ENTITY_ASSOCIATED_WITH_ENTITY,canon_Method_00137,2023
canon_Method_00046,ENTITY_ASSOCIATED_WITH_ENTITY,canon_Method_01456,2023
canon_Method_00046,ENTITY_ASSOCIATED_WITH_ENTITY,canon_Method_01457,2023
canon_Method_00046,ENTITY_ASSOCIATED_WITH_ENTITY,canon_Method_00248,2023
canon_Method_00046,ENTITY_ASSOCIATED_WITH_ENTITY,canon_Method_01450,2023
canon_Method_00061,ENTITY_ASSOCIATED_WITH_ENTITY,canon_Method_00033,2023
canon_Method_00061,ENTITY_ASSOCIATED_WITH_ENTITY,canon_Method_00284,2023
canon_Method_00061,ENTITY_ASSOCIATED_WITH_ENTITY,canon_Method_00046,2023
canon_Method_00061,ENTITY_ASSOCIATED_WITH_ENTITY,canon_Method_01448,2023
canon_Method_00061,ENTITY_ASSOCIATED_WITH_ENTITY,canon_Method_01455,2023
canon_Method_00061,ENTITY_ASSOCIATED_WITH_ENTITY,canon_Method_00137,2023
canon_Method_00061,ENTITY_ASSOCIATED_WITH_ENTITY,canon_Method_01456,2023
canon_Method_00061,ENTITY_ASSOCIATED_WITH_ENTITY,canon_Method_01457,2023
canon_Method_00061,ENTITY_ASSOCIATED_WITH_ENTITY,canon_Method_00248,2023
canon_Method_00061,ENTITY_ASSOCIATED_WITH_ENTITY,canon_Method_01450,2023
canon_Method_01455,ENTITY_ASSOCIATED_WITH_ENTITY,canon_Method_00033,2023
canon_Method_01455,ENTITY_ASSOCIATED_WITH_ENTITY,canon_Method_00284,2023
canon_Method_01455,ENTITY_ASSOCIATED_WITH_ENTITY,canon_Method_00046,2023
canon_Method_01455,ENTITY_ASSOCIATED_WITH_ENTITY,canon_Method_00061,2023
canon_Method_01455,ENTITY_ASSOCIATED_WITH_ENTITY,canon_Method_01448,2023
canon_Method_01455,ENTITY_ASSOCIATED_WITH_ENTITY,canon_Method_00137,2023
canon_Method_01455,ENTITY_ASSOCIATED_WITH_ENTITY,canon_Method_01456,2023
canon_Method_01455,ENTITY_ASSOCIATED_WITH_ENTITY,canon_Method_01457,2023
canon_Method_01455,ENTITY_ASSOCIATED_WITH_ENTITY,canon_Method_00248,2023
canon_Method_01455,ENTITY_ASSOCIATED_WITH_ENTITY,canon_Method_01450,2023
canon_Method_00137,ENTITY_ASSOCIATED_WITH_ENTITY,canon_Method_00033,2023
canon_Method_00137,ENTITY_ASSOCIATED_WITH_ENTITY,canon_Method_00284,2023
canon_Method_00137,ENTITY_ASSOCIATED_WITH_ENTITY,canon_Method_00046,2023
canon_Method_00137,ENTITY_ASSOCIATED_WITH_ENTITY,canon_Method_00061,2023
canon_Method_00137,ENTITY_ASSOCIATED_WITH_ENTITY,canon_Method_01448,2023
canon_Method_00137,ENTITY_ASSOCIATED_WITH_ENTITY,canon_Method_01455,2023
canon_Method_00137,ENTITY_ASSOCIATED_WITH_ENTITY,canon_Method_01456,2023
canon_Method_00137,ENTITY_ASSOCIATED_WITH_ENTITY,canon_Method_01457,2023
canon_Method_00137,ENTITY_ASSOCIATED_WITH_ENTITY,canon_Method_00248,2023
canon_Method_00137,ENTITY_ASSOCIATED_WITH_ENTITY,canon_Method_01450,2023
canon_Method_01456,ENTITY_ASSOCIATED_WITH_ENTITY,canon_Method_00033,2023
canon_Method_01456,ENTITY_ASSOCIATED_WITH_ENTITY,canon_Method_00284,2023
canon_Method_01456,ENTITY_ASSOCIATED_WITH_ENTITY,canon_Method_00061,2023
canon_Method_01456,ENTITY_ASSOCIATED_WITH_ENTITY,canon_Method_01448,2023
canon_Method_01456,ENTITY_ASSOCIATED_WITH_ENTITY,canon_Method_01455,2023
canon_Method_01456,ENTITY_ASSOCIATED_WITH_ENTITY,canon_Method_00137,2023
canon_Method_01456,ENTITY_ASSOCIATED_WITH_ENTITY,canon_Method_01457,2023
canon_Method_01456,ENTITY_ASSOCIATED_WITH_ENTITY,canon_Method_00248,2023
canon_Method_01456,ENTITY_ASSOCIATED_WITH_ENTITY,canon_Method_01450,2023
canon_Method_01457,ENTITY_ASSOCIATED_WITH_ENTITY,canon_Method_00033,2023
canon_Method_01457,ENTITY_ASSOCIATED_WITH_ENTITY,canon_Method_00284,2023
canon_Method_01457,ENTITY_ASSOCIATED_WITH_ENTITY,canon_Method_00061,2023
canon_Method_01457,ENTITY_ASSOCIATED_WITH_ENTITY,canon_Method_01448,2023
canon_Method_01457,ENTITY_ASSOCIATED_WITH_ENTITY,canon_Method_01455,2023
canon_Method_01457,ENTITY_ASSOCIATED_WITH_ENTITY,canon_Method_00137,2023
canon_Method_01457,ENTITY_ASSOCIATED_WITH_ENTITY,canon_Method_01456,2023
canon_Method_01457,ENTITY_ASSOCIATED_WITH_ENTITY,canon_Method_00248,2023
canon_Method_00248,ENTITY_ASSOCIATED_WITH_ENTITY,canon_Method_00033,2023
canon_Method_00248,ENTITY_ASSOCIATED_WITH_ENTITY,canon_Method_00284,2023
canon_Method_00248,ENTITY_ASSOCIATED_WITH_ENTITY,canon_Method_00046,2023
canon_Method_00248,ENTITY_ASSOCIATED_WITH_ENTITY,canon_Method_00061,2023
canon_Method_00248,ENTITY_ASSOCIATED_WITH_ENTITY,canon_Method_01448,2023
canon_Method_00248,ENTITY_ASSOCIATED_WITH_ENTITY,canon_Method_01455,2023
canon_Method_00248,ENTITY_ASSOCIATED_WITH_ENTITY,canon_Method_00137,2023
canon_Method_00248,ENTITY_ASSOCIATED_WITH_ENTITY,canon_Method_01456,2023
canon_Method_00248,ENTITY_ASSOCIATED_WITH_ENTITY,canon_Method_01457,2023
canon_Method_00248,ENTITY_ASSOCIATED_WITH_ENTITY,canon_Method_01450,2023
canon_Method_01450,ENTITY_ASSOCIATED_WITH_ENTITY,canon_Method_00033,2023
canon_Method_01450,ENTITY_ASSOCIATED_WITH_ENTITY,canon_Method_00284,2023
canon_Method_01450,ENTITY_ASSOCIATED_WITH_ENTITY,canon_Method_00046,2023
canon_Method_01450,ENTITY_ASSOCIATED_WITH_ENTITY,canon_Method_00061,2023
canon_Method_01450,ENTITY_ASSOCIATED_WITH_ENTITY,canon_Method_01448,2023
canon_Method_01450,ENTITY_ASSOCIATED_WITH_ENTITY,canon_Method_01455,2023
canon_Method_01450,ENTITY_ASSOCIATED_WITH_ENTITY,canon_Method_00137,2023
canon_Method_01450,ENTITY_ASSOCIATED_WITH_ENTITY,canon_Method_01456,2023
canon_Method_01450,ENTITY_ASSOCIATED_WITH_ENTITY,canon_Method_01457,2023
canon_Method_01450,ENTITY_ASSOCIATED_WITH_ENTITY,canon_Method_00248,2023
canon_Method_01458,ENTITY_ASSOCIATED_WITH_ENTITY,canon_Method_01459,2023
canon_Method_01458,USED_FOR,canon_Material_00166,2023
canon_Method_01459,USED_FOR,canon_Material_00166,2023
canon_Method_00305,METHOD_APPLIED_TO,canon_Task_00003,2023
canon_Method_00305,USED_FOR,canon_Material_00002,2023
canon_Method_00336,USED_FOR,canon_Method_00305,2023
canon_Method_01461,METHOD_APPLIED_TO,canon_Task_00003,2023
canon_Method_00102,ENTITY_ASSOCIATED_WITH_ENTITY,canon_Method_00023,2023
canon_Method_01462,ENTITY_ASSOCIATED_WITH_ENTITY,canon_Method_00023,2023
canon_Method_01463,ENTITY_ASSOCIATED_WITH_ENTITY,canon_Method_00023,2023
canon_Method_01463,ENTITY_ASSOCIATED_WITH_ENTITY,canon_Method_01464,2023
canon_Method_01464,ENTITY_ASSOCIATED_WITH_ENTITY,canon_Method_00023,2023
canon_Method_01464,ENTITY_ASSOCIATED_WITH_ENTITY,canon_Method_01463,2023
canon_Other_01452,USED_FOR,canon_Material_00076,2023
canon_Material_00004,ENTITY_ASSOCIATED_WITH_ENTITY,canon_Material_00076,2023
canon_Other_00159,ENTITY_ASSOCIATED_WITH_ENTITY,canon_Other_01454,2023
canon_Other_01454,ENTITY_ASSOCIATED_WITH_ENTITY,canon_Other_00159,2023
canon_Other_01455,USED_FOR,canon_Other_01456,2023
canon_Material_00015,ENTITY_ASSOCIATED_WITH_ENTITY,canon_Other_01458,2023
canon_Other_01458,ENTITY_ASSOCIATED_WITH_ENTITY,canon_Material_00015,2023
canon_Material_00076,ENTITY_ASSOCIATED_WITH_ENTITY,canon_Other_01459,2023
canon_Other_01452,ENTITY_ASSOCIATED_WITH_ENTITY,canon_Material_00076,2023
canon_Material_00004,ENTITY_ASSOCIATED_WITH_ENTITY,canon_Other_01452,2023
canon_Material_00004,ENTITY_ASSOCIATED_WITH_ENTITY,canon_Material_00076,2023
canon_Material_00076,ENTITY_ASSOCIATED_WITH_ENTITY,canon_Other_01452,2023
canon_Material_00002,ENTITY_ASSOCIATED_WITH_ENTITY,canon_Task_00622,2023
canon_Method_01465,ENTITY_ASSOCIATED_WITH_ENTITY,canon_Task_00622,2023
canon_Other_01461,ENTITY_ASSOCIATED_WITH_ENTITY,canon_Task_00622,2023
canon_Other_01461,ENTITY_ASSOCIATED_WITH_ENTITY,canon_Method_01466,2023
canon_Method_01466,ENTITY_ASSOCIATED_WITH_ENTITY,canon_Task_00622,2023
canon_Method_00046,USED_FOR,canon_Method_01467,2023
canon_Method_00046,METHOD_APPLIED_TO,canon_Task_00031,2023
canon_Method_01467,METHOD_APPLIED_TO,canon_Task_00031,2023
canon_Method_01467,USED_FOR,canon_Material_00002,2023
canon_Material_00002,USED_FOR,canon_Method_00046,2023
canon_Method_01468,USED_FOR,canon_Method_00046,2023
canon_Method_00046,USED_FOR,canon_Method_00015,2023
canon_Method_01469,USED_FOR,canon_Method_00046,2023
canon_Method_01469,USED_FOR,canon_Method_00015,2023
canon_Method_00039,METHOD_APPLIED_TO,canon_Material_00004,2023
canon_Method_00092,METHOD_APPLIED_TO,canon_Material_00004,2023
canon_Method_00039,ENTITY_ASSOCIATED_WITH_ENTITY,canon_Method_01470,2023
canon_Method_00092,ENTITY_ASSOCIATED_WITH_ENTITY,canon_Method_01470,2023
canon_Material_00004,METHOD_EVALUATED_BY,canon_Method_00039,2023
canon_Material_00004,METHOD_EVALUATED_BY,canon_Method_00092,2023
canon_Material_00134,ENTITY_ASSOCIATED_WITH_ENTITY,canon_Material_00087,2023
canon_Material_00134,ENTITY_ASSOCIATED_WITH_ENTITY,canon_Material_00099,2023
canon_Material_00134,ENTITY_ASSOCIATED_WITH_ENTITY,canon_Material_00041,2023
canon_Material_00134,ENTITY_ASSOCIATED_WITH_ENTITY,canon_Material_00715,2023
canon_Material_00134,USED_FOR,canon_Material_00105,2023
canon_Material_00087,ENTITY_ASSOCIATED_WITH_ENTITY,canon_Material_00134,2023
canon_Material_00087,ENTITY_ASSOCIATED_WITH_ENTITY,canon_Material_00099,2023
canon_Material_00087,ENTITY_ASSOCIATED_WITH_ENTITY,canon_Material_00041,2023
canon_Material_00087,ENTITY_ASSOCIATED_WITH_ENTITY,canon_Material_00715,2023
canon_Material_00087,USED_FOR,canon_Material_00105,2023
canon_Material_00099,ENTITY_ASSOCIATED_WITH_ENTITY,canon_Material_00134,2023
canon_Material_00099,ENTITY_ASSOCIATED_WITH_ENTITY,canon_Material_00087,2023
canon_Material_00099,ENTITY_ASSOCIATED_WITH_ENTITY,canon_Material_00041,2023
canon_Material_00099,ENTITY_ASSOCIATED_WITH_ENTITY,canon_Material_00715,2023
canon_Material_00099,USED_FOR,canon_Material_00105,2023
canon_Material_00041,ENTITY_ASSOCIATED_WITH_ENTITY,canon_Material_00087,2023
canon_Material_00041,ENTITY_ASSOCIATED_WITH_ENTITY,canon_Material_00099,2023
canon_Material_00041,ENTITY_ASSOCIATED_WITH_ENTITY,canon_Material_00715,2023
canon_Material_00041,USED_FOR,canon_Material_00105,2023
canon_Material_00715,USED_FOR,canon_Material_00105,2023
canon_Method_00306,USED_FOR,canon_Method_01471,2023
canon_Task_00031,ENTITY_ASSOCIATED_WITH_ENTITY,canon_Task_00624,2023
canon_Other_00056,USED_FOR,canon_Task_00031,2023
canon_Other_00056,USED_FOR,canon_Task_00624,2023
canon_Method_00151,METHOD_APPLIED_TO,canon_Task_00624,2023
canon_Method_01472,ENTITY_ASSOCIATED_WITH_ENTITY,canon_Material_00024,2023
canon_Method_01473,USED_FOR,canon_Method_00065,2023
canon_Material_00024,USED_FOR,canon_Method_00065,2023
canon_Method_00151,ENTITY_ASSOCIATED_WITH_ENTITY,canon_Method_01474,2023
canon_Method_00151,ENTITY_ASSOCIATED_WITH_ENTITY,canon_Method_01473,2023
canon_Method_00151,ENTITY_ASSOCIATED_WITH_ENTITY,canon_Method_01474,2023
canon_Method_00151,ENTITY_ASSOCIATED_WITH_ENTITY,canon_Method_01473,2023
canon_Material_00024,ENTITY_ASSOCIATED_WITH_ENTITY,canon_Method_00151,2023
canon_Material_00024,ENTITY_ASSOCIATED_WITH_ENTITY,canon_Method_01474,2023
canon_Material_00024,ENTITY_ASSOCIATED_WITH_ENTITY,canon_Method_01473,2023
canon_Material_00024,ENTITY_ASSOCIATED_WITH_ENTITY,canon_Method_00151,2023
canon_Material_00024,ENTITY_ASSOCIATED_WITH_ENTITY,canon_Method_00065,2023
canon_Material_00024,METHOD_APPLIED_TO,canon_Task_00625,2023
canon_Task_00625,ENTITY_ASSOCIATED_WITH_ENTITY,canon_Method_01474,2023
canon_Task_00625,ENTITY_ASSOCIATED_WITH_ENTITY,canon_Method_01473,2023
canon_Task_00625,ENTITY_ASSOCIATED_WITH_ENTITY,canon_Method_00065,2023
canon_Task_00625,ENTITY_ASSOCIATED_WITH_ENTITY,canon_Material_00024,2023
canon_Task_00625,ENTITY_ASSOCIATED_WITH_ENTITY,canon_Task_00626,2023
canon_Task_00625,ENTITY_ASSOCIATED_WITH_ENTITY,canon_Task_00627,2023
canon_Material_00002,ENTITY_ASSOCIATED_WITH_ENTITY,canon_Method_01474,2023
canon_Material_00002,ENTITY_ASSOCIATED_WITH_ENTITY,canon_Method_01473,2023
canon_Material_00002,ENTITY_ASSOCIATED_WITH_ENTITY,canon_Material_00024,2023
canon_Material_00002,ENTITY_ASSOCIATED_WITH_ENTITY,canon_Task_00625,2023
canon_Material_00002,ENTITY_ASSOCIATED_WITH_ENTITY,canon_Task_00626,2023
canon_Material_00002,ENTITY_ASSOCIATED_WITH_ENTITY,canon_Task_00627,2023
canon_Task_00626,ENTITY_ASSOCIATED_WITH_ENTITY,canon_Method_01474,2023
canon_Task_00626,ENTITY_ASSOCIATED_WITH_ENTITY,canon_Method_01473,2023
canon_Task_00626,ENTITY_ASSOCIATED_WITH_ENTITY,canon_Method_00065,2023
canon_Task_00626,ENTITY_ASSOCIATED_WITH_ENTITY,canon_Material_00024,2023
canon_Task_00626,ENTITY_ASSOCIATED_WITH_ENTITY,canon_Task_00625,2023
canon_Task_00626,ENTITY_ASSOCIATED_WITH_ENTITY,canon_Material_00002,2023
canon_Task_00626,ENTITY_ASSOCIATED_WITH_ENTITY,canon_Task_00627,2023
canon_Task_00627,ENTITY_ASSOCIATED_WITH_ENTITY,canon_Method_01474,2023
canon_Task_00627,ENTITY_ASSOCIATED_WITH_ENTITY,canon_Method_01473,2023
canon_Task_00627,ENTITY_ASSOCIATED_WITH_ENTITY,canon_Method_00065,2023
canon_Task_00627,ENTITY_ASSOCIATED_WITH_ENTITY,canon_Material_00024,2023
canon_Task_00627,ENTITY_ASSOCIATED_WITH_ENTITY,canon_Task_00625,2023
canon_Task_00627,ENTITY_ASSOCIATED_WITH_ENTITY,canon_Task_00626,2023
canon_Material_00716,ENTITY_ASSOCIATED_WITH_ENTITY,canon_Method_00065,2023
canon_Other_01465,ENTITY_ASSOCIATED_WITH_ENTITY,canon_Other_01464,2023
canon_Other_01465,ENTITY_ASSOCIATED_WITH_ENTITY,canon_Other_01466,2023
canon_Other_01465,ENTITY_ASSOCIATED_WITH_ENTITY,canon_Other_01467,2023
canon_Other_01465,ENTITY_ASSOCIATED_WITH_ENTITY,canon_Other_00339,2023
canon_Other_01465,ENTITY_ASSOCIATED_WITH_ENTITY,canon_Other_01468,2023
canon_Other_01465,ENTITY_ASSOCIATED_WITH_ENTITY,canon_Other_01469,2023
canon_Other_01465,ENTITY_ASSOCIATED_WITH_ENTITY,canon_Other_01470,2023
canon_Other_01465,ENTITY_ASSOCIATED_WITH_ENTITY,canon_Other_01471,2023
canon_Other_01466,ENTITY_ASSOCIATED_WITH_ENTITY,canon_Other_01464,2023
canon_Other_01466,ENTITY_ASSOCIATED_WITH_ENTITY,canon_Other_01467,2023
canon_Other_01466,ENTITY_ASSOCIATED_WITH_ENTITY,canon_Other_00339,2023
canon_Other_01466,ENTITY_ASSOCIATED_WITH_ENTITY,canon_Other_01468,2023
canon_Other_01466,ENTITY_ASSOCIATED_WITH_ENTITY,canon_Other_01469,2023
canon_Other_01466,ENTITY_ASSOCIATED_WITH_ENTITY,canon_Other_01470,2023
canon_Other_01466,ENTITY_ASSOCIATED_WITH_ENTITY,canon_Other_01471,2023
canon_Other_01467,ENTITY_ASSOCIATED_WITH_ENTITY,canon_Other_01464,2023
canon_Other_01467,ENTITY_ASSOCIATED_WITH_ENTITY,canon_Other_01466,2023
canon_Other_01467,ENTITY_ASSOCIATED_WITH_ENTITY,canon_Other_00339,2023
canon_Other_01467,ENTITY_ASSOCIATED_WITH_ENTITY,canon_Other_01468,2023
canon_Other_01467,ENTITY_ASSOCIATED_WITH_ENTITY,canon_Other_01469,2023
canon_Other_01467,ENTITY_ASSOCIATED_WITH_ENTITY,canon_Other_01470,2023
canon_Other_01467,ENTITY_ASSOCIATED_WITH_ENTITY,canon_Other_01471,2023
canon_Other_00339,ENTITY_ASSOCIATED_WITH_ENTITY,canon_Other_01464,2023
canon_Other_00339,ENTITY_ASSOCIATED_WITH_ENTITY,canon_Other_01466,2023
canon_Other_00339,ENTITY_ASSOCIATED_WITH_ENTITY,canon_Other_01467,2023
canon_Other_00339,ENTITY_ASSOCIATED_WITH_ENTITY,canon_Other_01468,2023
canon_Other_00339,ENTITY_ASSOCIATED_WITH_ENTITY,canon_Other_01469,2023
canon_Other_00339,ENTITY_ASSOCIATED_WITH_ENTITY,canon_Other_01470,2023
canon_Other_00339,ENTITY_ASSOCIATED_WITH_ENTITY,canon_Other_01471,2023
canon_Other_01468,ENTITY_ASSOCIATED_WITH_ENTITY,canon_Other_01464,2023
canon_Other_01468,ENTITY_ASSOCIATED_WITH_ENTITY,canon_Other_01466,2023
canon_Other_01468,ENTITY_ASSOCIATED_WITH_ENTITY,canon_Other_01467,2023
canon_Other_01468,ENTITY_ASSOCIATED_WITH_ENTITY,canon_Other_00339,2023
canon_Other_01468,ENTITY_ASSOCIATED_WITH_ENTITY,canon_Other_01469,2023
canon_Other_01468,ENTITY_ASSOCIATED_WITH_ENTITY,canon_Other_01470,2023
canon_Other_01468,ENTITY_ASSOCIATED_WITH_ENTITY,canon_Other_01471,2023
canon_Other_01469,ENTITY_ASSOCIATED_WITH_ENTITY,canon_Other_01464,2023
canon_Other_01469,ENTITY_ASSOCIATED_WITH_ENTITY,canon_Other_01466,2023
canon_Other_01469,ENTITY_ASSOCIATED_WITH_ENTITY,canon_Other_01467,2023
canon_Other_01469,ENTITY_ASSOCIATED_WITH_ENTITY,canon_Other_00339,2023
canon_Other_01469,ENTITY_ASSOCIATED_WITH_ENTITY,canon_Other_01468,2023
canon_Other_01469,ENTITY_ASSOCIATED_WITH_ENTITY,canon_Other_01470,2023
canon_Other_01469,ENTITY_ASSOCIATED_WITH_ENTITY,canon_Other_01471,2023
canon_Other_01470,ENTITY_ASSOCIATED_WITH_ENTITY,canon_Other_01464,2023
canon_Other_01470,ENTITY_ASSOCIATED_WITH_ENTITY,canon_Other_01466,2023
canon_Other_01470,ENTITY_ASSOCIATED_WITH_ENTITY,canon_Other_01467,2023
canon_Other_01470,ENTITY_ASSOCIATED_WITH_ENTITY,canon_Other_00339,2023
canon_Other_01470,ENTITY_ASSOCIATED_WITH_ENTITY,canon_Other_01468,2023
canon_Other_01470,ENTITY_ASSOCIATED_WITH_ENTITY,canon_Other_01469,2023
canon_Other_01470,ENTITY_ASSOCIATED_WITH_ENTITY,canon_Other_01471,2023
canon_Other_01471,ENTITY_ASSOCIATED_WITH_ENTITY,canon_Other_01464,2023
canon_Other_01471,ENTITY_ASSOCIATED_WITH_ENTITY,canon_Other_01466,2023
canon_Other_01471,ENTITY_ASSOCIATED_WITH_ENTITY,canon_Other_00339,2023
canon_Other_01471,ENTITY_ASSOCIATED_WITH_ENTITY,canon_Other_01468,2023
canon_Other_01471,ENTITY_ASSOCIATED_WITH_ENTITY,canon_Other_01469,2023
canon_Other_01471,ENTITY_ASSOCIATED_WITH_ENTITY,canon_Other_01470,2023
canon_Other_01473,ENTITY_ASSOCIATED_WITH_ENTITY,canon_Other_00340,2023
canon_Other_00340,ENTITY_ASSOCIATED_WITH_ENTITY,canon_Other_01473,2023
canon_Other_00340,ENTITY_ASSOCIATED_WITH_ENTITY,canon_Other_00341,2023
canon_Other_00340,ENTITY_ASSOCIATED_WITH_ENTITY,canon_Other_01474,2023
canon_Other_00340,ENTITY_ASSOCIATED_WITH_ENTITY,canon_Other_01475,2023
canon_Other_00341,ENTITY_ASSOCIATED_WITH_ENTITY,canon_Other_00340,2023
canon_Other_00341,ENTITY_ASSOCIATED_WITH_ENTITY,canon_Other_01474,2023
canon_Other_00341,ENTITY_ASSOCIATED_WITH_ENTITY,canon_Other_01475,2023
canon_Other_01474,ENTITY_ASSOCIATED_WITH_ENTITY,canon_Other_00340,2023
canon_Other_01474,ENTITY_ASSOCIATED_WITH_ENTITY,canon_Other_00341,2023
canon_Other_01474,ENTITY_ASSOCIATED_WITH_ENTITY,canon_Other_01475,2023
canon_Method_00308,METHOD_APPLIED_TO,canon_Material_00006,2023
canon_Method_00308,USED_FOR,canon_Material_00300,2023
canon_Method_01475,USED_FOR,canon_Other_00830,2023
canon_Other_00340,ENTITY_ASSOCIATED_WITH_ENTITY,canon_Other_01476,2023
canon_Other_00340,ENTITY_ASSOCIATED_WITH_ENTITY,canon_Other_01477,2023
canon_Other_01476,ENTITY_ASSOCIATED_WITH_ENTITY,canon_Other_00830,2023
canon_Other_01476,ENTITY_ASSOCIATED_WITH_ENTITY,canon_Other_00340,2023
canon_Other_01476,ENTITY_ASSOCIATED_WITH_ENTITY,canon_Other_01477,2023
canon_Other_01477,ENTITY_ASSOCIATED_WITH_ENTITY,canon_Other_00340,2023
canon_Other_01477,ENTITY_ASSOCIATED_WITH_ENTITY,canon_Other_01476,2023
canon_Method_01476,USED_FOR,canon_Material_00152,2023
canon_Other_01480,ENTITY_ASSOCIATED_WITH_ENTITY,canon_Other_01479,2023
canon_Other_00011,USED_FOR,canon_Other_01479,2023
canon_Other_00011,USED_FOR,canon_Method_00308,2023
canon_Other_00011,USED_FOR,canon_Material_00006,2023
canon_Material_00006,ENTITY_ASSOCIATED_WITH_ENTITY,canon_Method_00308,2023
canon_Material_00718,ENTITY_ASSOCIATED_WITH_ENTITY,canon_Material_00719,2023
canon_Other_01481,ENTITY_ASSOCIATED_WITH_ENTITY,canon_Material_00002,2023
canon_Other_01482,ENTITY_ASSOCIATED_WITH_ENTITY,canon_Other_01483,2023
canon_Other_01483,ENTITY_ASSOCIATED_WITH_ENTITY,canon_Other_01482,2023
canon_Method_00047,USED_FOR,canon_Other_01485,2023
canon_Material_00721,ENTITY_ASSOCIATED_WITH_ENTITY,canon_Material_00720,2023
canon_Material_00721,ENTITY_ASSOCIATED_WITH_ENTITY,canon_Material_00722,2023
canon_Material_00722,ENTITY_ASSOCIATED_WITH_ENTITY,canon_Other_01486,2023
canon_Material_00722,ENTITY_ASSOCIATED_WITH_ENTITY,canon_Material_00720,2023
canon_Material_00722,ENTITY_ASSOCIATED_WITH_ENTITY,canon_Material_00723,2023
canon_Material_00722,ENTITY_ASSOCIATED_WITH_ENTITY,canon_Material_00724,2023
canon_Material_00723,ENTITY_ASSOCIATED_WITH_ENTITY,canon_Material_00720,2023
canon_Material_00723,USED_FOR,canon_Material_00724,2023
canon_Material_00724,ENTITY_ASSOCIATED_WITH_ENTITY,canon_Material_00720,2023
canon_Material_00724,ENTITY_ASSOCIATED_WITH_ENTITY,canon_Material_00722,2023
canon_Material_00724,USED_FOR,canon_Material_00723,2023
canon_Method_01481,ENTITY_ASSOCIATED_WITH_ENTITY,canon_Method_00047,2023
canon_Method_01481,ENTITY_ASSOCIATED_WITH_ENTITY,canon_Method_01483,2023
canon_Method_01482,ENTITY_ASSOCIATED_WITH_ENTITY,canon_Method_00047,2023
canon_Method_01482,ENTITY_ASSOCIATED_WITH_ENTITY,canon_Method_01483,2023
canon_Method_00310,ENTITY_ASSOCIATED_WITH_ENTITY,canon_Method_00047,2023
canon_Method_00310,ENTITY_ASSOCIATED_WITH_ENTITY,canon_Method_01483,2023
canon_Method_00310,USED_FOR,canon_Method_00309,2023
canon_Method_00309,ENTITY_ASSOCIATED_WITH_ENTITY,canon_Method_00047,2023
canon_Method_00309,METHOD_EVALUATED_BY,canon_Method_01483,2023
canon_Method_00309,METHOD_EVALUATED_BY,canon_Method_00310,2023
canon_Method_01484,USED_FOR,canon_Method_00310,2023
canon_Metric_00001,METHOD_EVALUATED_BY,canon_Method_00310,2023
canon_Material_00725,METHOD_EVALUATED_BY,canon_Method_00310,2023
canon_Material_00190,METHOD_EVALUATED_BY,canon_Method_00310,2023
canon_Material_00190,ENTITY_ASSOCIATED_WITH_ENTITY,canon_Material_00725,2023
canon_Material_00190,ENTITY_ASSOCIATED_WITH_ENTITY,canon_Material_00726,2023
canon_Material_00190,ENTITY_ASSOCIATED_WITH_ENTITY,canon_Material_00727,2023
canon_Material_00726,METHOD_EVALUATED_BY,canon_Method_00310,2023
canon_Material_00726,ENTITY_ASSOCIATED_WITH_ENTITY,canon_Material_00725,2023
canon_Material_00726,ENTITY_ASSOCIATED_WITH_ENTITY,canon_Material_00190,2023
canon_Material_00726,ENTITY_ASSOCIATED_WITH_ENTITY,canon_Material_00727,2023
canon_Material_00727,METHOD_EVALUATED_BY,canon_Method_00310,2023
canon_Material_00727,ENTITY_ASSOCIATED_WITH_ENTITY,canon_Material_00725,2023
canon_Material_00727,ENTITY_ASSOCIATED_WITH_ENTITY,canon_Material_00726,2023
canon_Material_00190,ENTITY_ASSOCIATED_WITH_ENTITY,canon_Material_00728,2023
canon_Material_00728,ENTITY_ASSOCIATED_WITH_ENTITY,canon_Material_00190,2023
canon_Material_00035,USED_FOR,canon_Material_00002,2023
canon_Task_00630,USED_FOR,canon_Method_01485,2023
canon_Task_00630,USED_FOR,canon_Task_00031,2023
canon_Method_01485,METHOD_APPLIED_TO,canon_Task_00031,2023
canon_Method_01487,USED_FOR,canon_Material_00192,2023
canon_Method_01489,ENTITY_ASSOCIATED_WITH_ENTITY,canon_Method_00311,2023
canon_Method_00311,METHOD_APPLIED_TO,canon_Task_00632,2023
canon_Task_00632,ENTITY_ASSOCIATED_WITH_ENTITY,canon_Method_00311,2023
canon_Method_01490,METHOD_APPLIED_TO,canon_Material_00078,2023
canon_Material_00729,ENTITY_ASSOCIATED_WITH_ENTITY,canon_Material_00078,2023
canon_Material_00730,ENTITY_ASSOCIATED_WITH_ENTITY,canon_Material_00078,2023
canon_Material_00730,ENTITY_ASSOCIATED_WITH_ENTITY,canon_Task_00171,2023
canon_Task_00171,ENTITY_ASSOCIATED_WITH_ENTITY,canon_Material_00078,2023
canon_Method_01523,ENTITY_ASSOCIATED_WITH_ENTITY,canon_Task_00634,2023
canon_Other_01489,USED_FOR,canon_Other_01490,2023
canon_Other_01489,USED_FOR,canon_Other_01491,2023
canon_Method_01496,ENTITY_ASSOCIATED_WITH_ENTITY,canon_Method_01497,2023
canon_Other_01493,ENTITY_ASSOCIATED_WITH_ENTITY,canon_Material_00012,2023
canon_Method_00017,ENTITY_ASSOCIATED_WITH_ENTITY,canon_Method_01504,2023
canon_Method_01505,USED_FOR,canon_Material_00002,2023
canon_Method_01506,ENTITY_ASSOCIATED_WITH_ENTITY,canon_Method_01505,2023
canon_Material_00037,USED_FOR,canon_Material_00731,2023
canon_Method_00144,METHOD_APPLIED_TO,canon_Task_00636,2023
canon_Other_01143,ENTITY_ASSOCIATED_WITH_ENTITY,canon_Other_01495,2023
canon_Other_01495,ENTITY_ASSOCIATED_WITH_ENTITY,canon_Other_01496,2023
canon_Method_00062,METHOD_APPLIED_TO,canon_Material_00732,2023
canon_Method_00005,USED_FOR,canon_Method_01523,2023
canon_Method_01523,USED_FOR,canon_Task_00041,2023
canon_Method_00005,ENTITY_ASSOCIATED_WITH_ENTITY,canon_Method_01233,2023
canon_Other_00006,USED_FOR,canon_Task_00637,2023
canon_Other_00006,USED_FOR,canon_Method_00756,2023
canon_Method_00005,METHOD_APPLIED_TO,canon_Task_00638,2023
canon_Method_00005,METHOD_APPLIED_TO,canon_Task_00041,2023
canon_Task_00638,ENTITY_ASSOCIATED_WITH_ENTITY,canon_Task_00041,2023
canon_Method_01516,USED_FOR,canon_Method_00121,2023
canon_Method_00005,METHOD_APPLIED_TO,canon_Task_00639,2023
canon_Material_00733,ENTITY_ASSOCIATED_WITH_ENTITY,canon_Material_00110,2023
canon_Material_00733,ENTITY_ASSOCIATED_WITH_ENTITY,canon_Material_00734,2023
canon_Material_00733,ENTITY_ASSOCIATED_WITH_ENTITY,canon_Material_00735,2023
canon_Material_00110,ENTITY_ASSOCIATED_WITH_ENTITY,canon_Material_00734,2023
canon_Material_00110,ENTITY_ASSOCIATED_WITH_ENTITY,canon_Material_00735,2023
canon_Material_00110,ENTITY_ASSOCIATED_WITH_ENTITY,canon_Material_00736,2023
canon_Material_00110,ENTITY_ASSOCIATED_WITH_ENTITY,canon_Other_00176,2023
canon_Material_00734,ENTITY_ASSOCIATED_WITH_ENTITY,canon_Material_00110,2023
canon_Material_00734,ENTITY_ASSOCIATED_WITH_ENTITY,canon_Material_00735,2023
canon_Material_00734,ENTITY_ASSOCIATED_WITH_ENTITY,canon_Material_00736,2023
canon_Material_00734,ENTITY_ASSOCIATED_WITH_ENTITY,canon_Other_00176,2023
canon_Material_00735,ENTITY_ASSOCIATED_WITH_ENTITY,canon_Material_00110,2023
canon_Material_00735,ENTITY_ASSOCIATED_WITH_ENTITY,canon_Material_00734,2023
canon_Material_00735,ENTITY_ASSOCIATED_WITH_ENTITY,canon_Material_00736,2023
canon_Material_00735,ENTITY_ASSOCIATED_WITH_ENTITY,canon_Other_00176,2023
canon_Material_00736,ENTITY_ASSOCIATED_WITH_ENTITY,canon_Material_00734,2023
canon_Material_00736,ENTITY_ASSOCIATED_WITH_ENTITY,canon_Material_00735,2023
canon_Material_00736,ENTITY_ASSOCIATED_WITH_ENTITY,canon_Other_00176,2023
canon_Other_00176,ENTITY_ASSOCIATED_WITH_ENTITY,canon_Material_00734,2023
canon_Other_00176,ENTITY_ASSOCIATED_WITH_ENTITY,canon_Material_00735,2023
canon_Other_00176,ENTITY_ASSOCIATED_WITH_ENTITY,canon_Material_00736,2023
canon_Task_00640,ENTITY_ASSOCIATED_WITH_ENTITY,canon_Method_00954,2023
canon_Material_00737,ENTITY_ASSOCIATED_WITH_ENTITY,canon_Method_00154,2023
canon_Method_00003,ENTITY_ASSOCIATED_WITH_ENTITY,canon_Method_00007,2023
canon_Method_00003,USED_FOR,canon_Method_00315,2023
canon_Method_00007,USED_FOR,canon_Method_00315,2023
canon_Method_00314,ENTITY_ASSOCIATED_WITH_ENTITY,canon_Task_00050,2023
canon_Method_01519,ENTITY_ASSOCIATED_WITH_ENTITY,canon_Method_01520,2023
canon_Method_01520,ENTITY_ASSOCIATED_WITH_ENTITY,canon_Method_01521,2023
canon_Method_01521,USED_FOR,canon_Method_00154,2023
canon_Method_00005,ENTITY_ASSOCIATED_WITH_ENTITY,canon_Method_01522,2023
canon_Other_01498,ENTITY_ASSOCIATED_WITH_ENTITY,canon_Other_01499,2023
canon_Other_01499,ENTITY_ASSOCIATED_WITH_ENTITY,canon_Other_01498,2023
canon_Metric_00119,ENTITY_ASSOCIATED_WITH_ENTITY,canon_Metric_00120,2023
canon_Method_00049,METHOD_APPLIED_TO,canon_Material_00191,2023
canon_Material_00024,USED_FOR,canon_Method_00465,2023
canon_Material_00024,ENTITY_ASSOCIATED_WITH_ENTITY,canon_Material_00739,2023
canon_Material_00739,USED_FOR,canon_Method_00465,2023
canon_Material_00740,ENTITY_ASSOCIATED_WITH_ENTITY,canon_Method_00465,2023
canon_Material_00740,ENTITY_ASSOCIATED_WITH_ENTITY,canon_Material_00017,2023
canon_Material_00742,USED_FOR,canon_Task_00642,2023
canon_Material_00191,USED_FOR,canon_Material_00012,2023
canon_Method_01204,METHOD_APPLIED_TO,canon_Task_00643,2023
canon_Method_00457,USED_FOR,canon_Method_00465,2023
canon_Material_00741,USED_FOR,canon_Method_00465,2023
canon_Metric_00001,METHOD_EVALUATED_BY,canon_Method_01524,2023
canon_Metric_00021,METHOD_EVALUATED_BY,canon_Method_01524,2023
canon_Other_00008,USED_FOR,canon_Other_01502,2023
canon_Method_00316,USED_FOR,canon_Material_00002,2023
canon_Other_01503,USED_FOR,canon_Method_00316,2023
canon_Method_01525,ENTITY_ASSOCIATED_WITH_ENTITY,canon_Other_01505,2023
canon_Method_01525,ENTITY_ASSOCIATED_WITH_ENTITY,canon_Method_01526,2023
canon_Method_01526,ENTITY_ASSOCIATED_WITH_ENTITY,canon_Other_01505,2023
canon_Method_01526,ENTITY_ASSOCIATED_WITH_ENTITY,canon_Method_01525,2023
canon_Method_00316,USED_FOR,canon_Material_00006,2023
canon_Task_00644,ENTITY_ASSOCIATED_WITH_ENTITY,canon_Task_00645,2023
canon_Task_00644,ENTITY_ASSOCIATED_WITH_ENTITY,canon_Task_00646,2023
canon_Task_00645,ENTITY_ASSOCIATED_WITH_ENTITY,canon_Task_00644,2023
canon_Task_00645,ENTITY_ASSOCIATED_WITH_ENTITY,canon_Task_00646,2023
canon_Task_00646,ENTITY_ASSOCIATED_WITH_ENTITY,canon_Task_00645,2023
canon_Method_00005,METHOD_APPLIED_TO,canon_Task_00647,2023
canon_Method_00155,METHOD_APPLIED_TO,canon_Task_00648,2023
canon_Method_01527,ENTITY_ASSOCIATED_WITH_ENTITY,canon_Method_01528,2023
canon_Method_00005,METHOD_APPLIED_TO,canon_Task_00649,2023
canon_Task_00651,ENTITY_ASSOCIATED_WITH_ENTITY,canon_Other_01506,2023
canon_Other_01506,ENTITY_ASSOCIATED_WITH_ENTITY,canon_Task_00651,2023
canon_Method_00155,METHOD_APPLIED_TO,canon_Task_00154,2023
canon_Method_00155,METHOD_APPLIED_TO,canon_Task_00154,2023
canon_Method_00317,USED_FOR,canon_Method_00095,2023
canon_Method_00317,METHOD_APPLIED_TO,canon_Task_00652,2023
canon_Method_00095,USED_FOR,canon_Method_00317,2023
canon_Method_00095,METHOD_APPLIED_TO,canon_Task_00652,2023
canon_Other_00020,USED_FOR,canon_Material_00076,2023
canon_Method_00318,USED_FOR,canon_Method_01529,2023
canon_Method_00318,USED_FOR,canon_Other_00020,2023
canon_Method_00318,USED_FOR,canon_Material_00076,2023
canon_Material_00076,USED_FOR,canon_Other_00020,2023
canon_Other_00003,ENTITY_ASSOCIATED_WITH_ENTITY,canon_Method_01530,2023
canon_Method_01531,METHOD_APPLIED_TO,canon_Method_00049,2023
canon_Method_01531,METHOD_APPLIED_TO,canon_Task_00653,2023
canon_Method_00049,USED_FOR,canon_Task_00653,2023
canon_Task_00653,USED_FOR,canon_Method_00049,2023
canon_Method_01532,METHOD_APPLIED_TO,canon_Task_00654,2023
canon_Method_01532,METHOD_APPLIED_TO,canon_Task_00655,2023
canon_Method_01534,METHOD_APPLIED_TO,canon_Task_00156,2023
canon_Method_01536,ENTITY_ASSOCIATED_WITH_ENTITY,canon_Method_00280,2023
canon_Method_01537,ENTITY_ASSOCIATED_WITH_ENTITY,canon_Method_00280,2023
canon_Method_00062,METHOD_APPLIED_TO,canon_Task_00657,2023
canon_Task_00658,USED_FOR,canon_Task_00657,2023
canon_Method_01537,ENTITY_ASSOCIATED_WITH_ENTITY,canon_Method_01539,2023
canon_Method_01539,METHOD_APPLIED_TO,canon_Method_00062,2023
canon_Task_00156,USED_FOR,canon_Method_00062,2023
canon_Material_00201,USED_FOR,canon_Method_00047,2023
canon_Material_00201,ENTITY_ASSOCIATED_WITH_ENTITY,canon_Material_00744,2023
canon_Material_00745,USED_FOR,canon_Material_00201,2023
canon_Material_00745,USED_FOR,canon_Material_00744,2023
canon_Material_00201,METHOD_APPLIED_TO,canon_Method_00007,2023
canon_Material_00201,METHOD_APPLIED_TO,canon_Method_00024,2023
canon_Method_00007,ENTITY_ASSOCIATED_WITH_ENTITY,canon_Method_00024,2023
canon_Method_00024,ENTITY_ASSOCIATED_WITH_ENTITY,canon_Method_00007,2023
canon_Other_00005,USED_FOR,canon_Task_00020,2023
canon_Other_01508,USED_FOR,canon_Other_00159,2023
canon_Material_00145,ENTITY_ASSOCIATED_WITH_ENTITY,canon_Material_00804,2023
canon_Material_00145,ENTITY_ASSOCIATED_WITH_ENTITY,canon_Other_01511,2023
canon_Material_00145,ENTITY_ASSOCIATED_WITH_ENTITY,canon_Other_01512,2023
canon_Material_00804,ENTITY_ASSOCIATED_WITH_ENTITY,canon_Material_00145,2023
canon_Material_00804,ENTITY_ASSOCIATED_WITH_ENTITY,canon_Other_01511,2023
canon_Material_00804,ENTITY_ASSOCIATED_WITH_ENTITY,canon_Other_01512,2023
canon_Other_01511,ENTITY_ASSOCIATED_WITH_ENTITY,canon_Material_00145,2023
canon_Other_01511,ENTITY_ASSOCIATED_WITH_ENTITY,canon_Material_00804,2023
canon_Other_01511,ENTITY_ASSOCIATED_WITH_ENTITY,canon_Other_01512,2023
canon_Other_01512,ENTITY_ASSOCIATED_WITH_ENTITY,canon_Material_00145,2023
canon_Other_01512,ENTITY_ASSOCIATED_WITH_ENTITY,canon_Material_00804,2023
canon_Other_01512,ENTITY_ASSOCIATED_WITH_ENTITY,canon_Other_01511,2023
canon_Method_00045,METHOD_APPLIED_TO,canon_Material_00333,2023
canon_Method_00002,METHOD_APPLIED_TO,canon_Material_00031,2023
canon_Method_01543,USED_FOR,canon_Method_00002,2023
canon_Method_00002,METHOD_APPLIED_TO,canon_Task_00662,2023
canon_Method_01545,METHOD_APPLIED_TO,canon_Material_00333,2023
canon_Other_01513,USED_FOR,canon_Material_00002,2023
canon_Other_01513,ENTITY_ASSOCIATED_WITH_ENTITY,canon_Material_00027,2023
canon_Method_00306,USED_FOR,canon_Task_00663,2023
canon_Method_00306,USED_FOR,canon_Task_00664,2023
canon_Task_00663,ENTITY_ASSOCIATED_WITH_ENTITY,canon_Task_00664,2023
canon_Method_00306,USED_FOR,canon_Material_00002,2023
canon_Other_00036,USED_FOR,canon_Task_00007,2023
canon_Material_00027,USED_FOR,canon_Other_00148,2023
canon_Material_00027,USED_FOR,canon_Other_00117,2023
canon_Other_00117,USED_FOR,canon_Task_00665,2023
canon_Metric_00004,METHOD_EVALUATED_BY,canon_Other_00117,2023
canon_Task_00001,USED_FOR,canon_Material_00004,2023
canon_Material_00004,USED_FOR,canon_Material_00023,2023
canon_Material_00008,ENTITY_ASSOCIATED_WITH_ENTITY,canon_Material_00544,2023
canon_Material_00008,ENTITY_ASSOCIATED_WITH_ENTITY,canon_Material_00003,2023
canon_Material_00003,ENTITY_ASSOCIATED_WITH_ENTITY,canon_Material_00544,2023
canon_Method_01547,USED_FOR,canon_Method_01549,2023
canon_Method_00284,ENTITY_ASSOCIATED_WITH_ENTITY,canon_Method_01547,2023
canon_Method_00284,ENTITY_ASSOCIATED_WITH_ENTITY,canon_Method_01548,2023
canon_Method_01548,ENTITY_ASSOCIATED_WITH_ENTITY,canon_Method_01547,2023
canon_Method_01548,USED_FOR,canon_Method_00146,2023
canon_Method_01548,USED_FOR,canon_Method_00109,2023
canon_Method_01548,USED_FOR,canon_Method_01549,2023
canon_Method_00146,ENTITY_ASSOCIATED_WITH_ENTITY,canon_Method_01547,2023
canon_Method_00146,ENTITY_ASSOCIATED_WITH_ENTITY,canon_Method_01548,2023
canon_Method_00146,ENTITY_ASSOCIATED_WITH_ENTITY,canon_Method_00109,2023
canon_Method_00146,USED_FOR,canon_Method_01549,2023
canon_Method_00109,ENTITY_ASSOCIATED_WITH_ENTITY,canon_Method_01547,2023
canon_Method_00109,ENTITY_ASSOCIATED_WITH_ENTITY,canon_Method_01548,2023
canon_Method_00109,ENTITY_ASSOCIATED_WITH_ENTITY,canon_Method_00146,2023
canon_Method_00109,USED_FOR,canon_Method_01549,2023
canon_Method_01549,ENTITY_ASSOCIATED_WITH_ENTITY,canon_Method_01547,2023
canon_Method_01550,ENTITY_ASSOCIATED_WITH_ENTITY,canon_Method_01551,2023
canon_Method_01550,ENTITY_ASSOCIATED_WITH_ENTITY,canon_Method_00033,2023
canon_Method_01550,ENTITY_ASSOCIATED_WITH_ENTITY,canon_Method_01552,2023
canon_Method_01551,ENTITY_ASSOCIATED_WITH_ENTITY,canon_Method_00033,2023
canon_Method_01551,ENTITY_ASSOCIATED_WITH_ENTITY,canon_Method_01552,2023
canon_Method_00033,ENTITY_ASSOCIATED_WITH_ENTITY,canon_Method_01552,2023
canon_Metric_00001,METHOD_EVALUATED_BY,canon_Method_01550,2023
canon_Metric_00001,METHOD_EVALUATED_BY,canon_Method_01551,2023
canon_Metric_00001,METHOD_EVALUATED_BY,canon_Method_00033,2023
canon_Metric_00001,METHOD_EVALUATED_BY,canon_Method_01552,2023
canon_Method_01553,METHOD_APPLIED_TO,canon_Task_00666,2023
canon_Material_00003,USED_FOR,canon_Task_00666,2023
canon_Method_00093,USED_FOR,canon_Method_01553,2023
canon_Method_00093,METHOD_APPLIED_TO,canon_Task_00666,2023
canon_Material_00037,USED_FOR,canon_Material_00002,2023
canon_Method_00093,USED_FOR,canon_Material_00002,2023
canon_Method_00093,USED_FOR,canon_Method_01556,2023
canon_Method_01555,USED_FOR,canon_Method_01556,2023
canon_Method_00095,METHOD_APPLIED_TO,canon_Task_00036,2023
canon_Method_00016,ENTITY_ASSOCIATED_WITH_ENTITY,canon_Method_00009,2023
canon_Method_00016,ENTITY_ASSOCIATED_WITH_ENTITY,canon_Method_00095,2023
canon_Method_00009,ENTITY_ASSOCIATED_WITH_ENTITY,canon_Method_00095,2023
canon_Method_00095,ENTITY_ASSOCIATED_WITH_ENTITY,canon_Method_00009,2023
canon_Method_00146,ENTITY_ASSOCIATED_WITH_ENTITY,canon_Method_00009,2023
canon_Method_00146,ENTITY_ASSOCIATED_WITH_ENTITY,canon_Method_00095,2023
canon_Method_00146,ENTITY_ASSOCIATED_WITH_ENTITY,canon_Method_01560,2023
canon_Method_00146,ENTITY_ASSOCIATED_WITH_ENTITY,canon_Method_00277,2023
canon_Method_00096,ENTITY_ASSOCIATED_WITH_ENTITY,canon_Method_00009,2023
canon_Method_00096,ENTITY_ASSOCIATED_WITH_ENTITY,canon_Method_00095,2023
canon_Method_00096,ENTITY_ASSOCIATED_WITH_ENTITY,canon_Method_01560,2023
canon_Method_00096,ENTITY_ASSOCIATED_WITH_ENTITY,canon_Method_00277,2023
canon_Method_01560,ENTITY_ASSOCIATED_WITH_ENTITY,canon_Method_00009,2023
canon_Method_01560,ENTITY_ASSOCIATED_WITH_ENTITY,canon_Method_00095,2023
canon_Method_01560,ENTITY_ASSOCIATED_WITH_ENTITY,canon_Method_00277,2023
canon_Method_01560,USED_FOR,canon_Task_00036,2023
canon_Method_00277,ENTITY_ASSOCIATED_WITH_ENTITY,canon_Method_00009,2023
canon_Method_00277,ENTITY_ASSOCIATED_WITH_ENTITY,canon_Method_00095,2023
canon_Method_00277,ENTITY_ASSOCIATED_WITH_ENTITY,canon_Method_01560,2023
canon_Method_00277,METHOD_APPLIED_TO,canon_Task_00036,2023
canon_Method_00081,ENTITY_ASSOCIATED_WITH_ENTITY,canon_Method_01557,2023
canon_Method_00081,ENTITY_ASSOCIATED_WITH_ENTITY,canon_Material_00082,2023
canon_Method_00081,ENTITY_ASSOCIATED_WITH_ENTITY,canon_Other_00018,2023
canon_Material_00082,ENTITY_ASSOCIATED_WITH_ENTITY,canon_Method_01557,2023
canon_Material_00082,ENTITY_ASSOCIATED_WITH_ENTITY,canon_Other_00018,2023
canon_Other_00018,ENTITY_ASSOCIATED_WITH_ENTITY,canon_Method_01557,2023
canon_Material_00178,METHOD_EVALUATED_BY,canon_Method_00148,2023
canon_Material_00747,METHOD_EVALUATED_BY,canon_Method_00148,2023
canon_Method_01558,ENTITY_ASSOCIATED_WITH_ENTITY,canon_Method_00148,2023
canon_Metric_00009,METHOD_EVALUATED_BY,canon_Method_01558,2023
canon_Metric_00009,METHOD_EVALUATED_BY,canon_Method_00148,2023
canon_Method_00019,METHOD_APPLIED_TO,canon_Task_00001,2023
canon_Method_00025,METHOD_APPLIED_TO,canon_Task_00667,2023
canon_Material_00003,USED_FOR,canon_Method_00025,2023
canon_Material_00003,USED_FOR,canon_Task_00667,2023
canon_Other_00011,USED_FOR,canon_Other_00103,2023
canon_Method_00320,USED_FOR,canon_Other_00103,2023
canon_Material_00748,USED_FOR,canon_Method_00320,2023
canon_Material_00748,ENTITY_ASSOCIATED_WITH_ENTITY,canon_Other_00178,2023
canon_Other_00178,USED_FOR,canon_Method_00320,2023
canon_Other_00178,USED_FOR,canon_Other_00103,2023
canon_Method_00009,USED_FOR,canon_Other_00008,2023
canon_Method_00009,USED_FOR,canon_Other_01519,2023
canon_Method_01559,USED_FOR,canon_Other_00008,2023
canon_Method_01559,USED_FOR,canon_Other_01519,2023
canon_Method_01560,USED_FOR,canon_Other_00008,2023
canon_Method_01560,ENTITY_ASSOCIATED_WITH_ENTITY,canon_Method_01559,2023
canon_Method_01560,USED_FOR,canon_Other_01519,2023
canon_Method_01560,USED_FOR,canon_Method_01561,2023
canon_Method_01561,USED_FOR,canon_Other_01519,2023
canon_Other_01520,ENTITY_ASSOCIATED_WITH_ENTITY,canon_Other_00178,2023
canon_Other_01520,ENTITY_ASSOCIATED_WITH_ENTITY,canon_Other_00918,2023
canon_Other_00918,ENTITY_ASSOCIATED_WITH_ENTITY,canon_Other_00178,2023
canon_Other_00918,ENTITY_ASSOCIATED_WITH_ENTITY,canon_Other_01521,2023
canon_Other_00918,ENTITY_ASSOCIATED_WITH_ENTITY,canon_Other_01522,2023
canon_Other_01521,ENTITY_ASSOCIATED_WITH_ENTITY,canon_Other_00178,2023
canon_Other_01521,ENTITY_ASSOCIATED_WITH_ENTITY,canon_Other_00918,2023
canon_Other_01521,ENTITY_ASSOCIATED_WITH_ENTITY,canon_Other_01522,2023
canon_Other_01522,ENTITY_ASSOCIATED_WITH_ENTITY,canon_Other_00178,2023
canon_Other_01522,ENTITY_ASSOCIATED_WITH_ENTITY,canon_Other_01521,2023
canon_Other_00008,ENTITY_ASSOCIATED_WITH_ENTITY,canon_Other_00011,2023
canon_Other_01519,USED_FOR,canon_Other_00008,2023
canon_Other_01519,USED_FOR,canon_Other_00011,2023
canon_Other_01519,ENTITY_ASSOCIATED_WITH_ENTITY,canon_Other_00178,2023
canon_Other_01519,USED_FOR,canon_Task_00668,2023
canon_Other_00178,USED_FOR,canon_Other_00008,2023
canon_Other_00178,USED_FOR,canon_Other_00011,2023
canon_Other_00178,USED_FOR,canon_Other_01519,2023
canon_Other_00178,USED_FOR,canon_Task_00668,2023
canon_Other_00070,USED_FOR,canon_Task_00012,2023
canon_Method_00019,USED_FOR,canon_Other_00070,2023
canon_Method_00019,METHOD_APPLIED_TO,canon_Task_00012,2023
canon_Method_00019,METHOD_APPLIED_TO,canon_Task_00125,2023
canon_Method_00019,USED_FOR,canon_Material_00018,2023
canon_Method_01564,METHOD_APPLIED_TO,canon_Task_00125,2023
canon_Method_01564,USED_FOR,canon_Material_00018,2023
canon_Method_01565,ENTITY_ASSOCIATED_WITH_ENTITY,canon_Method_00025,2023
canon_Method_00045,ENTITY_ASSOCIATED_WITH_ENTITY,canon_Method_00025,2023
canon_Task_00671,ENTITY_ASSOCIATED_WITH_ENTITY,canon_Method_00025,2023
canon_Method_01566,USED_FOR,canon_Method_01567,2023
canon_Material_00005,USED_FOR,canon_Method_01567,2023
canon_Material_00001,ENTITY_ASSOCIATED_WITH_ENTITY,canon_Other_00076,2023
canon_Material_00003,USED_FOR,canon_Material_00002,2023
canon_Material_00750,USED_FOR,canon_Other_00076,2023
canon_Method_01572,USED_FOR,canon_Other_00137,2023
canon_Material_00008,USED_FOR,canon_Other_00042,2023
canon_Other_01526,USED_FOR,canon_Other_00042,2023
canon_Material_00201,ENTITY_ASSOCIATED_WITH_ENTITY,canon_Method_01576,2023
canon_Task_00100,ENTITY_ASSOCIATED_WITH_ENTITY,canon_Material_00585,2023
canon_Task_00100,ENTITY_ASSOCIATED_WITH_ENTITY,canon_Task_00674,2023
canon_Material_00585,ENTITY_ASSOCIATED_WITH_ENTITY,canon_Task_00674,2023
canon_Material_00585,ENTITY_ASSOCIATED_WITH_ENTITY,canon_Method_00948,2023
canon_Material_00585,ENTITY_ASSOCIATED_WITH_ENTITY,canon_Material_00751,2023
canon_Task_00674,ENTITY_ASSOCIATED_WITH_ENTITY,canon_Material_00585,2023
canon_Task_00674,ENTITY_ASSOCIATED_WITH_ENTITY,canon_Method_00948,2023
canon_Task_00674,ENTITY_ASSOCIATED_WITH_ENTITY,canon_Material_00751,2023
canon_Method_00948,ENTITY_ASSOCIATED_WITH_ENTITY,canon_Material_00585,2023
canon_Method_00948,ENTITY_ASSOCIATED_WITH_ENTITY,canon_Task_00674,2023
canon_Method_00948,ENTITY_ASSOCIATED_WITH_ENTITY,canon_Material_00751,2023
canon_Material_00751,ENTITY_ASSOCIATED_WITH_ENTITY,canon_Task_00674,2023
canon_Material_00751,ENTITY_ASSOCIATED_WITH_ENTITY,canon_Method_00948,2023
canon_Other_00006,USED_FOR,canon_Method_00524,2023
canon_Material_00752,ENTITY_ASSOCIATED_WITH_ENTITY,canon_Method_00524,2023
canon_Material_00016,USED_FOR,canon_Material_00002,2023
canon_Method_00322,USED_FOR,canon_Material_00002,2023
canon_Material_00016,USED_FOR,canon_Material_00002,2023
canon_Method_00322,USED_FOR,canon_Material_00002,2023
canon_Method_00322,USED_FOR,canon_Task_00806,2023
canon_Method_01577,USED_FOR,canon_Material_00002,2023
canon_Method_01577,USED_FOR,canon_Task_00806,2023
canon_Material_00002,ENTITY_ASSOCIATED_WITH_ENTITY,canon_Task_00806,2023
canon_Material_00049,ENTITY_ASSOCIATED_WITH_ENTITY,canon_Material_00194,2023
canon_Material_00194,ENTITY_ASSOCIATED_WITH_ENTITY,canon_Material_00041,2023
canon_Other_00295,USED_FOR,canon_Other_01527,2023
canon_Method_01578,ENTITY_ASSOCIATED_WITH_ENTITY,canon_Method_01579,2023
canon_Method_00097,METHOD_APPLIED_TO,canon_Task_00676,2023
canon_Method_00097,METHOD_APPLIED_TO,canon_Task_00060,2023
canon_Method_00097,METHOD_APPLIED_TO,canon_Material_00010,2023
canon_Task_00676,ENTITY_ASSOCIATED_WITH_ENTITY,canon_Task_00060,2023
canon_Material_00010,ENTITY_ASSOCIATED_WITH_ENTITY,canon_Task_00060,2023
canon_Other_00046,USED_FOR,canon_Material_00018,2023
canon_Other_01529,USED_FOR,canon_Other_00046,2023
canon_Other_01529,ENTITY_ASSOCIATED_WITH_ENTITY,canon_Method_01580,2023
canon_Material_00753,ENTITY_ASSOCIATED_WITH_ENTITY,canon_Other_00321,2023
canon_Material_00753,ENTITY_ASSOCIATED_WITH_ENTITY,canon_Material_00754,2023
canon_Material_00753,ENTITY_ASSOCIATED_WITH_ENTITY,canon_Material_00018,2023
canon_Material_00754,ENTITY_ASSOCIATED_WITH_ENTITY,canon_Other_00321,2023
canon_Material_00754,ENTITY_ASSOCIATED_WITH_ENTITY,canon_Material_00018,2023
canon_Method_00097,ENTITY_ASSOCIATED_WITH_ENTITY,canon_Other_00321,2023
canon_Method_00097,ENTITY_ASSOCIATED_WITH_ENTITY,canon_Material_00018,2023
canon_Material_00003,ENTITY_ASSOCIATED_WITH_ENTITY,canon_Other_00321,2023
canon_Material_00003,ENTITY_ASSOCIATED_WITH_ENTITY,canon_Material_00018,2023
canon_Material_00010,USED_FOR,canon_Task_00110,2023
canon_Method_00097,METHOD_APPLIED_TO,canon_Task_00110,2023
canon_Method_01582,METHOD_APPLIED_TO,canon_Task_00018,2023
canon_Material_00013,ENTITY_ASSOCIATED_WITH_ENTITY,canon_Material_00755,2023
canon_Material_00071,USED_FOR,canon_Method_01583,2023
canon_Material_00003,USED_FOR,canon_Method_01583,2023
canon_Method_01584,USED_FOR,canon_Method_01583,2023
canon_Method_01584,USED_FOR,canon_Material_00152,2023
canon_Task_00158,ENTITY_ASSOCIATED_WITH_ENTITY,canon_Other_00343,2023
canon_Task_00158,ENTITY_ASSOCIATED_WITH_ENTITY,canon_Task_00677,2023
canon_Task_00158,ENTITY_ASSOCIATED_WITH_ENTITY,canon_Task_00678,2023
canon_Task_00677,ENTITY_ASSOCIATED_WITH_ENTITY,canon_Other_00343,2023
canon_Task_00677,ENTITY_ASSOCIATED_WITH_ENTITY,canon_Task_00158,2023
canon_Task_00677,ENTITY_ASSOCIATED_WITH_ENTITY,canon_Task_00678,2023
canon_Task_00677,ENTITY_ASSOCIATED_WITH_ENTITY,canon_Task_00679,2023
canon_Task_00678,ENTITY_ASSOCIATED_WITH_ENTITY,canon_Other_00343,2023
canon_Task_00678,ENTITY_ASSOCIATED_WITH_ENTITY,canon_Task_00677,2023
canon_Task_00678,ENTITY_ASSOCIATED_WITH_ENTITY,canon_Task_00679,2023
canon_Task_00678,ENTITY_ASSOCIATED_WITH_ENTITY,canon_Task_00680,2023
canon_Task_00679,ENTITY_ASSOCIATED_WITH_ENTITY,canon_Task_00678,2023
canon_Task_00679,ENTITY_ASSOCIATED_WITH_ENTITY,canon_Task_00680,2023
canon_Task_00680,ENTITY_ASSOCIATED_WITH_ENTITY,canon_Task_00679,2023
canon_Method_00323,USED_FOR,canon_Other_01531,2023
canon_Method_00323,METHOD_APPLIED_TO,canon_Task_00119,2023
canon_Material_00071,USED_FOR,canon_Method_00323,2023
canon_Material_00071,USED_FOR,canon_Other_01531,2023
canon_Other_01531,ENTITY_ASSOCIATED_WITH_ENTITY,canon_Task_00119,2023
canon_Task_00119,ENTITY_ASSOCIATED_WITH_ENTITY,canon_Other_01531,2023
canon_Method_01585,USED_FOR,canon_Material_00881,2023
canon_Method_00324,METHOD_APPLIED_TO,canon_Material_00756,2023
canon_Method_00324,USED_FOR,canon_Other_00283,2023
canon_Other_01532,USED_FOR,canon_Material_00182,2023
canon_Other_01532,ENTITY_ASSOCIATED_WITH_ENTITY,canon_Other_01533,2023
canon_Other_01533,USED_FOR,canon_Material_00182,2023
canon_Other_01533,ENTITY_ASSOCIATED_WITH_ENTITY,canon_Other_01532,2023
canon_Other_00167,USED_FOR,canon_Material_00018,2023
canon_Material_00018,ENTITY_ASSOCIATED_WITH_ENTITY,canon_Other_00167,2023
canon_Material_00018,ENTITY_ASSOCIATED_WITH_ENTITY,canon_Material_00018,2023
canon_Other_01535,ENTITY_ASSOCIATED_WITH_ENTITY,canon_Other_00345,2023
canon_Other_01535,ENTITY_ASSOCIATED_WITH_ENTITY,canon_Other_00346,2023
canon_Other_00345,ENTITY_ASSOCIATED_WITH_ENTITY,canon_Other_00346,2023
canon_Other_00345,ENTITY_ASSOCIATED_WITH_ENTITY,canon_Other_01536,2023
canon_Other_00345,ENTITY_ASSOCIATED_WITH_ENTITY,canon_Other_01537,2023
canon_Other_00346,ENTITY_ASSOCIATED_WITH_ENTITY,canon_Other_00345,2023
canon_Other_00346,ENTITY_ASSOCIATED_WITH_ENTITY,canon_Other_01536,2023
canon_Other_00346,ENTITY_ASSOCIATED_WITH_ENTITY,canon_Other_01537,2023
canon_Other_01536,ENTITY_ASSOCIATED_WITH_ENTITY,canon_Other_00346,2023
canon_Other_01536,ENTITY_ASSOCIATED_WITH_ENTITY,canon_Other_01537,2023
canon_Other_01537,ENTITY_ASSOCIATED_WITH_ENTITY,canon_Other_00346,2023
canon_Other_01537,ENTITY_ASSOCIATED_WITH_ENTITY,canon_Other_01536,2023
canon_Material_00757,USED_FOR,canon_Material_00002,2023
canon_Other_00345,ENTITY_ASSOCIATED_WITH_ENTITY,canon_Other_00346,2023
canon_Other_00345,ENTITY_ASSOCIATED_WITH_ENTITY,canon_Other_01538,2023
canon_Other_00346,ENTITY_ASSOCIATED_WITH_ENTITY,canon_Other_01538,2023
canon_Other_00346,USED_FOR,canon_Material_00002,2023
canon_Other_01540,ENTITY_ASSOCIATED_WITH_ENTITY,canon_Method_01589,2023
canon_Material_00002,ENTITY_ASSOCIATED_WITH_ENTITY,canon_Material_00002,2023
canon_Material_00002,ENTITY_ASSOCIATED_WITH_ENTITY,canon_Material_00002,2023
canon_Material_00002,ENTITY_ASSOCIATED_WITH_ENTITY,canon_Material_00002,2023
canon_Material_00002,ENTITY_ASSOCIATED_WITH_ENTITY,canon_Material_00002,2023
canon_Material_00002,ENTITY_ASSOCIATED_WITH_ENTITY,canon_Material_00002,2023
canon_Material_00002,ENTITY_ASSOCIATED_WITH_ENTITY,canon_Material_00002,2023
canon_Material_00002,ENTITY_ASSOCIATED_WITH_ENTITY,canon_Material_00002,2023
canon_Material_00002,ENTITY_ASSOCIATED_WITH_ENTITY,canon_Material_00002,2023
canon_Material_00002,ENTITY_ASSOCIATED_WITH_ENTITY,canon_Material_00002,2023
canon_Material_00002,ENTITY_ASSOCIATED_WITH_ENTITY,canon_Material_00002,2023
canon_Material_00002,ENTITY_ASSOCIATED_WITH_ENTITY,canon_Material_00002,2023
canon_Material_00002,ENTITY_ASSOCIATED_WITH_ENTITY,canon_Material_00002,2023
canon_Material_00002,ENTITY_ASSOCIATED_WITH_ENTITY,canon_Material_00002,2023
canon_Material_00002,ENTITY_ASSOCIATED_WITH_ENTITY,canon_Material_00002,2023
canon_Material_00002,USED_FOR,canon_Task_00034,2023
canon_Method_01590,METHOD_APPLIED_TO,canon_Task_00034,2023
canon_Other_00126,ENTITY_ASSOCIATED_WITH_ENTITY,canon_Material_00002,2023
canon_Material_00201,ENTITY_ASSOCIATED_WITH_ENTITY,canon_Method_01591,2023
canon_Material_00201,METHOD_APPLIED_TO,canon_Material_00081,2023
canon_Method_01591,METHOD_APPLIED_TO,canon_Material_00081,2023
canon_Material_00081,ENTITY_ASSOCIATED_WITH_ENTITY,canon_Method_01591,2023
canon_Method_00183,ENTITY_ASSOCIATED_WITH_ENTITY,canon_Method_00130,2023
canon_Method_00183,USED_FOR,canon_Other_00172,2023
canon_Material_00064,USED_FOR,canon_Material_00201,2023
canon_Other_01541,ENTITY_ASSOCIATED_WITH_ENTITY,canon_Task_00683,2023
canon_Material_00001,USED_FOR,canon_Material_00018,2023
canon_Material_00001,USED_FOR,canon_Task_00684,2023
canon_Material_00001,USED_FOR,canon_Material_00002,2023
canon_Method_00064,METHOD_APPLIED_TO,canon_Task_00685,2023
canon_Method_00064,METHOD_APPLIED_TO,canon_Task_00686,2023
canon_Method_00064,METHOD_APPLIED_TO,canon_Task_00687,2023
canon_Task_00685,ENTITY_ASSOCIATED_WITH_ENTITY,canon_Task_00686,2023
canon_Task_00685,ENTITY_ASSOCIATED_WITH_ENTITY,canon_Task_00687,2023
canon_Task_00686,ENTITY_ASSOCIATED_WITH_ENTITY,canon_Task_00687,2023
canon_Method_00064,USED_FOR,canon_Other_01543,2023
canon_Method_00064,USED_FOR,canon_Material_00881,2023
canon_Method_00064,METHOD_APPLIED_TO,canon_Material_00092,2023
canon_Method_00064,USED_FOR,canon_Material_00018,2023
canon_Other_01544,ENTITY_ASSOCIATED_WITH_ENTITY,canon_Other_01544,2023
canon_Other_01544,ENTITY_ASSOCIATED_WITH_ENTITY,canon_Other_01545,2023
canon_Other_01544,ENTITY_ASSOCIATED_WITH_ENTITY,canon_Other_01546,2023
canon_Other_01544,USED_FOR,canon_Material_00018,2023
canon_Other_01544,ENTITY_ASSOCIATED_WITH_ENTITY,canon_Other_01545,2023
canon_Other_01544,ENTITY_ASSOCIATED_WITH_ENTITY,canon_Other_01546,2023
canon_Other_01544,ENTITY_ASSOCIATED_WITH_ENTITY,canon_Other_01547,2023
canon_Other_01544,ENTITY_ASSOCIATED_WITH_ENTITY,canon_Other_01548,2023
canon_Other_01545,USED_FOR,canon_Material_00018,2023
canon_Other_01545,ENTITY_ASSOCIATED_WITH_ENTITY,canon_Other_01544,2023
canon_Other_01545,ENTITY_ASSOCIATED_WITH_ENTITY,canon_Other_01546,2023
canon_Other_01545,ENTITY_ASSOCIATED_WITH_ENTITY,canon_Other_01547,2023
canon_Other_01545,ENTITY_ASSOCIATED_WITH_ENTITY,canon_Other_01548,2023
canon_Other_01546,USED_FOR,canon_Material_00018,2023
canon_Other_01546,ENTITY_ASSOCIATED_WITH_ENTITY,canon_Other_01544,2023
canon_Other_01546,ENTITY_ASSOCIATED_WITH_ENTITY,canon_Other_01545,2023
canon_Other_01546,ENTITY_ASSOCIATED_WITH_ENTITY,canon_Other_01547,2023
canon_Other_01546,ENTITY_ASSOCIATED_WITH_ENTITY,canon_Other_01548,2023
canon_Other_01547,USED_FOR,canon_Material_00018,2023
canon_Other_01547,ENTITY_ASSOCIATED_WITH_ENTITY,canon_Other_01544,2023
canon_Other_01547,ENTITY_ASSOCIATED_WITH_ENTITY,canon_Other_01545,2023
canon_Other_01547,ENTITY_ASSOCIATED_WITH_ENTITY,canon_Other_01546,2023
canon_Other_01547,ENTITY_ASSOCIATED_WITH_ENTITY,canon_Other_01548,2023
canon_Other_01548,USED_FOR,canon_Material_00018,2023
canon_Other_01548,ENTITY_ASSOCIATED_WITH_ENTITY,canon_Other_01544,2023
canon_Other_01548,ENTITY_ASSOCIATED_WITH_ENTITY,canon_Other_01545,2023
canon_Other_01548,ENTITY_ASSOCIATED_WITH_ENTITY,canon_Other_01546,2023
canon_Other_01548,ENTITY_ASSOCIATED_WITH_ENTITY,canon_Other_01547,2023
canon_Material_00758,ENTITY_ASSOCIATED_WITH_ENTITY,canon_Material_00109,2023
canon_Material_00758,ENTITY_ASSOCIATED_WITH_ENTITY,canon_Other_01549,2023
canon_Material_00109,ENTITY_ASSOCIATED_WITH_ENTITY,canon_Other_01549,2023
canon_Method_00292,ENTITY_ASSOCIATED_WITH_ENTITY,canon_Material_00109,2023
canon_Method_00292,ENTITY_ASSOCIATED_WITH_ENTITY,canon_Other_01549,2023
canon_Task_00159,ENTITY_ASSOCIATED_WITH_ENTITY,canon_Task_00160,2023
canon_Method_01594,METHOD_APPLIED_TO,canon_Task_00159,2023
canon_Method_01594,METHOD_APPLIED_TO,canon_Task_00160,2023
canon_Other_00013,USED_FOR,canon_Task_00159,2023
canon_Other_00013,USED_FOR,canon_Task_00160,2023
canon_Method_00325,METHOD_APPLIED_TO,canon_Task_00160,2023
canon_Task_00159,ENTITY_ASSOCIATED_WITH_ENTITY,canon_Task_00160,2023
canon_Method_01595,USED_FOR,canon_Other_00013,2023
canon_Method_01595,METHOD_APPLIED_TO,canon_Task_00160,2023
canon_Other_01550,ENTITY_ASSOCIATED_WITH_ENTITY,canon_Other_00006,2023
canon_Other_01550,USED_FOR,canon_Task_00159,2023
canon_Other_01550,USED_FOR,canon_Task_00160,2023
canon_Task_00159,ENTITY_ASSOCIATED_WITH_ENTITY,canon_Task_00160,2023
canon_Other_01551,ENTITY_ASSOCIATED_WITH_ENTITY,canon_Other_00006,2023
canon_Other_01551,ENTITY_ASSOCIATED_WITH_ENTITY,canon_Other_01550,2023
canon_Other_01551,ENTITY_ASSOCIATED_WITH_ENTITY,canon_Task_00160,2023
canon_Other_01551,ENTITY_ASSOCIATED_WITH_ENTITY,canon_Other_01552,2023
canon_Other_01551,ENTITY_ASSOCIATED_WITH_ENTITY,canon_Other_01553,2023
canon_Other_01551,ENTITY_ASSOCIATED_WITH_ENTITY,canon_Other_01554,2023
canon_Other_01551,ENTITY_ASSOCIATED_WITH_ENTITY,canon_Other_01555,2023
canon_Other_01552,ENTITY_ASSOCIATED_WITH_ENTITY,canon_Other_00006,2023
canon_Other_01552,ENTITY_ASSOCIATED_WITH_ENTITY,canon_Other_01550,2023
canon_Other_01552,USED_FOR,canon_Task_00160,2023
canon_Other_01552,ENTITY_ASSOCIATED_WITH_ENTITY,canon_Other_01551,2023
canon_Other_01552,ENTITY_ASSOCIATED_WITH_ENTITY,canon_Method_00156,2023
canon_Other_01552,ENTITY_ASSOCIATED_WITH_ENTITY,canon_Other_01553,2023
canon_Other_01552,ENTITY_ASSOCIATED_WITH_ENTITY,canon_Method_00156,2023
canon_Other_01552,ENTITY_ASSOCIATED_WITH_ENTITY,canon_Other_01554,2023
canon_Other_01552,ENTITY_ASSOCIATED_WITH_ENTITY,canon_Other_01555,2023
canon_Method_00156,METHOD_APPLIED_TO,canon_Task_00160,2023
canon_Other_01553,ENTITY_ASSOCIATED_WITH_ENTITY,canon_Other_00006,2023
canon_Other_01553,ENTITY_ASSOCIATED_WITH_ENTITY,canon_Other_01550,2023
canon_Other_01553,USED_FOR,canon_Task_00160,2023
canon_Other_01553,ENTITY_ASSOCIATED_WITH_ENTITY,canon_Other_01552,2023
canon_Other_01553,ENTITY_ASSOCIATED_WITH_ENTITY,canon_Method_00156,2023
canon_Other_01553,ENTITY_ASSOCIATED_WITH_ENTITY,canon_Other_01554,2023
canon_Other_01553,ENTITY_ASSOCIATED_WITH_ENTITY,canon_Other_01555,2023
canon_Method_00156,METHOD_APPLIED_TO,canon_Task_00160,2023
canon_Method_00156,USED_FOR,canon_Other_01553,2023
canon_Method_00156,USED_FOR,canon_Other_01554,2023
canon_Method_00156,USED_FOR,canon_Other_01555,2023
canon_Other_01554,ENTITY_ASSOCIATED_WITH_ENTITY,canon_Other_00006,2023
canon_Other_01554,USED_FOR,canon_Task_00160,2023
canon_Other_01554,ENTITY_ASSOCIATED_WITH_ENTITY,canon_Other_01552,2023
canon_Other_01554,ENTITY_ASSOCIATED_WITH_ENTITY,canon_Method_00156,2023
canon_Other_01554,ENTITY_ASSOCIATED_WITH_ENTITY,canon_Other_01553,2023
canon_Other_01554,ENTITY_ASSOCIATED_WITH_ENTITY,canon_Method_00156,2023
canon_Other_01554,ENTITY_ASSOCIATED_WITH_ENTITY,canon_Other_01555,2023
canon_Other_01555,ENTITY_ASSOCIATED_WITH_ENTITY,canon_Other_00006,2023
canon_Other_01555,USED_FOR,canon_Task_00160,2023
canon_Other_01555,ENTITY_ASSOCIATED_WITH_ENTITY,canon_Other_01552,2023
canon_Other_01555,ENTITY_ASSOCIATED_WITH_ENTITY,canon_Method_00156,2023
canon_Other_01555,USED_FOR,canon_Other_01553,2023
canon_Other_01555,ENTITY_ASSOCIATED_WITH_ENTITY,canon_Method_00156,2023
canon_Other_01555,USED_FOR,canon_Other_01554,2023
canon_Method_01597,USED_FOR,canon_Other_00016,2023
canon_Method_01597,USED_FOR,canon_Method_00325,2023
canon_Method_01597,USED_FOR,canon_Method_01598,2023
canon_Method_00325,USED_FOR,canon_Other_00016,2023
canon_Method_00325,USED_FOR,canon_Method_01597,2023
canon_Method_00325,USED_FOR,canon_Method_01598,2023
canon_Metric_00122,METHOD_EVALUATED_BY,canon_Method_00156,2023
canon_Metric_00122,METHOD_EVALUATED_BY,canon_Method_01599,2023
canon_Method_00156,ENTITY_ASSOCIATED_WITH_ENTITY,canon_Method_01599,2023
canon_Other_01556,USED_FOR,canon_Method_01599,2023
canon_Method_00089,USED_FOR,canon_Material_00002,2023
canon_Material_00003,USED_FOR,canon_Material_00002,2023
canon_Method_00049,USED_FOR,canon_Other_00034,2023
canon_Method_00049,ENTITY_ASSOCIATED_WITH_ENTITY,canon_Method_00001,2023
canon_Method_00049,ENTITY_ASSOCIATED_WITH_ENTITY,canon_Method_00288,2023
canon_Method_00057,USED_FOR,canon_Other_00034,2023
canon_Method_00057,ENTITY_ASSOCIATED_WITH_ENTITY,canon_Method_00001,2023
canon_Method_00057,ENTITY_ASSOCIATED_WITH_ENTITY,canon_Method_00288,2023
canon_Method_00001,USED_FOR,canon_Other_00034,2023
canon_Method_00001,ENTITY_ASSOCIATED_WITH_ENTITY,canon_Method_00288,2023
canon_Method_00001,USED_FOR,canon_Material_00002,2023
canon_Method_00288,USED_FOR,canon_Other_00034,2023
canon_Method_00288,ENTITY_ASSOCIATED_WITH_ENTITY,canon_Method_00001,2023
canon_Method_00288,USED_FOR,canon_Material_00002,2023
canon_Material_00363,USED_FOR,canon_Method_00326,2023
canon_Other_01558,USED_FOR,canon_Method_00089,2023
canon_Method_01600,ENTITY_ASSOCIATED_WITH_ENTITY,canon_Method_01601,2023
canon_Method_01601,METHOD_APPLIED_TO,canon_Method_00088,2023
canon_Method_01603,METHOD_APPLIED_TO,canon_Material_00007,2023
canon_Method_01605,METHOD_APPLIED_TO,canon_Material_00054,2023
canon_Material_00184,USED_FOR,canon_Method_01605,2023
canon_Material_00153,USED_FOR,canon_Material_00054,2023
canon_Method_00010,USED_FOR,canon_Material_00002,2023
canon_Method_01607,METHOD_APPLIED_TO,canon_Material_00053,2023
canon_Other_01561,USED_FOR,canon_Material_00002,2023
canon_Material_00760,USED_FOR,canon_Other_00022,2023
canon_Method_01608,ENTITY_ASSOCIATED_WITH_ENTITY,canon_Method_00021,2023
canon_Method_01608,ENTITY_ASSOCIATED_WITH_ENTITY,canon_Method_01609,2023
canon_Method_00021,ENTITY_ASSOCIATED_WITH_ENTITY,canon_Method_01609,2023
canon_Method_01609,ENTITY_ASSOCIATED_WITH_ENTITY,canon_Method_00021,2023
canon_Method_01609,ENTITY_ASSOCIATED_WITH_ENTITY,canon_Method_00284,2023
canon_Method_00284,ENTITY_ASSOCIATED_WITH_ENTITY,canon_Method_01610,2023
canon_Method_00284,ENTITY_ASSOCIATED_WITH_ENTITY,canon_Method_01611,2023
canon_Method_01610,ENTITY_ASSOCIATED_WITH_ENTITY,canon_Method_00284,2023
canon_Method_01610,ENTITY_ASSOCIATED_WITH_ENTITY,canon_Method_01611,2023
canon_Method_01611,ENTITY_ASSOCIATED_WITH_ENTITY,canon_Method_00284,2023
canon_Method_01611,ENTITY_ASSOCIATED_WITH_ENTITY,canon_Method_01610,2023
canon_Metric_00001,METHOD_EVALUATED_BY,canon_Method_00021,2023
canon_Material_00017,USED_FOR,canon_Material_00002,2023
canon_Material_00017,USED_FOR,canon_Other_01562,2023
canon_Method_01240,USED_FOR,canon_Material_00002,2023
canon_Method_01240,USED_FOR,canon_Other_01562,2023
canon_Material_00003,ENTITY_ASSOCIATED_WITH_ENTITY,canon_Material_00005,2023
canon_Material_00002,ENTITY_ASSOCIATED_WITH_ENTITY,canon_Material_00002,2023
canon_Method_00032,USED_FOR,canon_Material_00002,2023
canon_Method_00032,ENTITY_ASSOCIATED_WITH_ENTITY,canon_Method_00157,2023
canon_Method_00008,USED_FOR,canon_Material_00002,2023
canon_Method_00008,ENTITY_ASSOCIATED_WITH_ENTITY,canon_Method_00157,2023
canon_Method_00008,ENTITY_ASSOCIATED_WITH_ENTITY,canon_Method_01613,2023
canon_Method_00157,USED_FOR,canon_Material_00002,2023
canon_Method_01613,USED_FOR,canon_Material_00002,2023
canon_Method_01613,USED_FOR,canon_Method_00008,2023
canon_Method_01613,USED_FOR,canon_Method_00157,2023
canon_Method_01614,ENTITY_ASSOCIATED_WITH_ENTITY,canon_Method_00157,2023
canon_Method_01614,USED_FOR,canon_Other_01563,2023
canon_Method_00157,USED_FOR,canon_Other_01563,2023
canon_Other_01563,ENTITY_ASSOCIATED_WITH_ENTITY,canon_Material_00112,2023
canon_Material_00112,USED_FOR,canon_Other_01563,2023
canon_Other_01565,ENTITY_ASSOCIATED_WITH_ENTITY,canon_Other_01566,2023
canon_Other_01566,ENTITY_ASSOCIATED_WITH_ENTITY,canon_Other_01565,2023
canon_Material_00077,USED_FOR,canon_Material_00584,2023
canon_Other_01567,ENTITY_ASSOCIATED_WITH_ENTITY,canon_Other_01568,2023
canon_Method_01616,USED_FOR,canon_Other_01569,2023
canon_Method_01616,ENTITY_ASSOCIATED_WITH_ENTITY,canon_Material_00763,2023
canon_Material_00763,USED_FOR,canon_Other_01569,2023
canon_Material_00764,USED_FOR,canon_Other_01569,2023
canon_Material_00764,ENTITY_ASSOCIATED_WITH_ENTITY,canon_Material_00763,2023
canon_Material_00003,USED_FOR,canon_Material_00002,2023
canon_Method_00999,USED_FOR,canon_Method_01617,2023
canon_Method_01618,USED_FOR,canon_Material_00002,2023
canon_Method_01620,METHOD_APPLIED_TO,canon_Task_00161,2023
canon_Material_00599,USED_FOR,canon_Material_00913,2023
canon_Method_01626,USED_FOR,canon_Method_01625,2023
canon_Method_01626,USED_FOR,canon_Metric_00123,2023
canon_Method_01627,USED_FOR,canon_Material_00002,2023
canon_Method_00327,ENTITY_ASSOCIATED_WITH_ENTITY,canon_Method_00010,2023
canon_Method_00327,USED_FOR,canon_Material_00002,2023
canon_Method_00010,USED_FOR,canon_Material_00002,2023
canon_Other_01572,ENTITY_ASSOCIATED_WITH_ENTITY,canon_Other_01573,2023
canon_Other_01573,ENTITY_ASSOCIATED_WITH_ENTITY,canon_Other_01574,2023
canon_Other_01573,ENTITY_ASSOCIATED_WITH_ENTITY,canon_Other_01575,2023
canon_Other_01573,ENTITY_ASSOCIATED_WITH_ENTITY,canon_Other_01576,2023
canon_Other_01573,ENTITY_ASSOCIATED_WITH_ENTITY,canon_Material_00108,2023
canon_Other_01574,ENTITY_ASSOCIATED_WITH_ENTITY,canon_Other_01573,2023
canon_Other_01574,ENTITY_ASSOCIATED_WITH_ENTITY,canon_Other_01575,2023
canon_Other_01574,ENTITY_ASSOCIATED_WITH_ENTITY,canon_Other_01576,2023
canon_Other_01574,ENTITY_ASSOCIATED_WITH_ENTITY,canon_Material_00108,2023
canon_Other_01575,ENTITY_ASSOCIATED_WITH_ENTITY,canon_Other_01573,2023
canon_Other_01575,ENTITY_ASSOCIATED_WITH_ENTITY,canon_Other_01574,2023
canon_Other_01575,ENTITY_ASSOCIATED_WITH_ENTITY,canon_Other_01576,2023
canon_Other_01575,ENTITY_ASSOCIATED_WITH_ENTITY,canon_Material_00108,2023
canon_Other_01576,ENTITY_ASSOCIATED_WITH_ENTITY,canon_Other_01573,2023
canon_Other_01576,ENTITY_ASSOCIATED_WITH_ENTITY,canon_Other_01574,2023
canon_Other_01576,ENTITY_ASSOCIATED_WITH_ENTITY,canon_Other_01575,2023
canon_Other_01576,ENTITY_ASSOCIATED_WITH_ENTITY,canon_Material_00108,2023
canon_Material_00108,ENTITY_ASSOCIATED_WITH_ENTITY,canon_Other_01573,2023
canon_Material_00108,ENTITY_ASSOCIATED_WITH_ENTITY,canon_Other_01574,2023
canon_Material_00108,ENTITY_ASSOCIATED_WITH_ENTITY,canon_Other_01575,2023
canon_Material_00108,ENTITY_ASSOCIATED_WITH_ENTITY,canon_Other_01576,2023
canon_Material_00003,USED_FOR,canon_Material_00002,2023
canon_Other_01580,ENTITY_ASSOCIATED_WITH_ENTITY,canon_Other_01579,2023
canon_Material_00173,ENTITY_ASSOCIATED_WITH_ENTITY,canon_Other_01581,2023
canon_Method_00328,USED_FOR,canon_Material_00002,2023
canon_Method_00328,METHOD_APPLIED_TO,canon_Method_00088,2023
canon_Method_01630,USED_FOR,canon_Material_00002,2023
canon_Material_00003,USED_FOR,canon_Method_01630,2023
canon_Material_00003,USED_FOR,canon_Material_00002,2023
canon_Material_00768,USED_FOR,canon_Material_00002,2023
canon_Method_01632,USED_FOR,canon_Material_00002,2023
canon_Other_00022,ENTITY_ASSOCIATED_WITH_ENTITY,canon_Other_01584,2023
canon_Other_00022,ENTITY_ASSOCIATED_WITH_ENTITY,canon_Other_01585,2023
canon_Other_01584,ENTITY_ASSOCIATED_WITH_ENTITY,canon_Other_00022,2023
canon_Other_01584,ENTITY_ASSOCIATED_WITH_ENTITY,canon_Other_01585,2023
canon_Other_01585,ENTITY_ASSOCIATED_WITH_ENTITY,canon_Other_00022,2023
canon_Other_01585,ENTITY_ASSOCIATED_WITH_ENTITY,canon_Other_01584,2023
canon_Method_01634,METHOD_APPLIED_TO,canon_Material_00004,2023
canon_Method_01635,METHOD_EVALUATED_BY,canon_Method_01634,2023
canon_Material_00770,USED_FOR,canon_Material_00001,2023
canon_Material_00770,USED_FOR,canon_Material_00005,2023
canon_Material_00005,USED_FOR,canon_Material_00001,2023
canon_Material_00005,USED_FOR,canon_Material_00770,2023
canon_Other_00056,USED_FOR,canon_Other_00180,2023
canon_Method_01636,USED_FOR,canon_Method_01634,2023
canon_Material_00053,USED_FOR,canon_Other_00042,2023
canon_Task_00492,USED_FOR,canon_Task_00688,2023
canon_Task_00492,USED_FOR,canon_Task_00689,2023
canon_Task_00688,ENTITY_ASSOCIATED_WITH_ENTITY,canon_Task_00689,2023
canon_Other_00005,ENTITY_ASSOCIATED_WITH_ENTITY,canon_Method_01094,2023
canon_Method_00265,METHOD_APPLIED_TO,canon_Material_00004,2023
canon_Metric_00124,METHOD_EVALUATED_BY,canon_Other_00003,2023
canon_Other_00011,USED_FOR,canon_Method_01094,2023
canon_Method_01638,ENTITY_ASSOCIATED_WITH_ENTITY,canon_Other_00011,2023
canon_Material_00771,USED_FOR,canon_Task_00691,2023
canon_Method_00207,METHOD_APPLIED_TO,canon_Task_00691,2023
canon_Method_00207,METHOD_APPLIED_TO,canon_Material_00004,2023
canon_Other_00070,USED_FOR,canon_Other_01589,2023
canon_Method_01639,USED_FOR,canon_Material_00002,2023
canon_Material_00772,USED_FOR,canon_Other_00003,2023
canon_Material_00773,USED_FOR,canon_Other_00003,2023
canon_Material_00774,USED_FOR,canon_Other_00003,2023
canon_Material_00775,USED_FOR,canon_Other_00003,2023
canon_Metric_00125,METHOD_EVALUATED_BY,canon_Other_00003,2023
canon_Metric_00125,METHOD_EVALUATED_BY,canon_Other_00003,2023
canon_Other_00003,ENTITY_ASSOCIATED_WITH_ENTITY,canon_Method_00133,2023
canon_Metric_00006,METHOD_EVALUATED_BY,canon_Other_00003,2023
canon_Metric_00006,METHOD_EVALUATED_BY,canon_Method_00133,2023
canon_Other_01592,ENTITY_ASSOCIATED_WITH_ENTITY,canon_Other_01593,2023
canon_Other_01597,ENTITY_ASSOCIATED_WITH_ENTITY,canon_Other_01598,2023
canon_Task_00694,ENTITY_ASSOCIATED_WITH_ENTITY,canon_Task_00162,2023
canon_Task_00694,ENTITY_ASSOCIATED_WITH_ENTITY,canon_Method_00183,2023
canon_Task_00162,ENTITY_ASSOCIATED_WITH_ENTITY,canon_Method_00183,2023
canon_Task_00162,ENTITY_ASSOCIATED_WITH_ENTITY,canon_Other_01599,2023
canon_Method_00183,ENTITY_ASSOCIATED_WITH_ENTITY,canon_Task_00162,2023
canon_Method_00183,ENTITY_ASSOCIATED_WITH_ENTITY,canon_Other_01599,2023
canon_Method_00183,ENTITY_ASSOCIATED_WITH_ENTITY,canon_Method_00175,2023
canon_Other_01599,ENTITY_ASSOCIATED_WITH_ENTITY,canon_Method_00175,2023
canon_Other_01599,ENTITY_ASSOCIATED_WITH_ENTITY,canon_Task_00696,2023
canon_Method_00175,ENTITY_ASSOCIATED_WITH_ENTITY,canon_Other_01599,2023
canon_Method_00175,ENTITY_ASSOCIATED_WITH_ENTITY,canon_Task_00696,2023
canon_Method_00175,ENTITY_ASSOCIATED_WITH_ENTITY,canon_Method_01641,2023
canon_Task_00696,ENTITY_ASSOCIATED_WITH_ENTITY,canon_Other_01599,2023
canon_Task_00696,ENTITY_ASSOCIATED_WITH_ENTITY,canon_Method_00175,2023
canon_Task_00696,ENTITY_ASSOCIATED_WITH_ENTITY,canon_Method_01641,2023
canon_Task_00696,ENTITY_ASSOCIATED_WITH_ENTITY,canon_Method_01642,2023
canon_Task_00696,ENTITY_ASSOCIATED_WITH_ENTITY,canon_Method_01643,2023
canon_Method_01641,ENTITY_ASSOCIATED_WITH_ENTITY,canon_Method_00175,2023
canon_Method_01641,ENTITY_ASSOCIATED_WITH_ENTITY,canon_Task_00696,2023
canon_Method_01641,ENTITY_ASSOCIATED_WITH_ENTITY,canon_Method_01642,2023
canon_Method_01641,ENTITY_ASSOCIATED_WITH_ENTITY,canon_Method_01643,2023
canon_Method_01642,ENTITY_ASSOCIATED_WITH_ENTITY,canon_Method_00175,2023
canon_Method_01642,ENTITY_ASSOCIATED_WITH_ENTITY,canon_Task_00696,2023
canon_Method_01642,ENTITY_ASSOCIATED_WITH_ENTITY,canon_Method_01641,2023
canon_Method_01642,ENTITY_ASSOCIATED_WITH_ENTITY,canon_Method_01643,2023
canon_Method_01643,ENTITY_ASSOCIATED_WITH_ENTITY,canon_Task_00696,2023
canon_Method_01643,ENTITY_ASSOCIATED_WITH_ENTITY,canon_Method_01641,2023
canon_Method_01643,ENTITY_ASSOCIATED_WITH_ENTITY,canon_Method_01642,2023
canon_Other_01600,ENTITY_ASSOCIATED_WITH_ENTITY,canon_Other_01601,2023
canon_Other_01600,ENTITY_ASSOCIATED_WITH_ENTITY,canon_Method_01644,2023
canon_Other_01601,ENTITY_ASSOCIATED_WITH_ENTITY,canon_Other_01602,2023
canon_Other_01601,ENTITY_ASSOCIATED_WITH_ENTITY,canon_Method_01644,2023
canon_Other_01602,ENTITY_ASSOCIATED_WITH_ENTITY,canon_Method_01644,2023
canon_Method_01645,ENTITY_ASSOCIATED_WITH_ENTITY,canon_Method_01644,2023
canon_Method_00158,ENTITY_ASSOCIATED_WITH_ENTITY,canon_Method_01646,2023
canon_Method_01647,ENTITY_ASSOCIATED_WITH_ENTITY,canon_Method_01648,2023
canon_Method_00132,USED_FOR,canon_Other_01604,2023
canon_Other_00009,USED_FOR,canon_Other_01440,2023
canon_Method_00028,USED_FOR,canon_Other_00009,2023
canon_Method_00028,ENTITY_ASSOCIATED_WITH_ENTITY,canon_Method_00102,2023
canon_Method_00102,USED_FOR,canon_Other_01440,2023
canon_Method_00134,USED_FOR,canon_Method_01649,2023
canon_Method_00134,USED_FOR,canon_Other_01605,2023
canon_Method_01650,USED_FOR,canon_Method_00028,2023
canon_Method_01650,USED_FOR,canon_Other_01605,2023
canon_Other_01605,USED_FOR,canon_Method_01650,2023
canon_Material_00777,METHOD_EVALUATED_BY,canon_Method_00158,2023
canon_Method_00147,USED_FOR,canon_Material_00002,2023
canon_Method_01651,USED_FOR,canon_Other_01606,2023
canon_Method_01651,USED_FOR,canon_Material_00002,2023
canon_Method_01653,USED_FOR,canon_Method_01654,2023
canon_Other_01608,USED_FOR,canon_Method_01654,2023
canon_Task_00701,USED_FOR,canon_Task_00096,2023
canon_Other_01610,ENTITY_ASSOCIATED_WITH_ENTITY,canon_Method_00330,2023
canon_Other_01610,ENTITY_ASSOCIATED_WITH_ENTITY,canon_Other_01611,2023
canon_Other_01610,ENTITY_ASSOCIATED_WITH_ENTITY,canon_Other_01612,2023
canon_Task_00702,ENTITY_ASSOCIATED_WITH_ENTITY,canon_Method_00330,2023
canon_Task_00702,ENTITY_ASSOCIATED_WITH_ENTITY,canon_Other_01611,2023
canon_Task_00702,ENTITY_ASSOCIATED_WITH_ENTITY,canon_Other_01612,2023
canon_Task_00702,ENTITY_ASSOCIATED_WITH_ENTITY,canon_Other_01613,2023
canon_Other_01611,ENTITY_ASSOCIATED_WITH_ENTITY,canon_Method_00330,2023
canon_Other_01611,ENTITY_ASSOCIATED_WITH_ENTITY,canon_Task_00702,2023
canon_Other_01611,ENTITY_ASSOCIATED_WITH_ENTITY,canon_Other_01612,2023
canon_Other_01611,ENTITY_ASSOCIATED_WITH_ENTITY,canon_Other_01613,2023
canon_Other_01612,ENTITY_ASSOCIATED_WITH_ENTITY,canon_Method_00330,2023
canon_Other_01612,ENTITY_ASSOCIATED_WITH_ENTITY,canon_Task_00702,2023
canon_Other_01612,ENTITY_ASSOCIATED_WITH_ENTITY,canon_Other_01611,2023
canon_Other_01612,ENTITY_ASSOCIATED_WITH_ENTITY,canon_Other_01613,2023
canon_Other_01613,ENTITY_ASSOCIATED_WITH_ENTITY,canon_Method_00330,2023
canon_Other_01613,ENTITY_ASSOCIATED_WITH_ENTITY,canon_Task_00702,2023
canon_Other_01613,ENTITY_ASSOCIATED_WITH_ENTITY,canon_Other_01611,2023
canon_Other_01613,ENTITY_ASSOCIATED_WITH_ENTITY,canon_Other_01612,2023
canon_Method_01098,METHOD_APPLIED_TO,canon_Task_00704,2023
canon_Material_00027,ENTITY_ASSOCIATED_WITH_ENTITY,canon_Task_00704,2023
canon_Other_00350,USED_FOR,canon_Other_01615,2023
canon_Method_00020,USED_FOR,canon_Other_00350,2023
canon_Method_00020,USED_FOR,canon_Other_01615,2023
canon_Method_00478,USED_FOR,canon_Other_01616,2023
canon_Other_00350,USED_FOR,canon_Method_01658,2023
canon_Other_00350,ENTITY_ASSOCIATED_WITH_ENTITY,canon_Method_01659,2023
canon_Method_01659,USED_FOR,canon_Method_01658,2023
canon_Method_01660,USED_FOR,canon_Other_01618,2023
canon_Method_01661,ENTITY_ASSOCIATED_WITH_ENTITY,canon_Method_01660,2023
canon_Method_01661,USED_FOR,canon_Other_01618,2023
canon_Method_01662,USED_FOR,canon_Method_01661,2023
canon_Method_01662,USED_FOR,canon_Other_01618,2023
canon_Method_01664,ENTITY_ASSOCIATED_WITH_ENTITY,canon_Method_00478,2023
canon_Method_01664,METHOD_APPLIED_TO,canon_Material_00166,2023
canon_Method_00478,METHOD_APPLIED_TO,canon_Material_00166,2023
canon_Method_01666,ENTITY_ASSOCIATED_WITH_ENTITY,canon_Method_00478,2023
canon_Method_01666,ENTITY_ASSOCIATED_WITH_ENTITY,canon_Method_01667,2023
canon_Method_01667,ENTITY_ASSOCIATED_WITH_ENTITY,canon_Method_00478,2023
canon_Method_01667,ENTITY_ASSOCIATED_WITH_ENTITY,canon_Method_01668,2023
canon_Method_01667,ENTITY_ASSOCIATED_WITH_ENTITY,canon_Method_01669,2023
canon_Method_01668,ENTITY_ASSOCIATED_WITH_ENTITY,canon_Method_00478,2023
canon_Method_01668,ENTITY_ASSOCIATED_WITH_ENTITY,canon_Method_01667,2023
canon_Method_01668,ENTITY_ASSOCIATED_WITH_ENTITY,canon_Method_01669,2023
canon_Method_01669,ENTITY_ASSOCIATED_WITH_ENTITY,canon_Method_00478,2023
canon_Material_00779,USED_FOR,canon_Other_00181,2023
canon_Method_00078,USED_FOR,canon_Other_00181,2023
canon_Method_00159,USED_FOR,canon_Method_01670,2023
canon_Method_01671,USED_FOR,canon_Method_01670,2023
canon_Method_01673,USED_FOR,canon_Method_01672,2023
canon_Method_01673,USED_FOR,canon_Method_01674,2023
canon_Method_01674,USED_FOR,canon_Method_01672,2023
canon_Method_01675,USED_FOR,canon_Other_01621,2023
canon_Material_00076,USED_FOR,canon_Method_01675,2023
canon_Material_00076,USED_FOR,canon_Other_01622,2023
canon_Other_01622,ENTITY_ASSOCIATED_WITH_ENTITY,canon_Material_00076,2023
canon_Method_00004,METHOD_APPLIED_TO,canon_Method_01672,2023
canon_Material_00780,ENTITY_ASSOCIATED_WITH_ENTITY,canon_Material_00781,2023
canon_Method_01672,USED_FOR,canon_Method_01676,2023
canon_Method_00004,METHOD_APPLIED_TO,canon_Method_01672,2023
canon_Method_00003,METHOD_APPLIED_TO,canon_Method_01672,2023
canon_Method_00091,METHOD_APPLIED_TO,canon_Method_01672,2023
canon_Method_00331,METHOD_APPLIED_TO,canon_Method_01672,2023
canon_Method_00331,METHOD_APPLIED_TO,canon_Task_00151,2023
canon_Other_01624,USED_FOR,canon_Method_01672,2023
canon_Method_00074,ENTITY_ASSOCIATED_WITH_ENTITY,canon_Other_01624,2023
canon_Method_01677,ENTITY_ASSOCIATED_WITH_ENTITY,canon_Other_01624,2023
canon_Method_01677,ENTITY_ASSOCIATED_WITH_ENTITY,canon_Method_00715,2023
canon_Method_01677,ENTITY_ASSOCIATED_WITH_ENTITY,canon_Method_01678,2023
canon_Method_01677,ENTITY_ASSOCIATED_WITH_ENTITY,canon_Method_01679,2023
canon_Method_00715,ENTITY_ASSOCIATED_WITH_ENTITY,canon_Other_01624,2023
canon_Method_00715,ENTITY_ASSOCIATED_WITH_ENTITY,canon_Method_01677,2023
canon_Method_00715,ENTITY_ASSOCIATED_WITH_ENTITY,canon_Method_01678,2023
canon_Method_00715,ENTITY_ASSOCIATED_WITH_ENTITY,canon_Method_01679,2023
canon_Method_01678,ENTITY_ASSOCIATED_WITH_ENTITY,canon_Other_01624,2023
canon_Method_01678,ENTITY_ASSOCIATED_WITH_ENTITY,canon_Method_01677,2023
canon_Method_01678,ENTITY_ASSOCIATED_WITH_ENTITY,canon_Method_00715,2023
canon_Method_01678,ENTITY_ASSOCIATED_WITH_ENTITY,canon_Method_01679,2023
canon_Method_01679,ENTITY_ASSOCIATED_WITH_ENTITY,canon_Other_01624,2023
canon_Method_01679,ENTITY_ASSOCIATED_WITH_ENTITY,canon_Method_00715,2023
canon_Method_01679,ENTITY_ASSOCIATED_WITH_ENTITY,canon_Method_01678,2023
canon_Method_00332,USED_FOR,canon_Other_01625,2023
canon_Method_00332,METHOD_APPLIED_TO,canon_Material_00589,2023
canon_Material_00589,USED_FOR,canon_Method_00332,2023
canon_Method_00303,METHOD_APPLIED_TO,canon_Task_00706,2023
canon_Material_00002,USED_FOR,canon_Material_00782,2023
canon_Material_00782,USED_FOR,canon_Material_00002,2023
canon_Other_00009,USED_FOR,canon_Other_00752,2023
canon_Material_00189,USED_FOR,canon_Other_00034,2023
canon_Other_00034,USED_FOR,canon_Task_00153,2023
canon_Method_01680,METHOD_APPLIED_TO,canon_Material_00783,2023
canon_Method_01681,METHOD_APPLIED_TO,canon_Material_00002,2023
canon_Other_01628,USED_FOR,canon_Other_00003,2023
canon_Material_00131,USED_FOR,canon_Other_00003,2023
canon_Material_00131,USED_FOR,canon_Other_01628,2023
canon_Material_00131,ENTITY_ASSOCIATED_WITH_ENTITY,canon_Material_00784,2023
canon_Material_00784,USED_FOR,canon_Other_00003,2023
canon_Material_00784,USED_FOR,canon_Other_01628,2023
canon_Other_01629,ENTITY_ASSOCIATED_WITH_ENTITY,canon_Metric_00127,2023
canon_Metric_00127,ENTITY_ASSOCIATED_WITH_ENTITY,canon_Other_01630,2023
canon_Method_01683,USED_FOR,canon_Other_01629,2023
canon_Method_01683,USED_FOR,canon_Metric_00127,2023
canon_Method_01683,USED_FOR,canon_Other_01630,2023
canon_Method_00160,METHOD_APPLIED_TO,canon_Material_00002,2023
canon_Material_00192,ENTITY_ASSOCIATED_WITH_ENTITY,canon_Material_00004,2023
canon_Method_00080,USED_FOR,canon_Other_01632,2023
canon_Material_00785,USED_FOR,canon_Task_00711,2023
canon_Material_00788,ENTITY_ASSOCIATED_WITH_ENTITY,canon_Material_00789,2023
canon_Material_00788,ENTITY_ASSOCIATED_WITH_ENTITY,canon_Material_00002,2023
canon_Material_00788,ENTITY_ASSOCIATED_WITH_ENTITY,canon_Material_00790,2023
canon_Material_00789,ENTITY_ASSOCIATED_WITH_ENTITY,canon_Material_00002,2023
canon_Material_00789,ENTITY_ASSOCIATED_WITH_ENTITY,canon_Material_00790,2023
canon_Material_00002,ENTITY_ASSOCIATED_WITH_ENTITY,canon_Material_00789,2023
canon_Material_00002,ENTITY_ASSOCIATED_WITH_ENTITY,canon_Material_00790,2023
canon_Material_00790,ENTITY_ASSOCIATED_WITH_ENTITY,canon_Material_00789,2023
canon_Material_00790,ENTITY_ASSOCIATED_WITH_ENTITY,canon_Material_00002,2023
canon_Material_00792,USED_FOR,canon_Method_01754,2023
canon_Material_00793,ENTITY_ASSOCIATED_WITH_ENTITY,canon_Other_00003,2023
canon_Material_00793,ENTITY_ASSOCIATED_WITH_ENTITY,canon_Material_00794,2023
canon_Material_00793,ENTITY_ASSOCIATED_WITH_ENTITY,canon_Other_01633,2023
canon_Material_00793,ENTITY_ASSOCIATED_WITH_ENTITY,canon_Other_01634,2023
canon_Material_00793,ENTITY_ASSOCIATED_WITH_ENTITY,canon_Other_01635,2023
canon_Material_00793,ENTITY_ASSOCIATED_WITH_ENTITY,canon_Other_01636,2023
canon_Material_00794,USED_FOR,canon_Method_01686,2023
canon_Material_00794,USED_FOR,canon_Other_00003,2023
canon_Material_00794,ENTITY_ASSOCIATED_WITH_ENTITY,canon_Other_01633,2023
canon_Material_00794,ENTITY_ASSOCIATED_WITH_ENTITY,canon_Other_01634,2023
canon_Material_00794,ENTITY_ASSOCIATED_WITH_ENTITY,canon_Other_01635,2023
canon_Material_00794,ENTITY_ASSOCIATED_WITH_ENTITY,canon_Other_01636,2023
canon_Other_01633,USED_FOR,canon_Other_00003,2023
canon_Other_01633,ENTITY_ASSOCIATED_WITH_ENTITY,canon_Material_00794,2023
canon_Other_01633,ENTITY_ASSOCIATED_WITH_ENTITY,canon_Other_01634,2023
canon_Other_01633,ENTITY_ASSOCIATED_WITH_ENTITY,canon_Other_01635,2023
canon_Other_01633,ENTITY_ASSOCIATED_WITH_ENTITY,canon_Other_01636,2023
canon_Other_01634,ENTITY_ASSOCIATED_WITH_ENTITY,canon_Other_00003,2023
canon_Other_01634,ENTITY_ASSOCIATED_WITH_ENTITY,canon_Material_00794,2023
canon_Other_01634,ENTITY_ASSOCIATED_WITH_ENTITY,canon_Other_01633,2023
canon_Other_01634,ENTITY_ASSOCIATED_WITH_ENTITY,canon_Other_01635,2023
canon_Other_01634,ENTITY_ASSOCIATED_WITH_ENTITY,canon_Other_01636,2023
canon_Other_01635,USED_FOR,canon_Other_00003,2023
canon_Other_01635,ENTITY_ASSOCIATED_WITH_ENTITY,canon_Material_00794,2023
canon_Other_01635,ENTITY_ASSOCIATED_WITH_ENTITY,canon_Other_01633,2023
canon_Other_01635,ENTITY_ASSOCIATED_WITH_ENTITY,canon_Other_01634,2023
canon_Other_01635,ENTITY_ASSOCIATED_WITH_ENTITY,canon_Other_01636,2023
canon_Other_01636,USED_FOR,canon_Other_00003,2023
canon_Other_01636,ENTITY_ASSOCIATED_WITH_ENTITY,canon_Material_00794,2023
canon_Other_01636,ENTITY_ASSOCIATED_WITH_ENTITY,canon_Other_01633,2023
canon_Other_01636,ENTITY_ASSOCIATED_WITH_ENTITY,canon_Other_01634,2023
canon_Other_01636,ENTITY_ASSOCIATED_WITH_ENTITY,canon_Other_01635,2023
canon_Material_00795,USED_FOR,canon_Method_00080,2023
canon_Method_00333,METHOD_APPLIED_TO,canon_Task_00714,2023
canon_Method_00333,USED_FOR,canon_Other_00351,2023
canon_Other_01637,USED_FOR,canon_Method_00333,2023
canon_Method_01688,USED_FOR,canon_Method_01687,2023
canon_Metric_00015,USED_FOR,canon_Other_00003,2023
canon_Material_00525,USED_FOR,canon_Method_01687,2023
canon_Method_01690,USED_FOR,canon_Method_01687,2023
canon_Method_01690,USED_FOR,canon_Material_00525,2023
canon_Other_00351,ENTITY_ASSOCIATED_WITH_ENTITY,canon_Material_00002,2023
canon_Material_00003,USED_FOR,canon_Other_01638,2024
canon_Material_00003,ENTITY_ASSOCIATED_WITH_ENTITY,canon_Material_00005,2024
canon_Method_01691,USED_FOR,canon_Method_00012,2024
canon_Method_00012,USED_FOR,canon_Method_01691,2024
canon_Material_00797,USED_FOR,canon_Method_00041,2024
canon_Method_00226,USED_FOR,canon_Method_00041,2024
canon_Material_00005,USED_FOR,canon_Material_00002,2024
canon_Material_00003,ENTITY_ASSOCIATED_WITH_ENTITY,canon_Material_00005,2024
canon_Method_01693,USED_FOR,canon_Method_01692,2024
canon_Task_00001,ENTITY_ASSOCIATED_WITH_ENTITY,canon_Task_00149,2024
canon_Task_00149,USED_FOR,canon_Task_00001,2024
canon_Material_00044,ENTITY_ASSOCIATED_WITH_ENTITY,canon_Task_00149,2024
canon_Other_01640,ENTITY_ASSOCIATED_WITH_ENTITY,canon_Other_01639,2024
canon_Other_01640,ENTITY_ASSOCIATED_WITH_ENTITY,canon_Other_01641,2024
canon_Other_01641,ENTITY_ASSOCIATED_WITH_ENTITY,canon_Other_01639,2024
canon_Other_01641,ENTITY_ASSOCIATED_WITH_ENTITY,canon_Other_01642,2024
canon_Other_01642,ENTITY_ASSOCIATED_WITH_ENTITY,canon_Other_01639,2024
canon_Other_01642,ENTITY_ASSOCIATED_WITH_ENTITY,canon_Other_01641,2024
canon_Method_00096,METHOD_APPLIED_TO,canon_Task_00715,2024
canon_Material_00004,USED_FOR,canon_Task_00715,2024
canon_Task_00001,ENTITY_ASSOCIATED_WITH_ENTITY,canon_Method_00049,2024
canon_Method_00110,METHOD_APPLIED_TO,canon_Task_00716,2024
canon_Method_00110,METHOD_APPLIED_TO,canon_Material_00004,2024
canon_Method_00490,METHOD_EVALUATED_BY,canon_Method_01696,2024
canon_Method_01697,USED_FOR,canon_Method_01696,2024
canon_Method_01698,USED_FOR,canon_Other_00003,2024
canon_Method_01698,USED_FOR,canon_Other_00003,2024
canon_Method_01700,ENTITY_ASSOCIATED_WITH_ENTITY,canon_Method_01699,2024
canon_Other_00061,USED_FOR,canon_Other_01643,2024
canon_Material_00004,METHOD_EVALUATED_BY,canon_Other_01643,2024
canon_Other_01644,USED_FOR,canon_Other_00061,2024
canon_Other_00108,ENTITY_ASSOCIATED_WITH_ENTITY,canon_Other_00039,2024
canon_Method_00218,ENTITY_ASSOCIATED_WITH_ENTITY,canon_Other_00039,2024
canon_Method_00218,ENTITY_ASSOCIATED_WITH_ENTITY,canon_Method_00205,2024
canon_Method_00218,ENTITY_ASSOCIATED_WITH_ENTITY,canon_Other_01645,2024
canon_Method_00205,ENTITY_ASSOCIATED_WITH_ENTITY,canon_Other_00039,2024
canon_Method_00205,ENTITY_ASSOCIATED_WITH_ENTITY,canon_Method_00218,2024
canon_Method_00205,ENTITY_ASSOCIATED_WITH_ENTITY,canon_Other_01645,2024
canon_Other_01645,ENTITY_ASSOCIATED_WITH_ENTITY,canon_Other_00039,2024
canon_Other_01645,ENTITY_ASSOCIATED_WITH_ENTITY,canon_Method_00218,2024
canon_Other_01645,ENTITY_ASSOCIATED_WITH_ENTITY,canon_Method_00205,2024
canon_Method_00157,ENTITY_ASSOCIATED_WITH_ENTITY,canon_Method_01702,2024
canon_Method_00157,USED_FOR,canon_Other_00105,2024
canon_Method_01702,USED_FOR,canon_Other_00105,2024
canon_Other_00022,ENTITY_ASSOCIATED_WITH_ENTITY,canon_Other_00118,2024
canon_Other_00022,ENTITY_ASSOCIATED_WITH_ENTITY,canon_Other_00118,2024
canon_Material_00023,USED_FOR,canon_Material_00197,2024
canon_Material_00002,ENTITY_ASSOCIATED_WITH_ENTITY,canon_Material_00197,2024
canon_Material_00799,ENTITY_ASSOCIATED_WITH_ENTITY,canon_Material_00019,2024
canon_Material_00799,ENTITY_ASSOCIATED_WITH_ENTITY,canon_Material_00087,2024
canon_Material_00019,ENTITY_ASSOCIATED_WITH_ENTITY,canon_Material_00799,2024
canon_Material_00019,ENTITY_ASSOCIATED_WITH_ENTITY,canon_Material_00087,2024
canon_Method_01704,USED_FOR,canon_Material_00002,2024
canon_Method_01705,METHOD_APPLIED_TO,canon_Method_00001,2024
canon_Method_00159,ENTITY_ASSOCIATED_WITH_ENTITY,canon_Method_00145,2024
canon_Method_00159,METHOD_APPLIED_TO,canon_Method_00001,2024
canon_Method_00145,METHOD_APPLIED_TO,canon_Method_00001,2024
canon_Method_00145,ENTITY_ASSOCIATED_WITH_ENTITY,canon_Method_00159,2024
canon_Metric_00131,METHOD_EVALUATED_BY,canon_Method_01708,2024
canon_Other_00008,USED_FOR,canon_Task_00164,2024
canon_Other_00008,USED_FOR,canon_Material_00072,2024
canon_Other_01649,USED_FOR,canon_Task_00164,2024
canon_Other_01649,USED_FOR,canon_Other_00008,2024
canon_Metric_00011,METHOD_EVALUATED_BY,canon_Task_00164,2024
canon_Metric_00011,METHOD_EVALUATED_BY,canon_Other_00008,2024
canon_Other_00008,USED_FOR,canon_Task_00001,2024
canon_Material_00801,ENTITY_ASSOCIATED_WITH_ENTITY,canon_Material_00802,2024
canon_Material_00802,ENTITY_ASSOCIATED_WITH_ENTITY,canon_Material_00803,2024
canon_Method_01730,ENTITY_ASSOCIATED_WITH_ENTITY,canon_Method_00336,2024
canon_Other_00066,USED_FOR,canon_Other_00050,2024
canon_Method_01710,USED_FOR,canon_Other_00066,2024
canon_Method_01710,ENTITY_ASSOCIATED_WITH_ENTITY,canon_Method_01711,2024
canon_Method_01710,USED_FOR,canon_Other_00050,2024
canon_Method_01711,USED_FOR,canon_Other_00066,2024
canon_Method_01711,ENTITY_ASSOCIATED_WITH_ENTITY,canon_Method_01710,2024
canon_Method_01711,USED_FOR,canon_Other_00050,2024
canon_Method_00043,ENTITY_ASSOCIATED_WITH_ENTITY,canon_Other_00070,2024
canon_Method_00081,USED_FOR,canon_Method_00043,2024
canon_Method_00081,ENTITY_ASSOCIATED_WITH_ENTITY,canon_Method_00783,2024
canon_Other_01650,USED_FOR,canon_Method_00043,2024
canon_Other_01650,ENTITY_ASSOCIATED_WITH_ENTITY,canon_Method_00783,2024
canon_Method_00490,METHOD_EVALUATED_BY,canon_Method_00043,2024
canon_Method_00490,METHOD_EVALUATED_BY,canon_Other_00070,2024
canon_Metric_00001,METHOD_EVALUATED_BY,canon_Method_00043,2024
canon_Metric_00001,METHOD_EVALUATED_BY,canon_Method_00783,2024
canon_Metric_00001,METHOD_EVALUATED_BY,canon_Other_00070,2024
canon_Metric_00001,ENTITY_ASSOCIATED_WITH_ENTITY,canon_Metric_00132,2024
canon_Metric_00132,METHOD_EVALUATED_BY,canon_Method_00043,2024
canon_Metric_00132,METHOD_EVALUATED_BY,canon_Method_00783,2024
canon_Metric_00132,METHOD_EVALUATED_BY,canon_Other_00070,2024
canon_Metric_00132,METHOD_EVALUATED_BY,canon_Method_00490,2024
canon_Material_00003,USED_FOR,canon_Material_00805,2024
canon_Material_00001,USED_FOR,canon_Other_01652,2024
canon_Other_01653,ENTITY_ASSOCIATED_WITH_ENTITY,canon_Method_00031,2024
canon_Other_01653,ENTITY_ASSOCIATED_WITH_ENTITY,canon_Other_01654,2024
canon_Method_00031,ENTITY_ASSOCIATED_WITH_ENTITY,canon_Other_01654,2024
canon_Other_01654,ENTITY_ASSOCIATED_WITH_ENTITY,canon_Method_00031,2024
canon_Material_00001,USED_FOR,canon_Material_00804,2024
canon_Method_01712,ENTITY_ASSOCIATED_WITH_ENTITY,canon_Other_00011,2024
canon_Method_01712,ENTITY_ASSOCIATED_WITH_ENTITY,canon_Material_00804,2024
canon_Method_01712,ENTITY_ASSOCIATED_WITH_ENTITY,canon_Method_00263,2024
canon_Method_01713,ENTITY_ASSOCIATED_WITH_ENTITY,canon_Other_00011,2024
canon_Method_01713,ENTITY_ASSOCIATED_WITH_ENTITY,canon_Material_00804,2024
canon_Method_01713,ENTITY_ASSOCIATED_WITH_ENTITY,canon_Method_01712,2024
canon_Method_01713,ENTITY_ASSOCIATED_WITH_ENTITY,canon_Method_00263,2024
canon_Method_00263,ENTITY_ASSOCIATED_WITH_ENTITY,canon_Other_00011,2024
canon_Method_00263,ENTITY_ASSOCIATED_WITH_ENTITY,canon_Material_00804,2024
canon_Method_00263,USED_FOR,canon_Method_01714,2024
canon_Method_01714,USED_FOR,canon_Other_00011,2024
canon_Method_01714,USED_FOR,canon_Material_00804,2024
canon_Method_01714,USED_FOR,canon_Method_01712,2024
canon_Method_01714,USED_FOR,canon_Method_01713,2024
canon_Method_01714,USED_FOR,canon_Method_00263,2024
canon_Other_01655,USED_FOR,canon_Task_00165,2024
canon_Method_00146,ENTITY_ASSOCIATED_WITH_ENTITY,canon_Method_01716,2024
canon_Method_01715,ENTITY_ASSOCIATED_WITH_ENTITY,canon_Method_01716,2024
canon_Method_01717,ENTITY_ASSOCIATED_WITH_ENTITY,canon_Method_00146,2024
canon_Method_01717,ENTITY_ASSOCIATED_WITH_ENTITY,canon_Method_01715,2024
canon_Method_01717,ENTITY_ASSOCIATED_WITH_ENTITY,canon_Method_01716,2024
canon_Method_01717,ENTITY_ASSOCIATED_WITH_ENTITY,canon_Method_01718,2024
canon_Method_01717,ENTITY_ASSOCIATED_WITH_ENTITY,canon_Method_01719,2024
canon_Method_01718,USED_FOR,canon_Method_01716,2024
canon_Method_01718,USED_FOR,canon_Method_01719,2024
canon_Method_01719,ENTITY_ASSOCIATED_WITH_ENTITY,canon_Method_01716,2024
canon_Method_01719,USED_FOR,canon_Method_01718,2024
canon_Other_01656,ENTITY_ASSOCIATED_WITH_ENTITY,canon_Other_01657,2024
canon_Other_01656,ENTITY_ASSOCIATED_WITH_ENTITY,canon_Other_01658,2024
canon_Other_01657,ENTITY_ASSOCIATED_WITH_ENTITY,canon_Other_01658,2024
canon_Material_00808,USED_FOR,canon_Other_01658,2024
canon_Metric_00133,METHOD_EVALUATED_BY,canon_Method_00335,2024
canon_Method_01720,USED_FOR,canon_Method_00335,2024
canon_Metric_00011,METHOD_EVALUATED_BY,canon_Method_01721,2024
canon_Material_00813,METHOD_EVALUATED_BY,canon_Method_01721,2024
canon_Method_01722,USED_FOR,canon_Material_00881,2024
canon_Material_00001,ENTITY_ASSOCIATED_WITH_ENTITY,canon_Other_01661,2024
canon_Material_00001,USED_FOR,canon_Other_01659,2024
canon_Material_00001,ENTITY_ASSOCIATED_WITH_ENTITY,canon_Material_00014,2024
canon_Material_00014,USED_FOR,canon_Other_01659,2024
canon_Material_00014,USED_FOR,canon_Material_00001,2024
canon_Method_00044,METHOD_APPLIED_TO,canon_Material_00023,2024
canon_Material_00001,ENTITY_ASSOCIATED_WITH_ENTITY,canon_Material_00012,2024
canon_Metric_00134,USED_FOR,canon_Method_00099,2024
canon_Metric_00134,USED_FOR,canon_Task_00719,2024
canon_Material_00881,ENTITY_ASSOCIATED_WITH_ENTITY,canon_Task_00718,2024
canon_Material_00881,ENTITY_ASSOCIATED_WITH_ENTITY,canon_Task_00719,2024
canon_Task_00718,USED_FOR,canon_Task_00719,2024
canon_Method_00004,ENTITY_ASSOCIATED_WITH_ENTITY,canon_Task_00718,2024
canon_Method_00004,USED_FOR,canon_Method_00099,2024
canon_Method_00004,METHOD_APPLIED_TO,canon_Task_00719,2024
canon_Method_00099,METHOD_APPLIED_TO,canon_Task_00719,2024
canon_Task_00719,METHOD_EVALUATED_BY,canon_Method_00099,2024
canon_Method_00091,METHOD_APPLIED_TO,canon_Task_00165,2024
canon_Material_00101,USED_FOR,canon_Task_00001,2024
canon_Material_00101,ENTITY_ASSOCIATED_WITH_ENTITY,canon_Material_00816,2024
canon_Material_00818,USED_FOR,canon_Task_00438,2024
canon_Task_00438,USED_FOR,canon_Material_00818,2024
canon_Material_00001,USED_FOR,canon_Material_00002,2024
canon_Material_00103,ENTITY_ASSOCIATED_WITH_ENTITY,canon_Material_00170,2024
canon_Material_00001,USED_FOR,canon_Material_00002,2024
canon_Material_00820,USED_FOR,canon_Other_00022,2024
canon_Material_00003,USED_FOR,canon_Material_00821,2024
canon_Method_00023,METHOD_APPLIED_TO,canon_Material_00821,2024
canon_Other_01665,ENTITY_ASSOCIATED_WITH_ENTITY,canon_Other_01664,2024
canon_Method_01725,ENTITY_ASSOCIATED_WITH_ENTITY,canon_Method_00002,2024
canon_Material_00005,ENTITY_ASSOCIATED_WITH_ENTITY,canon_Task_00071,2024
canon_Method_00049,ENTITY_ASSOCIATED_WITH_ENTITY,canon_Other_00011,2024
canon_Method_00049,ENTITY_ASSOCIATED_WITH_ENTITY,canon_Method_00008,2024
canon_Method_00008,ENTITY_ASSOCIATED_WITH_ENTITY,canon_Other_00011,2024
canon_Method_00008,ENTITY_ASSOCIATED_WITH_ENTITY,canon_Method_01726,2024
canon_Method_01726,ENTITY_ASSOCIATED_WITH_ENTITY,canon_Other_00011,2024
canon_Method_00123,ENTITY_ASSOCIATED_WITH_ENTITY,canon_Task_00453,2024
canon_Task_00453,ENTITY_ASSOCIATED_WITH_ENTITY,canon_Method_00123,2024
canon_Material_00881,ENTITY_ASSOCIATED_WITH_ENTITY,canon_Task_00806,2024
canon_Material_00881,ENTITY_ASSOCIATED_WITH_ENTITY,canon_Other_00302,2024
canon_Task_00806,ENTITY_ASSOCIATED_WITH_ENTITY,canon_Other_00302,2024
canon_Method_00007,USED_FOR,canon_Task_00806,2024
canon_Method_00007,USED_FOR,canon_Other_00302,2024
canon_Method_00007,USED_FOR,canon_Method_01727,2024
canon_Method_00007,METHOD_APPLIED_TO,canon_Task_00071,2024
canon_Method_01727,ENTITY_ASSOCIATED_WITH_ENTITY,canon_Other_00302,2024
canon_Method_01727,METHOD_APPLIED_TO,canon_Task_00071,2024
canon_Task_00071,ENTITY_ASSOCIATED_WITH_ENTITY,canon_Other_00302,2024
canon_Task_00071,USED_FOR,canon_Method_01727,2024
canon_Method_00002,METHOD_APPLIED_TO,canon_Task_00028,2024
canon_Method_00290,METHOD_APPLIED_TO,canon_Task_00001,2024
canon_Method_01728,METHOD_APPLIED_TO,canon_Task_00001,2024
canon_Material_00001,ENTITY_ASSOCIATED_WITH_ENTITY,canon_Material_00033,2024
canon_Method_00224,METHOD_APPLIED_TO,canon_Material_00033,2024
canon_Method_01729,USED_FOR,canon_Method_00336,2024
canon_Method_01729,METHOD_APPLIED_TO,canon_Task_00001,2024
canon_Method_00161,ENTITY_ASSOCIATED_WITH_ENTITY,canon_Method_01729,2024
canon_Method_00090,ENTITY_ASSOCIATED_WITH_ENTITY,canon_Method_01729,2024
canon_Method_00090,ENTITY_ASSOCIATED_WITH_ENTITY,canon_Method_01730,2024
canon_Method_01730,ENTITY_ASSOCIATED_WITH_ENTITY,canon_Method_01729,2024
canon_Material_00822,METHOD_EVALUATED_BY,canon_Method_00042,2024
canon_Material_00823,ENTITY_ASSOCIATED_WITH_ENTITY,canon_Material_00039,2024
canon_Method_00284,ENTITY_ASSOCIATED_WITH_ENTITY,canon_Material_00039,2024
canon_Method_00284,ENTITY_ASSOCIATED_WITH_ENTITY,canon_Method_00042,2024
canon_Method_00284,ENTITY_ASSOCIATED_WITH_ENTITY,canon_Method_01731,2024
canon_Method_00162,ENTITY_ASSOCIATED_WITH_ENTITY,canon_Material_00039,2024
canon_Method_00162,ENTITY_ASSOCIATED_WITH_ENTITY,canon_Method_00042,2024
canon_Method_00162,ENTITY_ASSOCIATED_WITH_ENTITY,canon_Method_01731,2024
canon_Method_01731,ENTITY_ASSOCIATED_WITH_ENTITY,canon_Material_00039,2024
canon_Method_01731,ENTITY_ASSOCIATED_WITH_ENTITY,canon_Method_00042,2024
canon_Method_01731,ENTITY_ASSOCIATED_WITH_ENTITY,canon_Method_00081,2024
canon_Method_00081,ENTITY_ASSOCIATED_WITH_ENTITY,canon_Material_00039,2024
canon_Method_00081,ENTITY_ASSOCIATED_WITH_ENTITY,canon_Method_00042,2024
canon_Method_00081,ENTITY_ASSOCIATED_WITH_ENTITY,canon_Method_01731,2024
canon_Other_00174,USED_FOR,canon_Method_00162,2024
canon_Other_00174,USED_FOR,canon_Method_00059,2024
canon_Other_01670,USED_FOR,canon_Method_00162,2024
canon_Other_01670,USED_FOR,canon_Method_00059,2024
canon_Metric_00001,METHOD_EVALUATED_BY,canon_Method_00162,2024
canon_Metric_00001,METHOD_EVALUATED_BY,canon_Method_00059,2024
canon_Metric_00001,ENTITY_ASSOCIATED_WITH_ENTITY,canon_Metric_00002,2024
canon_Metric_00001,ENTITY_ASSOCIATED_WITH_ENTITY,canon_Metric_00005,2024
canon_Metric_00001,ENTITY_ASSOCIATED_WITH_ENTITY,canon_Metric_00009,2024
canon_Metric_00002,METHOD_EVALUATED_BY,canon_Method_00162,2024
canon_Metric_00002,METHOD_EVALUATED_BY,canon_Method_00059,2024
canon_Metric_00002,ENTITY_ASSOCIATED_WITH_ENTITY,canon_Metric_00005,2024
canon_Metric_00002,ENTITY_ASSOCIATED_WITH_ENTITY,canon_Metric_00009,2024
canon_Metric_00005,METHOD_EVALUATED_BY,canon_Method_00162,2024
canon_Metric_00005,METHOD_EVALUATED_BY,canon_Method_00059,2024
canon_Metric_00005,ENTITY_ASSOCIATED_WITH_ENTITY,canon_Metric_00002,2024
canon_Metric_00005,ENTITY_ASSOCIATED_WITH_ENTITY,canon_Metric_00009,2024
canon_Metric_00009,METHOD_EVALUATED_BY,canon_Method_00162,2024
canon_Metric_00009,METHOD_EVALUATED_BY,canon_Method_00059,2024
canon_Metric_00009,ENTITY_ASSOCIATED_WITH_ENTITY,canon_Metric_00005,2024
canon_Method_00161,USED_FOR,canon_Other_01671,2024
canon_Method_00162,USED_FOR,canon_Other_01671,2024
canon_Method_00162,ENTITY_ASSOCIATED_WITH_ENTITY,canon_Other_00005,2024
canon_Method_00162,USED_FOR,canon_Method_01732,2024
canon_Method_01732,ENTITY_ASSOCIATED_WITH_ENTITY,canon_Other_01671,2024
canon_Method_01732,USED_FOR,canon_Other_00005,2024
canon_Method_01732,ENTITY_ASSOCIATED_WITH_ENTITY,canon_Method_00162,2024
canon_Method_00161,USED_FOR,canon_Method_00059,2024
canon_Other_01672,USED_FOR,canon_Method_00059,2024
canon_Method_01734,METHOD_APPLIED_TO,canon_Task_00722,2024
canon_Material_00824,USED_FOR,canon_Task_00722,2024
canon_Material_00824,USED_FOR,canon_Method_01734,2024
canon_Task_00723,ENTITY_ASSOCIATED_WITH_ENTITY,canon_Task_00724,2024
canon_Other_00008,USED_FOR,canon_Task_00725,2024
canon_Material_00027,USED_FOR,canon_Other_00008,2024
canon_Material_00027,USED_FOR,canon_Task_00725,2024
canon_Method_01736,USED_FOR,canon_Method_00163,2024
canon_Other_01674,USED_FOR,canon_Method_00163,2024
canon_Other_01674,USED_FOR,canon_Method_01737,2024
canon_Other_01674,USED_FOR,canon_Other_00353,2024
canon_Method_01737,USED_FOR,canon_Method_00163,2024
canon_Method_01737,USED_FOR,canon_Other_00353,2024
canon_Other_00353,USED_FOR,canon_Method_00163,2024
canon_Other_00353,USED_FOR,canon_Method_01737,2024
canon_Method_01738,USED_FOR,canon_Other_01675,2024
canon_Method_01738,USED_FOR,canon_Other_01298,2024
canon_Method_01739,ENTITY_ASSOCIATED_WITH_ENTITY,canon_Method_01738,2024
canon_Method_01739,ENTITY_ASSOCIATED_WITH_ENTITY,canon_Method_01740,2024
canon_Method_01739,USED_FOR,canon_Other_01298,2024
canon_Method_01740,ENTITY_ASSOCIATED_WITH_ENTITY,canon_Method_01738,2024
canon_Method_01740,USED_FOR,canon_Other_01298,2024
canon_Method_00163,USED_FOR,canon_Method_00268,2024
canon_Method_00268,USED_FOR,canon_Other_00353,2024
canon_Method_01741,METHOD_APPLIED_TO,canon_Task_00726,2024
canon_Other_01676,USED_FOR,canon_Method_00078,2024
canon_Other_01676,ENTITY_ASSOCIATED_WITH_ENTITY,canon_Other_01677,2024
canon_Other_01677,ENTITY_ASSOCIATED_WITH_ENTITY,canon_Other_01678,2024
canon_Other_01678,ENTITY_ASSOCIATED_WITH_ENTITY,canon_Other_01677,2024
canon_Method_01744,METHOD_APPLIED_TO,canon_Task_00727,2024
canon_Method_01744,USED_FOR,canon_Method_00337,2024
canon_Task_00727,ENTITY_ASSOCIATED_WITH_ENTITY,canon_Method_00337,2024
canon_Method_00337,METHOD_APPLIED_TO,canon_Task_00727,2024
canon_Method_00337,USED_FOR,canon_Method_01745,2024
canon_Method_00337,USED_FOR,canon_Method_01746,2024
canon_Method_01746,USED_FOR,canon_Method_01745,2024
canon_Method_01746,USED_FOR,canon_Method_00337,2024
canon_Material_00152,USED_FOR,canon_Other_01680,2024
canon_Method_00465,USED_FOR,canon_Other_01680,2024
canon_Method_00047,USED_FOR,canon_Method_01747,2024
canon_Method_00047,METHOD_APPLIED_TO,canon_Task_00728,2024
canon_Method_01747,METHOD_APPLIED_TO,canon_Task_00728,2024
canon_Method_01748,ENTITY_ASSOCIATED_WITH_ENTITY,canon_Method_00047,2024
canon_Method_01748,ENTITY_ASSOCIATED_WITH_ENTITY,canon_Method_00338,2024
canon_Method_01748,METHOD_APPLIED_TO,canon_Task_00729,2024
canon_Method_01749,USED_FOR,canon_Method_01750,2024
canon_Method_01749,METHOD_APPLIED_TO,canon_Task_00730,2024
canon_Method_01750,METHOD_APPLIED_TO,canon_Task_00730,2024
canon_Task_00057,USED_FOR,canon_Task_00730,2024
canon_Method_00015,USED_FOR,canon_Method_01751,2024
canon_Method_00066,USED_FOR,canon_Method_01751,2024
canon_Material_00163,USED_FOR,canon_Other_00003,2024
canon_Method_00015,USED_FOR,canon_Other_00003,2024
canon_Method_00015,USED_FOR,canon_Other_00354,2024
canon_Method_00066,USED_FOR,canon_Other_00003,2024
canon_Method_00066,USED_FOR,canon_Other_00354,2024
canon_Other_00003,USED_FOR,canon_Material_00825,2024
canon_Other_00003,USED_FOR,canon_Other_00354,2024
canon_Material_00825,USED_FOR,canon_Other_00003,2024
canon_Other_00142,ENTITY_ASSOCIATED_WITH_ENTITY,canon_Other_00354,2024
canon_Method_01753,ENTITY_ASSOCIATED_WITH_ENTITY,canon_Method_01752,2024
canon_Method_01754,METHOD_APPLIED_TO,canon_Material_00002,2024
canon_Method_01754,METHOD_APPLIED_TO,canon_Material_00034,2024
canon_Method_01755,USED_FOR,canon_Method_00080,2024
canon_Method_01755,USED_FOR,canon_Other_01683,2024
canon_Method_00080,USED_FOR,canon_Other_01683,2024
canon_Method_00332,USED_FOR,canon_Method_01756,2024
canon_Method_00147,USED_FOR,canon_Method_01758,2024
canon_Method_00147,USED_FOR,canon_Method_01759,2024
canon_Method_00147,USED_FOR,canon_Other_00327,2024
canon_Method_00147,USED_FOR,canon_Method_01760,2024
canon_Method_00147,USED_FOR,canon_Other_01685,2024
canon_Method_00147,USED_FOR,canon_Other_01686,2024
canon_Method_01758,USED_FOR,canon_Method_00147,2024
canon_Method_01758,USED_FOR,canon_Method_01759,2024
canon_Method_01758,USED_FOR,canon_Other_00327,2024
canon_Method_01758,USED_FOR,canon_Method_01760,2024
canon_Method_01758,USED_FOR,canon_Other_01685,2024
canon_Method_01758,USED_FOR,canon_Other_01686,2024
canon_Method_01759,USED_FOR,canon_Method_01758,2024
canon_Method_01759,USED_FOR,canon_Other_00327,2024
canon_Method_01759,USED_FOR,canon_Method_01760,2024
canon_Method_01759,USED_FOR,canon_Other_01685,2024
canon_Method_01757,USED_FOR,canon_Other_00327,2024
canon_Method_01761,USED_FOR,canon_Method_00147,2024
canon_Method_01761,USED_FOR,canon_Method_01758,2024
canon_Method_01761,USED_FOR,canon_Method_01759,2024
canon_Method_01761,ENTITY_ASSOCIATED_WITH_ENTITY,canon_Method_00133,2024
canon_Method_01761,USED_FOR,canon_Other_00327,2024
canon_Method_01761,USED_FOR,canon_Method_01760,2024
canon_Method_01761,USED_FOR,canon_Other_01685,2024
canon_Method_01761,ENTITY_ASSOCIATED_WITH_ENTITY,canon_Other_01686,2024
canon_Method_00133,USED_FOR,canon_Method_01758,2024
canon_Method_00133,USED_FOR,canon_Method_01759,2024
canon_Method_00133,USED_FOR,canon_Other_00327,2024
canon_Method_00133,USED_FOR,canon_Method_01760,2024
canon_Method_00133,USED_FOR,canon_Other_01685,2024
canon_Method_01760,ENTITY_ASSOCIATED_WITH_ENTITY,canon_Other_01685,2024
canon_Other_01684,ENTITY_ASSOCIATED_WITH_ENTITY,canon_Method_01758,2024
canon_Other_01684,USED_FOR,canon_Method_01759,2024
canon_Other_01684,USED_FOR,canon_Other_00327,2024
canon_Other_01684,USED_FOR,canon_Method_01760,2024
canon_Other_01684,USED_FOR,canon_Other_01685,2024
canon_Other_01687,USED_FOR,canon_Method_00147,2024
canon_Other_01687,USED_FOR,canon_Method_01758,2024
canon_Other_01687,USED_FOR,canon_Method_01759,2024
canon_Other_01687,ENTITY_ASSOCIATED_WITH_ENTITY,canon_Method_00133,2024
canon_Other_01687,USED_FOR,canon_Other_00327,2024
canon_Other_01687,USED_FOR,canon_Method_01760,2024
canon_Other_01687,USED_FOR,canon_Other_01685,2024
canon_Other_01687,ENTITY_ASSOCIATED_WITH_ENTITY,canon_Other_01686,2024
canon_Other_01685,ENTITY_ASSOCIATED_WITH_ENTITY,canon_Method_01760,2024
canon_Other_01686,USED_FOR,canon_Method_00147,2024
canon_Other_01686,USED_FOR,canon_Method_01758,2024
canon_Other_01686,USED_FOR,canon_Method_01759,2024
canon_Other_01686,USED_FOR,canon_Method_00133,2024
canon_Other_01686,USED_FOR,canon_Other_00327,2024
canon_Other_01686,USED_FOR,canon_Method_01760,2024
canon_Other_01686,USED_FOR,canon_Other_01685,2024
canon_Method_00164,METHOD_APPLIED_TO,canon_Material_00002,2024
canon_Task_00732,ENTITY_ASSOCIATED_WITH_ENTITY,canon_Method_00128,2024
canon_Task_00732,USED_FOR,canon_Task_00733,2024
canon_Method_00128,USED_FOR,canon_Task_00733,2024
canon_Method_00128,METHOD_EVALUATED_BY,canon_Method_00164,2024
canon_Method_01762,METHOD_APPLIED_TO,canon_Material_00002,2024
canon_Other_01689,ENTITY_ASSOCIATED_WITH_ENTITY,canon_Other_00112,2024
canon_Material_00011,ENTITY_ASSOCIATED_WITH_ENTITY,canon_Other_00112,2024
canon_Method_01764,USED_FOR,canon_Other_00355,2024
canon_Method_01765,USED_FOR,canon_Other_00355,2024
canon_Method_00221,USED_FOR,canon_Other_00355,2024
canon_Method_00339,METHOD_APPLIED_TO,canon_Task_00734,2024
canon_Method_01766,METHOD_APPLIED_TO,canon_Task_00734,2024
canon_Method_00028,USED_FOR,canon_Other_00114,2024
canon_Method_00028,USED_FOR,canon_Material_00152,2024
canon_Material_00152,ENTITY_ASSOCIATED_WITH_ENTITY,canon_Other_01691,2024
canon_Material_00152,ENTITY_ASSOCIATED_WITH_ENTITY,canon_Other_01692,2024
canon_Other_01691,USED_FOR,canon_Other_00114,2024
canon_Other_01691,ENTITY_ASSOCIATED_WITH_ENTITY,canon_Other_01692,2024
canon_Other_01692,ENTITY_ASSOCIATED_WITH_ENTITY,canon_Other_01691,2024
canon_Method_00339,USED_FOR,canon_Other_00005,2024
canon_Other_00356,ENTITY_ASSOCIATED_WITH_ENTITY,canon_Other_01694,2024
canon_Other_01694,ENTITY_ASSOCIATED_WITH_ENTITY,canon_Other_00356,2024
canon_Other_01696,USED_FOR,canon_Other_00356,2024
canon_Other_01696,USED_FOR,canon_Other_01697,2024
canon_Other_01696,USED_FOR,canon_Material_00827,2024
canon_Other_00356,USED_FOR,canon_Other_01697,2024
canon_Other_00356,USED_FOR,canon_Material_00827,2024
canon_Other_01697,ENTITY_ASSOCIATED_WITH_ENTITY,canon_Material_00827,2024
canon_Material_00827,ENTITY_ASSOCIATED_WITH_ENTITY,canon_Other_01697,2024
canon_Method_01767,ENTITY_ASSOCIATED_WITH_ENTITY,canon_Other_00011,2024
canon_Method_01767,ENTITY_ASSOCIATED_WITH_ENTITY,canon_Method_01768,2024
canon_Method_01768,ENTITY_ASSOCIATED_WITH_ENTITY,canon_Other_00011,2024
canon_Method_01769,ENTITY_ASSOCIATED_WITH_ENTITY,canon_Other_00011,2024
canon_Method_01769,ENTITY_ASSOCIATED_WITH_ENTITY,canon_Method_01770,2024
canon_Method_01770,ENTITY_ASSOCIATED_WITH_ENTITY,canon_Other_00011,2024
canon_Method_01770,ENTITY_ASSOCIATED_WITH_ENTITY,canon_Method_01769,2024
canon_Method_01771,USED_FOR,canon_Method_00236,2024
canon_Material_00002,ENTITY_ASSOCIATED_WITH_ENTITY,canon_Task_00735,2024
canon_Method_00258,USED_FOR,canon_Other_01698,2024
canon_Other_01699,ENTITY_ASSOCIATED_WITH_ENTITY,canon_Other_01700,2024
canon_Other_01699,ENTITY_ASSOCIATED_WITH_ENTITY,canon_Other_01701,2024
canon_Other_01700,ENTITY_ASSOCIATED_WITH_ENTITY,canon_Other_01699,2024
canon_Other_01700,ENTITY_ASSOCIATED_WITH_ENTITY,canon_Other_01701,2024
canon_Other_01701,ENTITY_ASSOCIATED_WITH_ENTITY,canon_Other_01700,2024
canon_Method_01772,ENTITY_ASSOCIATED_WITH_ENTITY,canon_Method_00007,2024
canon_Method_00007,ENTITY_ASSOCIATED_WITH_ENTITY,canon_Method_01772,2024
canon_Method_00865,METHOD_APPLIED_TO,canon_Material_00002,2024
canon_Other_01702,ENTITY_ASSOCIATED_WITH_ENTITY,canon_Method_00865,2024
canon_Method_00649,METHOD_APPLIED_TO,canon_Material_00002,2024
canon_Other_01703,ENTITY_ASSOCIATED_WITH_ENTITY,canon_Method_00788,2024
canon_Method_01773,USED_FOR,canon_Other_00003,2024
canon_Method_01774,USED_FOR,canon_Method_01773,2024
canon_Method_01774,USED_FOR,canon_Other_00003,2024
canon_Method_01775,USED_FOR,canon_Method_01773,2024
canon_Method_01775,USED_FOR,canon_Other_00003,2024
canon_Method_01777,USED_FOR,canon_Other_01704,2024
canon_Task_00736,ENTITY_ASSOCIATED_WITH_ENTITY,canon_Task_00007,2024
canon_Task_00007,ENTITY_ASSOCIATED_WITH_ENTITY,canon_Task_00736,2024
canon_Material_00049,ENTITY_ASSOCIATED_WITH_ENTITY,canon_Method_01778,2024
canon_Material_00179,ENTITY_ASSOCIATED_WITH_ENTITY,canon_Method_01778,2024
canon_Material_00019,ENTITY_ASSOCIATED_WITH_ENTITY,canon_Method_01778,2024
canon_Other_00357,USED_FOR,canon_Method_00020,2024
canon_Method_01779,USED_FOR,canon_Method_00020,2024
canon_Method_01779,USED_FOR,canon_Other_00357,2024
canon_Method_01779,USED_FOR,canon_Method_01780,2024
canon_Method_01780,USED_FOR,canon_Method_00020,2024
canon_Method_01780,USED_FOR,canon_Other_00357,2024
canon_Method_01780,USED_FOR,canon_Method_01779,2024
canon_Other_00357,USED_FOR,canon_Method_00020,2024
canon_Other_00357,USED_FOR,canon_Material_00828,2024
canon_Other_01705,USED_FOR,canon_Method_00078,2024
canon_Method_01781,USED_FOR,canon_Other_00003,2024
canon_Method_01782,USED_FOR,canon_Other_00003,2024
canon_Method_01784,USED_FOR,canon_Other_00016,2024
canon_Other_00098,USED_FOR,canon_Other_01709,2024
canon_Other_01709,ENTITY_ASSOCIATED_WITH_ENTITY,canon_Other_00098,2024
canon_Material_00829,ENTITY_ASSOCIATED_WITH_ENTITY,canon_Material_00055,2024
canon_Material_00830,ENTITY_ASSOCIATED_WITH_ENTITY,canon_Material_00831,2024
canon_Material_00832,ENTITY_ASSOCIATED_WITH_ENTITY,canon_Material_00002,2024
canon_Method_00788,ENTITY_ASSOCIATED_WITH_ENTITY,canon_Method_01788,2024
canon_Method_00788,ENTITY_ASSOCIATED_WITH_ENTITY,canon_Method_00128,2024
canon_Method_00128,ENTITY_ASSOCIATED_WITH_ENTITY,canon_Method_01788,2024
canon_Method_00128,ENTITY_ASSOCIATED_WITH_ENTITY,canon_Method_00788,2024
canon_Method_00027,USED_FOR,canon_Material_00002,2024
canon_Task_00137,USED_FOR,canon_Method_00027,2024
canon_Material_00833,USED_FOR,canon_Method_00020,2024
canon_Method_00308,USED_FOR,canon_Method_01790,2024
canon_Material_00104,USED_FOR,canon_Task_00737,2024
canon_Material_00834,USED_FOR,canon_Material_00006,2024
canon_Method_01791,ENTITY_ASSOCIATED_WITH_ENTITY,canon_Method_00863,2024
canon_Method_01791,ENTITY_ASSOCIATED_WITH_ENTITY,canon_Method_00020,2024
canon_Method_01791,USED_FOR,canon_Other_01713,2024
canon_Method_00863,ENTITY_ASSOCIATED_WITH_ENTITY,canon_Method_00020,2024
canon_Method_00020,ENTITY_ASSOCIATED_WITH_ENTITY,canon_Method_00863,2024
canon_Method_00020,USED_FOR,canon_Other_01713,2024
canon_Method_00164,METHOD_APPLIED_TO,canon_Task_00738,2024
canon_Method_00128,METHOD_APPLIED_TO,canon_Task_00166,2024
canon_Other_00069,USED_FOR,canon_Task_00166,2024
canon_Material_00836,USED_FOR,canon_Method_00164,2024
canon_Method_01780,METHOD_APPLIED_TO,canon_Task_00739,2024
canon_Method_00028,USED_FOR,canon_Method_01780,2024
canon_Method_01792,USED_FOR,canon_Other_01715,2024
canon_Other_00013,USED_FOR,canon_Material_00837,2024
canon_Metric_00007,ENTITY_ASSOCIATED_WITH_ENTITY,canon_Other_00171,2024
canon_Other_00171,ENTITY_ASSOCIATED_WITH_ENTITY,canon_Metric_00007,2024
canon_Method_01794,USED_FOR,canon_Other_00098,2024
canon_Material_00027,ENTITY_ASSOCIATED_WITH_ENTITY,canon_Task_00740,2024
canon_Material_00002,USED_FOR,canon_Task_00740,2024
canon_Material_00034,USED_FOR,canon_Task_00740,2024
canon_Other_00013,USED_FOR,canon_Task_00741,2024
canon_Material_00027,ENTITY_ASSOCIATED_WITH_ENTITY,canon_Task_00741,2024
canon_Other_00354,ENTITY_ASSOCIATED_WITH_ENTITY,canon_Task_00742,2024
canon_Other_00354,ENTITY_ASSOCIATED_WITH_ENTITY,canon_Task_00743,2024
canon_Task_00742,ENTITY_ASSOCIATED_WITH_ENTITY,canon_Task_00743,2024
canon_Task_00742,ENTITY_ASSOCIATED_WITH_ENTITY,canon_Task_00744,2024
canon_Task_00743,ENTITY_ASSOCIATED_WITH_ENTITY,canon_Task_00742,2024
canon_Task_00743,ENTITY_ASSOCIATED_WITH_ENTITY,canon_Task_00744,2024
canon_Task_00744,ENTITY_ASSOCIATED_WITH_ENTITY,canon_Task_00742,2024
canon_Task_00744,ENTITY_ASSOCIATED_WITH_ENTITY,canon_Task_00743,2024
canon_Task_00744,USED_FOR,canon_Task_00745,2024
canon_Method_01795,METHOD_APPLIED_TO,canon_Task_00746,2024
canon_Method_00706,METHOD_APPLIED_TO,canon_Task_00747,2024
canon_Method_00706,METHOD_APPLIED_TO,canon_Task_00129,2024
canon_Method_00007,METHOD_APPLIED_TO,canon_Task_00003,2024
canon_Method_00007,ENTITY_ASSOCIATED_WITH_ENTITY,canon_Method_01797,2024
canon_Method_01797,METHOD_APPLIED_TO,canon_Task_00003,2024
canon_Method_01798,USED_FOR,canon_Method_01799,2024
canon_Method_01798,USED_FOR,canon_Method_00081,2024
canon_Method_00831,USED_FOR,canon_Method_01798,2024
canon_Method_00831,USED_FOR,canon_Method_01799,2024
canon_Method_00831,USED_FOR,canon_Method_00081,2024
canon_Method_01800,USED_FOR,canon_Method_01798,2024
canon_Method_01800,USED_FOR,canon_Method_00081,2024
canon_Method_00071,USED_FOR,canon_Other_00008,2024
canon_Metric_00002,METHOD_EVALUATED_BY,canon_Other_00034,2024
canon_Method_01803,USED_FOR,canon_Other_00378,2024
canon_Method_01804,USED_FOR,canon_Other_00378,2024
canon_Other_00359,USED_FOR,canon_Other_00358,2024
canon_Other_00359,ENTITY_ASSOCIATED_WITH_ENTITY,canon_Method_01805,2024
canon_Method_00341,ENTITY_ASSOCIATED_WITH_ENTITY,canon_Method_01807,2024
canon_Method_00341,METHOD_APPLIED_TO,canon_Task_00751,2024
canon_Method_01807,METHOD_APPLIED_TO,canon_Task_00751,2024
canon_Other_00358,ENTITY_ASSOCIATED_WITH_ENTITY,canon_Other_01717,2024
canon_Other_00359,USED_FOR,canon_Other_00358,2024
canon_Other_00359,ENTITY_ASSOCIATED_WITH_ENTITY,canon_Other_01717,2024
canon_Other_01717,USED_FOR,canon_Other_00358,2024
canon_Method_01808,USED_FOR,canon_Other_00358,2024
canon_Method_01808,USED_FOR,canon_Other_01717,2024
canon_Method_01807,ENTITY_ASSOCIATED_WITH_ENTITY,canon_Other_01717,2024
canon_Method_01807,ENTITY_ASSOCIATED_WITH_ENTITY,canon_Method_00341,2024
canon_Method_00341,ENTITY_ASSOCIATED_WITH_ENTITY,canon_Other_01717,2024
canon_Method_00341,ENTITY_ASSOCIATED_WITH_ENTITY,canon_Method_01807,2024
canon_Task_00752,USED_FOR,canon_Method_00035,2024
canon_Task_00752,USED_FOR,canon_Material_00011,2024
canon_Material_00011,ENTITY_ASSOCIATED_WITH_ENTITY,canon_Method_00035,2024
canon_Method_00035,USED_FOR,canon_Method_00132,2024
canon_Method_00136,USED_FOR,canon_Method_00132,2024
canon_Method_00007,ENTITY_ASSOCIATED_WITH_ENTITY,canon_Method_00004,2024
canon_Method_00004,ENTITY_ASSOCIATED_WITH_ENTITY,canon_Method_00047,2024
canon_Method_00047,ENTITY_ASSOCIATED_WITH_ENTITY,canon_Method_00007,2024
canon_Method_00047,ENTITY_ASSOCIATED_WITH_ENTITY,canon_Method_00024,2024
canon_Method_00094,ENTITY_ASSOCIATED_WITH_ENTITY,canon_Method_00007,2024
canon_Method_00094,ENTITY_ASSOCIATED_WITH_ENTITY,canon_Method_00024,2024
canon_Material_00840,ENTITY_ASSOCIATED_WITH_ENTITY,canon_Method_00007,2024
canon_Material_00840,ENTITY_ASSOCIATED_WITH_ENTITY,canon_Method_00024,2024
canon_Material_00840,ENTITY_ASSOCIATED_WITH_ENTITY,canon_Method_00047,2024
canon_Material_00840,ENTITY_ASSOCIATED_WITH_ENTITY,canon_Method_00094,2024
canon_Material_00840,ENTITY_ASSOCIATED_WITH_ENTITY,canon_Material_00841,2024
canon_Material_00841,ENTITY_ASSOCIATED_WITH_ENTITY,canon_Method_00007,2024
canon_Material_00841,ENTITY_ASSOCIATED_WITH_ENTITY,canon_Method_00024,2024
canon_Method_00013,METHOD_APPLIED_TO,canon_Task_00753,2024
canon_Method_00013,USED_FOR,canon_Other_01719,2024
canon_Method_00002,METHOD_APPLIED_TO,canon_Task_00753,2024
canon_Method_00002,USED_FOR,canon_Other_01719,2024
canon_Method_00002,METHOD_APPLIED_TO,canon_Task_00754,2024
canon_Method_00002,METHOD_APPLIED_TO,canon_Method_01243,2024
canon_Method_00002,METHOD_APPLIED_TO,canon_Task_00162,2024
canon_Method_01243,USED_FOR,canon_Task_00162,2024
canon_Task_00755,ENTITY_ASSOCIATED_WITH_ENTITY,canon_Task_00757,2024
canon_Task_00755,ENTITY_ASSOCIATED_WITH_ENTITY,canon_Other_01720,2024
canon_Task_00756,ENTITY_ASSOCIATED_WITH_ENTITY,canon_Task_00755,2024
canon_Task_00756,ENTITY_ASSOCIATED_WITH_ENTITY,canon_Task_00757,2024
canon_Task_00757,ENTITY_ASSOCIATED_WITH_ENTITY,canon_Task_00755,2024
canon_Task_00757,ENTITY_ASSOCIATED_WITH_ENTITY,canon_Other_01720,2024
canon_Method_01815,USED_FOR,canon_Method_00098,2024
canon_Material_00843,ENTITY_ASSOCIATED_WITH_ENTITY,canon_Material_00175,2024
canon_Material_00843,ENTITY_ASSOCIATED_WITH_ENTITY,canon_Material_00844,2024
canon_Material_00175,ENTITY_ASSOCIATED_WITH_ENTITY,canon_Material_00843,2024
canon_Material_00175,ENTITY_ASSOCIATED_WITH_ENTITY,canon_Material_00844,2024
canon_Material_00844,ENTITY_ASSOCIATED_WITH_ENTITY,canon_Material_00843,2024
canon_Material_00844,ENTITY_ASSOCIATED_WITH_ENTITY,canon_Material_00175,2024
canon_Method_01817,METHOD_APPLIED_TO,canon_Task_00758,2024
canon_Method_00153,METHOD_APPLIED_TO,canon_Task_00758,2024
canon_Method_00336,ENTITY_ASSOCIATED_WITH_ENTITY,canon_Other_00011,2024
canon_Method_00336,METHOD_APPLIED_TO,canon_Task_00759,2024
canon_Other_00011,USED_FOR,canon_Task_00759,2024
canon_Method_01818,METHOD_APPLIED_TO,canon_Task_00759,2024
canon_Method_00342,USED_FOR,canon_Method_00168,2024
canon_Material_00024,USED_FOR,canon_Method_00342,2024
canon_Material_00845,USED_FOR,canon_Material_00846,2024
canon_Material_00845,USED_FOR,canon_Method_00168,2024
canon_Material_00846,USED_FOR,canon_Method_00168,2024
canon_Method_01819,ENTITY_ASSOCIATED_WITH_ENTITY,canon_Material_00846,2024
canon_Method_01819,USED_FOR,canon_Method_00168,2024
canon_Method_00300,ENTITY_ASSOCIATED_WITH_ENTITY,canon_Method_01820,2024
canon_Method_00300,ENTITY_ASSOCIATED_WITH_ENTITY,canon_Method_00275,2024
canon_Method_01820,ENTITY_ASSOCIATED_WITH_ENTITY,canon_Method_00275,2024
canon_Method_00035,METHOD_APPLIED_TO,canon_Task_00760,2024
canon_Task_00141,USED_FOR,canon_Method_00035,2024
canon_Method_00019,METHOD_APPLIED_TO,canon_Material_00177,2024
canon_Method_00035,USED_FOR,canon_Other_01721,2024
canon_Other_00006,USED_FOR,canon_Other_01721,2024
canon_Other_00006,USED_FOR,canon_Task_00142,2024
canon_Method_01823,METHOD_APPLIED_TO,canon_Method_00490,2024
canon_Other_01723,USED_FOR,canon_Other_00348,2024
canon_Other_01723,ENTITY_ASSOCIATED_WITH_ENTITY,canon_Other_01724,2024
canon_Other_01723,ENTITY_ASSOCIATED_WITH_ENTITY,canon_Other_01725,2024
canon_Other_01724,USED_FOR,canon_Other_00348,2024
canon_Other_01724,USED_FOR,canon_Other_01725,2024
canon_Other_01725,USED_FOR,canon_Other_00348,2024
canon_Other_01725,ENTITY_ASSOCIATED_WITH_ENTITY,canon_Other_01724,2024
canon_Method_00207,METHOD_APPLIED_TO,canon_Method_00116,2024
canon_Method_00207,ENTITY_ASSOCIATED_WITH_ENTITY,canon_Method_00025,2024
canon_Metric_00020,METHOD_EVALUATED_BY,canon_Other_00009,2024
canon_Metric_00001,METHOD_EVALUATED_BY,canon_Other_00009,2024
canon_Other_01726,ENTITY_ASSOCIATED_WITH_ENTITY,canon_Other_00264,2024
canon_Other_00264,ENTITY_ASSOCIATED_WITH_ENTITY,canon_Method_00002,2024
canon_Method_00003,ENTITY_ASSOCIATED_WITH_ENTITY,canon_Method_00002,2024
canon_Metric_00135,METHOD_EVALUATED_BY,canon_Method_01825,2024
canon_Method_01827,ENTITY_ASSOCIATED_WITH_ENTITY,canon_Method_01826,2024
canon_Method_01827,ENTITY_ASSOCIATED_WITH_ENTITY,canon_Method_01828,2024
canon_Method_01828,ENTITY_ASSOCIATED_WITH_ENTITY,canon_Method_01826,2024
canon_Other_00361,ENTITY_ASSOCIATED_WITH_ENTITY,canon_Method_01828,2024
canon_Material_00192,ENTITY_ASSOCIATED_WITH_ENTITY,canon_Other_01728,2024
canon_Other_00003,ENTITY_ASSOCIATED_WITH_ENTITY,canon_Metric_00040,2024
canon_Other_00003,ENTITY_ASSOCIATED_WITH_ENTITY,canon_Other_00361,2024
canon_Metric_00040,ENTITY_ASSOCIATED_WITH_ENTITY,canon_Other_00003,2024
canon_Metric_00040,ENTITY_ASSOCIATED_WITH_ENTITY,canon_Other_00361,2024
canon_Other_00361,ENTITY_ASSOCIATED_WITH_ENTITY,canon_Metric_00040,2024
canon_Task_00167,ENTITY_ASSOCIATED_WITH_ENTITY,canon_Metric_00040,2024
canon_Task_00167,ENTITY_ASSOCIATED_WITH_ENTITY,canon_Other_00361,2024
canon_Method_00275,METHOD_APPLIED_TO,canon_Material_00106,2024
canon_Method_00275,METHOD_APPLIED_TO,canon_Task_00762,2024
canon_Material_00106,ENTITY_ASSOCIATED_WITH_ENTITY,canon_Task_00762,2024
canon_Material_00106,ENTITY_ASSOCIATED_WITH_ENTITY,canon_Task_00763,2024
canon_Task_00762,ENTITY_ASSOCIATED_WITH_ENTITY,canon_Task_00763,2024
canon_Task_00167,ENTITY_ASSOCIATED_WITH_ENTITY,canon_Method_00275,2024
canon_Task_00167,ENTITY_ASSOCIATED_WITH_ENTITY,canon_Task_00762,2024
canon_Task_00167,ENTITY_ASSOCIATED_WITH_ENTITY,canon_Task_00763,2024
canon_Task_00763,ENTITY_ASSOCIATED_WITH_ENTITY,canon_Task_00167,2024
canon_Metric_00136,ENTITY_ASSOCIATED_WITH_ENTITY,canon_Metric_00137,2024
canon_Material_00847,USED_FOR,canon_Method_00194,2024
canon_Method_01829,METHOD_APPLIED_TO,canon_Method_00705,2024
canon_Method_00004,METHOD_APPLIED_TO,canon_Method_00705,2024
canon_Method_00117,USED_FOR,canon_Method_01829,2024
canon_Method_00117,METHOD_APPLIED_TO,canon_Method_00705,2024
canon_Material_00137,ENTITY_ASSOCIATED_WITH_ENTITY,canon_Other_00362,2024
canon_Other_00362,ENTITY_ASSOCIATED_WITH_ENTITY,canon_Material_00137,2024
canon_Method_00009,METHOD_APPLIED_TO,canon_Material_00848,2024
canon_Method_00081,METHOD_APPLIED_TO,canon_Material_00848,2024
canon_Method_00343,METHOD_APPLIED_TO,canon_Material_00848,2024
canon_Material_00062,USED_FOR,canon_Method_00009,2024
canon_Material_00062,USED_FOR,canon_Material_00848,2024
canon_Material_00024,USED_FOR,canon_Task_00765,2024
canon_Material_00024,ENTITY_ASSOCIATED_WITH_ENTITY,canon_Material_00849,2024
canon_Material_00052,METHOD_APPLIED_TO,canon_Task_00766,2024
canon_Material_00052,METHOD_APPLIED_TO,canon_Task_00168,2024
canon_Task_00767,ENTITY_ASSOCIATED_WITH_ENTITY,canon_Task_00768,2024
canon_Material_00118,USED_FOR,canon_Task_00769,2024
canon_Material_00118,USED_FOR,canon_Task_00168,2024
canon_Method_00007,ENTITY_ASSOCIATED_WITH_ENTITY,canon_Material_00106,2024
canon_Method_00345,METHOD_APPLIED_TO,canon_Material_00106,2024
canon_Method_00049,METHOD_APPLIED_TO,canon_Material_00106,2024
canon_Method_00049,USED_FOR,canon_Method_00345,2024
canon_Method_00049,USED_FOR,canon_Method_00057,2024
canon_Method_00057,METHOD_APPLIED_TO,canon_Material_00106,2024
canon_Method_00057,USED_FOR,canon_Method_00345,2024
canon_Method_00002,USED_FOR,canon_Method_00345,2024
canon_Method_00345,USED_FOR,canon_Method_00002,2024
canon_Task_00771,ENTITY_ASSOCIATED_WITH_ENTITY,canon_Material_00852,2024
canon_Task_00771,ENTITY_ASSOCIATED_WITH_ENTITY,canon_Other_00112,2024
canon_Task_00771,ENTITY_ASSOCIATED_WITH_ENTITY,canon_Task_00772,2024
canon_Task_00772,ENTITY_ASSOCIATED_WITH_ENTITY,canon_Material_00852,2024
canon_Task_00772,ENTITY_ASSOCIATED_WITH_ENTITY,canon_Other_00112,2024
canon_Method_00013,ENTITY_ASSOCIATED_WITH_ENTITY,canon_Method_00030,2024
canon_Method_00013,METHOD_APPLIED_TO,canon_Material_00106,2024
canon_Method_00030,METHOD_APPLIED_TO,canon_Material_00106,2024
canon_Method_00346,METHOD_APPLIED_TO,canon_Task_00013,2024
canon_Material_00063,USED_FOR,canon_Method_00346,2024
canon_Method_00346,METHOD_APPLIED_TO,canon_Task_00003,2024
canon_Material_00063,USED_FOR,canon_Method_00346,2024
canon_Method_01832,ENTITY_ASSOCIATED_WITH_ENTITY,canon_Other_00003,2024
canon_Method_01832,ENTITY_ASSOCIATED_WITH_ENTITY,canon_Method_00347,2024
canon_Method_00347,ENTITY_ASSOCIATED_WITH_ENTITY,canon_Other_00003,2024
canon_Method_01833,USED_FOR,canon_Method_00347,2024
canon_Method_00343,USED_FOR,canon_Method_00347,2024
canon_Method_00343,ENTITY_ASSOCIATED_WITH_ENTITY,canon_Method_01833,2024
canon_Method_00343,ENTITY_ASSOCIATED_WITH_ENTITY,canon_Method_01834,2024
canon_Method_01834,USED_FOR,canon_Method_00347,2024
canon_Method_01834,ENTITY_ASSOCIATED_WITH_ENTITY,canon_Method_01833,2024
canon_Other_01733,USED_FOR,canon_Other_01732,2024
canon_Other_01735,ENTITY_ASSOCIATED_WITH_ENTITY,canon_Other_01736,2024
canon_Other_01736,ENTITY_ASSOCIATED_WITH_ENTITY,canon_Other_01735,2024
canon_Method_00003,ENTITY_ASSOCIATED_WITH_ENTITY,canon_Method_00165,2024
canon_Method_00003,USED_FOR,canon_Other_00176,2024
canon_Method_00165,USED_FOR,canon_Other_00176,2024
canon_Method_00224,USED_FOR,canon_Other_01737,2024
canon_Method_01835,METHOD_APPLIED_TO,canon_Task_00774,2024
canon_Method_00165,METHOD_APPLIED_TO,canon_Task_00775,2024
canon_Method_00165,METHOD_APPLIED_TO,canon_Task_00776,2024
canon_Task_00775,ENTITY_ASSOCIATED_WITH_ENTITY,canon_Task_00776,2024
canon_Method_00002,ENTITY_ASSOCIATED_WITH_ENTITY,canon_Method_00165,2024
canon_Method_00002,USED_FOR,canon_Method_00009,2024
canon_Method_00165,USED_FOR,canon_Method_00009,2024
canon_Method_00081,METHOD_APPLIED_TO,canon_Task_00777,2024
canon_Method_01836,USED_FOR,canon_Other_01738,2024
canon_Material_00009,USED_FOR,canon_Task_00169,2024
canon_Method_01837,METHOD_APPLIED_TO,canon_Task_00169,2024
canon_Method_00022,METHOD_APPLIED_TO,canon_Task_00778,2024
canon_Material_00007,ENTITY_ASSOCIATED_WITH_ENTITY,canon_Material_00199,2024
canon_Material_00002,ENTITY_ASSOCIATED_WITH_ENTITY,canon_Material_00199,2024
canon_Material_00853,USED_FOR,canon_Material_00199,2024
canon_Method_00150,METHOD_APPLIED_TO,canon_Task_00170,2024
canon_Material_00051,USED_FOR,canon_Task_00169,2024
canon_Method_01839,METHOD_APPLIED_TO,canon_Task_00169,2024
canon_Other_01740,METHOD_EVALUATED_BY,canon_Method_01840,2024
canon_Material_00729,USED_FOR,canon_Other_01742,2024
canon_Other_01742,USED_FOR,canon_Material_00729,2024
canon_Other_01743,ENTITY_ASSOCIATED_WITH_ENTITY,canon_Method_01841,2024
canon_Other_01744,ENTITY_ASSOCIATED_WITH_ENTITY,canon_Method_01841,2024
canon_Method_01842,ENTITY_ASSOCIATED_WITH_ENTITY,canon_Method_00207,2024
canon_Method_00207,METHOD_APPLIED_TO,canon_Material_00012,2024
canon_Method_00207,METHOD_APPLIED_TO,canon_Task_00779,2024
canon_Material_00012,ENTITY_ASSOCIATED_WITH_ENTITY,canon_Task_00779,2024
canon_Material_00854,USED_FOR,canon_Method_01842,2024
canon_Material_00854,USED_FOR,canon_Method_00207,2024
canon_Material_00854,USED_FOR,canon_Task_00459,2024
canon_Material_00855,USED_FOR,canon_Task_00459,2024
canon_Method_01844,USED_FOR,canon_Material_00002,2024
canon_Method_01845,USED_FOR,canon_Material_00002,2024
canon_Other_01745,ENTITY_ASSOCIATED_WITH_ENTITY,canon_Method_01846,2024
canon_Other_01746,ENTITY_ASSOCIATED_WITH_ENTITY,canon_Method_01846,2024
canon_Other_01746,ENTITY_ASSOCIATED_WITH_ENTITY,canon_Other_01747,2024
canon_Other_01747,ENTITY_ASSOCIATED_WITH_ENTITY,canon_Method_01846,2024
canon_Other_01748,USED_FOR,canon_Other_00013,2024
canon_Other_01749,USED_FOR,canon_Other_00013,2024
canon_Other_01749,ENTITY_ASSOCIATED_WITH_ENTITY,canon_Other_01748,2024
canon_Other_01749,ENTITY_ASSOCIATED_WITH_ENTITY,canon_Other_01750,2024
canon_Other_01749,ENTITY_ASSOCIATED_WITH_ENTITY,canon_Other_01751,2024
canon_Other_01750,USED_FOR,canon_Other_00013,2024
canon_Other_01750,ENTITY_ASSOCIATED_WITH_ENTITY,canon_Other_01751,2024
canon_Other_01750,ENTITY_ASSOCIATED_WITH_ENTITY,canon_Method_01847,2024
canon_Other_01751,USED_FOR,canon_Other_00013,2024
canon_Other_01751,USED_FOR,canon_Other_00107,2024
canon_Other_01751,ENTITY_ASSOCIATED_WITH_ENTITY,canon_Method_01847,2024
canon_Other_01751,USED_FOR,canon_Other_00006,2024
canon_Other_01751,USED_FOR,canon_Method_01850,2024
canon_Method_01847,ENTITY_ASSOCIATED_WITH_ENTITY,canon_Other_00013,2024
canon_Method_01847,ENTITY_ASSOCIATED_WITH_ENTITY,canon_Other_01751,2024
canon_Method_01847,USED_FOR,canon_Other_00107,2024
canon_Method_01847,USED_FOR,canon_Other_00006,2024
canon_Method_01847,USED_FOR,canon_Method_01850,2024
canon_Method_01848,ENTITY_ASSOCIATED_WITH_ENTITY,canon_Other_01750,2024
canon_Method_01848,ENTITY_ASSOCIATED_WITH_ENTITY,canon_Other_01751,2024
canon_Method_01848,USED_FOR,canon_Other_00107,2024
canon_Method_01848,ENTITY_ASSOCIATED_WITH_ENTITY,canon_Method_01847,2024
canon_Method_01848,ENTITY_ASSOCIATED_WITH_ENTITY,canon_Method_01849,2024
canon_Method_01848,USED_FOR,canon_Other_00006,2024
canon_Method_01848,ENTITY_ASSOCIATED_WITH_ENTITY,canon_Method_01850,2024
canon_Method_01849,ENTITY_ASSOCIATED_WITH_ENTITY,canon_Other_01751,2024
canon_Method_01849,USED_FOR,canon_Other_00107,2024
canon_Method_01849,ENTITY_ASSOCIATED_WITH_ENTITY,canon_Method_01847,2024
canon_Method_01849,ENTITY_ASSOCIATED_WITH_ENTITY,canon_Method_01848,2024
canon_Method_01849,USED_FOR,canon_Other_00006,2024
canon_Method_01849,ENTITY_ASSOCIATED_WITH_ENTITY,canon_Method_01850,2024
canon_Other_00006,USED_FOR,canon_Other_00107,2024
canon_Other_00006,ENTITY_ASSOCIATED_WITH_ENTITY,canon_Method_01847,2024
canon_Other_00006,USED_FOR,canon_Method_01850,2024
canon_Method_01850,USED_FOR,canon_Other_00107,2024
canon_Material_00525,METHOD_APPLIED_TO,canon_Task_00781,2024
canon_Method_00348,METHOD_APPLIED_TO,canon_Task_00781,2024
canon_Material_00051,USED_FOR,canon_Material_00525,2024
canon_Material_00051,USED_FOR,canon_Method_00348,2024
canon_Task_00782,USED_FOR,canon_Material_00199,2024
canon_Method_00081,ENTITY_ASSOCIATED_WITH_ENTITY,canon_Method_01148,2024
canon_Method_00081,ENTITY_ASSOCIATED_WITH_ENTITY,canon_Method_00349,2024
canon_Method_00059,ENTITY_ASSOCIATED_WITH_ENTITY,canon_Method_01148,2024
canon_Method_00059,ENTITY_ASSOCIATED_WITH_ENTITY,canon_Method_00349,2024
canon_Method_01148,ENTITY_ASSOCIATED_WITH_ENTITY,canon_Method_00349,2024
canon_Method_00349,ENTITY_ASSOCIATED_WITH_ENTITY,canon_Method_01148,2024
canon_Method_00043,METHOD_APPLIED_TO,canon_Task_00783,2024
canon_Method_00059,USED_FOR,canon_Other_01753,2024
canon_Method_00349,USED_FOR,canon_Other_01753,2024
canon_Task_00784,METHOD_EVALUATED_BY,canon_Other_00035,2024
canon_Task_00784,METHOD_EVALUATED_BY,canon_Other_00003,2024
canon_Metric_00020,METHOD_EVALUATED_BY,canon_Method_00348,2024
canon_Task_00170,METHOD_EVALUATED_BY,canon_Method_00348,2024
canon_Other_00093,ENTITY_ASSOCIATED_WITH_ENTITY,canon_Other_01754,2024
canon_Metric_00001,METHOD_EVALUATED_BY,canon_Task_00171,2024
canon_Metric_00001,METHOD_EVALUATED_BY,canon_Other_00003,2024
canon_Metric_00141,METHOD_EVALUATED_BY,canon_Other_00003,2024
canon_Method_01728,METHOD_APPLIED_TO,canon_Task_00172,2024
canon_Method_00003,ENTITY_ASSOCIATED_WITH_ENTITY,canon_Method_00004,2024
canon_Method_00004,METHOD_APPLIED_TO,canon_Task_00785,2024
canon_Task_00266,ENTITY_ASSOCIATED_WITH_ENTITY,canon_Method_00954,2024
canon_Task_00266,ENTITY_ASSOCIATED_WITH_ENTITY,canon_Task_00048,2024
canon_Method_00954,ENTITY_ASSOCIATED_WITH_ENTITY,canon_Task_00048,2024
canon_Method_00954,ENTITY_ASSOCIATED_WITH_ENTITY,canon_Task_00785,2024
canon_Task_00048,ENTITY_ASSOCIATED_WITH_ENTITY,canon_Method_00954,2024
canon_Task_00048,ENTITY_ASSOCIATED_WITH_ENTITY,canon_Task_00785,2024
canon_Method_00003,ENTITY_ASSOCIATED_WITH_ENTITY,canon_Method_00004,2024
canon_Method_00003,ENTITY_ASSOCIATED_WITH_ENTITY,canon_Method_00004,2024
canon_Method_00003,METHOD_APPLIED_TO,canon_Task_00084,2024
canon_Method_00004,METHOD_APPLIED_TO,canon_Task_00084,2024
canon_Method_01851,METHOD_APPLIED_TO,canon_Task_00172,2024
canon_Method_00003,ENTITY_ASSOCIATED_WITH_ENTITY,canon_Method_00004,2024
canon_Method_00004,ENTITY_ASSOCIATED_WITH_ENTITY,canon_Method_00003,2024
canon_Method_00003,ENTITY_ASSOCIATED_WITH_ENTITY,canon_Method_00004,2024
canon_Method_01852,ENTITY_ASSOCIATED_WITH_ENTITY,canon_Method_00956,2024
canon_Method_00956,METHOD_APPLIED_TO,canon_Task_00786,2024
canon_Other_01756,USED_FOR,canon_Task_00787,2024
canon_Method_01857,METHOD_APPLIED_TO,canon_Task_00788,2024
canon_Other_00016,USED_FOR,canon_Other_01761,2024
canon_Method_01858,USED_FOR,canon_Other_00016,2024
canon_Method_01859,USED_FOR,canon_Other_00016,2024
canon_Method_01859,USED_FOR,canon_Other_01762,2024
canon_Method_01864,USED_FOR,canon_Other_01763,2024
canon_Method_01864,USED_FOR,canon_Other_01764,2024
canon_Method_00016,USED_FOR,canon_Other_01256,2024
canon_Method_00086,ENTITY_ASSOCIATED_WITH_ENTITY,canon_Method_00016,2024
canon_Method_00033,ENTITY_ASSOCIATED_WITH_ENTITY,canon_Method_00016,2024
canon_Method_00033,ENTITY_ASSOCIATED_WITH_ENTITY,canon_Method_01865,2024
canon_Method_01865,ENTITY_ASSOCIATED_WITH_ENTITY,canon_Method_00016,2024
canon_Metric_00001,METHOD_EVALUATED_BY,canon_Method_01866,2024
canon_Method_01867,ENTITY_ASSOCIATED_WITH_ENTITY,canon_Method_01868,2024
canon_Method_00138,ENTITY_ASSOCIATED_WITH_ENTITY,canon_Method_01867,2024
canon_Method_00138,ENTITY_ASSOCIATED_WITH_ENTITY,canon_Method_01868,2024
canon_Method_01869,ENTITY_ASSOCIATED_WITH_ENTITY,canon_Method_01868,2024
canon_Method_01869,ENTITY_ASSOCIATED_WITH_ENTITY,canon_Method_00033,2024
canon_Method_00033,ENTITY_ASSOCIATED_WITH_ENTITY,canon_Method_01868,2024
canon_Method_00033,ENTITY_ASSOCIATED_WITH_ENTITY,canon_Method_01870,2024
canon_Method_01870,ENTITY_ASSOCIATED_WITH_ENTITY,canon_Method_01868,2024
canon_Method_01870,ENTITY_ASSOCIATED_WITH_ENTITY,canon_Method_00033,2024
canon_Method_01871,ENTITY_ASSOCIATED_WITH_ENTITY,canon_Method_00138,2024
canon_Method_00490,USED_FOR,canon_Method_00043,2024
canon_Method_01872,USED_FOR,canon_Method_00043,2024
canon_Method_00763,USED_FOR,canon_Method_00350,2024
canon_Task_00789,ENTITY_ASSOCIATED_WITH_ENTITY,canon_Method_00005,2024
canon_Task_00789,ENTITY_ASSOCIATED_WITH_ENTITY,canon_Method_01873,2024
canon_Method_00005,ENTITY_ASSOCIATED_WITH_ENTITY,canon_Task_00789,2024
canon_Method_00005,ENTITY_ASSOCIATED_WITH_ENTITY,canon_Method_01873,2024
canon_Method_01873,ENTITY_ASSOCIATED_WITH_ENTITY,canon_Method_00005,2024
canon_Method_01874,USED_FOR,canon_Method_00350,2024
canon_Method_01874,USED_FOR,canon_Other_01766,2024
canon_Method_01874,USED_FOR,canon_Method_01875,2024
canon_Other_01767,USED_FOR,canon_Other_01766,2024
canon_Other_01767,USED_FOR,canon_Method_01875,2024
canon_Method_01877,USED_FOR,canon_Method_00761,2024
canon_Method_01877,USED_FOR,canon_Method_01876,2024
canon_Method_01878,USED_FOR,canon_Method_00761,2024
canon_Method_01878,USED_FOR,canon_Method_01876,2024
canon_Method_01878,ENTITY_ASSOCIATED_WITH_ENTITY,canon_Method_01879,2024
canon_Method_01878,ENTITY_ASSOCIATED_WITH_ENTITY,canon_Method_01880,2024
canon_Method_01878,ENTITY_ASSOCIATED_WITH_ENTITY,canon_Other_01771,2024
canon_Method_01879,USED_FOR,canon_Method_00761,2024
canon_Method_01879,USED_FOR,canon_Method_01876,2024
canon_Method_01879,ENTITY_ASSOCIATED_WITH_ENTITY,canon_Method_01878,2024
canon_Method_01879,ENTITY_ASSOCIATED_WITH_ENTITY,canon_Method_01880,2024
canon_Method_01879,ENTITY_ASSOCIATED_WITH_ENTITY,canon_Other_01770,2024
canon_Method_01879,ENTITY_ASSOCIATED_WITH_ENTITY,canon_Other_01771,2024
canon_Method_01880,USED_FOR,canon_Method_00761,2024
canon_Method_01880,USED_FOR,canon_Method_01876,2024
canon_Method_01880,ENTITY_ASSOCIATED_WITH_ENTITY,canon_Method_01879,2024
canon_Method_01880,ENTITY_ASSOCIATED_WITH_ENTITY,canon_Other_01771,2024
canon_Other_01768,USED_FOR,canon_Method_01876,2024
canon_Other_01768,ENTITY_ASSOCIATED_WITH_ENTITY,canon_Method_01878,2024
canon_Other_01768,ENTITY_ASSOCIATED_WITH_ENTITY,canon_Other_01769,2024
canon_Other_01768,ENTITY_ASSOCIATED_WITH_ENTITY,canon_Other_01770,2024
canon_Other_01768,ENTITY_ASSOCIATED_WITH_ENTITY,canon_Other_01771,2024
canon_Other_01769,ENTITY_ASSOCIATED_WITH_ENTITY,canon_Method_01879,2024
canon_Other_01769,ENTITY_ASSOCIATED_WITH_ENTITY,canon_Other_01770,2024
canon_Other_01769,ENTITY_ASSOCIATED_WITH_ENTITY,canon_Other_01771,2024
canon_Other_01770,ENTITY_ASSOCIATED_WITH_ENTITY,canon_Method_01878,2024
canon_Other_01770,ENTITY_ASSOCIATED_WITH_ENTITY,canon_Method_01879,2024
canon_Other_01770,ENTITY_ASSOCIATED_WITH_ENTITY,canon_Other_01769,2024
canon_Other_01770,ENTITY_ASSOCIATED_WITH_ENTITY,canon_Other_01771,2024
canon_Other_01771,ENTITY_ASSOCIATED_WITH_ENTITY,canon_Method_01879,2024
canon_Other_01771,ENTITY_ASSOCIATED_WITH_ENTITY,canon_Method_01880,2024
canon_Other_01771,ENTITY_ASSOCIATED_WITH_ENTITY,canon_Other_01770,2024
canon_Other_01772,ENTITY_ASSOCIATED_WITH_ENTITY,canon_Other_01773,2024
canon_Method_01882,USED_FOR,canon_Other_01774,2024
canon_Other_01775,USED_FOR,canon_Other_01777,2024
canon_Other_01776,ENTITY_ASSOCIATED_WITH_ENTITY,canon_Other_01777,2024
canon_Method_00017,METHOD_APPLIED_TO,canon_Material_00006,2024
canon_Method_01883,USED_FOR,canon_Other_00119,2024
canon_Method_01885,METHOD_APPLIED_TO,canon_Material_00361,2024
canon_Method_01886,USED_FOR,canon_Other_00365,2024
canon_Method_01891,METHOD_APPLIED_TO,canon_Task_00072,2024
canon_Task_00791,ENTITY_ASSOCIATED_WITH_ENTITY,canon_Method_00166,2024
canon_Task_00791,ENTITY_ASSOCIATED_WITH_ENTITY,canon_Task_00792,2024
canon_Task_00792,ENTITY_ASSOCIATED_WITH_ENTITY,canon_Method_00166,2024
canon_Task_00792,ENTITY_ASSOCIATED_WITH_ENTITY,canon_Task_00793,2024
canon_Method_00166,METHOD_APPLIED_TO,canon_Task_00072,2024
canon_Material_00861,ENTITY_ASSOCIATED_WITH_ENTITY,canon_Material_00863,2024
canon_Material_00862,ENTITY_ASSOCIATED_WITH_ENTITY,canon_Material_00863,2024
canon_Material_00862,ENTITY_ASSOCIATED_WITH_ENTITY,canon_Material_00019,2024
canon_Material_00863,ENTITY_ASSOCIATED_WITH_ENTITY,canon_Material_00019,2024
canon_Material_00863,ENTITY_ASSOCIATED_WITH_ENTITY,canon_Material_00041,2024
canon_Material_00863,ENTITY_ASSOCIATED_WITH_ENTITY,canon_Material_00168,2024
canon_Material_00019,ENTITY_ASSOCIATED_WITH_ENTITY,canon_Material_00863,2024
canon_Material_00019,ENTITY_ASSOCIATED_WITH_ENTITY,canon_Material_00041,2024
canon_Material_00019,ENTITY_ASSOCIATED_WITH_ENTITY,canon_Material_00168,2024
canon_Material_00019,ENTITY_ASSOCIATED_WITH_ENTITY,canon_Material_00109,2024
canon_Material_00019,ENTITY_ASSOCIATED_WITH_ENTITY,canon_Material_00864,2024
canon_Material_00041,ENTITY_ASSOCIATED_WITH_ENTITY,canon_Material_00863,2024
canon_Material_00041,ENTITY_ASSOCIATED_WITH_ENTITY,canon_Material_00019,2024
canon_Material_00041,ENTITY_ASSOCIATED_WITH_ENTITY,canon_Material_00168,2024
canon_Material_00041,ENTITY_ASSOCIATED_WITH_ENTITY,canon_Material_00109,2024
canon_Material_00041,ENTITY_ASSOCIATED_WITH_ENTITY,canon_Material_00864,2024
canon_Material_00168,ENTITY_ASSOCIATED_WITH_ENTITY,canon_Material_00863,2024
canon_Material_00168,ENTITY_ASSOCIATED_WITH_ENTITY,canon_Material_00019,2024
canon_Material_00168,ENTITY_ASSOCIATED_WITH_ENTITY,canon_Material_00041,2024
canon_Material_00168,ENTITY_ASSOCIATED_WITH_ENTITY,canon_Material_00109,2024
canon_Material_00168,ENTITY_ASSOCIATED_WITH_ENTITY,canon_Material_00864,2024
canon_Material_00109,ENTITY_ASSOCIATED_WITH_ENTITY,canon_Material_00863,2024
canon_Material_00109,ENTITY_ASSOCIATED_WITH_ENTITY,canon_Material_00019,2024
canon_Material_00109,ENTITY_ASSOCIATED_WITH_ENTITY,canon_Material_00041,2024
canon_Material_00109,ENTITY_ASSOCIATED_WITH_ENTITY,canon_Material_00168,2024
canon_Material_00109,ENTITY_ASSOCIATED_WITH_ENTITY,canon_Material_00864,2024
canon_Material_00864,ENTITY_ASSOCIATED_WITH_ENTITY,canon_Material_00019,2024
canon_Material_00864,ENTITY_ASSOCIATED_WITH_ENTITY,canon_Material_00041,2024
canon_Material_00864,ENTITY_ASSOCIATED_WITH_ENTITY,canon_Material_00168,2024
canon_Material_00864,ENTITY_ASSOCIATED_WITH_ENTITY,canon_Material_00109,2024
canon_Method_01893,USED_FOR,canon_Method_00166,2024
canon_Task_00794,USED_FOR,canon_Method_00007,2024
canon_Task_00794,USED_FOR,canon_Method_00954,2024
canon_Method_00007,METHOD_APPLIED_TO,canon_Task_00794,2024
canon_Method_00007,METHOD_APPLIED_TO,canon_Task_00072,2024
canon_Method_00007,USED_FOR,canon_Method_00024,2024
canon_Method_00007,METHOD_APPLIED_TO,canon_Method_00954,2024
canon_Method_00024,METHOD_APPLIED_TO,canon_Task_00794,2024
canon_Method_00024,METHOD_APPLIED_TO,canon_Task_00072,2024
canon_Method_00024,USED_FOR,canon_Method_00007,2024
canon_Method_00024,METHOD_APPLIED_TO,canon_Method_00954,2024
canon_Method_00954,USED_FOR,canon_Method_00007,2024
canon_Method_00954,USED_FOR,canon_Method_00024,2024
canon_Material_00012,USED_FOR,canon_Other_00184,2024
canon_Other_01780,ENTITY_ASSOCIATED_WITH_ENTITY,canon_Other_01781,2024
canon_Other_00184,USED_FOR,canon_Other_00184,2024
canon_Material_00152,USED_FOR,canon_Other_00184,2024
canon_Material_00152,USED_FOR,canon_Other_00184,2024
canon_Other_00184,USED_FOR,canon_Other_00184,2024
canon_Other_00184,ENTITY_ASSOCIATED_WITH_ENTITY,canon_Material_00152,2024
canon_Material_00053,USED_FOR,canon_Material_00018,2024
canon_Method_00008,USED_FOR,canon_Material_00018,2024
canon_Method_00008,USED_FOR,canon_Material_00002,2024
canon_Method_00001,USED_FOR,canon_Material_00018,2024
canon_Method_00001,USED_FOR,canon_Material_00002,2024
canon_Method_00001,ENTITY_ASSOCIATED_WITH_ENTITY,canon_Method_01894,2024
canon_Method_01894,USED_FOR,canon_Material_00018,2024
canon_Method_01894,USED_FOR,canon_Material_00002,2024
canon_Material_00053,USED_FOR,canon_Material_00002,2024
canon_Material_00865,USED_FOR,canon_Method_00008,2024
canon_Material_00002,ENTITY_ASSOCIATED_WITH_ENTITY,canon_Method_00031,2024
canon_Material_00002,ENTITY_ASSOCIATED_WITH_ENTITY,canon_Material_00012,2024
canon_Material_00002,ENTITY_ASSOCIATED_WITH_ENTITY,canon_Material_00002,2024
canon_Method_00031,ENTITY_ASSOCIATED_WITH_ENTITY,canon_Material_00193,2024
canon_Method_00031,ENTITY_ASSOCIATED_WITH_ENTITY,canon_Material_00002,2024
canon_Method_00031,USED_FOR,canon_Material_00002,2024
canon_Method_00031,USED_FOR,canon_Material_00012,2024
canon_Method_00031,ENTITY_ASSOCIATED_WITH_ENTITY,canon_Material_00002,2024
canon_Material_00012,ENTITY_ASSOCIATED_WITH_ENTITY,canon_Material_00002,2024
canon_Material_00012,ENTITY_ASSOCIATED_WITH_ENTITY,canon_Method_00031,2024
canon_Material_00012,ENTITY_ASSOCIATED_WITH_ENTITY,canon_Material_00002,2024
canon_Material_00002,ENTITY_ASSOCIATED_WITH_ENTITY,canon_Material_00002,2024
canon_Material_00002,ENTITY_ASSOCIATED_WITH_ENTITY,canon_Method_00031,2024
canon_Material_00002,ENTITY_ASSOCIATED_WITH_ENTITY,canon_Material_00012,2024
canon_Other_01784,ENTITY_ASSOCIATED_WITH_ENTITY,canon_Material_00002,2024
canon_Method_01896,METHOD_APPLIED_TO,canon_Task_00795,2024
canon_Other_00006,USED_FOR,canon_Method_01898,2024
canon_Method_01899,METHOD_APPLIED_TO,canon_Material_00868,2024
canon_Method_01899,USED_FOR,canon_Method_01900,2024
canon_Method_01899,ENTITY_ASSOCIATED_WITH_ENTITY,canon_Method_00182,2024
canon_Method_01899,ENTITY_ASSOCIATED_WITH_ENTITY,canon_Method_01901,2024
canon_Method_01900,METHOD_APPLIED_TO,canon_Material_00868,2024
canon_Method_01900,USED_FOR,canon_Method_01899,2024
canon_Method_01900,ENTITY_ASSOCIATED_WITH_ENTITY,canon_Method_00182,2024
canon_Method_01900,ENTITY_ASSOCIATED_WITH_ENTITY,canon_Method_01901,2024
canon_Method_01900,METHOD_APPLIED_TO,canon_Material_00869,2024
canon_Method_00182,USED_FOR,canon_Method_01899,2024
canon_Method_00182,USED_FOR,canon_Method_01900,2024
canon_Method_00182,USED_FOR,canon_Method_01901,2024
canon_Method_00182,METHOD_APPLIED_TO,canon_Material_00869,2024
canon_Method_01901,USED_FOR,canon_Method_01900,2024
canon_Method_01901,USED_FOR,canon_Method_00182,2024
canon_Method_01901,METHOD_APPLIED_TO,canon_Material_00869,2024
canon_Material_00200,USED_FOR,canon_Method_01899,2024
canon_Material_00200,USED_FOR,canon_Method_01900,2024
canon_Material_00200,USED_FOR,canon_Method_00182,2024
canon_Material_00200,USED_FOR,canon_Method_01901,2024
canon_Material_00869,USED_FOR,canon_Method_01899,2024
canon_Material_00869,USED_FOR,canon_Method_01900,2024
canon_Material_00869,USED_FOR,canon_Method_00182,2024
canon_Material_00869,USED_FOR,canon_Method_01901,2024
canon_Method_01902,USED_FOR,canon_Method_01903,2024
canon_Method_01903,USED_FOR,canon_Method_01902,2024
canon_Method_01904,USED_FOR,canon_Method_01899,2024
canon_Method_01904,USED_FOR,canon_Method_01902,2024
canon_Method_01904,USED_FOR,canon_Method_01903,2024
canon_Metric_00142,ENTITY_ASSOCIATED_WITH_ENTITY,canon_Method_01906,2024
canon_Material_00200,ENTITY_ASSOCIATED_WITH_ENTITY,canon_Metric_00142,2024
canon_Material_00052,USED_FOR,canon_Method_00167,2024
canon_Material_00030,ENTITY_ASSOCIATED_WITH_ENTITY,canon_Material_00089,2024
canon_Material_00089,ENTITY_ASSOCIATED_WITH_ENTITY,canon_Material_00041,2024
canon_Material_00089,ENTITY_ASSOCIATED_WITH_ENTITY,canon_Material_00048,2024
canon_Material_00041,ENTITY_ASSOCIATED_WITH_ENTITY,canon_Material_00089,2024
canon_Material_00041,ENTITY_ASSOCIATED_WITH_ENTITY,canon_Material_00048,2024
canon_Material_00048,ENTITY_ASSOCIATED_WITH_ENTITY,canon_Material_00041,2024
canon_Method_00030,METHOD_APPLIED_TO,canon_Material_00112,2024
canon_Method_00004,ENTITY_ASSOCIATED_WITH_ENTITY,canon_Method_01907,2024
canon_Method_00004,ENTITY_ASSOCIATED_WITH_ENTITY,canon_Method_00003,2024
canon_Method_01907,ENTITY_ASSOCIATED_WITH_ENTITY,canon_Method_00003,2024
canon_Method_00009,ENTITY_ASSOCIATED_WITH_ENTITY,canon_Method_00167,2024
canon_Material_00028,ENTITY_ASSOCIATED_WITH_ENTITY,canon_Metric_00039,2024
canon_Metric_00021,ENTITY_ASSOCIATED_WITH_ENTITY,canon_Metric_00039,2024
canon_Metric_00021,ENTITY_ASSOCIATED_WITH_ENTITY,canon_Metric_00002,2024
canon_Metric_00021,ENTITY_ASSOCIATED_WITH_ENTITY,canon_Metric_00003,2024
canon_Metric_00021,ENTITY_ASSOCIATED_WITH_ENTITY,canon_Metric_00006,2024
canon_Metric_00002,ENTITY_ASSOCIATED_WITH_ENTITY,canon_Metric_00039,2024
canon_Metric_00002,ENTITY_ASSOCIATED_WITH_ENTITY,canon_Metric_00003,2024
canon_Metric_00002,ENTITY_ASSOCIATED_WITH_ENTITY,canon_Metric_00006,2024
canon_Metric_00003,ENTITY_ASSOCIATED_WITH_ENTITY,canon_Metric_00039,2024
canon_Metric_00003,ENTITY_ASSOCIATED_WITH_ENTITY,canon_Metric_00002,2024
canon_Metric_00003,ENTITY_ASSOCIATED_WITH_ENTITY,canon_Metric_00006,2024
canon_Other_00368,ENTITY_ASSOCIATED_WITH_ENTITY,canon_Method_01908,2024
canon_Material_00872,ENTITY_ASSOCIATED_WITH_ENTITY,canon_Material_00871,2024
canon_Other_01788,ENTITY_ASSOCIATED_WITH_ENTITY,canon_Other_01789,2024
canon_Other_01789,ENTITY_ASSOCIATED_WITH_ENTITY,canon_Other_01788,2024
canon_Method_00035,METHOD_APPLIED_TO,canon_Task_00121,2024
canon_Task_00797,USED_FOR,canon_Task_00121,2024
canon_Method_00047,METHOD_APPLIED_TO,canon_Method_00049,2024
canon_Method_01909,METHOD_APPLIED_TO,canon_Method_00049,2024
canon_Method_00096,ENTITY_ASSOCIATED_WITH_ENTITY,canon_Method_00047,2024
canon_Method_00096,ENTITY_ASSOCIATED_WITH_ENTITY,canon_Method_01909,2024
canon_Method_00096,ENTITY_ASSOCIATED_WITH_ENTITY,canon_Method_00066,2024
canon_Method_00066,ENTITY_ASSOCIATED_WITH_ENTITY,canon_Method_00047,2024
canon_Method_00066,ENTITY_ASSOCIATED_WITH_ENTITY,canon_Method_01909,2024
canon_Method_00035,USED_FOR,canon_Method_01912,2024
canon_Method_00136,USED_FOR,canon_Method_01912,2024
canon_Method_01911,USED_FOR,canon_Method_01912,2024
canon_Task_00798,METHOD_EVALUATED_BY,canon_Method_00035,2024
canon_Method_00168,ENTITY_ASSOCIATED_WITH_ENTITY,canon_Other_00005,2024
canon_Method_00168,ENTITY_ASSOCIATED_WITH_ENTITY,canon_Other_00005,2024
canon_Method_00168,ENTITY_ASSOCIATED_WITH_ENTITY,canon_Method_00168,2024
canon_Other_00005,ENTITY_ASSOCIATED_WITH_ENTITY,canon_Other_00005,2024
canon_Other_00005,ENTITY_ASSOCIATED_WITH_ENTITY,canon_Other_00005,2024
canon_Other_00005,ENTITY_ASSOCIATED_WITH_ENTITY,canon_Method_00168,2024
canon_Other_00005,ENTITY_ASSOCIATED_WITH_ENTITY,canon_Method_00009,2024
canon_Other_00005,ENTITY_ASSOCIATED_WITH_ENTITY,canon_Method_00095,2024
canon_Material_00873,USED_FOR,canon_Other_00005,2024
canon_Material_00873,USED_FOR,canon_Other_00005,2024
canon_Material_00873,USED_FOR,canon_Method_00168,2024
canon_Material_00873,USED_FOR,canon_Method_00009,2024
canon_Material_00873,USED_FOR,canon_Method_00095,2024
canon_Method_00168,ENTITY_ASSOCIATED_WITH_ENTITY,canon_Other_00005,2024
canon_Method_00168,ENTITY_ASSOCIATED_WITH_ENTITY,canon_Other_00005,2024
canon_Method_00168,ENTITY_ASSOCIATED_WITH_ENTITY,canon_Method_00009,2024
canon_Method_00168,ENTITY_ASSOCIATED_WITH_ENTITY,canon_Method_00095,2024
canon_Method_00009,ENTITY_ASSOCIATED_WITH_ENTITY,canon_Other_00005,2024
canon_Method_00009,ENTITY_ASSOCIATED_WITH_ENTITY,canon_Other_00005,2024
canon_Method_00009,ENTITY_ASSOCIATED_WITH_ENTITY,canon_Method_00168,2024
canon_Method_00009,ENTITY_ASSOCIATED_WITH_ENTITY,canon_Method_00095,2024
canon_Method_00095,ENTITY_ASSOCIATED_WITH_ENTITY,canon_Other_00005,2024
canon_Method_00095,ENTITY_ASSOCIATED_WITH_ENTITY,canon_Other_00005,2024
canon_Method_00095,ENTITY_ASSOCIATED_WITH_ENTITY,canon_Method_00168,2024
canon_Method_00095,ENTITY_ASSOCIATED_WITH_ENTITY,canon_Method_00009,2024
canon_Method_00168,ENTITY_ASSOCIATED_WITH_ENTITY,canon_Method_00009,2024
canon_Method_00168,ENTITY_ASSOCIATED_WITH_ENTITY,canon_Method_00013,2024
canon_Method_00009,ENTITY_ASSOCIATED_WITH_ENTITY,canon_Method_00013,2024
canon_Method_00013,ENTITY_ASSOCIATED_WITH_ENTITY,canon_Method_00009,2024
canon_Other_01790,METHOD_EVALUATED_BY,canon_Method_00168,2024
canon_Other_01790,METHOD_EVALUATED_BY,canon_Method_00009,2024
canon_Other_01790,METHOD_EVALUATED_BY,canon_Method_00013,2024
canon_Other_01791,ENTITY_ASSOCIATED_WITH_ENTITY,canon_Other_01792,2024
canon_Method_01913,METHOD_APPLIED_TO,canon_Material_00192,2024
canon_Other_01799,USED_FOR,canon_Other_01798,2024
canon_Other_01800,ENTITY_ASSOCIATED_WITH_ENTITY,canon_Other_01799,2024
canon_Method_01914,USED_FOR,canon_Task_00554,2024
canon_Method_01916,ENTITY_ASSOCIATED_WITH_ENTITY,canon_Method_01917,2024
canon_Method_01917,ENTITY_ASSOCIATED_WITH_ENTITY,canon_Method_01916,2024
canon_Method_00032,ENTITY_ASSOCIATED_WITH_ENTITY,canon_Method_00044,2024
canon_Method_00044,ENTITY_ASSOCIATED_WITH_ENTITY,canon_Method_00032,2024
canon_Material_00167,USED_FOR,canon_Method_00032,2024
canon_Material_00167,USED_FOR,canon_Method_00044,2024
canon_Method_01918,ENTITY_ASSOCIATED_WITH_ENTITY,canon_Method_01919,2024
canon_Method_00002,ENTITY_ASSOCIATED_WITH_ENTITY,canon_Method_01920,2024
canon_Method_00002,ENTITY_ASSOCIATED_WITH_ENTITY,canon_Method_00003,2024
canon_Method_00002,ENTITY_ASSOCIATED_WITH_ENTITY,canon_Method_01921,2024
canon_Method_00003,ENTITY_ASSOCIATED_WITH_ENTITY,canon_Method_01920,2024
canon_Method_00003,ENTITY_ASSOCIATED_WITH_ENTITY,canon_Method_00002,2024
canon_Method_00003,ENTITY_ASSOCIATED_WITH_ENTITY,canon_Method_01921,2024
canon_Method_01921,ENTITY_ASSOCIATED_WITH_ENTITY,canon_Method_01920,2024
canon_Method_01921,ENTITY_ASSOCIATED_WITH_ENTITY,canon_Method_00003,2024
canon_Method_01922,USED_FOR,canon_Material_00006,2024
canon_Method_01922,ENTITY_ASSOCIATED_WITH_ENTITY,canon_Method_00005,2024
canon_Method_00005,USED_FOR,canon_Material_00006,2024
canon_Method_00005,ENTITY_ASSOCIATED_WITH_ENTITY,canon_Method_00351,2024
canon_Method_00005,ENTITY_ASSOCIATED_WITH_ENTITY,canon_Method_00058,2024
canon_Method_00351,USED_FOR,canon_Material_00006,2024
canon_Method_00351,ENTITY_ASSOCIATED_WITH_ENTITY,canon_Method_00005,2024
canon_Method_00351,ENTITY_ASSOCIATED_WITH_ENTITY,canon_Method_00058,2024
canon_Method_00058,USED_FOR,canon_Material_00006,2024
canon_Method_00058,ENTITY_ASSOCIATED_WITH_ENTITY,canon_Method_00005,2024
canon_Method_00058,ENTITY_ASSOCIATED_WITH_ENTITY,canon_Method_00351,2024
canon_Task_00802,USED_FOR,canon_Material_00006,2024
canon_Method_01923,ENTITY_ASSOCIATED_WITH_ENTITY,canon_Method_00005,2024
canon_Method_00005,ENTITY_ASSOCIATED_WITH_ENTITY,canon_Method_00351,2024
canon_Method_00005,ENTITY_ASSOCIATED_WITH_ENTITY,canon_Method_00058,2024
canon_Method_00351,ENTITY_ASSOCIATED_WITH_ENTITY,canon_Method_00058,2024
canon_Other_00322,ENTITY_ASSOCIATED_WITH_ENTITY,canon_Other_01802,2024
canon_Other_00322,ENTITY_ASSOCIATED_WITH_ENTITY,canon_Other_00370,2024
canon_Other_01802,ENTITY_ASSOCIATED_WITH_ENTITY,canon_Other_00370,2024
canon_Other_00370,ENTITY_ASSOCIATED_WITH_ENTITY,canon_Other_01802,2024
canon_Other_00370,ENTITY_ASSOCIATED_WITH_ENTITY,canon_Other_01803,2024
canon_Other_01803,ENTITY_ASSOCIATED_WITH_ENTITY,canon_Other_00370,2024
canon_Method_01243,USED_FOR,canon_Other_00319,2024
canon_Method_00047,METHOD_APPLIED_TO,canon_Task_00001,2024
canon_Method_00047,USED_FOR,canon_Method_01925,2024
canon_Method_01925,USED_FOR,canon_Method_00047,2024
canon_Method_00013,METHOD_APPLIED_TO,canon_Task_00001,2024
canon_Method_00013,METHOD_APPLIED_TO,canon_Task_00001,2024
canon_Method_01926,ENTITY_ASSOCIATED_WITH_ENTITY,canon_Method_00047,2024
canon_Method_01927,USED_FOR,canon_Method_01204,2024
canon_Method_00013,ENTITY_ASSOCIATED_WITH_ENTITY,canon_Method_01928,2024
canon_Method_00013,METHOD_APPLIED_TO,canon_Task_00001,2024
canon_Method_01928,METHOD_APPLIED_TO,canon_Task_00001,2024
canon_Method_01929,METHOD_APPLIED_TO,canon_Task_00001,2024
canon_Method_01930,METHOD_APPLIED_TO,canon_Material_00023,2024
canon_Method_01931,USED_FOR,canon_Task_00817,2024
canon_Material_00018,USED_FOR,canon_Method_01931,2024
canon_Material_00001,USED_FOR,canon_Method_01931,2024
canon_Material_00001,USED_FOR,canon_Other_01805,2024
canon_Method_00352,METHOD_APPLIED_TO,canon_Task_00005,2024
canon_Material_00014,USED_FOR,canon_Material_00878,2024
canon_Material_00879,ENTITY_ASSOCIATED_WITH_ENTITY,canon_Material_00016,2024
canon_Material_00880,ENTITY_ASSOCIATED_WITH_ENTITY,canon_Material_00016,2024
canon_Material_00019,ENTITY_ASSOCIATED_WITH_ENTITY,canon_Material_00020,2024
canon_Material_00020,ENTITY_ASSOCIATED_WITH_ENTITY,canon_Material_00019,2024
canon_Material_00014,ENTITY_ASSOCIATED_WITH_ENTITY,canon_Other_00094,2024
canon_Other_01806,USED_FOR,canon_Material_00881,2024
canon_Method_00194,ENTITY_ASSOCIATED_WITH_ENTITY,canon_Material_00072,2024
canon_Material_00007,ENTITY_ASSOCIATED_WITH_ENTITY,canon_Other_01808,2024
canon_Material_00002,ENTITY_ASSOCIATED_WITH_ENTITY,canon_Other_01808,2024
canon_Material_00001,USED_FOR,canon_Task_00060,2024
canon_Other_01810,ENTITY_ASSOCIATED_WITH_ENTITY,canon_Other_01811,2024
canon_Other_01811,ENTITY_ASSOCIATED_WITH_ENTITY,canon_Other_01812,2024
canon_Material_00881,ENTITY_ASSOCIATED_WITH_ENTITY,canon_Other_01813,2024
canon_Other_01815,ENTITY_ASSOCIATED_WITH_ENTITY,canon_Other_01816,2024
canon_Other_01815,ENTITY_ASSOCIATED_WITH_ENTITY,canon_Method_00622,2024
canon_Other_01816,ENTITY_ASSOCIATED_WITH_ENTITY,canon_Other_01815,2024
canon_Other_01816,ENTITY_ASSOCIATED_WITH_ENTITY,canon_Method_00622,2024
canon_Method_00622,ENTITY_ASSOCIATED_WITH_ENTITY,canon_Other_01816,2024
canon_Material_00037,USED_FOR,canon_Task_00804,2024
canon_Method_01936,METHOD_APPLIED_TO,canon_Task_00804,2024
canon_Other_00016,USED_FOR,canon_Task_00474,2024
canon_Other_00016,USED_FOR,canon_Task_00804,2024
canon_Method_01938,METHOD_APPLIED_TO,canon_Task_00474,2024
canon_Method_01938,ENTITY_ASSOCIATED_WITH_ENTITY,canon_Other_00016,2024
canon_Method_01938,METHOD_APPLIED_TO,canon_Task_00804,2024
canon_Method_01939,METHOD_APPLIED_TO,canon_Task_00474,2024
canon_Method_01939,USED_FOR,canon_Other_00016,2024
canon_Method_01939,USED_FOR,canon_Method_01938,2024
canon_Method_01939,METHOD_APPLIED_TO,canon_Task_00804,2024
canon_Method_01940,USED_FOR,canon_Other_00016,2024
canon_Method_00320,USED_FOR,canon_Other_00016,2024
canon_Method_01941,USED_FOR,canon_Other_00016,2024
canon_Material_00097,USED_FOR,canon_Other_00016,2024
canon_Material_00097,USED_FOR,canon_Material_00885,2024
canon_Material_00885,USED_FOR,canon_Other_00016,2024
canon_Material_00885,USED_FOR,canon_Material_00097,2024
canon_Metric_00145,METHOD_EVALUATED_BY,canon_Other_00006,2024
canon_Method_01942,METHOD_APPLIED_TO,canon_Task_00483,2024
canon_Material_00001,USED_FOR,canon_Method_00031,2024
canon_Material_00001,USED_FOR,canon_Task_00024,2024
canon_Material_00087,USED_FOR,canon_Material_00886,2024
canon_Method_00031,ENTITY_ASSOCIATED_WITH_ENTITY,canon_Material_00018,2024
canon_Material_00887,ENTITY_ASSOCIATED_WITH_ENTITY,canon_Material_00004,2024
canon_Material_00001,USED_FOR,canon_Task_00060,2024
canon_Material_00001,USED_FOR,canon_Task_00805,2024
canon_Task_00060,ENTITY_ASSOCIATED_WITH_ENTITY,canon_Task_00805,2024
canon_Material_00201,ENTITY_ASSOCIATED_WITH_ENTITY,canon_Material_00002,2024
canon_Material_00021,ENTITY_ASSOCIATED_WITH_ENTITY,canon_Material_00046,2024
canon_Material_00021,ENTITY_ASSOCIATED_WITH_ENTITY,canon_Material_00022,2024
canon_Material_00046,ENTITY_ASSOCIATED_WITH_ENTITY,canon_Material_00022,2024
canon_Material_00046,ENTITY_ASSOCIATED_WITH_ENTITY,canon_Material_00888,2024
canon_Material_00022,ENTITY_ASSOCIATED_WITH_ENTITY,canon_Material_00046,2024
canon_Material_00022,ENTITY_ASSOCIATED_WITH_ENTITY,canon_Material_00888,2024
canon_Material_00888,ENTITY_ASSOCIATED_WITH_ENTITY,canon_Material_00022,2024
canon_Other_00120,USED_FOR,canon_Task_00028,2024
canon_Material_00001,ENTITY_ASSOCIATED_WITH_ENTITY,canon_Task_00028,2024
canon_Method_01944,METHOD_APPLIED_TO,canon_Material_00102,2024
canon_Other_00008,USED_FOR,canon_Material_00102,2024
canon_Other_01820,ENTITY_ASSOCIATED_WITH_ENTITY,canon_Other_00185,2024
canon_Other_01820,ENTITY_ASSOCIATED_WITH_ENTITY,canon_Other_01821,2024
canon_Other_01820,ENTITY_ASSOCIATED_WITH_ENTITY,canon_Other_00120,2024
canon_Other_01821,ENTITY_ASSOCIATED_WITH_ENTITY,canon_Other_00185,2024
canon_Other_01821,ENTITY_ASSOCIATED_WITH_ENTITY,canon_Other_01820,2024
canon_Other_01821,ENTITY_ASSOCIATED_WITH_ENTITY,canon_Other_00120,2024
canon_Other_00120,ENTITY_ASSOCIATED_WITH_ENTITY,canon_Other_00185,2024
canon_Other_00120,ENTITY_ASSOCIATED_WITH_ENTITY,canon_Other_01821,2024
canon_Material_00300,ENTITY_ASSOCIATED_WITH_ENTITY,canon_Other_00185,2024
canon_Other_00120,USED_FOR,canon_Task_00164,2024
canon_Material_00300,USED_FOR,canon_Task_00028,2024
canon_Other_00185,USED_FOR,canon_Material_00300,2024
canon_Material_00018,ENTITY_ASSOCIATED_WITH_ENTITY,canon_Task_00341,2024
canon_Material_00016,USED_FOR,canon_Task_00005,2024
canon_Material_00016,ENTITY_ASSOCIATED_WITH_ENTITY,canon_Material_00020,2024
canon_Material_00020,USED_FOR,canon_Task_00005,2024
canon_Material_00020,ENTITY_ASSOCIATED_WITH_ENTITY,canon_Material_00016,2024
canon_Task_00005,ENTITY_ASSOCIATED_WITH_ENTITY,canon_Material_00014,2024
canon_Material_00048,USED_FOR,canon_Material_00061,2024
canon_Other_00186,ENTITY_ASSOCIATED_WITH_ENTITY,canon_Method_01947,2024
canon_Other_00186,ENTITY_ASSOCIATED_WITH_ENTITY,canon_Method_01947,2024
canon_Other_00186,ENTITY_ASSOCIATED_WITH_ENTITY,canon_Method_01948,2024
canon_Material_00001,USED_FOR,canon_Other_00186,2024
canon_Material_00001,USED_FOR,canon_Method_01948,2024
canon_Other_01825,ENTITY_ASSOCIATED_WITH_ENTITY,canon_Other_01814,2024
canon_Other_01814,ENTITY_ASSOCIATED_WITH_ENTITY,canon_Other_01825,2024
canon_Material_00005,USED_FOR,canon_Material_00002,2024
canon_Material_00008,ENTITY_ASSOCIATED_WITH_ENTITY,canon_Material_00005,2024
canon_Material_00022,ENTITY_ASSOCIATED_WITH_ENTITY,canon_Material_00005,2024
canon_Material_00003,ENTITY_ASSOCIATED_WITH_ENTITY,canon_Material_00005,2024
canon_Material_00018,ENTITY_ASSOCIATED_WITH_ENTITY,canon_Task_00808,2024
canon_Material_00077,ENTITY_ASSOCIATED_WITH_ENTITY,canon_Material_00018,2024
canon_Material_00077,ENTITY_ASSOCIATED_WITH_ENTITY,canon_Task_00808,2024
canon_Method_01949,ENTITY_ASSOCIATED_WITH_ENTITY,canon_Material_00018,2024
canon_Method_01949,ENTITY_ASSOCIATED_WITH_ENTITY,canon_Task_00808,2024
canon_Method_01949,ENTITY_ASSOCIATED_WITH_ENTITY,canon_Task_00808,2024
canon_Task_00808,USED_FOR,canon_Material_00018,2024
canon_Task_00808,USED_FOR,canon_Task_00808,2024
canon_Method_00049,USED_FOR,canon_Material_00014,2024
canon_Method_00049,METHOD_APPLIED_TO,canon_Task_00073,2024
canon_Method_00001,USED_FOR,canon_Material_00014,2024
canon_Method_00001,ENTITY_ASSOCIATED_WITH_ENTITY,canon_Method_01616,2024
canon_Method_01616,USED_FOR,canon_Material_00014,2024
canon_Method_01950,METHOD_APPLIED_TO,canon_Material_00755,2024
canon_Method_01951,ENTITY_ASSOCIATED_WITH_ENTITY,canon_Method_01950,2024
canon_Method_01951,ENTITY_ASSOCIATED_WITH_ENTITY,canon_Method_00049,2024
canon_Method_01951,ENTITY_ASSOCIATED_WITH_ENTITY,canon_Material_00755,2024
canon_Method_01951,ENTITY_ASSOCIATED_WITH_ENTITY,canon_Method_00008,2024
canon_Method_01951,ENTITY_ASSOCIATED_WITH_ENTITY,canon_Task_00811,2024
canon_Method_00049,ENTITY_ASSOCIATED_WITH_ENTITY,canon_Method_01950,2024
canon_Method_00049,ENTITY_ASSOCIATED_WITH_ENTITY,canon_Material_00755,2024
canon_Method_00049,ENTITY_ASSOCIATED_WITH_ENTITY,canon_Method_00008,2024
canon_Method_00049,ENTITY_ASSOCIATED_WITH_ENTITY,canon_Task_00811,2024
canon_Material_00755,ENTITY_ASSOCIATED_WITH_ENTITY,canon_Task_00811,2024
canon_Method_00001,ENTITY_ASSOCIATED_WITH_ENTITY,canon_Method_01950,2024
canon_Method_00001,ENTITY_ASSOCIATED_WITH_ENTITY,canon_Method_01951,2024
canon_Method_00001,ENTITY_ASSOCIATED_WITH_ENTITY,canon_Method_00049,2024
canon_Method_00001,ENTITY_ASSOCIATED_WITH_ENTITY,canon_Material_00755,2024
canon_Method_00001,ENTITY_ASSOCIATED_WITH_ENTITY,canon_Method_00008,2024
canon_Method_00001,ENTITY_ASSOCIATED_WITH_ENTITY,canon_Task_00811,2024
canon_Method_00008,ENTITY_ASSOCIATED_WITH_ENTITY,canon_Method_01950,2024
canon_Method_00008,ENTITY_ASSOCIATED_WITH_ENTITY,canon_Method_00049,2024
canon_Method_00008,ENTITY_ASSOCIATED_WITH_ENTITY,canon_Material_00755,2024
canon_Method_00008,ENTITY_ASSOCIATED_WITH_ENTITY,canon_Task_00811,2024
canon_Task_00073,ENTITY_ASSOCIATED_WITH_ENTITY,canon_Method_01950,2024
canon_Task_00073,ENTITY_ASSOCIATED_WITH_ENTITY,canon_Material_00755,2024
canon_Task_00073,ENTITY_ASSOCIATED_WITH_ENTITY,canon_Task_00811,2024
canon_Task_00811,ENTITY_ASSOCIATED_WITH_ENTITY,canon_Material_00755,2024
canon_Material_00889,USED_FOR,canon_Method_00326,2024
canon_Other_01827,USED_FOR,canon_Method_01952,2024
canon_Method_01954,METHOD_APPLIED_TO,canon_Method_00001,2024
canon_Method_01954,ENTITY_ASSOCIATED_WITH_ENTITY,canon_Method_01955,2024
canon_Method_01955,METHOD_APPLIED_TO,canon_Method_00001,2024
canon_Method_00223,USED_FOR,canon_Method_00008,2024
canon_Method_00354,USED_FOR,canon_Method_00008,2024
canon_Method_00354,USED_FOR,canon_Method_00008,2024
canon_Method_01956,METHOD_APPLIED_TO,canon_Task_00173,2024
canon_Other_00011,USED_FOR,canon_Task_00001,2024
canon_Material_00921,USED_FOR,canon_Other_00011,2024
canon_Material_00890,ENTITY_ASSOCIATED_WITH_ENTITY,canon_Material_00071,2024
canon_Material_00890,ENTITY_ASSOCIATED_WITH_ENTITY,canon_Material_00891,2024
canon_Material_00891,ENTITY_ASSOCIATED_WITH_ENTITY,canon_Material_00071,2024
canon_Material_00044,ENTITY_ASSOCIATED_WITH_ENTITY,canon_Material_00891,2024
canon_Material_00044,ENTITY_ASSOCIATED_WITH_ENTITY,canon_Material_00892,2024
canon_Material_00044,USED_FOR,canon_Task_00001,2024
canon_Material_00892,ENTITY_ASSOCIATED_WITH_ENTITY,canon_Material_00891,2024
canon_Material_00892,USED_FOR,canon_Task_00001,2024
canon_Material_00893,USED_FOR,canon_Material_00891,2024
canon_Material_00893,USED_FOR,canon_Task_00001,2024
canon_Method_01956,METHOD_APPLIED_TO,canon_Task_00173,2024
canon_Method_01957,METHOD_APPLIED_TO,canon_Task_00173,2024
canon_Method_01958,USED_FOR,canon_Method_01956,2024
canon_Method_01958,USED_FOR,canon_Method_01957,2024
canon_Method_01959,USED_FOR,canon_Method_01960,2024
canon_Method_01960,USED_FOR,canon_Other_01829,2024
canon_Method_00355,METHOD_APPLIED_TO,canon_Task_00812,2024
canon_Task_00812,METHOD_EVALUATED_BY,canon_Method_00355,2024
canon_Other_00079,ENTITY_ASSOCIATED_WITH_ENTITY,canon_Material_00023,2024
canon_Other_00079,ENTITY_ASSOCIATED_WITH_ENTITY,canon_Material_00023,2024
canon_Other_01830,ENTITY_ASSOCIATED_WITH_ENTITY,canon_Material_00023,2024
canon_Method_00356,ENTITY_ASSOCIATED_WITH_ENTITY,canon_Method_01961,2024
canon_Metric_00146,METHOD_EVALUATED_BY,canon_Method_01961,2024
canon_Method_00169,USED_FOR,canon_Other_01831,2024
canon_Material_00002,ENTITY_ASSOCIATED_WITH_ENTITY,canon_Material_00896,2024
canon_Method_00052,METHOD_APPLIED_TO,canon_Material_00898,2024
canon_Material_00004,ENTITY_ASSOCIATED_WITH_ENTITY,canon_Material_00899,2024
canon_Method_01963,METHOD_APPLIED_TO,canon_Material_00202,2024
canon_Material_00018,ENTITY_ASSOCIATED_WITH_ENTITY,canon_Task_00341,2024
canon_Other_01832,USED_FOR,canon_Task_00578,2024
canon_Other_01832,USED_FOR,canon_Task_00005,2024
canon_Other_00013,USED_FOR,canon_Task_00005,2024
canon_Other_01833,ENTITY_ASSOCIATED_WITH_ENTITY,canon_Material_00755,2024
canon_Material_00018,ENTITY_ASSOCIATED_WITH_ENTITY,canon_Task_00341,2024
canon_Task_00341,ENTITY_ASSOCIATED_WITH_ENTITY,canon_Material_00018,2024
canon_Method_01964,METHOD_APPLIED_TO,canon_Task_00813,2024
canon_Other_00174,USED_FOR,canon_Other_01835,2024
canon_Method_00146,USED_FOR,canon_Other_00174,2024
canon_Method_00146,USED_FOR,canon_Other_01835,2024
canon_Method_00146,USED_FOR,canon_Other_01287,2024
canon_Method_00146,ENTITY_ASSOCIATED_WITH_ENTITY,canon_Method_00514,2024
canon_Method_00146,USED_FOR,canon_Method_01965,2024
canon_Method_00514,USED_FOR,canon_Other_01287,2024
canon_Method_00514,USED_FOR,canon_Method_00146,2024
canon_Method_00514,USED_FOR,canon_Method_01965,2024
canon_Method_01965,USED_FOR,canon_Other_01287,2024
canon_Method_01965,USED_FOR,canon_Method_00146,2024
canon_Method_01965,USED_FOR,canon_Method_00514,2024
canon_Material_00571,METHOD_EVALUATED_BY,canon_Other_00008,2024
canon_Other_00003,ENTITY_ASSOCIATED_WITH_ENTITY,canon_Other_00011,2024
canon_Other_00003,ENTITY_ASSOCIATED_WITH_ENTITY,canon_Method_00490,2024
canon_Other_00011,ENTITY_ASSOCIATED_WITH_ENTITY,canon_Method_00490,2024
canon_Other_01837,USED_FOR,canon_Material_00002,2024
canon_Material_00002,ENTITY_ASSOCIATED_WITH_ENTITY,canon_Other_01837,2024
canon_Method_01969,METHOD_APPLIED_TO,canon_Material_00002,2024
canon_Method_00358,USED_FOR,canon_Method_01969,2024
canon_Method_00358,METHOD_APPLIED_TO,canon_Material_00002,2024
canon_Task_00814,USED_FOR,canon_Other_00006,2024
canon_Material_00900,ENTITY_ASSOCIATED_WITH_ENTITY,canon_Material_00901,2024
canon_Material_00900,ENTITY_ASSOCIATED_WITH_ENTITY,canon_Task_00815,2024
canon_Material_00901,ENTITY_ASSOCIATED_WITH_ENTITY,canon_Material_00900,2024
canon_Material_00901,ENTITY_ASSOCIATED_WITH_ENTITY,canon_Task_00815,2024
canon_Task_00815,ENTITY_ASSOCIATED_WITH_ENTITY,canon_Material_00901,2024
canon_Material_00093,ENTITY_ASSOCIATED_WITH_ENTITY,canon_Material_00902,2024
canon_Method_01970,USED_FOR,canon_Method_00110,2024
canon_Method_00358,USED_FOR,canon_Method_00110,2024
canon_Metric_00001,METHOD_EVALUATED_BY,canon_Other_00009,2024
canon_Metric_00001,METHOD_EVALUATED_BY,canon_Other_00009,2024
canon_Metric_00001,METHOD_EVALUATED_BY,canon_Other_01838,2024
canon_Other_00013,ENTITY_ASSOCIATED_WITH_ENTITY,canon_Method_00359,2024
canon_Method_00003,USED_FOR,canon_Other_00013,2024
canon_Other_01839,USED_FOR,canon_Method_01971,2024
canon_Other_01840,ENTITY_ASSOCIATED_WITH_ENTITY,canon_Other_01841,2024
canon_Material_00001,USED_FOR,canon_Material_00804,2024
canon_Material_00001,USED_FOR,canon_Method_00031,2024
canon_Other_00062,ENTITY_ASSOCIATED_WITH_ENTITY,canon_Task_00817,2024
canon_Material_00016,METHOD_APPLIED_TO,canon_Task_00817,2024
canon_Other_00062,USED_FOR,canon_Other_01842,2024
canon_Other_01842,USED_FOR,canon_Other_00062,2024
canon_Method_01974,USED_FOR,canon_Method_00001,2024
canon_Other_01843,ENTITY_ASSOCIATED_WITH_ENTITY,canon_Other_01844,2024
canon_Other_01844,ENTITY_ASSOCIATED_WITH_ENTITY,canon_Other_01845,2024
canon_Other_01844,ENTITY_ASSOCIATED_WITH_ENTITY,canon_Other_01846,2024
canon_Other_01845,ENTITY_ASSOCIATED_WITH_ENTITY,canon_Other_01844,2024
canon_Other_01845,ENTITY_ASSOCIATED_WITH_ENTITY,canon_Other_01846,2024
canon_Other_01846,ENTITY_ASSOCIATED_WITH_ENTITY,canon_Other_01845,2024
canon_Material_00002,USED_FOR,canon_Task_00819,2024
canon_Method_01976,USED_FOR,canon_Material_00002,2024
canon_Method_01978,USED_FOR,canon_Method_01977,2024
canon_Method_01974,USED_FOR,canon_Method_01977,2024
canon_Method_01974,ENTITY_ASSOCIATED_WITH_ENTITY,canon_Other_00023,2024
canon_Metric_00001,ENTITY_ASSOCIATED_WITH_ENTITY,canon_Metric_00005,2024
canon_Metric_00001,ENTITY_ASSOCIATED_WITH_ENTITY,canon_Metric_00002,2024
canon_Metric_00005,ENTITY_ASSOCIATED_WITH_ENTITY,canon_Metric_00002,2024
canon_Metric_00005,ENTITY_ASSOCIATED_WITH_ENTITY,canon_Metric_00008,2024
canon_Metric_00005,METHOD_EVALUATED_BY,canon_Other_00008,2024
canon_Metric_00002,METHOD_EVALUATED_BY,canon_Method_00287,2024
canon_Metric_00002,ENTITY_ASSOCIATED_WITH_ENTITY,canon_Metric_00008,2024
canon_Metric_00002,METHOD_EVALUATED_BY,canon_Other_00008,2024
canon_Metric_00008,METHOD_EVALUATED_BY,canon_Method_00287,2024
canon_Metric_00008,METHOD_EVALUATED_BY,canon_Other_00008,2024
canon_Material_00003,USED_FOR,canon_Material_00903,2024
canon_Other_01847,USED_FOR,canon_Method_01980,2024
canon_Material_00003,USED_FOR,canon_Other_01848,2024
canon_Material_00003,USED_FOR,canon_Method_00099,2024
canon_Material_00003,USED_FOR,canon_Method_00099,2024
canon_Method_01981,USED_FOR,canon_Other_00303,2024
canon_Method_01982,USED_FOR,canon_Other_00303,2024
canon_Material_00003,ENTITY_ASSOCIATED_WITH_ENTITY,canon_Material_00046,2024
canon_Material_00081,ENTITY_ASSOCIATED_WITH_ENTITY,canon_Material_00906,2024
canon_Material_00081,ENTITY_ASSOCIATED_WITH_ENTITY,canon_Material_00907,2024
canon_Material_00906,ENTITY_ASSOCIATED_WITH_ENTITY,canon_Material_00907,2024
canon_Material_00907,ENTITY_ASSOCIATED_WITH_ENTITY,canon_Material_00906,2024
canon_Method_01983,USED_FOR,canon_Method_00117,2024
canon_Method_01983,USED_FOR,canon_Other_01851,2024
canon_Method_01984,ENTITY_ASSOCIATED_WITH_ENTITY,canon_Method_01985,2024
canon_Method_01987,ENTITY_ASSOCIATED_WITH_ENTITY,canon_Method_01988,2024
canon_Method_00088,ENTITY_ASSOCIATED_WITH_ENTITY,canon_Material_00002,2024
canon_Material_00909,USED_FOR,canon_Material_00195,2024
canon_Material_00909,ENTITY_ASSOCIATED_WITH_ENTITY,canon_Material_00001,2024
canon_Material_00001,USED_FOR,canon_Material_00195,2024
canon_Other_01854,ENTITY_ASSOCIATED_WITH_ENTITY,canon_Method_00788,2024
canon_Method_00788,ENTITY_ASSOCIATED_WITH_ENTITY,canon_Other_00258,2024
canon_Other_00258,ENTITY_ASSOCIATED_WITH_ENTITY,canon_Method_00788,2024
canon_Material_00017,USED_FOR,canon_Other_01855,2024
canon_Other_00008,USED_FOR,canon_Material_00195,2024
canon_Material_00910,USED_FOR,canon_Other_00008,2024
canon_Method_00016,USED_FOR,canon_Method_01989,2024
canon_Method_01989,ENTITY_ASSOCIATED_WITH_ENTITY,canon_Other_00005,2024
canon_Other_00005,ENTITY_ASSOCIATED_WITH_ENTITY,canon_Method_01989,2024
canon_Material_00203,USED_FOR,canon_Method_01989,2024
canon_Material_00203,USED_FOR,canon_Other_00005,2024
canon_Material_00203,ENTITY_ASSOCIATED_WITH_ENTITY,canon_Material_00017,2024
canon_Material_00017,USED_FOR,canon_Method_01989,2024
canon_Material_00017,USED_FOR,canon_Other_00005,2024
canon_Material_00017,ENTITY_ASSOCIATED_WITH_ENTITY,canon_Material_00203,2024
canon_Method_00010,METHOD_APPLIED_TO,canon_Task_00821,2024
canon_Material_00881,ENTITY_ASSOCIATED_WITH_ENTITY,canon_Other_00330,2024
canon_Other_00330,ENTITY_ASSOCIATED_WITH_ENTITY,canon_Other_01856,2024
canon_Material_00018,ENTITY_ASSOCIATED_WITH_ENTITY,canon_Other_01857,2024
canon_Other_01857,ENTITY_ASSOCIATED_WITH_ENTITY,canon_Material_00028,2024
canon_Material_00599,ENTITY_ASSOCIATED_WITH_ENTITY,canon_Material_00028,2024
canon_Method_00049,ENTITY_ASSOCIATED_WITH_ENTITY,canon_Method_00047,2024
canon_Method_00049,ENTITY_ASSOCIATED_WITH_ENTITY,canon_Method_00013,2024
canon_Method_00049,USED_FOR,canon_Method_00259,2024
canon_Method_00047,ENTITY_ASSOCIATED_WITH_ENTITY,canon_Method_00013,2024
canon_Method_00047,USED_FOR,canon_Method_00259,2024
canon_Method_00013,ENTITY_ASSOCIATED_WITH_ENTITY,canon_Method_00047,2024
canon_Method_00013,USED_FOR,canon_Method_00259,2024
canon_Method_01990,ENTITY_ASSOCIATED_WITH_ENTITY,canon_Method_00131,2024
canon_Method_00013,USED_FOR,canon_Material_00018,2024
canon_Method_01991,USED_FOR,canon_Material_00599,2024
canon_Material_00881,ENTITY_ASSOCIATED_WITH_ENTITY,canon_Task_00130,2024
canon_Material_00018,ENTITY_ASSOCIATED_WITH_ENTITY,canon_Material_00002,2024
canon_Material_00001,USED_FOR,canon_Other_00188,2024
canon_Method_00008,ENTITY_ASSOCIATED_WITH_ENTITY,canon_Method_01993,2024
canon_Method_00008,METHOD_APPLIED_TO,canon_Material_00911,2024
canon_Method_01993,METHOD_APPLIED_TO,canon_Material_00911,2024
canon_Material_00003,USED_FOR,canon_Material_00911,2024
canon_Other_00003,USED_FOR,canon_Material_00204,2024
canon_Material_00065,USED_FOR,canon_Material_00912,2024
canon_Method_00223,ENTITY_ASSOCIATED_WITH_ENTITY,canon_Method_01025,2024
canon_Method_01994,ENTITY_ASSOCIATED_WITH_ENTITY,canon_Method_01025,2024
canon_Method_01994,ENTITY_ASSOCIATED_WITH_ENTITY,canon_Method_00170,2024
canon_Method_00170,ENTITY_ASSOCIATED_WITH_ENTITY,canon_Method_01025,2024
canon_Method_00170,ENTITY_ASSOCIATED_WITH_ENTITY,canon_Method_00360,2024
canon_Method_00360,ENTITY_ASSOCIATED_WITH_ENTITY,canon_Method_01025,2024
canon_Other_00003,ENTITY_ASSOCIATED_WITH_ENTITY,canon_Method_01025,2024
canon_Other_00003,ENTITY_ASSOCIATED_WITH_ENTITY,canon_Method_00360,2024
canon_Method_01995,ENTITY_ASSOCIATED_WITH_ENTITY,canon_Method_00327,2024
canon_Method_01995,ENTITY_ASSOCIATED_WITH_ENTITY,canon_Method_00170,2024
canon_Method_01995,ENTITY_ASSOCIATED_WITH_ENTITY,canon_Method_00360,2024
canon_Method_00170,ENTITY_ASSOCIATED_WITH_ENTITY,canon_Method_00327,2024
canon_Method_00170,ENTITY_ASSOCIATED_WITH_ENTITY,canon_Method_00360,2024
canon_Method_00360,ENTITY_ASSOCIATED_WITH_ENTITY,canon_Method_00327,2024
canon_Method_00296,USED_FOR,canon_Material_00913,2024
canon_Material_00196,USED_FOR,canon_Method_00296,2024
canon_Method_00361,METHOD_APPLIED_TO,canon_Method_00296,2024
canon_Method_00361,METHOD_APPLIED_TO,canon_Material_00196,2024
canon_Method_00096,METHOD_APPLIED_TO,canon_Method_00296,2024
canon_Method_00096,METHOD_APPLIED_TO,canon_Material_00196,2024
canon_Method_00146,USED_FOR,canon_Method_00148,2024
canon_Method_00148,USED_FOR,canon_Method_00146,2024
canon_Method_00768,USED_FOR,canon_Method_00148,2024
canon_Other_01862,ENTITY_ASSOCIATED_WITH_ENTITY,canon_Material_00914,2024
canon_Method_01999,USED_FOR,canon_Material_00002,2024
canon_Material_00003,ENTITY_ASSOCIATED_WITH_ENTITY,canon_Material_00005,2024
canon_Method_00049,ENTITY_ASSOCIATED_WITH_ENTITY,canon_Method_00057,2024
canon_Method_00049,ENTITY_ASSOCIATED_WITH_ENTITY,canon_Method_00003,2024
canon_Method_00049,ENTITY_ASSOCIATED_WITH_ENTITY,canon_Method_00118,2024
canon_Method_00057,ENTITY_ASSOCIATED_WITH_ENTITY,canon_Method_00049,2024
canon_Method_00057,ENTITY_ASSOCIATED_WITH_ENTITY,canon_Method_00003,2024
canon_Method_00057,ENTITY_ASSOCIATED_WITH_ENTITY,canon_Method_00118,2024
canon_Method_00003,ENTITY_ASSOCIATED_WITH_ENTITY,canon_Method_00118,2024
canon_Method_00118,ENTITY_ASSOCIATED_WITH_ENTITY,canon_Method_00003,2024
canon_Material_00038,USED_FOR,canon_Method_00003,2024
canon_Material_00038,USED_FOR,canon_Method_00118,2024
canon_Method_00030,METHOD_APPLIED_TO,canon_Task_00158,2024
canon_Material_00069,USED_FOR,canon_Task_00822,2024
canon_Material_00069,ENTITY_ASSOCIATED_WITH_ENTITY,canon_Method_00783,2024
canon_Material_00069,ENTITY_ASSOCIATED_WITH_ENTITY,canon_Method_02000,2024
canon_Material_00069,ENTITY_ASSOCIATED_WITH_ENTITY,canon_Method_00278,2024
canon_Method_00783,METHOD_APPLIED_TO,canon_Task_00822,2024
canon_Method_00783,ENTITY_ASSOCIATED_WITH_ENTITY,canon_Method_02000,2024
canon_Method_00783,METHOD_APPLIED_TO,canon_Method_00490,2024
canon_Method_00783,ENTITY_ASSOCIATED_WITH_ENTITY,canon_Method_00278,2024
canon_Method_02000,METHOD_APPLIED_TO,canon_Task_00822,2024
canon_Method_02000,ENTITY_ASSOCIATED_WITH_ENTITY,canon_Method_00783,2024
canon_Method_02000,METHOD_APPLIED_TO,canon_Method_00490,2024
canon_Method_02000,ENTITY_ASSOCIATED_WITH_ENTITY,canon_Method_00278,2024
canon_Method_00278,METHOD_APPLIED_TO,canon_Task_00822,2024
canon_Method_00278,METHOD_APPLIED_TO,canon_Method_00490,2024
canon_Method_00248,ENTITY_ASSOCIATED_WITH_ENTITY,canon_Method_00783,2024
canon_Method_00248,ENTITY_ASSOCIATED_WITH_ENTITY,canon_Method_02000,2024
canon_Method_00248,ENTITY_ASSOCIATED_WITH_ENTITY,canon_Method_00278,2024
canon_Method_00248,ENTITY_ASSOCIATED_WITH_ENTITY,canon_Method_01610,2024
canon_Method_00248,ENTITY_ASSOCIATED_WITH_ENTITY,canon_Method_02001,2024
canon_Method_01610,ENTITY_ASSOCIATED_WITH_ENTITY,canon_Method_00783,2024
canon_Method_01610,ENTITY_ASSOCIATED_WITH_ENTITY,canon_Method_02000,2024
canon_Method_01610,METHOD_APPLIED_TO,canon_Method_00490,2024
canon_Method_01610,ENTITY_ASSOCIATED_WITH_ENTITY,canon_Method_00278,2024
canon_Method_01610,ENTITY_ASSOCIATED_WITH_ENTITY,canon_Method_02001,2024
canon_Method_01610,ENTITY_ASSOCIATED_WITH_ENTITY,canon_Method_00268,2024
canon_Method_01610,ENTITY_ASSOCIATED_WITH_ENTITY,canon_Method_00284,2024
canon_Method_01610,ENTITY_ASSOCIATED_WITH_ENTITY,canon_Method_00082,2024
canon_Method_02001,ENTITY_ASSOCIATED_WITH_ENTITY,canon_Method_00783,2024
canon_Method_02001,ENTITY_ASSOCIATED_WITH_ENTITY,canon_Method_02000,2024
canon_Method_02001,METHOD_APPLIED_TO,canon_Method_00490,2024
canon_Method_02001,ENTITY_ASSOCIATED_WITH_ENTITY,canon_Method_00278,2024
canon_Method_02001,ENTITY_ASSOCIATED_WITH_ENTITY,canon_Method_01610,2024
canon_Method_02001,ENTITY_ASSOCIATED_WITH_ENTITY,canon_Method_00268,2024
canon_Method_02001,ENTITY_ASSOCIATED_WITH_ENTITY,canon_Method_00284,2024
canon_Method_02001,ENTITY_ASSOCIATED_WITH_ENTITY,canon_Method_00082,2024
canon_Method_00268,ENTITY_ASSOCIATED_WITH_ENTITY,canon_Method_00783,2024
canon_Method_00268,ENTITY_ASSOCIATED_WITH_ENTITY,canon_Method_02000,2024
canon_Method_00268,METHOD_APPLIED_TO,canon_Method_00490,2024
canon_Method_00268,ENTITY_ASSOCIATED_WITH_ENTITY,canon_Method_00278,2024
canon_Method_00268,ENTITY_ASSOCIATED_WITH_ENTITY,canon_Method_01610,2024
canon_Method_00268,ENTITY_ASSOCIATED_WITH_ENTITY,canon_Method_02001,2024
canon_Method_00268,ENTITY_ASSOCIATED_WITH_ENTITY,canon_Method_00284,2024
canon_Method_00268,ENTITY_ASSOCIATED_WITH_ENTITY,canon_Method_00082,2024
canon_Method_00284,ENTITY_ASSOCIATED_WITH_ENTITY,canon_Method_00783,2024
canon_Method_00284,ENTITY_ASSOCIATED_WITH_ENTITY,canon_Method_02000,2024
canon_Method_00284,METHOD_APPLIED_TO,canon_Method_00490,2024
canon_Method_00284,ENTITY_ASSOCIATED_WITH_ENTITY,canon_Method_00278,2024
canon_Method_00284,ENTITY_ASSOCIATED_WITH_ENTITY,canon_Method_01610,2024
canon_Method_00284,ENTITY_ASSOCIATED_WITH_ENTITY,canon_Method_02001,2024
canon_Method_00284,ENTITY_ASSOCIATED_WITH_ENTITY,canon_Method_00268,2024
canon_Method_00284,ENTITY_ASSOCIATED_WITH_ENTITY,canon_Method_00082,2024
canon_Method_00082,METHOD_APPLIED_TO,canon_Method_00490,2024
canon_Method_00082,ENTITY_ASSOCIATED_WITH_ENTITY,canon_Method_00278,2024
canon_Method_00031,ENTITY_ASSOCIATED_WITH_ENTITY,canon_Other_01866,2024
canon_Method_00031,ENTITY_ASSOCIATED_WITH_ENTITY,canon_Other_01867,2024
canon_Other_01866,ENTITY_ASSOCIATED_WITH_ENTITY,canon_Other_01867,2024
canon_Other_01866,USED_FOR,canon_Material_00804,2024
canon_Other_01867,ENTITY_ASSOCIATED_WITH_ENTITY,canon_Other_01866,2024
canon_Other_01867,USED_FOR,canon_Material_00804,2024
canon_Method_00031,USED_FOR,canon_Material_00804,2024
canon_Method_00031,USED_FOR,canon_Other_01868,2024
canon_Material_00001,ENTITY_ASSOCIATED_WITH_ENTITY,canon_Material_00002,2024
canon_Material_00004,ENTITY_ASSOCIATED_WITH_ENTITY,canon_Material_00042,2024
canon_Material_00003,USED_FOR,canon_Other_01870,2024
canon_Method_00008,ENTITY_ASSOCIATED_WITH_ENTITY,canon_Method_02002,2024
canon_Method_00047,USED_FOR,canon_Material_00109,2024
canon_Method_02003,USED_FOR,canon_Material_00002,2024
canon_Method_00969,ENTITY_ASSOCIATED_WITH_ENTITY,canon_Method_02004,2024
canon_Method_02005,ENTITY_ASSOCIATED_WITH_ENTITY,canon_Method_02004,2024
canon_Method_02006,ENTITY_ASSOCIATED_WITH_ENTITY,canon_Method_00016,2024
canon_Method_02006,ENTITY_ASSOCIATED_WITH_ENTITY,canon_Method_00012,2024
canon_Method_00016,ENTITY_ASSOCIATED_WITH_ENTITY,canon_Method_00012,2024
canon_Material_00918,USED_FOR,canon_Other_01871,2024
canon_Material_00921,USED_FOR,canon_Material_00920,2024
canon_Method_00041,USED_FOR,canon_Material_00804,2024
canon_Material_00923,USED_FOR,canon_Material_00804,2024
canon_Material_00925,METHOD_EVALUATED_BY,canon_Method_02007,2024
canon_Material_00926,ENTITY_ASSOCIATED_WITH_ENTITY,canon_Material_00925,2024
canon_Method_00336,USED_FOR,canon_Method_00296,2024
canon_Method_00336,METHOD_APPLIED_TO,canon_Material_00927,2024
canon_Method_00296,ENTITY_ASSOCIATED_WITH_ENTITY,canon_Material_00927,2024
canon_Method_02008,ENTITY_ASSOCIATED_WITH_ENTITY,canon_Other_00035,2024
canon_Method_00090,ENTITY_ASSOCIATED_WITH_ENTITY,canon_Other_00035,2024
canon_Method_00090,ENTITY_ASSOCIATED_WITH_ENTITY,canon_Method_02008,2024
canon_Method_02009,ENTITY_ASSOCIATED_WITH_ENTITY,canon_Other_00035,2024
canon_Method_02009,ENTITY_ASSOCIATED_WITH_ENTITY,canon_Method_02008,2024
canon_Method_02009,ENTITY_ASSOCIATED_WITH_ENTITY,canon_Method_02010,2024
canon_Method_02010,ENTITY_ASSOCIATED_WITH_ENTITY,canon_Other_00035,2024
canon_Method_02010,ENTITY_ASSOCIATED_WITH_ENTITY,canon_Method_02008,2024
canon_Method_00009,ENTITY_ASSOCIATED_WITH_ENTITY,canon_Other_00035,2024
canon_Method_00009,ENTITY_ASSOCIATED_WITH_ENTITY,canon_Method_02008,2024
canon_Method_00009,ENTITY_ASSOCIATED_WITH_ENTITY,canon_Method_02010,2024
canon_Method_00009,ENTITY_ASSOCIATED_WITH_ENTITY,canon_Method_00148,2024
canon_Method_00148,ENTITY_ASSOCIATED_WITH_ENTITY,canon_Method_02010,2024
canon_Method_00148,ENTITY_ASSOCIATED_WITH_ENTITY,canon_Method_00009,2024
canon_Method_02012,ENTITY_ASSOCIATED_WITH_ENTITY,canon_Method_02011,2024
canon_Method_02013,ENTITY_ASSOCIATED_WITH_ENTITY,canon_Method_02011,2024
canon_Method_00021,ENTITY_ASSOCIATED_WITH_ENTITY,canon_Method_00150,2024
canon_Method_00061,ENTITY_ASSOCIATED_WITH_ENTITY,canon_Method_00150,2024
canon_Method_00061,ENTITY_ASSOCIATED_WITH_ENTITY,canon_Method_00284,2024
canon_Method_00284,ENTITY_ASSOCIATED_WITH_ENTITY,canon_Method_00150,2024
canon_Method_00284,ENTITY_ASSOCIATED_WITH_ENTITY,canon_Method_00102,2024
canon_Method_01731,ENTITY_ASSOCIATED_WITH_ENTITY,canon_Method_00150,2024
canon_Method_01731,ENTITY_ASSOCIATED_WITH_ENTITY,canon_Method_00284,2024
canon_Method_01731,ENTITY_ASSOCIATED_WITH_ENTITY,canon_Method_00102,2024
canon_Metric_00001,METHOD_EVALUATED_BY,canon_Method_00490,2024
canon_Metric_00001,METHOD_EVALUATED_BY,canon_Method_00381,2024
canon_Method_00336,USED_FOR,canon_Method_00296,2024
canon_Method_00041,USED_FOR,canon_Material_00002,2024
canon_Method_01385,USED_FOR,canon_Material_00002,2024
canon_Material_00881,ENTITY_ASSOCIATED_WITH_ENTITY,canon_Other_01872,2024
canon_Method_02015,METHOD_APPLIED_TO,canon_Material_00195,2024
canon_Method_02016,METHOD_APPLIED_TO,canon_Material_00195,2024
canon_Method_02016,ENTITY_ASSOCIATED_WITH_ENTITY,canon_Method_00170,2024
canon_Method_00170,METHOD_APPLIED_TO,canon_Material_00195,2024
canon_Other_00714,ENTITY_ASSOCIATED_WITH_ENTITY,canon_Material_00018,2024
canon_Other_01873,USED_FOR,canon_Material_00018,2024
canon_Other_01874,ENTITY_ASSOCIATED_WITH_ENTITY,canon_Material_00018,2024
canon_Task_00823,ENTITY_ASSOCIATED_WITH_ENTITY,canon_Method_00352,2024
canon_Method_00352,USED_FOR,canon_Task_00823,2024
canon_Method_02017,USED_FOR,canon_Material_00002,2024
canon_Material_00003,USED_FOR,canon_Method_00218,2024
canon_Material_00003,USED_FOR,canon_Material_00002,2024
canon_Material_00003,ENTITY_ASSOCIATED_WITH_ENTITY,canon_Material_00010,2024
canon_Material_00003,USED_FOR,canon_Material_00002,2024
canon_Material_00092,ENTITY_ASSOCIATED_WITH_ENTITY,canon_Material_00002,2024
canon_Material_00092,ENTITY_ASSOCIATED_WITH_ENTITY,canon_Material_00003,2024
canon_Material_00201,USED_FOR,canon_Material_00002,2024
canon_Material_00201,USED_FOR,canon_Material_00003,2024
canon_Method_00008,ENTITY_ASSOCIATED_WITH_ENTITY,canon_Method_00001,2024
canon_Method_00008,METHOD_APPLIED_TO,canon_Material_00004,2024
canon_Method_00001,METHOD_APPLIED_TO,canon_Material_00004,2024
canon_Material_00001,ENTITY_ASSOCIATED_WITH_ENTITY,canon_Material_00004,2024
canon_Other_00011,USED_FOR,canon_Other_01879,2024
canon_Other_01878,ENTITY_ASSOCIATED_WITH_ENTITY,canon_Other_01879,2024
canon_Method_00047,ENTITY_ASSOCIATED_WITH_ENTITY,canon_Method_00338,2024
canon_Method_00338,ENTITY_ASSOCIATED_WITH_ENTITY,canon_Method_00047,2024
canon_Method_02021,ENTITY_ASSOCIATED_WITH_ENTITY,canon_Method_02022,2024
canon_Method_02021,ENTITY_ASSOCIATED_WITH_ENTITY,canon_Method_00019,2024
canon_Method_02022,ENTITY_ASSOCIATED_WITH_ENTITY,canon_Method_00019,2024
canon_Method_02026,METHOD_APPLIED_TO,canon_Material_00075,2024
canon_Other_00336,ENTITY_ASSOCIATED_WITH_ENTITY,canon_Other_01887,2024
canon_Method_02028,METHOD_APPLIED_TO,canon_Material_00075,2024
canon_Material_00075,ENTITY_ASSOCIATED_WITH_ENTITY,canon_Method_02028,2024
canon_Other_01888,ENTITY_ASSOCIATED_WITH_ENTITY,canon_Other_01889,2024
canon_Other_01888,ENTITY_ASSOCIATED_WITH_ENTITY,canon_Task_00825,2024
canon_Other_01889,ENTITY_ASSOCIATED_WITH_ENTITY,canon_Other_01888,2024
canon_Other_01889,ENTITY_ASSOCIATED_WITH_ENTITY,canon_Task_00825,2024
canon_Task_00825,ENTITY_ASSOCIATED_WITH_ENTITY,canon_Other_01889,2024
canon_Method_02029,USED_FOR,canon_Other_00373,2024
canon_Method_02029,ENTITY_ASSOCIATED_WITH_ENTITY,canon_Method_02030,2024
canon_Method_02030,USED_FOR,canon_Other_00373,2024
canon_Method_02030,USED_FOR,canon_Other_01891,2024
canon_Method_02030,USED_FOR,canon_Metric_00066,2024
canon_Other_01891,USED_FOR,canon_Metric_00066,2024
canon_Metric_00066,USED_FOR,canon_Other_01891,2024
canon_Material_00152,USED_FOR,canon_Material_00006,2024
canon_Material_00152,USED_FOR,canon_Method_00021,2024
canon_Material_00006,ENTITY_ASSOCIATED_WITH_ENTITY,canon_Method_00021,2024
canon_Method_01417,METHOD_APPLIED_TO,canon_Material_00929,2024
