entity_id,label,type,first_year
canon_Material_00001,English,Material,2018
canon_Material_00002,low,Material,2018
canon_Material_00003,large,Material,2018
canon_Material_00004,social media,Material,2018
canon_Material_00005,Wikipedia,Material,2018
canon_Material_00006,natural language,Material,2018
canon_Material_00007,text,Material,2019
canon_Material_00008,Chinese,Material,2018
canon_Material_00009,open,Material,2019
canon_Material_00010,news articles,Material,2018
canon_Material_00011,real-world datasets,Material,2018
canon_Material_00012,labeled data,Material,2018
canon_Material_00013,synthetic data,Material,2020
canon_Material_00014,images,Material,2020
canon_Material_00015,Twitter,Material,2018
canon_Material_00016,code,Material,2018
canon_Material_00018,pre,Method,2018
canon_Material_00019,Japanese,Material,2018
canon_Material_00020,German,Material,2018
canon_Material_00022,high,Other,2018
canon_Material_00023,natural,Material,2019
canon_Material_00024,speech,Material,2018
canon_Material_00025,annotated data,Material,2018
canon_Material_00026,parallel data,Material,2018
canon_Material_00027,Reddit,Material,2018
canon_Material_00028,Spanish,Material,2019
canon_Material_00029,textual data,Material,2019
canon_Material_00030,real,Material,2020
canon_Material_00031,text corpora,Material,2018
canon_Material_00032,structured data,Material,2018
canon_Material_00033,WMT,Material,2018
canon_Material_00035,knowledge bases,Material,2018
canon_Material_00036,clinical notes,Material,2019
canon_Material_00038,video,Material,2020
canon_Material_00039,Indic languages,Material,2022
canon_Material_00040,MC,Material,2018
canon_Material_00041,medical texts,Material,2018
canon_Material_00042,slang,Material,2018
canon_Material_00043,unstructured text,Material,2018
canon_Material_00044,Wikipedia articles,Material,2018
canon_Material_00045,parallel corpora,Material,2018
canon_Material_00046,U,Material,2018
canon_Material_00047,Hindi,Material,2018
canon_Material_00048,biomedical domain,Material,2019
canon_Material_00049,SQu,Material,2018
canon_Material_00050,raw text,Material,2019
canon_Material_00051,low resource languages,Material,2019
canon_Material_00052,monolingual,Material,2019
canon_Material_00053,single,Material,2019
canon_Material_00054,English data,Material,2021
canon_Material_00055,natural language sentences,Material,2018
canon_Material_00056,annotated corpora,Material,2018
canon_Material_00058,social media platforms,Material,2018
canon_Material_00059,monolingual data,Material,2018
canon_Material_00060,WM,Material,2018
canon_Material_00061,CNN/Daily Mail dataset,Material,2018
canon_Material_00062,text classification datasets,Material,2018
canon_Material_00064,SWAG,Material,2019
canon_Material_00065,scientific papers,Material,2019
canon_Material_00066,arXiv,Material,2019
canon_Material_00067,HotpotQA,Material,2019
canon_Material_00068,large-scale datasets,Material,2019
canon_Material_00069,multilingual,Material,2019
canon_Material_00071,full,Material,2019
canon_Material_00072,open-domain dialogue,Material,2019
canon_Material_00073,summarization datasets,Material,2020
canon_Material_00074,French,Material,2020
canon_Material_00075,radiology,Material,2020
canon_Material_00076,medical dialogues,Material,2020
canon_Material_00077,image,Material,2020
canon_Material_00078,scientific texts,Material,2018
canon_Material_00079,Natural Questions,Material,2021
canon_Material_00080,biomedical,Material,2021
canon_Material_00081,label,Material,2022
canon_Material_00082,e,Material,2018
canon_Material_00083,PDF documents,Material,2024
canon_Material_00084,WordNet,Material,2018
canon_Material_00085,MultiWOZ,Material,2018
canon_Material_00086,multiparty dialog,Material,2018
canon_Material_00087,dial,Material,2018
canon_Material_00088,document collections,Material,2018
canon_Material_00089,English text,Material,2018
canon_Material_00090,WikiHop,Material,2018
canon_Material_00091,treebank,Material,2018
canon_Material_00093,yghur,Material,2018
canon_Material_00094,Bengali,Material,2018
canon_Material_00095,labeled training data,Material,2018
canon_Material_00096,weakly,Material,2018
canon_Material_00097,SNLI,Material,2018
canon_Material_00098,tweets,Material,2018
canon_Material_00099,news,Material,2018
canon_Material_00100,knowledge graphs,Other,2018
canon_Material_00102,crowd,Material,2018
canon_Material_00103,knowledge,Other,2018
canon_Material_00104,Winograd Schema Challenge,Material,2019
canon_Material_00105,common,Material,2019
canon_Material_00106,Italian,Material,2019
canon_Material_00107,Long Documents,Material,2019
canon_Material_00108,PubMed,Material,2019
canon_Material_00109,reading comprehension datasets,Material,2019
canon_Material_00110,text corpus,Material,2019
canon_Material_00111,social,Material,2019
canon_Material_00112,Czech,Material,2019
canon_Material_00113,Russian,Material,2019
canon_Material_00114,QA datasets,Material,2019
canon_Material_00115,real data,Material,2019
canon_Material_00116,human-written text,Material,2019
canon_Material_00117,multimodal data,Material,2019
canon_Material_00118,News Media,Material,2019
canon_Material_00119,multilingual corpus,Material,2019
canon_Material_00120,Portuguese,Material,2019
canon_Material_00121,scientific articles,Material,2019
canon_Material_00123,benchmark,Other,2018
canon_Material_00124,e-commerce domain,Material,2020
canon_Material_00125,audio,Material,2020
canon_Material_00126,multilingual dataset,Material,2020
canon_Material_00127,medical,Material,2020
canon_Material_00128,iSa,Material,2020
canon_Material_00129,StackOverflow,Material,2020
canon_Material_00130,instructional videos,Material,2021
canon_Material_00131,TriviaQA,Material,2021
canon_Material_00132,NER benchmarks,Material,2021
canon_Material_00133,labeled,Material,2020
canon_Material_00134,Indonesian,Material,2021
canon_Material_00135,expert-annotated data,Material,2021
canon_Material_00136,SN,Material,2018
canon_Material_00137,WMT’,Material,2021
canon_Material_00138,OOD data,Material,2021
canon_Material_00140,natural language annotations,Material,2022
canon_Material_00141,social media posts,Material,2022
canon_Material_00142,human-annotated datasets,Material,2021
canon_Material_00143,biographies,Material,2022
canon_Material_00144,contextualized corpus,Material,2022
canon_Material_00145,COVID,Material,2022
canon_Material_00146,off,Material,2021
canon_Material_00147,speech signals,Material,2022
canon_Material_00149,MeetingBank,Material,2023
canon_Material_00150,literary novels,Material,2023
canon_Material_00151,tabular data,Material,2023
canon_Material_00152,African languages,Material,2024
canon_Material_00153,VLFeedback,Material,2024
canon_Material_00154,lexical resources,Other,2018
canon_Material_00155,dialog,Material,2018
canon_Material_00156,AirDialogue,Material,2018
canon_Material_00157,social media datasets,Material,2018
canon_Material_00158,open-,Material,2018
canon_Material_00159,English-German and,Material,2018
canon_Material_00160,dataset,Other,2018
canon_Material_00161,crowdsourcing,Material,2018
canon_Material_00162,natural language descriptions,Material,2018
canon_Material_00163,out-of-domain data,Material,2018
canon_Material_00164,electronic medical records,Material,2018
canon_Material_00165,permuted-bAbI dialog tasks,Material,2018
canon_Material_00166,narrative texts,Material,2018
canon_Material_00167,Movie Remakes,Material,2018
canon_Material_00168,Hindi-English Code-Mixed Social Media Text,Material,2018
canon_Material_00169,TutorialBank,Material,2018
canon_Material_00170,adversarial examples,Other,2018
canon_Material_00171,scientific publications,Material,2018
canon_Material_00172,Ti,Material,2018
canon_Material_00173,monolingual setting,Material,2018
canon_Material_00175,deliberative discussions,Material,2018
canon_Material_00176,text classification benchmarks,Material,2018
canon_Material_00177,eye movement data,Material,2018
canon_Material_00178,trusted and,Material,2018
canon_Material_00179,corpora of,Material,2018
canon_Material_00180,IMDB,Material,2018
canon_Material_00181,Review Texts,Material,2019
canon_Material_00182,peer review texts,Material,2019
canon_Material_00183,peer reviews,Material,2019
canon_Material_00184,long,Other,2019
canon_Material_00185,WoZ 2,Material,2019
canon_Material_00186,CNN/,Material,2019
canon_Material_00187,machine-generated visual stories,Material,2019
canon_Material_00188,visual,Material,2019
canon_Material_00189,finance news,Material,2019
canon_Material_00190,Biomedical Text,Material,2019
canon_Material_00191,human translations,Material,2019
canon_Material_00192,Active Gene Annotation Corpus,Material,2019
canon_Material_00193,AGA,Material,2019
canon_Material_00194,BioNLP,Material,2019
canon_Material_00195,chatbot,Material,2019
canon_Material_00196,synthetic parallel corpus,Material,2019
canon_Material_00197,scientific literature,Material,2019
canon_Material_00198,languages,Material,2019
canon_Material_00199,linguistic,Other,2018
canon_Material_00200,online product reviews,Material,2019
canon_Material_00201,machine-generated text,Material,2019
canon_Material_00202,Hindi-English Code-Mixed Tweets,Material,2019
canon_Material_00203,fak,Material,2019
canon_Material_00204,dataset of,Material,2019
canon_Material_00205,Everyday Narrations,Material,2019
canon_Material_00206,online social media,Material,2019
canon_Material_00207,conversation,Material,2019
canon_Material_00208,Synthetic Code-Switched Text,Material,2019
canon_Material_00209,code-switched text,Material,2019
canon_Material_00210,medium,Material,2019
canon_Material_00211,hat,Other,2019
canon_Material_00212,NLSM datasets,Material,2018
canon_Material_00213,English documents,Material,2020
canon_Material_00214,plain text,Material,2020
canon_Material_00215,STS-B,Material,2020
canon_Material_00216,clinical domain,Material,2020
canon_Material_00217,Open-Domain Videos,Material,2020
canon_Material_00218,Social Media Text,Material,2020
canon_Material_00219,medical notes,Material,2020
canon_Material_00220,online debates,Material,2020
canon_Material_00221,Python,Material,2020
canon_Material_00222,Textual Entailment Data,Material,2020
canon_Material_00223,craw,Material,2020
canon_Material_00224,semantic parsing datasets,Material,2020
canon_Material_00225,large-scale parallel corpora,Material,2020
canon_Material_00226,bilingual and multilingual datasets,Material,2020
canon_Material_00227,BI,Material,2020
canon_Material_00228,Challenge Data,Material,2020
canon_Material_00229,NLP tasks,Task,2018
canon_Material_00230,seq2seq,Material,2020
canon_Material_00231,Dutch,Material,2020
canon_Material_00232,rcasm dataset,Material,2018
canon_Material_00233,Pun,Material,2020
canon_Material_00234,jabi,Material,2020
canon_Material_00235,programming,Material,2020
canon_Material_00236,benchmark datasets,Material,2020
canon_Material_00237,SE,Material,2020
canon_Material_00238,EMRs,Material,2020
canon_Material_00239,doctor-patient dialogues,Material,2020
canon_Material_00240,Win,Material,2020
canon_Material_00241,ograd Schema Challenge,Material,2020
canon_Material_00242,ACE2005,Material,2020
canon_Material_00243,scientific documents,Material,2020
canon_Material_00244,English wikipedia,Material,2020
canon_Material_00245,GeoQuery,Material,2021
canon_Material_00246,Spider,Material,2021
canon_Material_00247,unlabeled text,Material,2021
canon_Material_00248,social sciences,Material,2021
canon_Material_00249,closed,Material,2021
canon_Material_00250,VTT,Material,2021
canon_Material_00251,QA benchmarks,Material,2021
canon_Material_00252,SQuAD,Material,2018
canon_Material_00253,Synthetic Text,Material,2021
canon_Material_00254,biomed,Material,2021
canon_Material_00255,corpus of,Material,2021
canon_Material_00256,technical and lay summaries,Material,2021
canon_Material_00257,scene graph modification data sets,Material,2021
canon_Material_00258,parallel corpus,Material,2021
canon_Material_00259,textual,Material,2021
canon_Material_00261,Michif,Material,2021
canon_Material_00262,Ind,Material,2021
canon_Material_00263,CAD,Material,2021
canon_Material_00264,En,Material,2018
canon_Material_00265,fact,Other,2020
canon_Material_00266,general text,Material,2021
canon_Material_00267,image-text pairs,Material,2021
canon_Material_00268,Limited Text Corpora,Material,2021
canon_Material_00269,out-of-domain,Material,2021
canon_Material_00270,ACE,Material,2021
canon_Material_00271,SciERC,Material,2021
canon_Material_00272,chat and email messages,Material,2021
canon_Material_00273,Knowledge-Grounded Dialogue,Material,2021
canon_Material_00274,radiology reports,Material,2021
canon_Material_00275,in-domain data,Material,2021
canon_Material_00276,spoken,Material,2021
canon_Material_00277,GLUE,Material,2020
canon_Material_00278,GLUE benchmark,Material,2022
canon_Material_00279,Holocaust Survivor Testimonies,Material,2022
canon_Material_00280,golden corpus,Material,2022
canon_Material_00281,Under,Material,2022
canon_Material_00282,contracts,Other,2022
canon_Material_00283,human written news article,Material,2022
canon_Material_00284,augmented task-specific corpus,Material,2022
canon_Material_00285,political,Other,2021
canon_Material_00286,unlabeled corpora,Material,2022
canon_Material_00287,English-only,Material,2022
canon_Material_00288,IC,Method,2019
canon_Material_00289,Business Conversations,Material,2022
canon_Material_00290,Vietnam,Material,2022
canon_Material_00291,English language,Material,2020
canon_Material_00293,Social Dialogs,Material,2022
canon_Material_00294,large-scale unlabeled data,Material,2022
canon_Material_00295,mis,Other,2018
canon_Material_00296,pseudo-parallel data,Material,2023
canon_Material_00297,SAMSum,Material,2023
canon_Material_00298,minority,Material,2023
canon_Material_00299,Gron,Material,2023
canon_Material_00300,StoryWars,Material,2023
canon_Material_00301,Collaborative stories,Material,2023
canon_Material_00302,Unpaired Text,Material,2023
canon_Material_00303,MuST-C dataset,Material,2023
canon_Material_00304,XD,Material,2023
canon_Material_00305,ailyDialog,Material,2023
canon_Material_00306,Diagnostic Dataset,Material,2023
canon_Material_00307,ExplainMeetSum,Material,2023
canon_Material_00308,PiC,Material,2023
canon_Material_00309,"general,",Material,2023
canon_Material_00310,multilingual tasks,Material,2023
canon_Material_00311,NormBank,Material,2023
canon_Material_00312,long-form summaries,Material,2023
canon_Material_00313,Chinese Multi-Task Benchmark,Material,2023
canon_Material_00314,two,Method,2019
canon_Material_00315,multi-party dialogues,Material,2023
canon_Material_00316,Live Streaming,Material,2023
canon_Material_00317,Bul,Material,2023
canon_Material_00318,brain recordings,Material,2024
canon_Material_00319,Indonesian and,Material,2024
canon_Material_00320,ARIES,Material,2024
canon_Material_00321,Para,Material,2024
canon_Material_00322,Dolma,Material,2024
canon_Material_00323,Multi-dialect Arabic Datasets,Material,2024
canon_Material_00324,Parallel Images,Material,2024
canon_Material_00325,LEAF,Material,2024
canon_Material_00326,Sensor Data,Material,2024
canon_Material_00327,LeP,Material,2024
canon_Material_00328,M,Method,2021
canon_Material_00329,Kaz,Material,2024
canon_Material_00330,CSCD-NS,Material,2024
canon_Material_00331,multimodal,Material,2020
canon_Material_00332,Web Snippet and 20Newsgroups datasets,Material,2018
canon_Material_00333,Chinese microblogs,Material,2018
canon_Material_00334,English all-words WSD test datasets,Material,2018
canon_Material_00335,language resources,Material,2018
canon_Material_00336,Microblog Political Discourse,Material,2018
canon_Material_00337,political tweets,Material,2018
canon_Material_00338,corpora,Material,2018
canon_Material_00339,New York Times articles,Material,2018
canon_Material_00340,Amazon product reviews,Material,2018
canon_Material_00341,product images,Material,2018
canon_Material_00342,Reddit posts,Material,2018
canon_Material_00343,classification and question answering datasets,Material,2018
canon_Material_00344,paraphrase databases,Material,2018
canon_Material_00345,HowNet,Material,2018
canon_Material_00346,Chinese sememe knowledge base,Material,2018
canon_Material_00347,ACE-2005 dataset,Material,2018
canon_Material_00348,Babi dialog Task 6 and Frame,Material,2018
canon_Material_00349,contextual language model,Material,2018
canon_Material_00350,Switchboard and,Material,2018
canon_Material_00351,Penn Tree Bank,Material,2018
canon_Material_00352,question answering,Task,2018
canon_Material_00353,Trec QA,Material,2018
canon_Material_00354,text streams,Material,2018
canon_Material_00355,Chinese-English news streams,Material,2018
canon_Material_00356,coordinated text streams,Material,2018
canon_Material_00357,streaming data,Material,2018
canon_Material_00358,NarrativeQA,Material,2018
canon_Material_00359,external linguistic resources,Material,2018
canon_Material_00360,unlabeled corpus,Material,2018
canon_Material_00361,goal-oriented conversations,Material,2018
canon_Material_00362,news data,Material,2018
canon_Material_00363,Google Billion word corpus,Material,2018
canon_Material_00364,"CoNLL-2008, 2009 benchmarks",Material,2018
canon_Material_00365,Large-Scale Multi-Domain Wizard-of-Oz Dataset,Material,2018
canon_Material_00366,Multi-Domain Wizard-of-Oz dataset,Material,2018
canon_Material_00367,fully-labeled collection of,Material,2018
canon_Material_00368,human-human written conversations,Material,2018
canon_Material_00369,annotated task-oriented corpora,Material,2018
canon_Material_00370,observational data,Material,2018
canon_Material_00371,Scriptio Continua,Material,2018
canon_Material_00372,Jumandic-based corpora,Material,2018
canon_Material_00373,spoken responses,Material,2018
canon_Material_00374,supervised training corpora,Material,2018
canon_Material_00375,sequence labeling datasets,Material,2018
canon_Material_00376,English-French domain pairs,Material,2018
canon_Material_00377,temporal relation corpus,Material,2018
canon_Material_00378,WMT17 English-German task,Material,2018
canon_Material_00379,Google sentence compression dataset,Material,2018
canon_Material_00380,open-domain QA datasets,Material,2018
canon_Material_00381,Hum,Other,2018
canon_Material_00382,RCV1,Material,2018
canon_Material_00383,Ren-CECps,Material,2018
canon_Material_00384,social media language,Material,2018
canon_Material_00385,news corpora,Material,2018
canon_Material_00386,Natural Language Inference Data,Material,2018
canon_Material_00387,captions,Material,2018
canon_Material_00388,medical X-Rays,Material,2018
canon_Material_00389,CoNLL-2014 and JFLEG benchmarks,Material,2018
canon_Material_00390,human annotated gold standard datasets,Material,2018
canon_Material_00391,Daily Conversation,Material,2018
canon_Material_00392,TV show,Material,2018
canon_Material_00393,English OntoNotes benchmark,Material,2018
canon_Material_00394,person and,Material,2018
canon_Material_00395,fluent language,Material,2018
canon_Material_00396,spoken corpus,Material,2018
canon_Material_00397,MRC datasets,Material,2018
canon_Material_00398,Web texts,Material,2018
canon_Material_00399,FrameNet,Material,2018
canon_Material_00400,PropBank,Material,2018
canon_Material_00401,Winograd-schema style sentences,Material,2018
canon_Material_00402,real-world dialog datasets,Material,2018
canon_Material_00403,medical data,Material,2018
canon_Material_00404,LRLs,Material,2018
canon_Material_00405,Universal Dependencies Treebank,Material,2018
canon_Material_00406,Thai,Material,2018
canon_Material_00407,Burmes,Material,2018
canon_Material_00408,Kh,Material,2018
canon_Material_00409,newswire 20,Material,2018
canon_Material_00410,goal,Material,2018
canon_Material_00411,original-bAbI dialog tasks,Material,2018
canon_Material_00412,original,Material,2018
canon_Material_00413,path,Method,2018
canon_Material_00414,LAMBADA,Material,2018
canon_Material_00415,Identifying,Material,2018
canon_Material_00416,narrative stories,Material,2018
canon_Material_00417,IP,Material,2018
canon_Material_00418,Cin,Material,2018
canon_Material_00419,plot summaries of,Material,2018
canon_Material_00420,monolingual and bilingual texts,Material,2018
canon_Material_00421,code-mixed social media text,Material,2018
canon_Material_00422,code-mixed content,Material,2018
canon_Material_00423,Hindi-English code-mixed corpus,Material,2018
canon_Material_00424,KBP 2016 and 2017 datasets,Material,2018
canon_Material_00425,Manually,Material,2018
canon_Material_00426,labeled sentences,Material,2018
canon_Material_00427,human language,Material,2018
canon_Material_00428,surprise,Material,2018
canon_Material_00429,Oromo,Material,2018
canon_Material_00430,TAC-KBP ED,Material,2018
canon_Material_00431,web scale knowledge base population benchmark,Material,2018
canon_Material_00432,Paragraph-level Question-Answer Pairs,Material,2018
canon_Material_00433,tweet treebank,Material,2018
canon_Material_00434,Twe,Material,2018
canon_Material_00435,German↔English and Chinese→English translation tasks,Material,2018
canon_Material_00436,dict,Material,2018
canon_Material_00437,clinical reports,Material,2018
canon_Material_00438,competitive,Method,2018
canon_Material_00439,SQuAD dataset,Material,2018
canon_Material_00440,large-scale translation tasks,Material,2018
canon_Material_00441,"WMT14 English-German,",Material,2018
canon_Material_00442,WMT17,Material,2018
canon_Material_00443,English-Chinese,Material,2018
canon_Material_00444,WMT17 Chinese-English translation tasks,Material,2018
canon_Material_00445,web portal,Material,2018
canon_Material_00446,idebate.org,Material,2018
canon_Material_00447,Hyperpartisan,Material,2018
canon_Material_00448,fake news,Material,2018
canon_Material_00449,political publishers,Material,2018
canon_Material_00450,hyperpartisan news,Material,2018
canon_Material_00451,left,Material,2018
canon_Material_00452,CL,Method,2018
canon_Material_00453,Wikitext-103 benchmark corpora,Material,2018
canon_Material_00454,Inflected Lexicons,Material,2018
canon_Material_00455,MVET,Material,2018
canon_Material_00456,multiview —,Material,2018
canon_Material_00457,multilingual — entity typing dataset,Material,2018
canon_Material_00458,bilingual dictionaries,Material,2018
canon_Material_00459,Turkish,Material,2018
canon_Material_00460,Math23K,Material,2018
canon_Material_00461,LAMBADA dataset,Material,2018
canon_Material_00462,named entity portion of the,Material,2018
canon_Material_00463,CBT dataset,Material,2018
canon_Material_00464,CLEVR,Material,2018
canon_Material_00465,NLVR,Material,2018
canon_Material_00466,synthetic and natural languages,Material,2018
canon_Material_00467,single-document summarization data,Material,2018
canon_Material_00468,multiple,Other,2018
canon_Material_00469,CoNLL-2005,Material,2018
canon_Material_00470,short texts,Material,2018
canon_Material_00471,WikilinksNED test set,Material,2018
canon_Material_00472,Knowledge-Guided Examples,Material,2018
canon_Material_00473,entailment datasets,Material,2018
canon_Material_00474,SciTail,Material,2018
canon_Material_00475,CNN/DailyMail and DUC2002 datasets,Material,2018
canon_Material_00476,public Twitter datasets,Material,2018
canon_Material_00477,dele,Material,2018
canon_Material_00478,WebNLG corpus,Material,2018
canon_Material_00479,news publishers,Material,2018
canon_Material_00480,Wikipedia talk pages,Material,2018
canon_Material_00481,World Atlas of Language Structure,Material,2018
canon_Material_00482,Norwegian Bokmål,Material,2018
canon_Material_00483,Danish,Material,2018
canon_Material_00484,Stanford NLI dataset,Material,2018
canon_Material_00485,NIST Chinese-to-English and the,Material,2018
canon_Material_00486,WMT English-to-German tasks,Material,2018
canon_Material_00487,question,Task,2018
canon_Material_00488,public benchmark dataset,Material,2018
canon_Material_00489,FakeNewsChallenge,Material,2018
canon_Material_00490,word similarity datasets,Material,2018
canon_Material_00491,Wordsim-353 and,Material,2018
canon_Material_00492,RG-65 datasets,Material,2018
canon_Material_00493,20,Material,2018
canon_Material_00494,Newsgroups (,Material,2018
canon_Material_00495,News20) &,Material,2018
canon_Material_00496,DBPedia datasets,Material,2018
canon_Material_00497,Stanford Natural Language Inference (SNLI) dataset,Material,2018
canon_Material_00498,eyetracking data,Material,2018
canon_Material_00499,Chinese–English news translation task,Material,2018
canon_Material_00500,text-to-SQL dataset,Material,2018
canon_Material_00501,bAbI,Material,2018
canon_Material_00502,Who-,Material,2018
canon_Material_00503,bAbI tasks,Material,2018
canon_Material_00504,VQA dataset,Material,2018
canon_Material_00505,summarization benchmarks,Material,2018
canon_Material_00506,forums,Material,2018
canon_Material_00507,StackExchange data,Material,2018
canon_Material_00508,International Classification,Material,2018
canon_Material_00509,clinical datasets,Material,2018
canon_Material_00510,Deceptive and,Material,2018
canon_Material_00511,social news,Material,2018
canon_Material_00512,Twitter posts,Material,2018
canon_Material_00513,Reddit comments,Material,2018
canon_Material_00514,static multi-relational data,Material,2018
canon_Material_00515,static knowledge,Material,2018
canon_Material_00516,New York Times(,Material,2018
canon_Material_00517,NYT),Material,2018
canon_Material_00518,Freebase,Material,2018
canon_Material_00519,semantic relational data,Material,2018
canon_Material_00520,WikiSQL dataset,Material,2018
canon_Material_00521,Arabic language correction shared task dataset,Material,2018
canon_Material_00522,dialogue snippets,Material,2018
canon_Material_00523,short conversational text,Material,2018
canon_Material_00524,manually paraphrased datasets,Material,2018
canon_Material_00525,PAN Summary,Material,2018
canon_Material_00526,Gi,Material,2018
canon_Material_00527,FewRel,Material,2018
canon_Material_00528,Large-Scale Supervised Few-Shot Relation Classification Dataset,Material,2018
canon_Material_00529,Few-Shot Relation Classification Dataset,Material,2018
canon_Material_00530,AD dataset,Material,2018
canon_Material_00531,DementiaBank,Material,2018
canon_Material_00532,Yelp,Material,2018
canon_Material_00533,Yelp-EL,Material,2018
canon_Material_00534,Yelp reviews,Material,2018
canon_Material_00535,Noisy Data,Material,2018
canon_Material_00536,DBPedia facts,Material,2018
canon_Material_00537,Wikipedia abstracts,Material,2018
canon_Material_00538,competition datasets,Material,2019
canon_Material_00539,RumourEval and,Material,2019
canon_Material_00540,PHEME,Material,2019
canon_Material_00541,mental,Material,2019
canon_Material_00542,Image COCO,Material,2019
canon_Material_00543,FewRel dataset,Material,2019
canon_Material_00544,digital newspapers,Material,2019
canon_Material_00545,MultiNLI corpus,Material,2019
canon_Material_00546,NLI examples,Material,2019
canon_Material_00547,multi-domain dialog dataset,Material,2019
canon_Material_00548,Air Travel Information Service (ATIS) corpus,Material,2019
canon_Material_00549,ATIS domain,Material,2019
canon_Material_00550,ATIS corpus,Material,2019
canon_Material_00551,ATIS dialogue,Material,2019
canon_Material_00552,multi-domain task-oriented conversations,Material,2019
canon_Material_00553,review,Material,2019
canon_Material_00554,NAIST Simultaneous Translation Corpus,Material,2019
canon_Material_00555,noisy user utterances,Material,2019
canon_Material_00556,clean and noisy versions,Material,2019
canon_Material_00557,ATIS dataset,Material,2019
canon_Material_00558,common-sense benchmarks,Material,2019
canon_Material_00559,German-English dataset,Material,2019
canon_Material_00560,Twitter data,Material,2019
canon_Material_00561,gold standard English tweets,Material,2019
canon_Material_00562,relational data,Material,2019
canon_Material_00563,"sparse, crowdsourced annotation data",Material,2019
canon_Material_00564,machine translation datasets,Material,2019
canon_Material_00565,Chinese texts,Material,2019
canon_Material_00566,Chinese spell checking data,Material,2019
canon_Material_00568,XLNet,Method,2019
canon_Material_00569,full-wiki HotpotQA benchmark,Material,2019
canon_Material_00570,SEM’12 shared task corpus,Material,2019
canon_Material_00571,etymologically distant,Material,2019
canon_Material_00572,French-German and German-Czech tasks,Material,2019
canon_Material_00573,multi-turn dialog datasets,Material,2019
canon_Material_00574,AI2 Reasoning Challenge (,Material,2019
canon_Material_00575,ARC) dataset,Material,2019
canon_Material_00576,Multi-WoZ restaurant domain datasets,Material,2019
canon_Material_00577,un,Other,2018
canon_Material_00578,training corpora,Material,2019
canon_Material_00579,Penn Treebank,Material,2019
canon_Material_00580,WikiText-2,Material,2019
canon_Material_00581,Daily Mail,Material,2019
canon_Material_00582,CoNLL-2009 benchmark datasets,Material,2019
canon_Material_00583,large scale knowledge,Material,2019
canon_Material_00584,biomedical scientific literature,Material,2019
canon_Material_00585,journalistic texts,Material,2019
canon_Material_00586,New York Times corpus,Material,2019
canon_Material_00587,VIST-Edit,Material,2019
canon_Material_00588,Twitter conversations,Material,2019
canon_Material_00589,YAGO,Material,2019
canon_Material_00590,DBpedia,Material,2019
canon_Material_00591,real-world cross-lingual datasets,Material,2019
canon_Material_00592,Visual Dialog,Material,2019
canon_Material_00593,VisDial v1.0 dataset,Material,2019
canon_Material_00594,stock trade data,Material,2019
canon_Material_00595,TurkuNLP,Material,2019
canon_Material_00596,CRAFT Structural Annotation Task,Material,2019
canon_Material_00597,in-domain resources,Material,2019
canon_Material_00598,TED talks,Material,2019
canon_Material_00599,machine translated outputs,Material,2019
canon_Material_00600,medical documents,Material,2019
canon_Material_00601,BioNLP OST,Material,2019
canon_Material_00602,AGAC Track,Material,2019
canon_Material_00603,BioNLP Open Shared Tasks,Material,2019
canon_Material_00604,imbalanced data,Material,2019
canon_Material_00605,English Gigaword,Material,2019
canon_Material_00606,labeled English data,Material,2019
canon_Material_00607,Noisy Multilingual Low-Resource Setting,Material,2019
canon_Material_00608,multilingual digital helpdes,Material,2019
canon_Material_00609,text messaging,Material,2019
canon_Material_00610,anonymized dataset,Material,2019
canon_Material_00611,Sinh,Material,2019
canon_Material_00612,Kinya,Material,2019
canon_Material_00613,PharmaCoNE,Material,2019
canon_Material_00614,Spanish Clinical Cases,Material,2019
canon_Material_00615,Spanish Edition,Material,2019
canon_Material_00616,parallel,Material,2019
canon_Material_00617,reference texts,Material,2019
canon_Material_00618,Ye,Material,2019
canon_Material_00619,lpNLG,Material,2019
canon_Material_00620,Penn Treebank dataset,Material,2019
canon_Material_00621,WikiText-2 dataset,Material,2019
canon_Material_00622,Penn Treebank Character dataset,Material,2019
canon_Material_00623,IWSLT16,Material,2019
canon_Material_00624,WMT14 and,Material,2019
canon_Material_00625,WMT16 datasets,Material,2019
canon_Material_00626,IW,Material,2019
canon_Material_00627,dialog datasets,Material,2019
canon_Material_00628,adversarial SQuAD datasets,Material,2019
canon_Material_00629,adversarial entailment test set,Material,2019
canon_Material_00630,Personal,Material,2019
canon_Material_00631,Safecity,Material,2019
canon_Material_00632,Sexual,Other,2019
canon_Material_00633,linguistics,Material,2019
canon_Material_00634,SimpleQuestions dataset,Material,2019
canon_Material_00635,natural language datasets,Material,2019
canon_Material_00636,CNN/DM dataset,Material,2019
canon_Material_00637,polysynthetic language,Material,2019
canon_Material_00638,language understanding benchmarks,Material,2019
canon_Material_00639,data science corpus,Material,2019
canon_Material_00640,Bacteria Biotope,Material,2019
canon_Material_00641,BioNLP Open,Material,2019
canon_Material_00642,PubMed abstracts,Material,2019
canon_Material_00643,PDTB dataset,Material,2019
canon_Material_00644,BioDRB dataset,Material,2019
canon_Material_00645,FEVER 2,Material,2019
canon_Material_00646,out-of-domain test sets,Material,2019
canon_Material_00647,changing priors visual question answering dataset,Material,2019
canon_Material_00648,adversarial question answering test set,Material,2019
canon_Material_00649,low-resource domain-specific Community Question Answering forums,Material,2019
canon_Material_00650,CQADupStack corpus,Material,2019
canon_Material_00651,low-resource Stack Exchange forums,Material,2019
canon_Material_00652,multiple-choice datasets,Material,2019
canon_Material_00653,free-response datasets,Material,2019
canon_Material_00654,corpora of fonts,Material,2019
canon_Material_00655,Temporally Structured Data,Material,2019
canon_Material_00657,artificial data,Material,2019
canon_Material_00658,"Chinese-to-English, German-to-English, and Russian-to-English translation tasks",Material,2019
canon_Material_00659,Imperfect Time Series Data,Material,2019
canon_Material_00660,high-dimensional multimodal time series data,Material,2019
canon_Material_00661,multimodal language data,Material,2019
canon_Material_00662,multi-hop RC datasets,Material,2019
canon_Material_00663,evidence collections,Material,2019
canon_Material_00664,Holl-E dataset,Material,2019
canon_Material_00665,Holl-E dialog data set,Material,2019
canon_Material_00666,WNGT,Material,2019
canon_Material_00667,WMT data,Material,2019
canon_Material_00668,RotoWire data,Material,2019
canon_Material_00669,E2E NLG Challenge,Material,2019
canon_Material_00670,weather domain,Material,2019
canon_Material_00671,E2E dataset,Material,2019
canon_Material_00672,raw,Material,2019
canon_Material_00673,SRST,Material,2019
canon_Material_00674,reddit.com,Material,2019
canon_Material_00675,large scale corpora,Material,2019
canon_Material_00676,FEVER,Material,2019
canon_Material_00677,non-interactive reviews,Material,2019
canon_Material_00678,interactive QA style reviews,Material,2019
canon_Material_00679,annotated corpus,Material,2019
canon_Material_00680,text style transfer datasets,Material,2019
canon_Material_00681,translation corpora,Material,2019
canon_Material_00682,Swahili,Material,2019
canon_Material_00683,Tagalog,Material,2019
canon_Material_00684,"noisy, user generated code-mixed social media data",Material,2019
canon_Material_00685,Hindi-English code-mixed data,Material,2019
canon_Material_00686,bias,Material,2019
canon_Material_00687,propaganda,Other,2019
canon_Material_00688,news outlet,Material,2019
canon_Material_00689,center,Material,2019
canon_Material_00690,human-annotated and automatically,Material,2019
canon_Material_00691,electronic media,Material,2019
canon_Material_00692,foreign language repositories of text and audio,Material,2019
canon_Material_00693,speech transcription,Material,2019
canon_Material_00694,formal text,Material,2019
canon_Material_00695,news and,Material,2019
canon_Material_00696,journals,Material,2019
canon_Material_00697,informal dialogue,Material,2019
canon_Material_00698,dialogic turns,Material,2019
canon_Material_00699,open-domain discourse,Material,2019
canon_Material_00700,Rakuten product review and Yahoo movie review datasets,Material,2019
canon_Material_00701,procedural language,Material,2019
canon_Material_00702,procedural texts,Material,2019
canon_Material_00703,recipes,Material,2019
canon_Material_00704,CNN/Daily Mail and Debatepedia datasets,Material,2019
canon_Material_00705,MRC corpora,Material,2019
canon_Material_00706,Chinese <-> English,Material,2019
canon_Material_00707,statnlp,Material,2019
canon_Material_00708,domain-specific data,Material,2019
canon_Material_00709,Rotowire,Material,2019
canon_Material_00710,text database,Material,2019
canon_Material_00711,CoNLL-2009 languages,Material,2019
canon_Material_00712,addi,Material,2019
canon_Material_00713,MCScript,Material,2019
canon_Material_00714,ReCoRD and SQuAD1.1 benchmarks,Material,2019
canon_Material_00715,ReCoRD leaderboard,Material,2019
canon_Material_00716,SQuAD1,Material,2019
canon_Material_00717,movies,Material,2019
canon_Material_00718,screen,Material,2019
canon_Material_00719,screenplays,Material,2019
canon_Material_00720,plot synopses,Material,2019
canon_Material_00721,NLP4IF-,Material,2019
canon_Material_00722,RST parsing datasets,Material,2019
canon_Material_00723,English and,Material,2019
canon_Material_00724,e-commerce catalogs,Material,2019
canon_Material_00725,open data sources,Material,2019
canon_Material_00726,product data,Material,2019
canon_Material_00727,e-commerce website,Material,2019
canon_Material_00728,FEVER dataset,Material,2019
canon_Material_00729,User-generated textual data,Material,2019
canon_Material_00730,PERSuAsive oNline Discussions,Material,2019
canon_Material_00731,Argumentation,Other,2018
canon_Material_00732,monologues,Material,2019
canon_Material_00733,fine-grained data,Material,2019
canon_Material_00734,word-level annotated data,Material,2019
canon_Material_00735,token-level ground truth data,Material,2019
canon_Material_00736,NAIST Text Corpus,Material,2019
canon_Material_00737,Europarl corpus,Material,2019
canon_Material_00738,pairwise parallel corpora,Material,2019
canon_Material_00740,natively written language,Material,2019
canon_Material_00741,user-generated texts,Material,2019
canon_Material_00742,jokes and funny dialogues,Material,2019
canon_Material_00743,online resources,Material,2019
canon_Material_00744,humor-related corpus,Material,2019
canon_Material_00745,sentiment-labeled monolingual text,Material,2019
canon_Material_00746,Manually labeled code-switched text,Material,2019
canon_Material_00747,labeled monolingual text,Material,2019
canon_Material_00748,synthetic code-switched data,Material,2019
canon_Material_00749,WMT 2016-2017,Material,2019
canon_Material_00750,APE shared tasks,Material,2019
canon_Material_00751,CoQA dataset,Material,2019
canon_Material_00752,multi-turn question-,Material,2019
canon_Material_00753,religious texts,Material,2019
canon_Material_00754,large-scale unsupervised text corpus,Material,2019
canon_Material_00755,RACE,Method,2019
canon_Material_00756,graph-structured summaries,Material,2019
canon_Material_00757,image cap,Material,2019
canon_Material_00758,Visual Genome dataset,Material,2019
canon_Material_00759,open domains,Material,2019
canon_Material_00760,out-of-domain training corpora,Material,2019
canon_Material_00761,Chinese-English and English-German translation tasks,Material,2019
canon_Material_00762,CONAN - COunter NArratives,Material,2019
canon_Material_00763,Multilingual Dataset of Responses,Material,2019
canon_Material_00764,hate-speech/counter-narrative pairs,Material,2019
canon_Material_00765,Natural Language Sentence Matching Datasets,Material,2019
canon_Material_00766,QuoraQP dataset,Material,2019
canon_Material_00767,QuoraQP,Material,2019
canon_Material_00768,online persuasion forum,Material,2019
canon_Material_00769,"Reuters, 20 Newsgroups, and IMDB Movie Reviews datasets",Material,2019
canon_Material_00770,RotoWire benchmark,Material,2019
canon_Material_00771,baseball domain,Material,2019
canon_Material_00772,chemical,Material,2019
canon_Material_00773,Japanese data,Material,2019
canon_Material_00774,manually labeled data,Material,2019
canon_Material_00775,text generation datasets,Material,2020
canon_Material_00776,unlabeled conversation corpus,Material,2020
canon_Material_00777,movie dialogues,Material,2020
canon_Material_00778,Adversarial,Material,2020
canon_Material_00779,English Penn Treebank (,Material,2020
canon_Material_00780,mixed,Material,2020
canon_Material_00781,mixed-language data,Material,2020
canon_Material_00782,high-resource monolingual datasets,Material,2020
canon_Material_00783,mixed-language speech,Material,2020
canon_Material_00784,code-switching data,Material,2020
canon_Material_00785,running text,Material,2020
canon_Material_00786,financial and scientific domain,Material,2020
canon_Material_00787,textual content,Material,2019
canon_Material_00788,human-to-human dialogues,Material,2020
canon_Material_00789,continuous sentence signals,Material,2020
canon_Material_00790,natural sources,Material,2020
canon_Material_00791,natural language questions,Material,2020
canon_Material_00792,Spider dataset,Material,2020
canon_Material_00793,Spider leaderboard,Material,2020
canon_Material_00794,Allegro Reviews (AR),Material,2020
canon_Material_00795,Polish language,Material,2020
canon_Material_00796,out-of-distribution test data,Material,2020
canon_Material_00797,ROPES,Material,2020
canon_Material_00798,complex reasoning dataset,Material,2020
canon_Material_00799,Audio-Visual Scene-Aware Dialogues (AVSD) benchmark,Material,2020
canon_Material_00800,Medical Domain,Material,2020
canon_Material_00801,cross-lingual test collection,Material,2020
canon_Material_00802,CLEF eHealth,Material,2020
canon_Material_00803,textual conversations,Material,2020
canon_Material_00804,message,Material,2020
canon_Material_00805,Ubuntu IRC dataset,Material,2020
canon_Material_00806,fiction and non-fiction datasets,Material,2020
canon_Material_00807,How,Material,2020
canon_Material_00808,plain text inference datasets,Material,2020
canon_Material_00809,meaning-preserving adversarial examples,Material,2020
canon_Material_00810,emrQA Dataset,Material,2020
canon_Material_00812,visual question answering leaderboards,Material,2020
canon_Material_00813,out-of-distribution (OOD) test samples,Material,2020
canon_Material_00814,V,Method,2020
canon_Material_00815,Media,Material,2020
canon_Material_00816,media dialog,Material,2020
canon_Material_00817,Interview,Material,2020
canon_Material_00818,news interview transcripts,Material,2020
canon_Material_00819,interview-style conversations,Material,2020
canon_Material_00820,gender,Other,2018
canon_Material_00822,transcript,Material,2020
canon_Material_00823,How2 dataset,Material,2020
canon_Material_00824,aligned data,Material,2020
canon_Material_00825,OPUS collection,Material,2020
canon_Material_00826,HotpotQA deep-question centric dataset,Material,2020
canon_Material_00827,biomedical events,Material,2020
canon_Material_00828,automatically-labeled data,Material,2020
canon_Material_00829,ORB,Material,2020
canon_Material_00830,multitask reading comprehension benchmark,Material,2020
canon_Material_00831,multilingual and bilingual corpora,Material,2020
canon_Material_00832,Company Correlations,Material,2020
canon_Material_00833,financial domain,Material,2020
canon_Material_00834,online content,Material,2020
canon_Material_00835,financial data,Material,2020
canon_Material_00836,real-world S&P 500 index data,Material,2020
canon_Material_00837,English tweets,Material,2020
canon_Material_00838,US-accented English speech,Material,2020
canon_Material_00839,UUAS,Material,2020
canon_Material_00840,Resource Rich Tasks,Material,2020
canon_Material_00841,entity alignment datasets,Material,2020
canon_Material_00842,word embedding literature,Material,2020
canon_Material_00843,STS Benchmark,Material,2020
canon_Material_00844,STS12-STS16 datasets,Material,2020
canon_Material_00845,Analysis Datasets,Material,2020
canon_Material_00846,Reading Comprehension (RC) analysis/stress sets,Material,2020
canon_Material_00847,Hot,Material,2020
canon_Material_00848,public NER datasets,Material,2020
canon_Material_00849,Form-like Documents,Material,2020
canon_Material_00850,form-like document images,Material,2020
canon_Material_00851,expert annotations,Material,2020
canon_Material_00852,short,Material,2020
canon_Material_00853,stance,Other,2020
canon_Material_00854,cyber argumentation platform,Material,2020
canon_Material_00855,Wikipedia categories,Material,2020
canon_Material_00856,online programming QA forum StackOverflow,Material,2020
canon_Material_00857,programming language API documentation,Material,2020
canon_Material_00858,CoNaLa,Material,2020
canon_Material_00859,in-domain test sets,Material,2020
canon_Material_00860,annotated and nonannotated data,Material,2020
canon_Material_00861,MUSE and VecMap datasets,Material,2020
canon_Material_00862,distant language pairs,Material,2020
canon_Material_00863,"session-based, compositional",Material,2020
canon_Material_00864,biased SQuAD dataset,Material,2020
canon_Material_00865,plain,Material,2020
canon_Material_00866,human-generated refer,Material,2020
canon_Material_00867,"English-to-German,",Material,2020
canon_Material_00868,"English-to-French, and",Material,2020
canon_Material_00869,manually labeled training data,Material,2020
canon_Material_00870,Finnish-English news,Material,2020
canon_Material_00871,noisy web-crawled training data,Material,2020
canon_Material_00872,domain-specific corpus,Material,2020
canon_Material_00873,in-domain labeled data,Material,2020
canon_Material_00874,long navigation tasks,Material,2020
canon_Material_00875,Jointly,Material,2020
canon_Material_00876,user-generated question descriptions,Material,2020
canon_Material_00877,headline summarization dataset,Material,2020
canon_Material_00878,mono-style corpora,Material,2020
canon_Material_00879,unann,Material,2020
canon_Material_00880,structured text,Material,2020
canon_Material_00881,news reports,Material,2020
canon_Material_00882,encyclopedia articles,Material,2020
canon_Material_00883,unstructured daily chats,Material,2020
canon_Material_00884,large-scale dialogue summarization corpus,Material,2020
canon_Material_00885,translation datasets,Material,2020
canon_Material_00886,synthetic and natural data,Material,2020
canon_Material_00887,XNLI,Material,2020
canon_Material_00888,crowds,Method,2018
canon_Material_00889,prior dialog datasets,Material,2020
canon_Material_00890,Turkish-English and,Material,2020
canon_Material_00891,Uyghur-Chinese,Material,2020
canon_Material_00892,agglutinative languages,Material,2020
canon_Material_00893,large scale monolingual corpora,Material,2020
canon_Material_00894,bilingual dataset,Material,2020
canon_Material_00895,CLIR dataset,Material,2020
canon_Material_00896,synthetic and human-generated question-answer pairs,Material,2020
canon_Material_00897,synthetic questions,Material,2020
canon_Material_00898,real Wikipedia data,Material,2020
canon_Material_00899,synthetic text corpus,Material,2020
canon_Material_00900,Propaganda Techniques Corpus,Material,2020
canon_Material_00901,manually annotated dataset,Material,2020
canon_Material_00902,Machine Learning Papers,Material,2020
canon_Material_00903,imaging,Material,2020
canon_Material_00904,radiology report datasets,Material,2020
canon_Material_00905,IU,Material,2020
canon_Material_00906,X-Ray,Material,2020
canon_Material_00907,MIMIC-CXR,Material,2020
canon_Material_00908,challenge,Material,2020
canon_Material_00909,imbalanced labeled/unlabeled data,Material,2020
canon_Material_00910,public Chinese NER datasets,Material,2020
canon_Material_00911,English language dataset,Material,2020
canon_Material_00912,ZEST,Material,2020
canon_Material_00913,English challenge datasets,Material,2020
canon_Material_00914,GAP,Material,2020
canon_Material_00915,Swedish,Material,2020
canon_Material_00916,multi-task challenge datasets,Material,2020
canon_Material_00917,"multilingual, multi-task challenge dataset",Material,2020
canon_Material_00918,national labor market,Material,2020
canon_Material_00919,Mewsli-9,Material,2020
canon_Material_00920,dialogue domains,Material,2020
canon_Material_00921,CoNLL02 NER and,Material,2020
canon_Material_00922,UD 1.2 POS datasets,Material,2020
canon_Material_00923,WikiSum and MultiNews dataset,Material,2020
canon_Material_00924,large-scale Synonym-Enhanced Set Expansion (,Material,2020
canon_Material_00925,sparse annotation,Material,2020
canon_Material_00926,GAP pronoun resolution dataset,Material,2020
canon_Material_00927,memory logs,Material,2020
canon_Material_00928,parallel data resources,Material,2020
canon_Material_00929,synthetic bilingual corpus,Material,2020
canon_Material_00930,open-released English dataset,Material,2020
canon_Material_00931,rcasm,Material,2020
canon_Material_00932,online dictionaries,Material,2020
canon_Material_00933,natural language and computer code,Material,2020
canon_Material_00934,programming texts,Material,2020
canon_Material_00935,named entity recognition (NER) corpus,Material,2020
canon_Material_00936,computer programming domain,Material,2020
canon_Material_00937,StackOverflow data,Material,2020
canon_Material_00938,laptop,Material,2020
canon_Material_00939,restaurant,Material,2020
canon_Material_00940,online medical consultation dialogues,Material,2020
canon_Material_00941,TLS dataset,Material,2020
canon_Material_00942,visual question answering datasets,Material,2020
canon_Material_00943,CapWAP datasets,Material,2020
canon_Material_00944,"labeled,",Material,2020
canon_Material_00945,English LDC2017T10 dataset,Material,2020
canon_Material_00946,SIGHAN Bakeoff benchmark datasets,Material,2020
canon_Material_00947,AMR data,Material,2020
canon_Material_00948,Hybrid Math Word Problems dataset,Material,2020
canon_Material_00949,HMWP,Material,2020
canon_Material_00950,MWPs datasets,Material,2020
canon_Material_00951,Biology domain,Material,2020
canon_Material_00952,Focused Open Biological,Material,2020
canon_Material_00953,FOBIE) dataset,Material,2020
canon_Material_00954,biology texts,Material,2020
canon_Material_00955,open-access scientific biological texts,Material,2020
canon_Material_00956,AMR benchmarks,Material,2020
canon_Material_00957,Literary Social Networks,Material,2020
canon_Material_00958,literary texts,Material,2020
canon_Material_00959,works,Material,2020
canon_Material_00960,TAC,Material,2020
canon_Material_00961,SemEval,Material,2020
canon_Material_00962,Commonsense Knowledge Bases,Material,2020
canon_Material_00963,weakly supervised dataset,Material,2020
canon_Material_00964,Refer,Material,2020
canon_Material_00965,Referring Expression Recognition Dataset,Material,2020
canon_Material_00966,360,Material,2020
canon_Material_00967,English annotations,Material,2020
canon_Material_00968,gold data,Material,2020
canon_Material_00970,silver data,Material,2020
canon_Material_00971,Open Images dataset,Material,2020
canon_Material_00972,automatic pseudo datasets,Material,2020
canon_Material_00973,observation text,Material,2020
canon_Material_00974,multilingual WordNet,Material,2020
canon_Material_00975,Dialogue NLI,Material,2020
canon_Material_00976,PersonaChat,Material,2020
canon_Material_00977,gender biased text,Material,2020
canon_Material_00978,crowdsourced evaluation benchmark,Material,2020
canon_Material_00979,Sarcasm Data,Material,2020
canon_Material_00980,affective computing domains,Material,2020
canon_Material_00981,Visual7W,Material,2020
canon_Material_00982,VQA-v2.0,Material,2020
canon_Material_00983,CLEVR datasets,Material,2020
canon_Material_00984,linguistically annotated corpus,Material,2020
canon_Material_00985,English pubmed abstracts,Material,2020
canon_Material_00986,ACE2004,Material,2021
canon_Material_00987,GENIA datasets,Material,2021
canon_Material_00988,MUC-4 dataset,Material,2021
canon_Material_00989,one,Other,2018
canon_Material_00990,real negative data,Material,2021
canon_Material_00991,Reuters and 20 Newsgroup datasets,Material,2021
canon_Material_00992,"English-German,",Material,2021
canon_Material_00993,English-Hiligaynon,Material,2021
canon_Material_00994,English-Macedonian,Material,2021
canon_Material_00995,noisy,Other,2018
canon_Material_00996,Common Crawl Corpus,Material,2021
canon_Material_00997,Common Crawl,Material,2021
canon_Material_00998,colossal web corpus,Material,2021
canon_Material_00999,supervision data,Material,2021
canon_Material_01000,live production traffic,Material,2021
canon_Material_01001,mathematical text,Material,2021
canon_Material_01002,natural and mathematical language,Material,2021
canon_Material_01003,Jose,Material,2021
canon_Material_01004,historical,Material,2021
canon_Material_01005,Korean historical records,Material,2021
canon_Material_01006,Open Book,Material,2021
canon_Material_01007,introductory college textbook,Material,2021
canon_Material_01008,college-level introductory texts,Material,2021
canon_Material_01009,humanities,Material,2021
canon_Material_01010,TabFact dataset,Material,2021
canon_Material_01011,DSTC2 datasets,Material,2021
canon_Material_01012,task-specific parallel training data,Material,2021
canon_Material_01013,synthetic pairs,Material,2021
canon_Material_01014,multilingual instructional video dataset,Material,2021
canon_Material_01015,VATEX,Material,2021
canon_Material_01016,Multi30K,Material,2021
canon_Material_01017,extended,Material,2021
canon_Material_01018,ProppLearner corpus,Material,2021
canon_Material_01019,human-annotated events,Material,2021
canon_Material_01021,"hand-labeled, out-of-domain corpus",Material,2021
canon_Material_01022,reading comprehension setting,Material,2021
canon_Material_01023,monol,Task,2018
canon_Material_01024,Materials Science Procedural Text,Material,2021
canon_Material_01025,Material Science synthesis procedural texts,Material,2021
canon_Material_01026,large-scale Twitter dataset,Material,2021
canon_Material_01027,large-scale parallel paraphrase data,Material,2021
canon_Material_01028,syntactically adversarial examples,Material,2021
canon_Material_01029,Source Code,Material,2021
canon_Material_01030,aspect-based sentiment datasets,Material,2021
canon_Material_01031,SemEval Restaurant14 (CITATION) dataset,Material,2021
canon_Material_01032,E2E and Weather benchmarks,Material,2021
canon_Material_01033,Japanese Wikipedia articles,Material,2021
canon_Material_01034,google search,Material,2021
canon_Material_01035,code-mixed task data,Material,2021
canon_Material_01036,parallel and conversational movie subtitles datasets,Material,2021
canon_Material_01037,parallel MultiWoZ (,Material,2021
canon_Material_01038,Multilingual WoZ (,Material,2021
canon_Material_01039,POS,Material,2021
canon_Material_01040,ActivityNet-Captions,Material,2021
canon_Material_01041,TACoS,Material,2021
canon_Material_01042,Charades-STA,Material,2021
canon_Material_01043,semantically parsed graph data,Material,2021
canon_Material_01044,Hindi-English code-switched sentences,Material,2021
canon_Material_01045,monolingual Hindi sentences,Material,2021
canon_Material_01046,CS text,Material,2021
canon_Material_01047,parallel texts,Material,2021
canon_Material_01048,OntoNotes benchmark,Material,2021
canon_Material_01049,text domains,Material,2021
canon_Material_01050,Youcook2 and,Material,2021
canon_Material_01051,Activitynet Captioning datasets,Material,2021
canon_Material_01052,WMT17 APE task,Material,2021
canon_Material_01053,WMT14 test set,Material,2021
canon_Material_01054,Black Box,Material,2021
canon_Material_01055,Chinese characters,Material,2021
canon_Material_01056,highly,Material,2021
canon_Material_01057,structured domains,Material,2021
canon_Material_01058,Kun,Material,2021
canon_Material_01059,morphologically-complex Australian language,Material,2021
canon_Material_01060,scientific explanations,Material,2021
canon_Material_01061,Worldtree corpus,Material,2021
canon_Material_01062,explanatory corpora,Material,2021
canon_Material_01063,zero-shot crosslingual setting,Material,2021
canon_Material_01064,Wikipedia languages,Material,2021
canon_Material_01065,TimeBank,Material,2021
canon_Material_01066,MATRES dataset,Material,2021
canon_Material_01067,pseudo-labeled data,Material,2021
canon_Material_01068,unlabeled target language data,Material,2021
canon_Material_01069,labeled task data,Material,2021
canon_Material_01070,OpenDialKG dataset,Material,2021
canon_Material_01071,search images,Material,2021
canon_Material_01072,massive image and text data,Material,2021
canon_Material_01073,MS-COCO and,Material,2021
canon_Material_01074,Flickr30K benchmarks,Material,2021
canon_Material_01075,synthetic and human-labeled data sources,Material,2021
canon_Material_01076,abstractive datasets,Material,2021
canon_Material_01077,XSum,Material,2021
canon_Material_01078,sentence-,Material,2021
canon_Material_01079,screenplays of movies and,Material,2021
canon_Material_01080,Query-Free Resources,Material,2021
canon_Material_01081,Daily news,Material,2021
canon_Material_01082,Political news,Material,2021
canon_Material_01083,single-domain only,Material,2021
canon_Material_01084,debate portals,Material,2021
canon_Material_01085,debate portal texts,Material,2021
canon_Material_01086,reference,Other,2018
canon_Material_01087,source-MT bilingual setting,Material,2021
canon_Material_01088,cross-lingu,Material,2021
canon_Material_01089,Long Debate Video,Material,2021
canon_Material_01090,multimodal context,Material,2021
canon_Material_01091,DBATES,Material,2021
canon_Material_01092,distant domains,Material,2021
canon_Material_01093,Chinese natural language understanding tasks,Material,2021
canon_Material_01094,CLUE benchmarks,Material,2021
canon_Material_01095,COVID-19,Material,2021
canon_Material_01096,visually,Other,2018
canon_Material_01097,word,Other,2018
canon_Material_01098,PDFs,Material,2021
canon_Material_01099,ReadingBank,Material,2021
canon_Material_01100,document images,Material,2021
canon_Material_01101,cross-domain and cross-lingual transfers,Material,2021
canon_Material_01102,MSM,Material,2021
canon_Material_01103,ARCO and,Material,2021
canon_Material_01104,Natural Questions datasets,Material,2021
canon_Material_01105,English -> German and English -> French translation tasks,Material,2021
canon_Material_01106,oNLI,Material,2021
canon_Material_01107,human-elicited NLI dataset,Material,2021
canon_Material_01108,English Reddit Comments,Material,2021
canon_Material_01109,English language Reddit comments,Material,2021
canon_Material_01110,Few-Shot,Task,2021
canon_Material_01111,in-domain training data,Material,2021
canon_Material_01112,wild,Material,2021
canon_Material_01113,ACE 2005,Material,2021
canon_Material_01114,KBP 2016,Material,2021
canon_Material_01115,Material Property Measurement Data,Material,2021
canon_Material_01116,measurement data,Material,2021
canon_Material_01117,Finnish,Material,2021
canon_Material_01118,audio recording,Material,2021
canon_Material_01119,Zen,Material,2021
canon_Material_01120,out-of-distribution (OOD) examples,Material,2021
canon_Material_01121,in-distribution and OOD English natural language understanding datasets,Material,2021
canon_Material_01122,fact-check articles,Material,2021
canon_Material_01123,Snopes,Material,2021
canon_Material_01124,H,Material,2021
canon_Material_01125,1N1/,Material,2021
canon_Material_01126,Est,Material,2021
canon_Material_01127,TensorFlow,Material,2021
canon_Material_01128,fact checking datasets,Material,2021
canon_Material_01129,single-modal data,Material,2021
canon_Material_01130,free text corpus,Material,2021
canon_Material_01131,image collections,Material,2021
canon_Material_01132,synthetically generated datasets,Material,2021
canon_Material_01133,emails,Material,2021
canon_Material_01134,chat scenarios,Material,2021
canon_Material_01135,genuine,Material,2021
canon_Material_01136,weakly labeled data,Material,2021
canon_Material_01137,manually/strongly labeled data,Material,2021
canon_Material_01138,strongly,Material,2021
canon_Material_01139,Biomedical Knowledge Bases,Material,2021
canon_Material_01140,Endangered Language,Material,2021
canon_Material_01141,Yolóxochitl Mixtec,Material,2021
canon_Material_01143,linguistic resources,Material,2021
canon_Material_01144,Yo,Material,2021
canon_Material_01145,loxóchitl Mixtec EL corpus,Material,2021
canon_Material_01146,E2E and,Material,2021
canon_Material_01147,WebNLG benchmarks,Material,2021
canon_Material_01148,Noun Compound Dataset,Material,2021
canon_Material_01149,Noun Compound Type and Token Idi,Material,2021
canon_Material_01150,NCTTI) dataset,Material,2021
canon_Material_01151,multilingual resource,Material,2021
canon_Material_01152,English and Chinese datasets,Material,2021
canon_Material_01153,open SQuAD,Material,2021
canon_Material_01154,CMRC,Material,2021
canon_Material_01155,dialogue system outputs,Material,2021
canon_Material_01156,Wizard-of-Wikipedia dataset,Material,2021
canon_Material_01157,medical images of chest x-rays,Material,2021
canon_Material_01158,Neural Machine Translation Distillation Data,Material,2021
canon_Material_01159,span,Task,2019
canon_Material_01160,Spanish+English,Material,2021
canon_Material_01161,CSTOP,Material,2021
canon_Material_01162,English corpus,Material,2021
canon_Material_01163,densely connected benchmark datasets,Material,2021
canon_Material_01164,biomedical and encyclopedic knowledge,Material,2021
canon_Material_01165,commonsense KG dataset,Material,2021
canon_Material_01166,out-of-domain utterances,Material,2021
canon_Material_01167,heterogeneous dialog corpora,Material,2021
canon_Material_01168,scientific and web documents,Material,2021
canon_Material_01169,eSCAPE,Material,2021
canon_Material_01170,synthetic APE corpus,Material,2021
canon_Material_01171,APE corpora,Material,2021
canon_Material_01172,synthetic APE training dataset,Material,2021
canon_Material_01173,WMT English-German APE benchmarks,Material,2021
canon_Material_01174,synthetically-generated dataset,Material,2021
canon_Material_01175,vision/audio content,Material,2021
canon_Material_01176,multimodal metaphor dataset,Material,2021
canon_Material_01177,multimodal text and image,Material,2021
canon_Material_01178,text-image pairs,Material,2021
canon_Material_01179,bilingual corpora of rich-resource language pairs,Material,2021
canon_Material_01180,spoken text,Material,2021
canon_Material_01181,transcripts of,Material,2021
canon_Material_01182,natural meeting conversations,Material,2021
canon_Material_01183,human transcripts,Material,2021
canon_Material_01184,automatic transcripts,Material,2021
canon_Material_01185,constructed response questions,Material,2021
canon_Material_01186,ASAG datasets,Material,2021
canon_Material_01187,SemEval-2013 datasets,Material,2021
canon_Material_01188,Kaggle challenge,Material,2021
canon_Material_01189,corpus of legal cases,Material,2021
canon_Material_01190,European Court of Human Rights (,Material,2021
canon_Material_01191,ECtHR,Material,2021
canon_Material_01192,Romanian Corpus of News Articles,Material,2021
canon_Material_01193,Romanian news,Material,2021
canon_Material_01194,real and satirical news sources,Material,2021
canon_Material_01195,Romanian language,Material,2021
canon_Material_01196,Romanian,Material,2021
canon_Material_01197,human annotated data,Material,2021
canon_Material_01198,KBP 2017 event coreference dataset,Material,2021
canon_Material_01199,open-domain question answering benchmarks,Material,2021
canon_Material_01200,extractive question answering datasets,Material,2021
canon_Material_01201,single-hop,Material,2021
canon_Material_01202,monolingual English BEL,Material,2021
canon_Material_01203,digital shop,Material,2021
canon_Material_01204,shopping sessions,Material,2021
canon_Material_01205,disfluent speech,Material,2021
canon_Material_01206,English Switchboard corpus,Material,2021
canon_Material_01207,argumentative texts,Material,2021
canon_Material_01209,CoNLL03,Material,2021
canon_Material_01210,User Reviews,Material,2021
canon_Material_01211,product reviews,Material,2021
canon_Material_01212,Amazon reviews,Material,2021
canon_Material_01213,human-annotated games of Go,Material,2022
canon_Material_01214,textual signals,Material,2022
canon_Material_01215,garble,Material,2022
canon_Material_01216,pseudowords,Material,2022
canon_Material_01217,explanation datasets,Material,2022
canon_Material_01218,MuST-C speech translation benchmark,Material,2022
canon_Material_01219,NLP Benchmark,Material,2022
canon_Material_01220,crossword puzzles,Material,2022
canon_Material_01221,New York Times daily crossword,Material,2022
canon_Material_01222,open-domain question answering dataset,Material,2022
canon_Material_01223,empathetic conversations,Material,2022
canon_Material_01224,WikiText-103M corpus,Material,2022
canon_Material_01225,CoNLL-2003,Material,2022
canon_Material_01226,Multilingual NLU Benchmarks,Material,2022
canon_Material_01227,Holistic Descriptor Dataset,Material,2022
canon_Material_01228,bias measurement dataset,Material,2022
canon_Material_01229,Winogrande dataset,Material,2022
canon_Material_01230,structural prompt-formatted large-scale synthesized corpus,Material,2022
canon_Material_01231,video question,Material,2022
canon_Material_01232,Spoken Narratives,Material,2022
canon_Material_01233,manually annotated speech,Material,2022
canon_Material_01234,voice-enabled smart television,Material,2022
canon_Material_01235,COVID-19 Caseload,Material,2022
canon_Material_01236,epidemiological data,Material,2022
canon_Material_01237,aeronautical messages,Material,2022
canon_Material_01238,NOTAMs,Material,2022
canon_Material_01239,structured language,Material,2022
canon_Material_01240,aer,Material,2022
canon_Material_01241,contextual,Other,2020
canon_Material_01242,annotated multi-label data,Material,2022
canon_Material_01243,mID datasets,Material,2022
canon_Material_01244,golden dataset,Material,2022
canon_Material_01245,WeT,Method,2022
canon_Material_01246,synthetic corpora,Material,2022
canon_Material_01247,English-to,Material,2022
canon_Material_01248,open-domain image conversation dataset,Material,2022
canon_Material_01249,ImageChat,Material,2022
canon_Material_01250,fMRI voxels,Material,2022
canon_Material_01251,political content,Material,2022
canon_Material_01252,mainstream media,Material,2022
canon_Material_01253,social domain,Material,2022
canon_Material_01254,SuperGLUE,Material,2022
canon_Material_01255,Web Questions,Material,2022
canon_Material_01256,Trivia QA,Material,2022
canon_Material_01257,TyDiQA,Material,2022
canon_Material_01258,Hate speech,Material,2022
canon_Material_01259,hate speech datasets,Material,2022
canon_Material_01260,English-language content,Material,2022
canon_Material_01261,non-English languages,Material,2022
canon_Material_01262,target-language fine-tuning data,Material,2022
canon_Material_01263,record,Material,2022
canon_Material_01264,large-scale Chinese Medical CQA (,Material,2022
canon_Material_01265,CMCQA) dataset,Material,2022
canon_Material_01266,conflicts,Material,2022
canon_Material_01267,online A/B test data,Material,2022
canon_Material_01268,industrial datasets,Material,2022
canon_Material_01269,advertising platform,Material,2022
canon_Material_01270,Flickr30K and MSCOCO benchmarks,Material,2022
canon_Material_01271,Far Boundary (FB) adversarial examples,Material,2022
canon_Material_01272,BLI datasets,Material,2022
canon_Material_01273,financial documents,Material,2022
canon_Material_01274,human written news,Material,2022
canon_Material_01275,manipulated news articles,Material,2022
canon_Material_01276,Multimodal Setting,Material,2022
canon_Material_01277,Multi30k evaluation dataset,Material,2022
canon_Material_01278,English-German dataset,Material,2022
canon_Material_01279,"factual, long-form text",Material,2022
canon_Material_01280,bio,Material,2022
canon_Material_01281,web evidence data,Material,2022
canon_Material_01282,IIRC,Material,2022
canon_Material_01283,task-agnostic general corpus,Material,2022
canon_Material_01284,task corpus,Material,2022
canon_Material_01285,large-scale general corpus,Material,2022
canon_Material_01286,general corpus,Material,2022
canon_Material_01287,COCO and Flickr30k datasets,Material,2022
canon_Material_01288,sentence-level relation extraction corpora,Material,2022
canon_Material_01289,document-level corpora,Material,2022
canon_Material_01290,supervised learning data sets,Material,2022
canon_Material_01291,DocRED,Material,2022
canon_Material_01293,Cross-lingual Amazon Reviews Summarization (CARS) dataset,Material,2022
canon_Material_01294,English summaries,Material,2022
canon_Material_01295,"English, French, Italian, Arabic",Material,2022
canon_Material_01296,human written summaries,Material,2022
canon_Material_01297,ALFRED household simulation environment,Material,2022
canon_Material_01298,voting records,Material,2022
canon_Material_01299,action,Material,2022
canon_Material_01300,CQA and WQSP datasets,Material,2022
canon_Material_01301,free text,Material,2022
canon_Material_01302,WebNLG+2020 and,Material,2022
canon_Material_01303,EventNarrative G2T generation datasets,Material,2022
canon_Material_01304,COVID-19 pandemic,Material,2022
canon_Material_01305,Black Lives Matter protests,Material,2022
canon_Material_01306,multi-turn empathetic dialogues,Material,2022
canon_Material_01307,multi-turn dialogues,Material,2022
canon_Material_01308,information,Task,2018
canon_Material_01309,English radiology reports,Material,2022
canon_Material_01310,MultiWOZ dataset,Material,2022
canon_Material_01311,FAQs,Material,2022
canon_Material_01312,labeled and,Material,2022
canon_Material_01313,hate,Material,2022
canon_Material_01314,online spaces,Material,2022
canon_Material_01315,in-domain triplet data,Material,2022
canon_Material_01316,in-domain text translation corpus,Material,2022
canon_Material_01317,triplet training data,Material,2022
canon_Material_01318,domain-specific text translation corpus,Material,2022
canon_Material_01319,Europarl-ST benchmark,Material,2022
canon_Material_01320,in-domain text translation data,Material,2022
canon_Material_01321,student theses,Material,2022
canon_Material_01322,WikiHop and,Material,2022
canon_Material_01323,MedHop,Material,2022
canon_Material_01324,Multi-News and WCEP MDS datasets,Material,2022
canon_Material_01325,Mr. TyDi,Material,2022
canon_Material_01326,high-quality,Material,2022
canon_Material_01327,multilingual dense passage retrieval dataset,Material,2022
canon_Material_01328,Named Entity Recognition Datasets,Material,2022
canon_Material_01329,object,Material,2022
canon_Material_01330,out-of-domain essays,Material,2022
canon_Material_01331,CommonLit Readability Prize data set,Material,2022
canon_Material_01332,Long Range Arena benchmark,Material,2022
canon_Material_01333,reading time (RT) data,Material,2022
canon_Material_01334,WMT’14 English-German and English-French benchmarks,Material,2022
canon_Material_01335,public dataset,Material,2022
canon_Material_01336,multilingual knowledge graph (KG) data,Material,2022
canon_Material_01337,multilingual synthetic sentences,Material,2022
canon_Material_01338,Wikidata,Method,2019
canon_Material_01339,English Retriever,Material,2022
canon_Material_01340,labeled CLIR data,Material,2022
canon_Material_01341,XOR-TyDi benchmark,Material,2022
canon_Material_01342,chit-chat,Material,2022
canon_Material_01343,goal-oriented discourse,Material,2022
canon_Material_01344,Online,Other,2019
canon_Material_01345,COVID-related anti-Asian hate speech,Material,2022
canon_Material_01346,NLP domain,Material,2022
canon_Material_01347,unstructured text documents,Material,2022
canon_Material_01348,Counterfactually Augmented Data,Material,2022
canon_Material_01349,out-of-distribution (OOD) data,Material,2022
canon_Material_01350,counterfactually-augmented data,Material,2022
canon_Material_01351,crowdsourced CAD datasets,Material,2022
canon_Material_01352,text resources,Material,2022
canon_Material_01353,English-Indic bTNLI dataset,Material,2022
canon_Material_01354,Indian,Material,2022
canon_Material_01355,sensitive data,Material,2022
canon_Material_01356,downstream,Material,2022
canon_Material_01357,adversarial data,Material,2022
canon_Material_01358,rich unlabeled data,Material,2022
canon_Material_01359,external labeled data,Material,2022
canon_Material_01360,intent recognition benchmarks,Material,2022
canon_Material_01361,Neur,Material,2022
canon_Material_01362,structure-controlled dataset,Material,2022
canon_Material_01363,MReD,Material,2022
canon_Material_01364,English WSJ,Material,2022
canon_Material_01365,Large-scale Multi-skill Dialogue Datasets,Material,2022
canon_Material_01366,open-domain chatbot,Material,2022
canon_Material_01367,NLI data,Material,2022
canon_Material_01368,"multi-domain, edit-intention annotated corpus of",Material,2022
canon_Material_01369,iteratively revised text,Material,2022
canon_Material_01370,Multilingual BERT,Method,2019
canon_Material_01371,production,Method,2018
canon_Material_01372,Wikipedia and Wikidata entries,Material,2022
canon_Material_01373,in-house,Material,2022
canon_Material_01374,multi-modal visual navigation data set,Material,2022
canon_Material_01375,long-form documents,Material,2022
canon_Material_01376,sentence ordering datasets,Material,2022
canon_Material_01377,loop data collection,Material,2022
canon_Material_01378,crowdworkers,Material,2022
canon_Material_01379,Hindi-Urdu Treebank corpus,Material,2022
canon_Material_01380,HUTB,Material,2022
canon_Material_01381,ese language,Material,2022
canon_Material_01382,Vietnamese texts,Material,2022
canon_Material_01383,single-hop simple questions,Material,2022
canon_Material_01384,muti-hop complex questions,Material,2022
canon_Material_01385,WebQuestionSP,Material,2022
canon_Material_01386,WQSP,Material,2022
canon_Material_01387,ComplexWebQuestion-1,Material,2022
canon_Material_01388,PathQuestion-Large,Material,2022
canon_Material_01389,sentiment analysis dataset,Material,2022
canon_Material_01390,static,Other,2018
canon_Material_01391,Text and image corpora,Material,2022
canon_Material_01392,Visual Commons,Material,2022
canon_Material_01393,ViC,Material,2022
canon_Material_01394,grounded color data,Material,2022
canon_Material_01395,ungrounded text-only data,Material,2022
canon_Material_01396,MLSUM and,Material,2022
canon_Material_01397,WikiLingua datasets,Material,2022
canon_Material_01398,Grounded Dialogues,Material,2022
canon_Material_01399,HollE,Material,2022
canon_Material_01400,WoW,Material,2022
canon_Material_01401,multilingual semantic resources,Material,2022
canon_Material_01402,BabelNet,Material,2022
canon_Material_01403,VerbAtlas,Material,2022
canon_Material_01404,WebQuestions dataset,Material,2022
canon_Material_01405,TriviaQA dataset,Material,2022
canon_Material_01406,GovReport,Material,2022
canon_Material_01407,PubMed samples,Material,2022
canon_Material_01408,fluent text,Material,2022
canon_Material_01409,in-domain texts,Material,2022
canon_Material_01410,out-of-domain texts,Material,2022
canon_Material_01411,target-domain labeled data,Material,2022
canon_Material_01412,US,Material,2022
canon_Material_01413,proto,Method,2019
canon_Material_01414,unde,Material,2022
canon_Material_01415,proto-Elamite,Material,2022
canon_Material_01416,relation extraction benchmarks,Material,2022
canon_Material_01417,conversational chatbot,Material,2022
canon_Material_01418,EmpatheticDialogues dataset,Material,2022
canon_Material_01419,English training data,Material,2022
canon_Material_01420,source code corpus,Material,2022
canon_Material_01421,human-annotated sentence,Material,2022
canon_Material_01422,open-domain unlabeled corpus,Material,2022
canon_Material_01423,annotated and synthesized data,Material,2022
canon_Material_01424,STS datasets,Material,2022
canon_Material_01425,NLG evaluation datasets,Material,2022
canon_Material_01426,multi-granular corpora,Material,2022
canon_Material_01427,RefCOCO,Material,2022
canon_Material_01428,RefCOCO+,Material,2022
canon_Material_01429,RefCOCOg,Material,2022
canon_Material_01430,Charades dataset,Material,2022
canon_Material_01431,Epic-kitchen dataset,Material,2022
canon_Material_01432,image-caption pairs,Material,2022
canon_Material_01433,Australian Aboriginal,Material,2022
canon_Material_01434,Indigenous,Material,2022
canon_Material_01435,informal language,Material,2022
canon_Material_01436,manually annotated challenge datasets,Material,2022
canon_Material_01437,speech tasks,Material,2022
canon_Material_01438,French CrowS-Pairs,Material,2022
canon_Material_01439,US-centered CrowS-pairs dataset,Material,2022
canon_Material_01440,multilingual stereotypes dataset,Material,2022
canon_Material_01441,CrowS,Material,2022
canon_Material_01442,cross-lingual NLI data,Material,2022
canon_Material_01443,User Feedback,Material,2022
canon_Material_01444,real-world user feedback datasets,Material,2022
canon_Material_01445,academic dataset,Material,2022
canon_Material_01446,eye-tracking records of,Material,2023
canon_Material_01447,natural L2 reading,Material,2023
canon_Material_01448,IRMA,Material,2023
canon_Material_01449,Italian news articles,Material,2023
canon_Material_01450,text- and website-level data,Material,2023
canon_Material_01451,RE-QA dataset,Material,2023
canon_Material_01452,FewRel and WikiZSL datasets,Material,2023
canon_Material_01453,NAS-Bench-NLP benchmark,Material,2023
canon_Material_01454,VLP data,Material,2023
canon_Material_01455,Flickr30K,Material,2023
canon_Material_01456,multi-domain benchmark,Material,2023
canon_Material_01457,LEMON,Material,2023
canon_Material_01458,SIGHAN,Material,2023
canon_Material_01459,ECSpell,Material,2023
canon_Material_01460,LEM,Material,2023
canon_Material_01461,unlabeled task-specific data,Material,2023
canon_Material_01462,text-image datasets,Material,2023
canon_Material_01463,high-resource corpora,Material,2023
canon_Material_01464,wik,Material,2023
canon_Material_01465,iH,Material,2023
canon_Material_01466,wikiHow,Material,2023
canon_Material_01467,text genre,Material,2023
canon_Material_01468,MediaSum,Material,2023
canon_Material_01469,DialogSum,Material,2023
canon_Material_01470,child-directed speech,Material,2023
canon_Material_01471,Implicit and,Material,2023
canon_Material_01472,ab,Method,2018
canon_Material_01473,explicit messages,Material,2023
canon_Material_01474,ParaMAWPS,Material,2023
canon_Material_01475,selectively sampled,Material,2023
canon_Material_01476,Mawps dataset,Material,2023
canon_Material_01477,social platforms,Material,2023
canon_Material_01478,real-world benchmark datasets,Material,2023
canon_Material_01479,public dialogue summarization datasets,Material,2023
canon_Material_01480,CSDS,Material,2023
canon_Material_01481,continuous-valued domains,Material,2023
canon_Material_01482,discrete domains,Material,2023
canon_Material_01483,unconstrained text generation benchmarks,Material,2023
canon_Material_01484,massive e-Commerce data,Material,2023
canon_Material_01485,unlabeled samples,Material,2023
canon_Material_01486,large-scale multilingual image-text pairs,Material,2023
canon_Material_01487,English image-text pairs,Material,2023
canon_Material_01488,transcribed speech,Material,2023
canon_Material_01489,minority languages,Material,2023
canon_Material_01490,regional languages,Material,2023
canon_Material_01491,West,Material,2023
canon_Material_01492,Malayo,Material,2023
canon_Material_01493,human-transcribed data,Material,2023
canon_Material_01494,ASR training data,Material,2023
canon_Material_01495,text-only sources,Material,2023
canon_Material_01496,Clinical Questionnaires,Material,2023
canon_Material_01497,plain-text corpus,Material,2023
canon_Material_01498,Super-NaturalInstrctions benchmark,Material,2023
canon_Material_01500,open-domain corpora,Material,2023
canon_Material_01501,online platform,Material,2023
canon_Material_01502,STORYWAR,Material,2023
canon_Material_01503,Story,Method,2023
canon_Material_01504,human communications,Material,2023
canon_Material_01505,public event commonsense evaluation dataset,Material,2023
canon_Material_01506,vision-language domain,Material,2023
canon_Material_01507,language domain,Material,2023
canon_Material_01508,VL domain,Material,2023
canon_Material_01509,photo stream,Material,2023
canon_Material_01510,factual visual storytelling data,Material,2023
canon_Material_01511,unpaired style corpus,Material,2023
canon_Material_01512,unpaired stylized text,Material,2023
canon_Material_01513,MsAT,Material,2023
canon_Material_01514,math word problem datasets,Material,2023
canon_Material_01515,PHQ-9 questionnaire,Material,2023
canon_Material_01516,human-to-human mixed-type medical consultation dialogue,Material,2023
canon_Material_01517,otorhinolaryngology,Material,2023
canon_Material_01518,skin,Material,2023
canon_Material_01519,digestive system,Material,2023
canon_Material_01520,TripAdvisor,Material,2023
canon_Material_01521,English and German quatrains,Material,2023
canon_Material_01522,fact-checking datasets,Material,2023
canon_Material_01523,writing skills curricula,Material,2023
canon_Material_01524,narrative text paragraphs,Material,2023
canon_Material_01525,industrial-scale,Material,2023
canon_Material_01526,speech-text data,Material,2023
canon_Material_01527,speech and text,Material,2023
canon_Material_01528,low-resource direction Maltese-English,Material,2023
canon_Material_01529,IWSLT 202,Material,2023
canon_Material_01530,general domain news articles,Material,2023
canon_Material_01531,randomized controlled trials,Material,2023
canon_Material_01532,Tigrinya,Material,2023
canon_Material_01533,native QA dataset,Material,2023
canon_Material_01534,East African language,Material,2023
canon_Material_01535,machine-translated silver data,Material,2023
canon_Material_01536,leaderboard,Method,2021
canon_Material_01537,annotated meeting corpora,Material,2023
canon_Material_01538,city council meetings,Material,2023
canon_Material_01539,meeting corpora,Material,2023
canon_Material_01540,reference summaries,Other,2018
canon_Material_01541,quarterly earning calls,Material,2023
canon_Material_01542,gold human documents,Material,2023
canon_Material_01543,human-human interaction data,Material,2023
canon_Material_01544,public CaRB dataset,Material,2023
canon_Material_01545,CHARDat,Material,2023
canon_Material_01546,Multilingual Parallel Dialogue Corpus,Material,2023
canon_Material_01547,multilingual open-domain dialog datasets,Material,2023
canon_Material_01548,"monolingual,",Material,2023
canon_Material_01549,"multilingual, and cross-lingual dialogue",Material,2023
canon_Material_01550,newspapers,Material,2023
canon_Material_01551,AI-generated English text,Material,2023
canon_Material_01552,Pento-,Material,2023
canon_Material_01553,Pent,Material,2023
canon_Material_01554,visual domain of puzzle pieces,Material,2023
canon_Material_01555,QMSum,Material,2023
canon_Material_01556,QMSum dataset,Material,2023
canon_Material_01557,chest X-rays,Material,2023
canon_Material_01558,MIMIC-III and,Material,2023
canon_Material_01559,MIMIC-CXR datasets,Material,2023
canon_Material_01560,low-context text,Material,2023
canon_Material_01561,uQ,Material,2023
canon_Material_01562,image queries,Material,2023
canon_Material_01563,multimodal queries,Material,2023
canon_Material_01564,academic benchmarks,Material,2023
canon_Material_01565,Phrase-in-Context Dataset,Material,2023
canon_Material_01566,contextual Wikipedia pages,Material,2023
canon_Material_01567,Interactive Data Science Notebooks,Material,2023
canon_Material_01568,Computational notebooks,Material,2023
canon_Material_01569,Jupyter notebooks,Material,2023
canon_Material_01570,data science notebooks,Material,2023
canon_Material_01571,idiopathic,Material,2023
canon_Material_01572,IPF,Material,2023
canon_Material_01573,Doctor-Patient Encounters,Material,2023
canon_Material_01574,clinical,Material,2023
canon_Material_01575,doctor-patient conversations,Material,2023
canon_Material_01576,MTS-Dialog dataset,Material,2023
canon_Material_01577,large-scale knowledge bases,Material,2023
canon_Material_01578,Code-Switched Egyptian Arabic-English Text,Material,2023
canon_Material_01579,morphologically rich languages,Material,2023
canon_Material_01580,code-switched Arabic-English,Material,2023
canon_Material_01581,OTT-QA,Material,2023
canon_Material_01582,DailyMail benchmark,Material,2023
canon_Material_01583,WMT16 En-Ro benchmark,Material,2023
canon_Material_01584,annotated coreferences,Material,2023
canon_Material_01585,Project Dialogism Novel Corpus,Material,2023
canon_Material_01586,Financial Reports,Material,2023
canon_Material_01587,narrative financial reports,Material,2023
canon_Material_01588,summarization corpora,Material,2023
canon_Material_01589,Supportive Pretraining Data,Material,2023
canon_Material_01590,medical self-disclosure corpus,Material,2023
canon_Material_01591,"medical, and social media sources",Material,2023
canon_Material_01592,medical self-disclosure data,Material,2023
canon_Material_01593,English tasks,Material,2023
canon_Material_01594,English and non-English tasks,Material,2023
canon_Material_01595,human-written prompt,Material,2023
canon_Material_01596,biomedical reports,Material,2023
canon_Material_01597,search engine queries,Material,2023
canon_Material_01598,"scientific, and biomedical domains",Material,2023
canon_Material_01599,human-generated examples,Material,2023
canon_Material_01600,constrained language planning dataset,Material,2023
canon_Material_01601,Coscript,Material,2023
canon_Material_01602,gender bias dataset,Material,2023
canon_Material_01603,Slo,Material,2023
canon_Material_01604,Mutlilingual Age Ordered CHILDES (,Material,2023
canon_Material_01605,MAO-CHILDES),Material,2023
canon_Material_01606,Polish,Other,2018
canon_Material_01607,BEIR benchmark,Material,2023
canon_Material_01608,Chinese NLPCC,Material,2023
canon_Material_01609,English BEA,Material,2023
canon_Material_01610,multi-modal domain,Material,2023
canon_Material_01611,large-scale e-commerce image-text data,Material,2023
canon_Material_01612,ASAP++ dataset,Material,2023
canon_Material_01613,Semantic Textual Similarity and Transfer datasets,Material,2023
canon_Material_01614,Situational,Material,2023
canon_Material_01615,SALT,Material,2023
canon_Material_01616,Norm,Method,2023
canon_Material_01617,literary works,Material,2023
canon_Material_01618,late,Material,2023
canon_Material_01620,synthetic annotated data,Material,2023
canon_Material_01621,real-world low-resource dataset of the,Material,2023
canon_Material_01622,low-resource NER datasets,Material,2023
canon_Material_01623,written communication,Material,2023
canon_Material_01624,monolingual text,Material,2023
canon_Material_01625,code-switched language pairs,Material,2023
canon_Material_01626,Hindi-English,Material,2023
canon_Material_01627,Spanish-English,Material,2023
canon_Material_01628,Tamil-English,Material,2023
canon_Material_01629,Malayalam,Material,2023
canon_Material_01630,web page,Material,2023
canon_Material_01631,Atis,Material,2023
canon_Material_01632,empathetic dialogue,Material,2023
canon_Material_01633,ASAP,Material,2023
canon_Material_01634,TOEFL11,Material,2023
canon_Material_01635,subtle toxicity and microaggressions datasets,Material,2023
canon_Material_01636,faithful text generation datasets,Material,2023
canon_Material_01637,table reasoning datasets,Material,2023
canon_Material_01638,million-entity-level KB,Material,2023
canon_Material_01639,screencast video,Material,2023
canon_Material_01640,automatically-generated summaries,Material,2023
canon_Material_01641,model-generated summaries,Material,2023
canon_Material_01642,long-form summarization datasets,Material,2023
canon_Material_01643,SQuALITY,Material,2023
canon_Material_01644,pseudo,Other,2019
canon_Material_01645,Codes,Material,2023
canon_Material_01646,knowledge data,Material,2023
canon_Material_01647,Bilingual Communities,Material,2023
canon_Material_01648,Perso-Arabic,Material,2023
canon_Material_01649,music scores,Material,2023
canon_Material_01650,music audio,Material,2023
canon_Material_01651,partially-finished lyrics,Material,2023
canon_Material_01652,Information Source Annotation,Material,2023
canon_Material_01653,natural language contents,Material,2023
canon_Material_01654,subscription-based media outlets,Material,2023
canon_Material_01655,Subjective Data,Material,2023
canon_Material_01656,Gab,Material,2023
canon_Material_01657,Facebook,Material,2023
canon_Material_01658,READIN,Material,2023
canon_Material_01659,READ,Material,2023
canon_Material_01660,SiM,Method,2020
canon_Material_01661,Task-oriented Multimodal Dialog Dataset,Material,2023
canon_Material_01662,Situated and Immersive VR Streams,Material,2023
canon_Material_01663,SIMMC-2,Material,2023
canon_Material_01664,video-grounded task-oriented dialog dataset,Material,2023
canon_Material_01665,segment-level daRR and MQM datasets,Material,2023
canon_Material_01666,real-world patients’ clinical data,Material,2023
canon_Material_01667,molecular profiles,Material,2023
canon_Material_01668,human-written natural language statements,Material,2023
canon_Material_01669,PhotoBook Referential Game,Material,2023
canon_Material_01670,PhotoBook,Material,2023
canon_Material_01671,collaborative dialogue game,Material,2023
canon_Material_01672,COVID-19 Treatments,Material,2023
canon_Material_01673,social media messages,Material,2023
canon_Material_01674,raw user-generated content,Material,2023
canon_Material_01675,two-party conversational data,Material,2023
canon_Material_01676,multi-party dialogue datasets,Material,2023
canon_Material_01677,Hyperbol,Other,2023
canon_Material_01678,HYPO dataset,Material,2023
canon_Material_01679,test-time data,Material,2023
canon_Material_01680,biomedical RE benchmarks,Material,2023
canon_Material_01681,ChemProt,Material,2023
canon_Material_01682,DDI,Material,2023
canon_Material_01683,GAD,Material,2023
canon_Material_01684,LiveChat,Material,2023
canon_Material_01685,Large-Scale Personalized Dialogue Dataset,Material,2023
canon_Material_01686,large-scale social media data,Material,2023
canon_Material_01687,Weibo,Material,2023
canon_Material_01688,LiveChat dataset,Material,2023
canon_Material_01689,real-life Chinese dialogues,Material,2023
canon_Material_01690,Live,Material,2023
canon_Material_01691,live videos,Material,2023
canon_Material_01692,supervised and few-shot settings,Material,2023
canon_Material_01693,challenge sets,Material,2023
canon_Material_01694,hate speech classification datasets,Material,2023
canon_Material_01695,hand-crafted taxonomic sentences,Material,2023
canon_Material_01696,movie page,Material,2023
canon_Material_01697,textual sources,Material,2023
canon_Material_01698,WebSRC,Material,2023
canon_Material_01699,Common Crawl benchmarks,Material,2023
canon_Material_01700,general-purpose domains,Material,2023
canon_Material_01701,MIMIC-III dataset,Material,2023
canon_Material_01702,IndicCorp,Material,2023
canon_Material_01703,i,Other,2020
canon_Material_01704,compositional generalization semantic parsing datasets,Material,2023
canon_Material_01705,text) machine translation (MT) data,Material,2023
canon_Material_01706,CodeClarQA,Material,2023
canon_Material_01707,contrastive test set,Material,2023
canon_Material_01708,textual descriptions,Material,2024
canon_Material_01709,human-annotated preference data,Material,2024
canon_Material_01710,multilingual human preference data,Material,2024
canon_Material_01711,preference data,Material,2024
canon_Material_01712,multilingual parallel corpora,Material,2024
canon_Material_01713,temporally-ordered speaker utterances,Material,2024
canon_Material_01714,textual utterances,Material,2024
canon_Material_01715,Global Gallery,Material,2024
canon_Material_01716,dominant language data,Material,2024
canon_Material_01717,GeoMLaMA benchmark,Material,2024
canon_Material_01718,CAMeL dataset,Material,2024
canon_Material_01719,large-scale NLG evaluation corpus NLG-Eval,Material,2024
canon_Material_01720,self-generated data,Material,2024
canon_Material_01721,language data,Material,2024
canon_Material_01722,FCM-filtered citation data,Material,2024
canon_Material_01723,ALCE few-shot citation benchmark,Material,2024
canon_Material_01724,fully-annotated data,Material,2024
canon_Material_01725,biomedical corpora,Material,2024
canon_Material_01726,PDF formats,Material,2024
canon_Material_01727,py,Method,2020
canon_Material_01728,thi,Material,2024
canon_Material_01729,Culturally Relevant Commonsense QA Data,Material,2024
canon_Material_01730,Sundanese,Material,2024
canon_Material_01731,Sundanese languages,Material,2024
canon_Material_01732,Sund,Material,2024
canon_Material_01733,Sundanese dataset,Material,2024
canon_Material_01734,in-distribution,Material,2024
canon_Material_01735,User Reported Scenarios (,Material,2024
canon_Material_01736,URS) dataset,Material,2024
canon_Material_01737,Scientific Paper Edits,Material,2024
canon_Material_01738,peer feedback,Material,2024
canon_Material_01739,review comments,Material,2024
canon_Material_01740,computer science,Task,2018
canon_Material_01741,cross-lingual test data,Material,2024
canon_Material_01742,Thai language,Material,2024
canon_Material_01743,annotated joint CR and ZPR dataset,Material,2024
canon_Material_01744,RE-DocRED dataset,Material,2024
canon_Material_01745,ASQA,Material,2024
canon_Material_01746,audio-classification datasets,Material,2024
canon_Material_01747,large-scale open parallel corpus,Material,2024
canon_Material_01748,Crawl,Material,2024
canon_Material_01749,document-level datasets,Material,2024
canon_Material_01750,Open Corpus,Material,2024
canon_Material_01751,web content,Material,2024
canon_Material_01752,public-domain books,Material,2024
canon_Material_01753,encyclopedic materials,Material,2024
canon_Material_01756,ClimRetrieve,Material,2024
canon_Material_01757,Corporate Climate Disclosures,Material,2024
canon_Material_01758,qualitative data,Material,2024
canon_Material_01759,corporate climate communication,Material,2024
canon_Material_01760,sustainability reports,Material,2024
canon_Material_01761,climate change communication,Material,2024
canon_Material_01762,social media discourse,Material,2024
canon_Material_01763,open-end,Material,2024
canon_Material_01764,WikiAtomic,Material,2024
canon_Material_01765,clean,Method,2019
canon_Material_01766,semi-structured texts,Material,2024
canon_Material_01767,Chinese Private Lending),Material,2024
canon_Material_01768,real-world legal academic project,Material,2024
canon_Material_01769,AI-generated images,Material,2024
canon_Material_01770,syntactic and semantic parsing datasets,Material,2024
canon_Material_01771,misinformation,Other,2021
canon_Material_01772,targeted speech,Material,2024
canon_Material_01773,contrastive data,Material,2024
canon_Material_01774,Digital Humanities,Material,2024
canon_Material_01775,"ASQA,",Material,2024
canon_Material_01776,ELI5,Material,2024
canon_Material_01777,QAMPARI datasets,Material,2024
canon_Material_01778,"Speech, Text and Visual Modalities",Material,2024
canon_Material_01779,dialogue history,Other,2019
canon_Material_01780,"speech, text, and image examples",Material,2024
canon_Material_01781,Voice Interfaces,Material,2024
canon_Material_01782,Metaphor,Other,2019
canon_Material_01783,fig,Other,2019
canon_Material_01784,multilingual parallel metaphor corpus,Material,2024
canon_Material_01785,Korean mental health dataset,Material,2024
canon_Material_01786,KoMOS,Material,2024
canon_Material_01787,KGs,Other,2019
canon_Material_01788,sign language data,Material,2024
canon_Material_01789,large-scale web-scraped datasets,Material,2024
canon_Material_01790,anonymized and unannotated videos,Material,2024
canon_Material_01791,curated parallel dataset,Material,2024
canon_Material_01792,audio inputs,Material,2024
canon_Material_01793,transcribed text,Material,2024
canon_Material_01794,OpenWebText,Material,2024
canon_Material_01795,ChatGPT,Method,2023
canon_Material_01796,hol,Material,2024
canon_Material_01797,language varieties,Material,2024
canon_Material_01798,NLG resources,Material,2024
canon_Material_01799,Language Learners’ English Essays and Feedback Corpus,Material,2024
canon_Material_01800,English essays,Material,2024
canon_Material_01801,essayforum,Material,2024
canon_Material_01802,LEAF corpus,Material,2024
canon_Material_01803,ECB+ and GVC corpora,Material,2024
canon_Material_01804,AIDA Phase 1 corpus,Material,2024
canon_Material_01805,visual question answering benchmarks,Material,2024
canon_Material_01806,reward-weighted augmented data,Material,2024
canon_Material_01807,Gb,Material,2024
canon_Material_01808,virtual,Material,2024
canon_Material_01809,Rewrite and proofread tasks,Material,2024
canon_Material_01810,human-labeled golden set,Material,2024
canon_Material_01811,Google,Material,2024
canon_Material_01812,kN,Other,2019
canon_Material_01813,synthetic images,Material,2024
canon_Material_01814,online communities,Material,2024
canon_Material_01815,political speech,Material,2024
canon_Material_01816,PoliC,Material,2024
canon_Material_01817,claim detection dataset,Material,2024
canon_Material_01818,English Genre,Material,2024
canon_Material_01819,entity salience dataset,Material,2024
canon_Material_01820,human summaries,Material,2024
canon_Material_01821,eCommerce platforms,Material,2024
canon_Material_01822,COPES dataset,Material,2024
canon_Material_01823,sensor data sequences,Material,2024
canon_Material_01824,visualized sensor data,Material,2024
canon_Material_01825,Portable Document Format,Material,2024
canon_Material_01826,digital documents,Material,2024
canon_Material_01827,PDF-centric datasets,Material,2024
canon_Material_01828,MultiWOZ and,Material,2024
canon_Material_01829,Schema-Guided Dialog datasets,Material,2024
canon_Material_01830,long-context question-answering datasets,Material,2024
canon_Material_01831,English grade-level simplification dataset,Material,2024
canon_Material_01832,female-,Material,2024
canon_Material_01833,Household Activities,Material,2024
canon_Material_01834,Amazon-MRHP dataset,Material,2024
canon_Material_01835,Judicial Citations,Material,2024
canon_Material_01836,Legal Passage Retrieval Dataset,Material,2024
canon_Material_01837,sentence-level parallel data,Material,2024
canon_Material_01838,semi-structured documents,Material,2024
canon_Material_01839,Arabic,Other,2024
canon_Material_01840,English verb,Material,2024
canon_Material_01841,Tri,Material,2024
canon_Material_01842,Logic Grid Puzzle,Material,2024
canon_Material_01843,Multilingual Corpus of Minority Languages,Material,2024
canon_Material_01844,Kazakh Arabic script,Material,2024
canon_Material_01845,static datasets,Material,2024
canon_Material_01846,queer-related content,Material,2024
canon_Material_01847,CoTErrorSet,Material,2024
canon_Material_01848,ASAP corpus,Material,2024
canon_Material_01849,persuasive student essays,Material,2024
canon_Material_01850,ICLE corpus,Material,2024
canon_Material_01851,cloud-based data,Material,2024
canon_Material_01852,moral events,Other,2024
canon_Material_01853,query-corpus paired data,Material,2024
canon_Material_01854,"English, multilingual, and multimodal retrieval datasets",Material,2024
canon_Material_01855,Human gaze data,Material,2024
canon_Material_01856,big data,Material,2024
canon_Material_01857,healthcare domain,Material,2024
canon_Material_01858,Chinese medical domain,Material,2024
canon_Material_01859,slides,Material,2024
canon_Material_01860,SciDuet dataset,Material,2024
canon_Material_01861,ACL conferences,Material,2024
canon_Material_01862,qui,Material,2024
canon_Material_01863,"literary, legal, and financial test sets",Material,2024
canon_Material_01864,literary contexts,Material,2024
canon_Material_01866,transaction dataset,Material,2024
canon_Material_01868,Mandarin and,Material,2024
canon_Material_01869,Vietnamese,Material,2024
canon_Material_01870,non-tonal languages,Material,2024
canon_Material_01872,Chinese Spelling Check Dataset,Material,2024
canon_Material_01873,Chinese social platform,Material,2024
canon_Material_01874,CSC datasets,Material,2024
canon_Material_01875,Chinese learners,Material,2024
canon_Material_01876,Narrative,Other,2018
canon_Material_01877,LLM summaries,Material,2024
canon_Material_01878,MS MARCO V1 dataset,Material,2024
canon_Material_01879,TREC Deep Learning Tracks query sets,Material,2024
canon_Material_01880,short text datasets,Material,2024
canon_Material_01881,internet,Material,2024
canon_Material_01882,citation meta-data,Material,2024
canon_Material_01883,ambiguous multi-hop QA dataset,Material,2024
canon_Material_01884,Python dataset,Material,2024
canon_Material_01885,REC,Task,2022
canon_Material_01886,cEval,Material,2024
canon_Material_01887,multimodal evaluation datasets,Material,2024
canon_Material_01888,unimodal datasets,Material,2024
canon_Material_01889,video or text,Material,2024
canon_Material_01890,real world financial news dataset,Material,2024
canon_Material_01891,seen and unseen tasks,Material,2024
canon_Material_01892,text transcripts,Material,2024
canon_Material_01893,DAIC-WOZ dataset,Material,2024
canon_Material_01894,Arabic text,Material,2024
canon_Material_01895,novels,Material,2024
canon_Material_01896,children’s books,Material,2024
canon_Material_01897,po,Material,2024
canon_Material_01898,etry,Material,2024
canon_Material_01899,political documents,Material,2024
canon_Material_01900,ChatGPT outputs,Material,2024
canon_Material_01901,vision-language feedback dataset,Material,2024
canon_Material_01902,MMHal,Material,2024
canon_Material_01903,parallel training data,Material,2024
canon_Material_01904,translation training data,Material,2024
canon_Material_01905,"multi-class, sparsely annotated datasets",Material,2024
canon_Material_01906,multi-class classification datasets,Material,2024
canon_Material_01907,vulnerability reports,Material,2024
canon_Material_01908,Java,Material,2024
canon_Material_01909,JS,Method,2021
canon_Material_01910,Multimodal Summarization Dataset,Material,2024
canon_Material_01911,Wikipedia sections,Material,2024
canon_Material_01912,amazon-,Material,2024
canon_Method_00003,language models,Method,2018
canon_Method_00004,large language models (,Method,2020
canon_Method_00007,neural models,Method,2018
canon_Method_00009,LLMs),Method,2023
canon_Method_00010,NLP models,Method,2018
canon_Method_00011,reinforcement learning,Method,2018
canon_Method_00013,MTL,Method,2020
canon_Method_00014,Meta-Transfer Learning,Method,2020
canon_Method_00015,neural networks,Method,2018
canon_Method_00016,DA,Method,2023
canon_Method_00021,T5 transformer,Method,2021
canon_Method_00022,LMs),Method,2019
canon_Method_00025,GPT-3,Method,2022
canon_Method_00026,RNNs,Method,2018
canon_Method_00027,neural language models,Method,2018
canon_Method_00029,attention mechanism,Method,2018
canon_Method_00031,LSTM,Method,2018
canon_Method_00033,student model,Method,2022
canon_Method_00034,generative models,Method,2018
canon_Method_00036,multilingual models,Method,2019
canon_Method_00037,GPT-2,Method,2019
canon_Method_00038,pretrained language models,Method,2019
canon_Method_00040,contrastive learning,Method,2020
canon_Method_00042,GPT-4,Method,2024
canon_Method_00044,NLG systems,Method,2018
canon_Method_00045,GPT,Method,2019
canon_Method_00047,end-,Method,2018
canon_Method_00049,NMT models,Method,2018
canon_Method_00050,adversarial training,Method,2018
canon_Method_00051,Transformer-based models,Method,2018
canon_Method_00052,MLLMs,Method,2023
canon_Method_00053,dialogue agents,Method,2018
canon_Method_00054,sequence-to-sequence model,Method,2018
canon_Method_00055,character-level models,Method,2018
canon_Method_00056,multilingual language models,Method,2020
canon_Method_00057,KD,Method,2021
canon_Method_00059,NAR models,Method,2022
canon_Method_00062,VIE,Method,2024
canon_Method_00063,Topic models,Method,2018
canon_Method_00064,meaning representations,Method,2018
canon_Method_00065,machine learning (,Method,2021
canon_Method_00066,LSTMs,Method,2018
canon_Method_00068,representation learning models,Method,2018
canon_Method_00069,encoder-decoder framework,Method,2018
canon_Method_00071,CNNs,Method,2018
canon_Method_00072,capsule networks,Method,2018
canon_Method_00073,evaluation framework,Method,2018
canon_Method_00074,neural network architectures,Method,2018
canon_Method_00076,RL),Method,2019
canon_Method_00077,MAT,Method,2020
canon_Method_00078,INF,Method,2020
canon_Method_00080,pretrained models,Method,2020
canon_Method_00081,BPE,Method,2020
canon_Method_00082,retriever,Method,2021
canon_Method_00083,ACLM,Method,2023
canon_Method_00084,supervised methods,Method,2018
canon_Method_00085,self-attention mechanism,Method,2018
canon_Method_00087,baseline models,Method,2018
canon_Method_00088,span representations,Method,2018
canon_Method_00089,neural approaches,Method,2018
canon_Method_00090,RE models,Method,2018
canon_Method_00091,ELMo,Method,2018
canon_Method_00092,word representations,Method,2018
canon_Method_00093,AL,Method,2021
canon_Method_00095,masked language models,Method,2019
canon_Method_00101,li,Method,2023
canon_Method_00102,SLMs,Method,2024
canon_Method_00103,TransAgents,Method,2024
canon_Method_00104,dialogue models,Method,2018
canon_Method_00105,RNN,Method,2018
canon_Method_00106,Seq2Seq models,Method,2018
canon_Method_00107,CNN,Method,2018
canon_Method_00108,neural network models,Method,2018
canon_Method_00109,discriminator,Method,2018
canon_Method_00110,contextualized word representations,Method,2018
canon_Method_00111,TALEN,Method,2018
canon_Method_00112,softmax,Method,2018
canon_Method_00113,learning models,Method,2018
canon_Method_00114,user simulators,Method,2019
canon_Method_00116,contextualized word embeddings,Method,2019
canon_Method_00117,imitation learning,Method,2019
canon_Method_00118,autoregressive models,Method,2019
canon_Method_00119,beam search,Method,2019
canon_Method_00122,statistical models,Method,2019
canon_Method_00124,HERO,Method,2020
canon_Method_00125,structural probe,Method,2020
canon_Method_00126,TNT,Method,2020
canon_Method_00127,CBR-KBQA,Method,2021
canon_Method_00128,LMdiff,Method,2021
canon_Method_00129,Distillation,Method,2021
canon_Method_00130,PLMs),Method,2022
canon_Method_00132,Conf,Method,2022
canon_Method_00133,DynamicToC,Method,2022
canon_Method_00135,PAR,Method,2022
canon_Method_00136,SPEAR,Method,2022
canon_Method_00138,interpretability methods,Method,2018
canon_Method_00139,Dyn,Method,2022
canon_Method_00140,ViT5,Method,2022
canon_Method_00141,Ann,Method,2022
canon_Method_00142,MVP,Method,2023
canon_Method_00143,SSD-LM,Method,2023
canon_Method_00144,PICL,Method,2023
canon_Method_00145,By,Method,2023
canon_Method_00146,Fair,Method,2023
canon_Method_00147,TemplateGEC,Method,2023
canon_Method_00148,VisKoP,Method,2023
canon_Method_00149,ARCHCODE,Method,2024
canon_Method_00150,VLMs,Method,2024
canon_Method_00151,SFT),Method,2024
canon_Method_00153,Cas,Method,2024
canon_Method_00154,ICAG,Method,2024
canon_Method_00155,ScalingFilter,Method,2024
canon_Method_00156,LC LLMs,Method,2024
canon_Method_00157,PGKD,Method,2024
canon_Method_00158,joint learning,Method,2018
canon_Method_00159,SRU,Method,2018
canon_Method_00160,Transformer model,Method,2018
canon_Method_00161,unsupervised learning,Method,2018
canon_Method_00162,neural machine translation systems,Method,2018
canon_Method_00163,dialog system,Method,2022
canon_Method_00164,gate mechanism,Method,2018
canon_Method_00165,three,Method,2018
canon_Method_00166,GEC system,Method,2018
canon_Method_00167,convolutional neural networks,Method,2018
canon_Method_00168,neural architecture,Method,2018
canon_Method_00169,machine learning models,Method,2018
canon_Method_00170,Pseudofit,Method,2018
canon_Method_00172,Band,Method,2018
canon_Method_00173,itSum,Method,2018
canon_Method_00174,KG embeddings,Method,2018
canon_Method_00175,CMM,Method,2018
canon_Method_00176,encoder-decoder model,Method,2018
canon_Method_00177,self-attentional networks,Method,2018
canon_Method_00180,bilingual word embeddings,Method,2018
canon_Method_00181,multiview embeddings,Method,2018
canon_Method_00182,computational models,Method,2019
canon_Method_00183,cross-lingual transfer learning,Method,2019
canon_Method_00185,discourse-level segmentation,Method,2019
canon_Method_00186,regularization method,Method,2019
canon_Method_00187,entity recognition models,Method,2021
canon_Method_00188,CES,Method,2019
canon_Method_00189,GEM,Method,2019
canon_Method_00191,Transformer Networks,Method,2019
canon_Method_00192,pre-trained,Method,2019
canon_Method_00195,QA model,Method,2019
canon_Method_00198,reranker,Method,2020
canon_Method_00199,MUTANT,Method,2020
canon_Method_00201,XG,Method,2020
canon_Method_00202,XLM-R,Method,2020
canon_Method_00203,Cod,Method,2020
canon_Method_00204,MFT,Method,2020
canon_Method_00205,execution engines,Method,2020
canon_Method_00206,SynSetExpan,Method,2020
canon_Method_00207,MIE,Method,2020
canon_Method_00208,MixText,Method,2020
canon_Method_00209,trained,Method,2020
canon_Method_00210,finetuning,Method,2020
canon_Method_00211,PTLMs,Method,2021
canon_Method_00212,scheduled sampling,Method,2021
canon_Method_00214,RepGraph,Method,2021
canon_Method_00215,knowledge graph (,Method,2024
canon_Method_00216,Meta-DTL,Method,2021
canon_Method_00217,BT,Method,2021
canon_Method_00218,SPARTA,Method,2021
canon_Method_00219,mB,Method,2021
canon_Method_00220,self-supervised pretraining,Method,2021
canon_Method_00221,RAD,Method,2021
canon_Method_00223,CRI,Method,2022
canon_Method_00224,transformer-based language models,Method,2022
canon_Method_00225,ef,Method,2022
canon_Method_00226,TweetNLP,Method,2022
canon_Method_00227,T5,Method,2022
canon_Method_00228,FlipDA,Method,2022
canon_Method_00229,INLP,Method,2022
canon_Method_00230,Fid,Method,2022
canon_Method_00231,DSE,Method,2022
canon_Method_00232,meta-framework,Method,2022
canon_Method_00234,Vision-Language Models,Method,2022
canon_Method_00235,mHFN,Method,2022
canon_Method_00237,Dr,Method,2022
canon_Method_00238,DECR,Method,2022
canon_Method_00239,FET,Method,2022
canon_Method_00240,multimodal models,Method,2022
canon_Method_00241,BMR,Method,2022
canon_Method_00242,SUPER,Method,2022
canon_Method_00243,Manager,Method,2023
canon_Method_00244,CoT reasoning,Method,2023
canon_Method_00245,CS,Method,2023
canon_Method_00246,text generation models,Method,2021
canon_Method_00247,Prism,Method,2023
canon_Method_00249,cross-encoders,Method,2023
canon_Method_00250,KALM,Method,2023
canon_Method_00252,CREST,Method,2023
canon_Method_00253,MaRCo,Method,2023
canon_Method_00254,BLIND,Method,2023
canon_Method_00255,XMD,Method,2023
canon_Method_00256,NBR,Method,2023
canon_Method_00257,bg,Method,2023
canon_Method_00258,CylE,Method,2023
canon_Method_00260,content planning,Method,2024
canon_Method_00261,OpenOmni,Method,2024
canon_Method_00262,text grafting,Method,2024
canon_Method_00263,PORTIA,Method,2024
canon_Method_00264,Chain-of-Thought Reasoning,Method,2024
canon_Method_00265,T-Eval,Method,2024
canon_Method_00266,RelAdapter,Method,2024
canon_Method_00267,GPST,Method,2024
canon_Method_00268,RAG),Method,2024
canon_Method_00269,MLLM,Method,2024
canon_Method_00270,AF,Method,2024
canon_Method_00271,aCTA,Method,2024
canon_Method_00272,Safety Arithmetic,Method,2024
canon_Method_00273,ATLAS,Method,2024
canon_Method_00274,LLoCO,Method,2024
canon_Method_00275,speculative sampling,Method,2024
canon_Method_00277,Vul,Method,2024
canon_Method_00278,LibGen,Method,2024
canon_Method_00279,hidden representation,Method,2018
canon_Method_00280,neural representations,Method,2018
canon_Method_00281,dDMR,Method,2018
canon_Method_00282,LDA,Method,2018
canon_Method_00283,deep models,Method,2018
canon_Method_00284,convolutional models,Method,2018
canon_Method_00286,filtering models,Method,2018
canon_Method_00287,translation models,Method,2018
canon_Method_00288,QA systems,Method,2018
canon_Method_00289,residualized factor adaptation,Method,2018
canon_Method_00291,deep learning architecture,Method,2018
canon_Method_00292,coarse-to-fine approach,Method,2018
canon_Method_00294,variational inference,Method,2018
canon_Method_00296,natural language processing (NLP) models,Method,2018
canon_Method_00297,NLPf,Method,2018
canon_Method_00298,annotation tool,Method,2018
canon_Method_00299,search engine,Method,2018
canon_Method_00300,RESIDE,Method,2018
canon_Method_00301,base model,Method,2018
canon_Method_00302,recurrent neural network language models,Method,2018
canon_Method_00303,NMT systems,Method,2018
canon_Method_00305,PL,Method,2018
canon_Method_00307,ensemble model,Method,2018
canon_Method_00308,logic reasoning,Method,2022
canon_Method_00310,document representation,Method,2018
canon_Method_00311,GraphBTM,Method,2018
canon_Method_00312,BTM,Method,2018
canon_Method_00313,args.me,Method,2018
canon_Method_00314,attention model,Method,2018
canon_Method_00315,deep learning model,Method,2018
canon_Method_00318,end-to-end models,Method,2018
canon_Method_00319,summarization systems,Method,2018
canon_Method_00320,NLRA,Method,2018
canon_Method_00322,supervised training,Method,2018
canon_Method_00323,constrained decoding,Method,2018
canon_Method_00324,natural language processing techniques,Method,2018
canon_Method_00326,continual learning,Method,2019
canon_Method_00327,DIVINE,Method,2019
canon_Method_00328,RL-based methods,Method,2019
canon_Method_00329,sentence-level representations,Method,2018
canon_Method_00330,language representation model,Method,2018
canon_Method_00331,RRNs,Method,2019
canon_Method_00332,ATI,Method,2019
canon_Method_00333,ADVISER,Method,2019
canon_Method_00334,text classifier,Method,2019
canon_Method_00336,graph convolutional networks (,Method,2018
canon_Method_00337,GCNs),Method,2019
canon_Method_00338,gradient-based optimization,Method,2019
canon_Method_00339,pipelined system,Method,2018
canon_Method_00340,cyclical annealing schedule,Method,2019
canon_Method_00341,auto-sizing,Method,2019
canon_Method_00342,MSR,Method,2023
canon_Method_00343,CDA,Method,2019
canon_Method_00345,task-oriented dialog ToD systems,Method,2022
canon_Method_00346,discriminative model,Method,2019
canon_Method_00347,sentence encoders,Method,2018
canon_Method_00348,AS,Method,2019
canon_Method_00350,task-specific models,Method,2019
canon_Method_00352,decoding methods,Method,2019
canon_Method_00353,fact verification models,Method,2019
canon_Method_00354,multi-task learning method,Method,2019
canon_Method_00355,SIVAE,Method,2019
canon_Method_00356,character representations,Method,2019
canon_Method_00357,Multilingual BERT (,Method,2020
canon_Method_00359,figurative usage detection,Method,2019
canon_Method_00360,NLP techniques,Method,2019
canon_Method_00361,hybrid approach,Method,2019
canon_Method_00362,Shift-AET,Method,2020
canon_Method_00363,parsers,Method,2020
canon_Method_00364,Text-to-SQL Parsers,Method,2020
canon_Method_00366,natural language inference models,Method,2023
canon_Method_00367,fewshot learning,Method,2022
canon_Method_00368,DT,Method,2020
canon_Method_00369,QT,Method,2020
canon_Method_00371,SelfORE,Method,2020
canon_Method_00372,PlotMachines,Method,2020
canon_Method_00373,label smoothing,Method,2020
canon_Method_00375,event classifier,Method,2020
canon_Method_00376,NMN,Method,2020
canon_Method_00378,sentence meta-embeddings,Method,2020
canon_Method_00379,KGAT,Method,2020
canon_Method_00380,BENTO,Method,2020
canon_Method_00381,aLab,Method,2020
canon_Method_00382,neural topic model,Method,2020
canon_Method_00383,minimum risk training,Method,2020
canon_Method_00384,meta-learner,Method,2020
canon_Method_00385,SB,Method,2020
canon_Method_00387,Baby,Method,2020
canon_Method_00388,summarization model,Method,2020
canon_Method_00389,training strategy,Method,2020
canon_Method_00390,SeqMix,Method,2020
canon_Method_00391,data augmentation method,Method,2020
canon_Method_00392,AxCell,Method,2020
canon_Method_00393,MIMIC,Method,2020
canon_Method_00394,selective mechanism,Method,2020
canon_Method_00395,SANs,Method,2020
canon_Method_00396,memory module,Method,2020
canon_Method_00397,Masker,Method,2020
canon_Method_00398,Torch-Struct,Method,2020
canon_Method_00399,transformer architectures,Method,2020
canon_Method_00401,multi-tasking,Method,2020
canon_Method_00402,decoders,Method,2020
canon_Method_00404,HGCN4MeSH,Method,2020
canon_Method_00405,BPE-dropout,Method,2020
canon_Method_00406,MN-GMN,Method,2020
canon_Method_00407,FlowPrior,Method,2021
canon_Method_00408,self-training,Method,2021
canon_Method_00409,mSVDD,Method,2021
canon_Method_00410,STAR,Method,2021
canon_Method_00411,HTCInfoMax,Method,2021
canon_Method_00412,contextualised embedding model,Method,2021
canon_Method_00413,NL-EDIT,Method,2021
canon_Method_00414,model architectures,Method,2018
canon_Method_00415,BART model,Method,2019
canon_Method_00417,CSC,Method,2021
canon_Method_00418,CHMM,Method,2021
canon_Method_00419,contextual language models,Method,2021
canon_Method_00420,Neural Path Hunter,Method,2021
canon_Method_00421,PRI,Method,2021
canon_Method_00422,prompt-based fine-tuning,Method,2021
canon_Method_00423,Lattice-BERT,Method,2021
canon_Method_00424,attribution methods,Method,2021
canon_Method_00425,LayoutReader,Method,2021
canon_Method_00426,BanditMTL,Method,2021
canon_Method_00427,neural retrieval model,Method,2021
canon_Method_00428,UNIMO,Method,2021
canon_Method_00429,CONAN,Method,2021
canon_Method_00430,OSCaR,Method,2021
canon_Method_00431,SEG-Net,Method,2021
canon_Method_00433,SCCL,Method,2021
canon_Method_00434,deep neural models,Method,2018
canon_Method_00435,BPR,Method,2021
canon_Method_00436,DPR,Method,2021
canon_Method_00437,ReasonBert,Method,2021
canon_Method_00438,XL,Method,2021
canon_Method_00439,Query2Prod2Vec,Method,2021
canon_Method_00440,turn-based model,Method,2019
canon_Method_00441,iACE,Method,2022
canon_Method_00442,EmpHi,Method,2022
canon_Method_00443,teacher model,Method,2021
canon_Method_00444,stopes,Method,2022
canon_Method_00445,PP-VQA,Method,2022
canon_Method_00446,ASR system,Method,2022
canon_Method_00447,DocRE models,Method,2022
canon_Method_00448,ADV,Method,2022
canon_Method_00449,WeD,Method,2022
canon_Method_00450,liBERT,Method,2022
canon_Method_00451,CREATER,Method,2022
canon_Method_00452,ADDMU,Method,2022
canon_Method_00453,AED methods,Method,2022
canon_Method_00454,Authorship Obfuscation Techniques,Method,2022
canon_Method_00455,ConReader,Method,2022
canon_Method_00456,HiURE,Method,2022
canon_Method_00457,HTNN,Method,2022
canon_Method_00458,dialogue representations,Method,2022
canon_Method_00459,FS,Method,2022
canon_Method_00460,extraction,Method,2022
canon_Method_00462,GPT-,Method,2022
canon_Method_00463,statistical,Method,2021
canon_Method_00464,RAAT,Method,2022
canon_Method_00465,EM Pre-training,Method,2023
canon_Method_00466,SentBS,Method,2022
canon_Method_00467,graph neural network,Method,2020
canon_Method_00468,BotsTalk,Method,2022
canon_Method_00469,atask,Method,2022
canon_Method_00470,OIE systems,Method,2019
canon_Method_00471,AdSPT,Method,2022
canon_Method_00472,continu,Method,2022
canon_Method_00473,SimQA,Method,2022
canon_Method_00474,EG,Method,2022
canon_Method_00475,StableMoE,Method,2022
canon_Method_00476,dynamic matching network,Method,2022
canon_Method_00477,CoSHC,Method,2022
canon_Method_00478,DynaMaR,Method,2022
canon_Method_00479,PWEs,Method,2022
canon_Method_00481,error model,Method,2023
canon_Method_00483,EX,Method,2023
canon_Method_00484,causal intervention,Method,2023
canon_Method_00485,GLC,Method,2023
canon_Method_00486,downstream models,Method,2019
canon_Method_00487,social influence dialogue systems,Method,2023
canon_Method_00488,linear decomposition,Method,2023
canon_Method_00489,BOL,Method,2023
canon_Method_00490,data augmentation techniques,Method,2023
canon_Method_00491,CovRelex-SE,Method,2023
canon_Method_00493,Citizen Science,Method,2023
canon_Method_00494,MidMed,Method,2023
canon_Method_00495,BERM,Method,2023
canon_Method_00496,GPT5,Method,2023
canon_Method_00497,WACO,Method,2023
canon_Method_00499,TAG,Method,2023
canon_Method_00500,PRIME,Method,2023
canon_Method_00502,MLS,Method,2023
canon_Method_00504,ReM,Method,2023
canon_Method_00505,adversarial purification,Method,2019
canon_Method_00506,DNC,Method,2023
canon_Method_00507,Z-Code++,Method,2023
canon_Method_00508,FashionKLIP,Method,2023
canon_Method_00509,TabQA,Method,2023
canon_Method_00510,CELDA,Method,2023
canon_Method_00511,lGym,Method,2023
canon_Method_00512,TIPE,Method,2023
canon_Method_00513,Doc,Method,2023
canon_Method_00514,DuNST,Method,2023
canon_Method_00515,HyperMoE,Method,2024
canon_Method_00518,DOCMASTER,Method,2024
canon_Method_00519,CausalGym,Method,2024
canon_Method_00520,XLT,Method,2024
canon_Method_00521,DPA,Method,2024
canon_Method_00522,SafeDecoding,Method,2024
canon_Method_00523,Flame,Method,2024
canon_Method_00524,RECIPE,Method,2024
canon_Method_00525,SPARK,Method,2024
canon_Method_00526,supervised fine-tuning (,Method,2024
canon_Method_00527,CoCA,Method,2024
canon_Method_00528,LLM),Method,2024
canon_Method_00529,RAG,Method,2024
canon_Method_00530,Che,Method,2024
canon_Method_00531,GenCo,Method,2024
canon_Method_00532,sub-sentence encoder,Method,2024
canon_Method_00533,OpenToM,Method,2024
canon_Method_00534,RED,Method,2024
canon_Method_00535,ATM,Method,2024
canon_Method_00536,Multimodal Large Language Models (,Method,2024
canon_Method_00537,X-ELM,Method,2024
canon_Method_00538,policy model,Method,2024
canon_Method_00539,SPP,Method,2024
canon_Method_00541,Stable,Method,2024
canon_Method_00542,ASA,Method,2024
canon_Method_00543,LE++,Method,2024
canon_Method_00544,ChiMed-GPT,Method,2024
canon_Method_00545,Xin,Method,2024
canon_Method_00546,ference,Method,2024
canon_Method_00548,MBR decoding,Method,2024
canon_Method_00549,aCo,Method,2024
canon_Method_00550,Multilingual Instruction Tuning,Method,2024
canon_Method_00551,BIP-ALM,Method,2024
canon_Method_00553,DC-Instruct,Method,2024
canon_Method_00554,INFO-RAG,Method,2024
canon_Method_00555,LAND,Method,2024
canon_Method_00556,eRMT,Method,2024
canon_Method_00559,re-deduced inference algorithms,Method,2018
canon_Method_00560,sparsity-enhanced topic model,Method,2018
canon_Method_00561,context representation,Method,2018
canon_Method_00562,gloss representation,Method,2018
canon_Method_00563,NLP methods,Method,2018
canon_Method_00564,probabilistic graphical models,Method,2018
canon_Method_00565,DMR,Method,2018
canon_Method_00566,Denoising Autoencoder,Method,2018
canon_Method_00567,deep learning techniques,Method,2018
canon_Method_00568,Tensor Decomposition,Method,2018
canon_Method_00569,preposition embeddings,Method,2018
canon_Method_00571,Self-Attentive Model,Method,2018
canon_Method_00572,subword models,Method,2018
canon_Method_00573,dual-FOFE,Method,2018
canon_Method_00574,NNLMs,Method,2018
canon_Method_00575,logistic regression models,Method,2018
canon_Method_00576,morphological analyzers,Method,2018
canon_Method_00577,IntNet,Method,2018
canon_Method_00578,neural network-based approaches,Method,2018
canon_Method_00580,Paragraph Ranker,Method,2018
canon_Method_00582,InferLite,Method,2018
canon_Method_00583,Continuous Representations,Method,2018
canon_Method_00584,machine learning techniques,Method,2018
canon_Method_00586,bidirectional long short-term memory networks,Method,2018
canon_Method_00587,latent variable grammars,Method,2018
canon_Method_00588,LVeGs,Method,2018
canon_Method_00589,Gaussian mixtures,Method,2018
canon_Method_00590,GM-LVeGs,Method,2018
canon_Method_00591,Debiasing Methods,Method,2018
canon_Method_00592,Word embedding models,Method,2018
canon_Method_00595,reading comprehension model,Method,2018
canon_Method_00596,DGMs,Method,2018
canon_Method_00597,learning algorithms,Method,2018
canon_Method_00598,Subword-Aware Neural Language Models,Method,2018
canon_Method_00599,GANs,Method,2018
canon_Method_00600,pragmatic inference,Method,2018
canon_Method_00601,command-line tool,Method,2018
canon_Method_00602,Contextual Augmentation,Method,2018
canon_Method_00603,neural image captioning systems,Method,2018
canon_Method_00604,evaluator,Method,2018
canon_Method_00605,attention component,Method,2018
canon_Method_00606,holistic approach,Method,2018
canon_Method_00607,Token-level and sequence-level loss smoothing,Method,2018
canon_Method_00608,maximum likelihood estimation,Method,2018
canon_Method_00609,RT,Method,2023
canon_Method_00610,SEAs,Method,2018
canon_Method_00611,IntentCapsNet,Method,2018
canon_Method_00612,sememe-based linguistic knowledge bases,Method,2018
canon_Method_00613,variational autoencoders (,Method,2018
canon_Method_00614,single-task model,Method,2018
canon_Method_00615,triplet network,Method,2018
canon_Method_00616,Context-Sensitive Convolutional Filters,Method,2018
canon_Method_00617,meta network,Method,2018
canon_Method_00618,context-sensitive filters,Method,2018
canon_Method_00619,deep learning approaches,Method,2018
canon_Method_00620,Cascaded Mutual Modulation,Method,2018
canon_Method_00622,SGNNs,Method,2018
canon_Method_00623,adaptation method,Method,2018
canon_Method_00624,Multi-lingual Multi-task Architecture,Method,2018
canon_Method_00625,transfer and,Method,2018
canon_Method_00626,textual entailment models,Method,2018
canon_Method_00627,8,Method,2018
canon_Method_00628,recursive neural models,Method,2018
canon_Method_00629,BTM),Method,2018
canon_Method_00631,Neural Machine Translation Architectures,Method,2018
canon_Method_00632,Language Embeddings,Method,2018
canon_Method_00633,DR-BiLSTM,Method,2018
canon_Method_00634,memory network,Method,2018
canon_Method_00635,probabilistic models,Method,2018
canon_Method_00636,Dynamic Routing,Method,2018
canon_Method_00637,evaluation protocols,Method,2018
canon_Method_00639,CBT,Method,2018
canon_Method_00640,illation,Method,2018
canon_Method_00641,Adversarial Domain Adaptation,Method,2018
canon_Method_00642,conversation model,Method,2018
canon_Method_00643,Universal Sentence Encoder,Method,2018
canon_Method_00644,distant supervised methods,Method,2018
canon_Method_00645,pattern-based models,Method,2018
canon_Method_00646,auto-encoders,Method,2018
canon_Method_00647,mapping module,Method,2018
canon_Method_00648,encoder-decoder architecture,Method,2018
canon_Method_00649,AD3,Method,2018
canon_Method_00650,neural and non-neural baselines,Method,2018
canon_Method_00651,computational framework,Method,2019
canon_Method_00653,Question Answering System,Method,2019
canon_Method_00654,multi-task learning framework,Method,2019
canon_Method_00655,Psycholinguistics,Method,2019
canon_Method_00656,intermediate representations,Method,2019
canon_Method_00657,IA,Method,2019
canon_Method_00658,Gradient Search,Method,2019
canon_Method_00659,Guided Dialog Policy Learning,Method,2019
canon_Method_00660,rule-based grammar,Method,2019
canon_Method_00661,BERT models,Method,2019
canon_Method_00662,information extraction models,Method,2021
canon_Method_00663,Dialog System Framework,Method,2019
canon_Method_00665,bias-aware opinion representation,Method,2019
canon_Method_00666,counterfactual attention models,Method,2019
canon_Method_00667,link prediction models,Method,2019
canon_Method_00668,adaptively sparse Transformer,Method,2019
canon_Method_00669,softmax Transformers,Method,2019
canon_Method_00670,FASPell,Method,2019
canon_Method_00671,Chinese Spell Checker,Method,2019
canon_Method_00672,Abstract Meaning Representation (,Method,2018
canon_Method_00673,AMR),Method,2019
canon_Method_00675,AHE,Method,2019
canon_Method_00676,unsupervised approaches,Method,2019
canon_Method_00678,regex,Method,2019
canon_Method_00679,neural conversation models,Method,2019
canon_Method_00680,distributional methods,Method,2019
canon_Method_00681,Word-Level Language Models,Method,2019
canon_Method_00682,Negative Lexically Constrained Decoding,Method,2019
canon_Method_00683,adversarial attack,Method,2019
canon_Method_00684,shielding methods,Method,2019
canon_Method_00686,visual storytelling models,Method,2019
canon_Method_00687,BERT),Method,2019
canon_Method_00688,embedding-based approaches,Method,2019
canon_Method_00689,latent entity and relation type representations,Method,2018
canon_Method_00690,ReDAN,Method,2019
canon_Method_00691,iterative refinement,Method,2019
canon_Method_00692,Counterfactual Data Augmentation (,Method,2019
canon_Method_00693,Names Intervention,Method,2019
canon_Method_00694,PolyResponse,Method,2019
canon_Method_00695,PolyResponse engine,Method,2019
canon_Method_00696,BiDAF,Method,2019
canon_Method_00697,Subgraph Ranking,Method,2019
canon_Method_00698,debiasing strategies,Method,2019
canon_Method_00701,BERT-based model,Method,2019
canon_Method_00702,MV-DASE,Method,2019
canon_Method_00703,generalized canonical correlation analysis (,Method,2018
canon_Method_00704,BM25,Method,2019
canon_Method_00705,CLA,Method,2019
canon_Method_00706,evaluation methods,Method,2019
canon_Method_00707,discriminative evaluators,Method,2019
canon_Method_00708,teacher network,Method,2019
canon_Method_00709,Boosting,Method,2019
canon_Method_00710,MXNet,Method,2019
canon_Method_00711,GluonNLP,Method,2019
canon_Method_00712,Hierarchical Reinforced Sequence Operation Method,Method,2019
canon_Method_00713,FI,Method,2019
canon_Method_00714,ESTA,Method,2019
canon_Method_00715,transfer learning techniques,Method,2019
canon_Method_00716,MRC model,Method,2019
canon_Method_00717,summarizer,Method,2019
canon_Method_00719,factorized model,Method,2019
canon_Method_00720,KT-NET,Method,2019
canon_Method_00721,binary classifier,Method,2019
canon_Method_00722,pre-training approach,Method,2019
canon_Method_00724,dynamic programming,Method,2019
canon_Method_00725,Ontological KGs,Method,2019
canon_Method_00726,bidirectional language models,Method,2018
canon_Method_00727,TEA,Method,2019
canon_Method_00728,SPN,Method,2019
canon_Method_00731,pointer networks,Method,2019
canon_Method_00732,NLP tools,Method,2019
canon_Method_00733,Fine-grained Topic Modeling,Method,2019
canon_Method_00734,non-contextual subword embeddings,Method,2019
canon_Method_00735,BPEmb,Method,2019
canon_Method_00738,feature augmentation-based approach,Method,2019
canon_Method_00739,Chinese Legal System,Method,2019
canon_Method_00740,IF,Method,2019
canon_Method_00741,sampling procedure,Method,2019
canon_Method_00742,annotation scheme,Method,2019
canon_Method_00743,Change,Method,2019
canon_Method_00744,hybrid system,Method,2018
canon_Method_00745,ILP,Method,2019
canon_Method_00746,Shift-Att,Method,2020
canon_Method_00747,neural baseline,Method,2020
canon_Method_00748,MC-Tailor,Method,2020
canon_Method_00749,fine-tuning approach,Method,2020
canon_Method_00750,dynamics model,Method,2020
canon_Method_00751,RAT-SQL,Method,2020
canon_Method_00752,semantic parser,Method,2020
canon_Method_00753,feature representation,Method,2018
canon_Method_00754,DistilBERT,Method,2020
canon_Method_00755,multilingual Transformer-based models,Method,2020
canon_Method_00756,pre-training techniques,Method,2020
canon_Method_00757,COD3S,Method,2020
canon_Method_00758,DSTC,Method,2020
canon_Method_00759,DT approach,Method,2019
canon_Method_00760,adaptive clustering,Method,2020
canon_Method_00761,Dynamic Plot State Tracking,Method,2020
canon_Method_00762,MACD,Method,2020
canon_Method_00763,unsupervised NMT,Method,2021
canon_Method_00764,Syn-QG,Method,2020
canon_Method_00766,Training Paradigm,Method,2020
canon_Method_00767,generative,Method,2020
canon_Method_00768,meta-embedding methods,Method,2018
canon_Method_00769,forgetting module,Method,2020
canon_Method_00771,alignment methods,Method,2020
canon_Method_00772,reading comprehension systems,Method,2020
canon_Method_00773,XLM,Method,2020
canon_Method_00774,task formulation,Method,2020
canon_Method_00775,masking strategy,Method,2020
canon_Method_00776,dimensionality reduction,Method,2020
canon_Method_00777,Facet-Aware Evaluation,Method,2020
canon_Method_00778,RoBERTa model,Method,2020
canon_Method_00780,sequence labeling approaches,Method,2019
canon_Method_00781,T5 model,Method,2020
canon_Method_00782,Clinical NLP Pipelines,Method,2020
canon_Method_00783,Negative Sampling Decoder,Method,2020
canon_Method_00785,MAD-X,Method,2020
canon_Method_00786,Adapter-Based Framework,Method,2020
canon_Method_00787,Multi-Domain Curriculum,Method,2020
canon_Method_00788,classification model,Method,2018
canon_Method_00789,CorefBERT,Method,2020
canon_Method_00790,domain-invariant representations,Method,2019
canon_Method_00791,OpusFilter,Method,2020
canon_Method_00792,Op,Method,2020
canon_Method_00793,usFilter,Method,2020
canon_Method_00794,Mutual Information Maximization,Method,2020
canon_Method_00795,Multi-Encoder,Method,2020
canon_Method_00796,beam-search-based methods,Method,2020
canon_Method_00797,G,Method,2020
canon_Method_00798,2LC,Method,2020
canon_Method_00800,Tree-Structured Neural Topic Model,Method,2020
canon_Method_00801,data augmentation approach,Method,2020
canon_Method_00802,word dropout,Method,2020
canon_Method_00803,mBERT),Method,2020
canon_Method_00804,multilingual representations,Method,2020
canon_Method_00805,Multi-Task Neural Model,Method,2020
canon_Method_00806,GPT-2 model,Method,2020
canon_Method_00807,Memory-driven Transformer,Method,2020
canon_Method_00808,Coach,Method,2020
canon_Method_00809,multi-head attention mechanism,Method,2018
canon_Method_00810,Lattice-LSTM,Method,2020
canon_Method_00811,iterative back-translation,Method,2020
canon_Method_00812,unsupervised translation models,Method,2018
canon_Method_00813,Gumbel-Softmax,Method,2020
canon_Method_00814,SSANs,Method,2020
canon_Method_00815,structure modeling,Method,2020
canon_Method_00816,machine learning systems,Method,2020
canon_Method_00817,policy shaping,Method,2020
canon_Method_00820,synonym discovery model,Method,2020
canon_Method_00821,PeTra,Method,2020
canon_Method_00822,PeTr,Method,2020
canon_Method_00823,Unsupervised Multilingual Sentence Embeddings,Method,2020
canon_Method_00824,multilingual sentence embeddings,Method,2020
canon_Method_00825,multi-task learning paradigm,Method,2020
canon_Method_00826,FEnmt,Method,2020
canon_Method_00828,KADI,Method,2020
canon_Method_00829,SoftNER model,Method,2020
canon_Method_00832,TMix,Method,2020
canon_Method_00833,Tor,Method,2020
canon_Method_00834,ch-Struct,Method,2020
canon_Method_00836,Inst,Method,2020
canon_Method_00837,aMap,Method,2020
canon_Method_00838,Penman,Method,2020
canon_Method_00839,PENMAN notation,Method,2020
canon_Method_00840,SAU-Solver,Method,2020
canon_Method_00841,SQ,Method,2020
canon_Method_00842,semi-autoregressive,Method,2020
canon_Method_00843,LSTM based encoders,Method,2020
canon_Method_00844,encoder architecture,Method,2020
canon_Method_00845,PLuGS models,Method,2020
canon_Method_00846,CWEs,Method,2020
canon_Method_00847,dictionaries,Method,2020
canon_Method_00848,Subword Regularization,Method,2020
canon_Method_00849,HENIN,Method,2020
canon_Method_00850,Reactive Supervision,Method,2020
canon_Method_00851,Conditional probing,Method,2021
canon_Method_00852,hierarchical models,Method,2021
canon_Method_00853,Game-theoretic Vocabulary Selection,Method,2021
canon_Method_00854,uni-modal SVDD,Method,2021
canon_Method_00856,DeCEMBERT,Method,2021
canon_Method_00857,Entropy Minimization,Method,2021
canon_Method_00861,structure encoder,Method,2021
canon_Method_00862,greedy search,Method,2021
canon_Method_00863,vanilla scheduled sampling,Method,2021
canon_Method_00865,CLINE,Method,2021
canon_Method_00866,deep classifier,Method,2021
canon_Method_00868,Personalized Topic Attention,Method,2021
canon_Method_00869,Hie-BART model,Method,2021
canon_Method_00871,weakly supervised training paradigm,Method,2021
canon_Method_00872,Distributed Place Representations,Method,2018
canon_Method_00873,SaLoss,Method,2021
canon_Method_00874,RoBERTa,Method,2021
canon_Method_00875,pre-editing,Method,2021
canon_Method_00876,Hierarchical Context-aware Network,Method,2021
canon_Method_00877,Lifelong Learning of,Method,2021
canon_Method_00878,self-attention layers,Method,2021
canon_Method_00879,search methods,Method,2021
canon_Method_00880,PHMOSpell,Method,2021
canon_Method_00881,Deep Structured Prediction Library,Method,2020
canon_Method_00882,expressive neural encoders,Method,2021
canon_Method_00884,TaSc,Method,2021
canon_Method_00885,Hidden Markov Model,Method,2021
canon_Method_00886,CH,Method,2021
canon_Method_00887,B-BOC,Method,2021
canon_Method_00888,autoregressive sequence labelling,Method,2021
canon_Method_00889,TextFooler,Method,2021
canon_Method_00890,image search models,Method,2021
canon_Method_00891,PRIDE,Method,2021
canon_Method_00893,translator,Method,2021
canon_Method_00894,Meta-KD,Method,2021
canon_Method_00895,SentSim,Method,2021
canon_Method_00896,CBR),Method,2021
canon_Method_00897,ML models,Method,2021
canon_Method_00898,Few-shot Learners,Method,2021
canon_Method_00899,task-agnostic method,Method,2021
canon_Method_00900,Multi-Granularity Representations,Method,2021
canon_Method_00901,token-level attributions,Method,2021
canon_Method_00902,neural retrieval,Method,2021
canon_Method_00903,Co-opNet,Method,2021
canon_Method_00904,Context-Dependent Gated Module,Method,2021
canon_Method_00905,BER,Method,2021
canon_Method_00906,xiT,Method,2021
canon_Method_00907,Early Exiting,Method,2021
canon_Method_00908,fine-tuning strategy,Method,2021
canon_Method_00909,pre-training methods,Method,2021
canon_Method_00910,question generator,Method,2019
canon_Method_00911,domain-invariant learning,Method,2021
canon_Method_00912,Single-dataset Experts,Method,2021
canon_Method_00913,Edit-based Linguistic Steganography,Method,2021
canon_Method_00914,NEEDLE,Method,2021
canon_Method_00915,BioLAMA,Method,2021
canon_Method_00916,selector,Method,2021
canon_Method_00917,neural generative methods,Method,2019
canon_Method_00918,sequence labeler,Method,2021
canon_Method_00919,Fix-Filter-Fix,Method,2021
canon_Method_00920,MultiM,Method,2021
canon_Method_00921,MultiMET,Method,2021
canon_Method_00922,NLP Leaderboards,Method,2021
canon_Method_00923,leader,Method,2021
canon_Method_00924,Sliding-Window Approach,Method,2021
canon_Method_00925,DPR),Method,2021
canon_Method_00926,transition-based model,Method,2020
canon_Method_00927,linear probing,Method,2022
canon_Method_00928,policy networks,Method,2022
canon_Method_00929,empathetic dialogue models,Method,2022
canon_Method_00930,Prix-LM,Method,2022
canon_Method_00931,Pretraining,Method,2022
canon_Method_00932,Debiasing Techniques,Method,2022
canon_Method_00933,Self-Debias,Method,2022
canon_Method_00934,ProQA,Method,2022
canon_Method_00935,Structural Prompt-based Pre-training,Method,2022
canon_Method_00936,SIEF,Method,2022
canon_Method_00937,Text-to-SQL Models,Method,2022
canon_Method_00938,MultI-ConvFiT,Method,2022
canon_Method_00939,contrastive fine-tuning,Method,2022
canon_Method_00940,KCD,Method,2022
canon_Method_00941,heterogeneous information network,Method,2022
canon_Method_00942,relational graph neural networks,Method,2022
canon_Method_00943,CogTaskonomy,Method,2022
canon_Method_00944,weak classifier,Method,2022
canon_Method_00945,Python library,Method,2022
canon_Method_00947,MedConQA,Method,2022
canon_Method_00948,medical dialogue systems,Method,2021
canon_Method_00949,PAIGE,Method,2022
canon_Method_00950,CGF,Method,2022
canon_Method_00951,text-based translation model,Method,2022
canon_Method_00952,CIAN,Method,2022
canon_Method_00953,neural LMs,Method,2022
canon_Method_00954,self-attentive parser,Method,2022
canon_Method_00956,ALCQA,Method,2022
canon_Method_00957,crowdsourcing pipeline,Method,2022
canon_Method_00958,baseline system,Method,2022
canon_Method_00959,FLONET,Method,2022
canon_Method_00960,Retrieval Augmented Generation (,Method,2022
canon_Method_00961,SA-FLONET,Method,2022
canon_Method_00962,DAR,Method,2022
canon_Method_00963,VL-CheckList,Method,2022
canon_Method_00964,VLP model,Method,2022
canon_Method_00965,causal analysis,Method,2022
canon_Method_00966,Architectural Bottleneck Principle,Method,2022
canon_Method_00967,Joint Learning of Multi-Scale Essay Representation,Method,2022
canon_Method_00968,multi-scale essay representation,Method,2022
canon_Method_00969,n-gram matching,Method,2022
canon_Method_00970,KMLMs,Method,2022
canon_Method_00971,DEC,Method,2022
canon_Method_00972,ExSum,Method,2022
canon_Method_00973,Retrieval-augmented generation models,Method,2022
canon_Method_00976,TABS,Method,2022
canon_Method_00977,contextual semantic filtering,Method,2022
canon_Method_00978,SSL),Method,2022
canon_Method_00979,graph-based models,Method,2022
canon_Method_00980,TextGCN,Method,2022
canon_Method_00981,MAB,Method,2022
canon_Method_00982,EL,Method,2022
canon_Method_00983,Iter,Method,2022
canon_Method_00984,Counterfactual Analysis,Method,2022
canon_Method_00985,Elasticsearch,Method,2022
canon_Method_00986,neural entity linking system,Method,2021
canon_Method_00987,HRQ-VAE,Method,2022
canon_Method_00988,multimodal components,Method,2022
canon_Method_00989,RoBERT,Method,2022
canon_Method_00990,DISCO,Method,2022
canon_Method_00991,ViT,Method,2022
canon_Method_00992,OI,Method,2022
canon_Method_00993,neural systems,Method,2022
canon_Method_00994,Typed entailment graphs,Method,2022
canon_Method_00995,Negative Distillation,Method,2022
canon_Method_00996,Localized Geometric Method,Method,2022
canon_Method_00997,extractive models,Method,2018
canon_Method_00998,MoE methods,Method,2021
canon_Method_00999,abstractive summarizers,Method,2020
canon_Method_01000,BART,Method,2022
canon_Method_01001,MuCoLa,Method,2022
canon_Method_01002,shared-private model,Method,2022
canon_Method_01003,text encoder,Method,2022
canon_Method_01004,KG encoder,Method,2022
canon_Method_01005,cross-stitch mechanism,Method,2022
canon_Method_01006,Deep Hashing,Method,2022
canon_Method_01007,GenSE,Method,2022
canon_Method_01008,Active Evaluation,Method,2019
canon_Method_01009,joint,Method,2022
canon_Method_01010,Dynamic Prompt with,Method,2022
canon_Method_01011,Mask Token Representation,Method,2022
canon_Method_01012,Disentangled Action Recognition,Method,2022
canon_Method_01013,visual encoder,Method,2022
canon_Method_01015,Balanced Adversarial Training,Method,2022
canon_Method_01016,self-rationalization models,Method,2022
canon_Method_01017,B-SG,Method,2022
canon_Method_01018,GEMv2,Method,2022
canon_Method_01019,Universal cross-lingual sentence embeddings,Method,2022
canon_Method_01020,mSimCSE,Method,2022
canon_Method_01021,SimCSE,Method,2022
canon_Method_01022,CSC models,Method,2023
canon_Method_01023,UniEX,Method,2023
canon_Method_01024,SD,Method,2023
canon_Method_01026,diffusion models,Method,2023
canon_Method_01027,Plug-and-Play Knowledge Injection,Method,2023
canon_Method_01028,map-tuning,Method,2023
canon_Method_01030,CoT prompting,Method,2023
canon_Method_01031,product categorization model,Method,2023
canon_Method_01032,BOLT,Method,2023
canon_Method_01034,StyleVSG,Method,2023
canon_Method_01035,InsMed,Method,2023
canon_Method_01036,rationale models,Method,2021
canon_Method_01037,Aspect Learning,Method,2023
canon_Method_01038,mT5,Method,2023
canon_Method_01040,ProgramFC,Method,2023
canon_Method_01041,IB model,Method,2023
canon_Method_01042,span reconstruction,Method,2023
canon_Method_01043,synonym generation,Method,2020
canon_Method_01044,span-based NER system,Method,2023
canon_Method_01045,top-p sampling,Method,2023
canon_Method_01046,retrieval-based methods,Method,2020
canon_Method_01047,Mildly Context-Sensitive Grammars,Method,2023
canon_Method_01048,context mixing score,Method,2023
canon_Method_01049,Interaction-Aware Network,Method,2023
canon_Method_01050,CHARD,Method,2023
canon_Method_01051,kNN-Chat,Method,2023
canon_Method_01052,tagging approaches,Method,2023
canon_Method_01053,AI text generation systems,Method,2019
canon_Method_01055,2MS,Method,2023
canon_Method_01056,Pis,Method,2023
canon_Method_01057,Incremental Algorithm,Method,2023
canon_Method_01058,Multi-DYLE,Method,2023
canon_Method_01059,DYLE,Method,2023
canon_Method_01060,textual models,Method,2023
canon_Method_01061,OLEA,Method,2023
canon_Method_01062,ARC,Method,2023
canon_Method_01063,ADE,Method,2023
canon_Method_01064,Segmentation Approaches,Method,2023
canon_Method_01065,Compare-and-contrast Multistage Pipeline,Method,2023
canon_Method_01066,CUPID,Method,2023
canon_Method_01067,Curriculum Learning Based,Method,2023
canon_Method_01068,MTF,Method,2023
canon_Method_01069,joint IE framework (,Method,2023
canon_Method_01071,Lingxi,Method,2023
canon_Method_01074,dual encoder,Method,2020
canon_Method_01075,Fashion,Method,2023
canon_Method_01076,PMAES,Method,2023
canon_Method_01077,SSCL,Method,2023
canon_Method_01079,compact model,Method,2023
canon_Method_01080,TDG,Method,2023
canon_Method_01081,factual error correction systems,Method,2021
canon_Method_01082,Pretrained Bidirectional Distillation,Method,2023
canon_Method_01083,OpenRT,Method,2023
canon_Method_01084,table pre-training models,Method,2023
canon_Method_01085,LongEval,Method,2023
canon_Method_01086,prompting,Method,2023
canon_Method_01087,knowledge representation learning (,Method,2023
canon_Method_01088,DHLK,Method,2023
canon_Method_01089,Hyperparameter Optimization Toolkit,Method,2023
canon_Method_01090,prefix-tuning,Method,2023
canon_Method_01091,prefix-propagation,Method,2023
canon_Method_01092,DA^2LM,Method,2023
canon_Method_01093,UniLG,Method,2023
canon_Method_01097,AI assistant,Method,2023
canon_Method_01098,CoL,Method,2023
canon_Method_01099,aCTC,Method,2023
canon_Method_01100,lG,Method,2023
canon_Method_01101,Multi-View Compressed Representations,Method,2023
canon_Method_01103,response generation model,Method,2023
canon_Method_01104,RBE,Method,2023
canon_Method_01105,CLMs,Method,2023
canon_Method_01106,Lens of Receptive Field Analysis,Method,2023
canon_Method_01107,relative positional embedding design,Method,2023
canon_Method_01108,ALiBi,Method,2023
canon_Method_01109,Sandwich,Method,2023
canon_Method_01110,DuN,Method,2023
canon_Method_01111,MPNNs,Method,2023
canon_Method_01112,NC,Method,2023
canon_Method_01113,DocFlat,Method,2023
canon_Method_01115,diffusion LMs,Method,2024
canon_Method_01116,SSD-2,Method,2024
canon_Method_01117,reward model,Method,2024
canon_Method_01118,Multimodal Conversational Agents,Method,2024
canon_Method_01119,Factual Consistency Models,Method,2024
canon_Method_01120,GLiNER,Method,2024
canon_Method_01121,Chat,Method,2024
canon_Method_01122,Mice,Method,2024
canon_Method_01123,GPT-4 Turbo,Method,2020
canon_Method_01124,kd-trees,Method,2024
canon_Method_01125,RLHF),Method,2024
canon_Method_01126,scalar-reward RLHF,Method,2024
canon_Method_01127,AutoRE,Method,2024
canon_Method_01128,foundation models,Method,2024
canon_Method_01129,Whi,Method,2024
canon_Method_01130,Dol,Method,2024
canon_Method_01131,human-based evaluators,Method,2019
canon_Method_01132,GPT-3.5,Method,2024
canon_Method_01133,Retrieval-and-Demonstration Approach,Method,2024
canon_Method_01134,ST models,Method,2020
canon_Method_01135,Direct Inference,Method,2024
canon_Method_01138,RLMs,Method,2024
canon_Method_01139,TKGT,Method,2024
canon_Method_01140,LVLMs,Method,2024
canon_Method_01141,Concept Over Time Analysis,Method,2024
canon_Method_01142,contrastive SSL,Method,2024
canon_Method_01143,etah,Method,2024
canon_Method_01144,knowledge distillation methods,Method,2023
canon_Method_01145,n-best Reranking,Method,2024
canon_Method_01146,RISCLIP,Method,2024
canon_Method_01147,DMO,Method,2024
canon_Method_01148,Proofread,Method,2024
canon_Method_01150,PEFT methods,Method,2024
canon_Method_01151,full parameter fine-tuning,Method,2024
canon_Method_01152,SSR,Method,2024
canon_Method_01153,communicative,Method,2024
canon_Method_01154,unidirectional language models,Method,2024
canon_Method_01155,MLLMs),Method,2024
canon_Method_01156,Nifty,Method,2024
canon_Method_01157,chemical NER models,Method,2019
canon_Method_01158,retrievers,Method,2024
canon_Method_01159,ActPlan-1K,Method,2024
canon_Method_01160,critic model,Method,2024
canon_Method_01161,document-level NMT systems,Method,2024
canon_Method_01162,LAttack,Method,2024
canon_Method_01163,CELI,Method,2024
canon_Method_01164,cross-encoder models,Method,2024
canon_Method_01165,GEval,Method,2024
canon_Method_01166,StablePrompt,Method,2024
canon_Method_01167,anchor model,Method,2024
canon_Method_01168,detection methods,Method,2024
canon_Method_01169,Hybrid-RACA,Method,2024
canon_Method_01170,client model,Method,2024
canon_Method_01171,VPTQ,Method,2024
canon_Method_01172,RoCEL,Method,2024
canon_Method_01173,MOKA,Method,2024
canon_Method_01174,Moral Knowledge Augmentation,Method,2024
canon_Method_01175,Search-Adaptor,Method,2024
canon_Method_01176,gaze module,Method,2024
canon_Method_01177,conversion process,Method,2024
canon_Method_01178,CAI,Method,2024
canon_Method_01179,MIRA,Method,2024
canon_Method_01180,Llama-,Method,2024
canon_Method_01181,Ontology Expansion,Method,2024
canon_Method_01182,DiffusionCLS,Method,2024
canon_Method_01183,Turing machines,Method,2024
canon_Method_01184,Modality-Aware Integration,Method,2024
canon_Method_01185,Xinference,Method,2024
canon_Method_01186,Multimodal Theory of Mind,Method,2024
canon_Method_01188,N-gram module,Method,2024
canon_Method_01189,MDR,Method,2024
canon_Method_01190,local search algorithm,Method,2024
canon_Method_01191,Word Analogy Testing,Method,2018
canon_Method_01192,unsupervised means,Method,2018
canon_Method_01193,word analogy test implementation,Method,2018
canon_Method_01194,Principal Component Analysis,Method,2018
canon_Method_01195,Neural Sparse Topical Coding.,Method,2018
canon_Method_01196,sparsity enhancement,Method,2018
canon_Method_01197,graphical models,Method,2018
canon_Method_01198,NSTC),Method,2018
canon_Method_01199,STC),Method,2018
canon_Method_01200,inference process,Method,2018
canon_Method_01201,back propagation,Method,2018
canon_Method_01202,neural network based framework,Method,2018
canon_Method_01203,joint encoder,Method,2018
canon_Method_01204,joint model trainer,Method,2018
canon_Method_01205,joint approach,Method,2018
canon_Method_01206,Hierarchical Co-Attention,Method,2018
canon_Method_01207,context and,Method,2018
canon_Method_01208,co-dependent representations,Method,2018
canon_Method_01209,automatic NLP techniques,Method,2018
canon_Method_01210,Supervised Domain Enablement Attention,Method,2018
canon_Method_01211,supervised enablement attention mechanism,Method,2018
canon_Method_01212,self-distillation,Method,2018
canon_Method_01213,Adversarial Propagation,Method,2018
canon_Method_01214,Zero-Shot Cross-Lingual Transfer of,Method,2018
canon_Method_01215,Semantic specialization,Method,2018
canon_Method_01216,post-processing specialization methods,Method,2018
canon_Method_01217,adversarial post-specialization method,Method,2018
canon_Method_01219,adversarial component,Method,2018
canon_Method_01220,specialization frameworks,Method,2018
canon_Method_01221,cross-lingual transfer method,Method,2018
canon_Method_01222,Large Margin Neural Language Model,Method,2018
canon_Method_01223,large margin formulation,Method,2018
canon_Method_01224,minimum-PPL training,Method,2018
canon_Method_01225,Privacy-preserving Neural Representations of,Method,2018
canon_Method_01226,deep learning systems,Method,2018
canon_Method_01227,neural text classifier,Method,2018
canon_Method_01228,cloud-based model,Method,2018
canon_Method_01229,defense methods,Method,2018
canon_Method_01230,Deep Dirichlet Multinomial Regression.,Method,2018
canon_Method_01231,document feature representations,Method,2018
canon_Method_01232,supervision,Method,2018
canon_Method_01233,LDA baseline,Method,2018
canon_Method_01234,Recurrent Units,Method,2018
canon_Method_01235,recurrent neural architectures,Method,2018
canon_Method_01236,Simple Recurrent Unit (,Method,2018
canon_Method_01237,SRU),Method,2018
canon_Method_01238,light recurrent unit,Method,2018
canon_Method_01239,cuDNN-optimized LSTM,Method,2018
canon_Method_01240,LSTM and,Method,2018
canon_Method_01241,graph reformulation of partial variable unifications,Method,2018
canon_Method_01242,linguistic common-sense knowledge bases,Method,2018
canon_Method_01243,Evidence-Aware Deep Learning,Method,2018
canon_Method_01244,feature modeling,Method,2018
canon_Method_01245,Document Embedding Enhanced,Method,2018
canon_Method_01246,Document Embedding Enhanced Bi-RNN model,Method,2018
canon_Method_01247,DEEB-RNN,Method,2018
canon_Method_01248,hierarchical and supervised attention based RNN,Method,2018
canon_Method_01249,document embedding,Method,2018
canon_Method_01250,bidirectional RNN model,Method,2018
canon_Method_01251,DEEB-RNN model,Method,2018
canon_Method_01252,sub)word-level representation,Method,2018
canon_Method_01253,word-based model,Method,2018
canon_Method_01254,character-based model,Method,2018
canon_Method_01255,Unsupervised learning of cross-lingual word embedding,Method,2018
canon_Method_01256,Context-Dependent Additive Recurrent Neural Net,Method,2018
canon_Method_01257,learning agents,Method,2018
canon_Method_01258,CARNN),Method,2018
canon_Method_01259,CARNN-based architectures,Method,2018
canon_Method_01260,information network decipherment paradigm,Method,2018
canon_Method_01261,Burst Information Networks,Method,2018
canon_Method_01262,network decipherment algorithm,Method,2018
canon_Method_01263,Global-Locally Self-Attentive Encoder,Method,2018
canon_Method_01264,Global-Locally Self-Attentive Dialogue State Tracker (,Method,2018
canon_Method_01265,GLAD),Method,2018
canon_Method_01266,global-local modules,Method,2018
canon_Method_01267,global modules,Method,2018
canon_Method_01268,GLAD,Method,2018
canon_Method_01269,Uncertainty-aware generative models,Method,2018
canon_Method_01270,discriminative individual classifiers,Method,2018
canon_Method_01271,generative probabilistic modeling approach,Method,2018
canon_Method_01272,discriminative classifier,Method,2018
canon_Method_01273,generative re-interpretation,Method,2018
canon_Method_01274,Bi-LSTMs,Method,2018
canon_Method_01275,neural-network architectures,Method,2018
canon_Method_01276,bidirectional LSTM model,Method,2018
canon_Method_01277,neural-network models,Method,2018
canon_Method_01278,Siamese Network-Based Supervised,Method,2018
canon_Method_01280,Siamese network,Method,2018
canon_Method_01281,uniform framework,Method,2018
canon_Method_01282,Context Zoom-in Network,Method,2018
canon_Method_01284,word2vec,Method,2018
canon_Method_01285,dataset-specific word representations,Method,2018
canon_Method_01286,Semantic and Neural Methods,Method,2018
canon_Method_01287,Sentence splitting,Method,2018
canon_Method_01288,splitting algorithm,Method,2018
canon_Method_01289,automatic semantic parser,Method,2018
canon_Method_01290,Splitting,Method,2018
canon_Method_01291,reinforcement learning techniques,Method,2018
canon_Method_01292,self-play,Method,2018
canon_Method_01293,context-generator,Method,2018
canon_Method_01294,joint learning methods,Method,2018
canon_Method_01295,Character-Based Neural Networks,Method,2018
canon_Method_01296,subword-level (character and character n-gram) representations,Method,2018
canon_Method_01297,Dual Fixed-Size Ordinally Forgetting Encoding (FOFE),Method,2018
canon_Method_01298,Competitive Neural Language Models,Method,2018
canon_Method_01299,fixed-size ordinally-forgetting encoding (FOFE),Method,2018
canon_Method_01300,dual-FOFE based neural network language models (,Method,2018
canon_Method_01301,NNLM),Method,2018
canon_Method_01302,FOFE counterparts,Method,2018
canon_Method_01303,FOFE,Method,2018
canon_Method_01304,dual FOFE,Method,2018
canon_Method_01305,dual-FOFE method,Method,2018
canon_Method_01306,FOFE model,Method,2018
canon_Method_01307,deep learning framework,Method,2018
canon_Method_01309,argument labeling model,Method,2018
canon_Method_01310,korder argument pruning algorithm,Method,2018
canon_Method_01311,data-collection pipeline,Method,2018
canon_Method_01312,crowd-sourcing,Method,2018
canon_Method_01313,Juman++,Method,2018
canon_Method_01314,Morphological Analysis Toolkit,Method,2018
canon_Method_01315,C++11/14 lattice-based morphological analysis library,Method,2018
canon_Method_01316,linear and recurrent neural net language models,Method,2018
canon_Method_01317,partial annotation tool,Method,2018
canon_Method_01318,automated scoring,Method,2018
canon_Method_01319,automated scoring system,Method,2018
canon_Method_01320,NLP and speech processing technologies,Method,2018
canon_Method_01321,operational,Method,2018
canon_Method_01322,Character-based neural models,Method,2018
canon_Method_01323,character models,Method,2018
canon_Method_01324,funnel-shaped wide convolutional neural architecture,Method,2018
canon_Method_01325,character embedding models,Method,2018
canon_Method_01326,Deep Pivot-Based Modeling,Method,2018
canon_Method_01327,pivot-based learning,Method,2018
canon_Method_01328,structure-aware Deep Neural Networks,Method,2018
canon_Method_01329,Neural Compositional Denotational Semantics,Method,2018
canon_Method_01330,differentiable model,Method,2018
canon_Method_01331,composition modules,Method,2018
canon_Method_01332,composition function,Method,2018
canon_Method_01333,gradient descent,Method,2018
canon_Method_01334,tree-based variants,Method,2018
canon_Method_01335,semantic parsing baseline,Method,2018
canon_Method_01336,Answer-focused and Position-aware Neural,Method,2018
canon_Method_01337,answer-focused and position-aware neural question generation model,Method,2018
canon_Method_01338,Multi-Source Syntactic Neural Machine,Method,2018
canon_Method_01339,multi-source technique,Method,2018
canon_Method_01340,hierarchical attention mechanism,Method,2018
canon_Method_01341,seq2seq and parsed baseline,Method,2018
canon_Method_01342,multi-source syntactic model,Method,2018
canon_Method_01343,parsed methods,Method,2018
canon_Method_01344,Higher-Order Syntactic Attention Network,Method,2018
canon_Method_01345,sentence compression method,Method,2018
canon_Method_01346,HiSAN),Method,2018
canon_Method_01347,HiS,Method,2018
canon_Method_01348,autoencoder framework,Method,2018
canon_Method_01349,autoencoder-generated representations,Method,2018
canon_Method_01350,universal encoder-decoder architecture,Method,2018
canon_Method_01351,machine comprehension models,Method,2018
canon_Method_01352,document retrievers,Method,2018
canon_Method_01353,information retrieval systems,Method,2018
canon_Method_01354,open-domain QA pipeline,Method,2018
canon_Method_01355,Semantic-Unit-Based Dilated Convolution,Method,2018
canon_Method_01356,sequence-to-sequence learning,Method,2018
canon_Method_01357,higher-level semantic unit representations,Method,2018
canon_Method_01358,multi-level dilated convolution,Method,2018
canon_Method_01359,hybrid attention mechanism,Method,2018
canon_Method_01360,dilated convolution,Method,2018
canon_Method_01361,attention-over-attention mechanism,Method,2018
canon_Method_01362,deterministic hierarchical models,Method,2018
canon_Method_01363,Predictive models,Method,2018
canon_Method_01364,Similarity Measures,Method,2018
canon_Method_01365,Semantic Verbal Fluency tests,Method,2018
canon_Method_01366,Neural Storyline Extraction Model,Method,2018
canon_Method_01367,parameter inference procedure,Method,2018
canon_Method_01368,Universal Sentence Representations,Method,2018
canon_Method_01369,InferSent,Method,2018
canon_Method_01370,recurrent layers,Method,2018
canon_Method_01371,temporal convolutions,Method,2018
canon_Method_01372,semantic hashing layer,Method,2018
canon_Method_01373,Deep Neural Network Sentence Level Classification Method,Method,2018
canon_Method_01374,Context-LSTM-CNN,Method,2018
canon_Method_01375,stacked CNN,Method,2018
canon_Method_01376,Adversarially Regularized Autoencoder,Method,2018
canon_Method_01377,LSTM generator,Method,2018
canon_Method_01378,Statistical Machine Translation (SMT),Method,2018
canon_Method_01379,data-driven approach,Method,2018
canon_Method_01380,generative processes,Method,2018
canon_Method_01381,rich feature extraction,Method,2018
canon_Method_01382,Sequence Models,Method,2022
canon_Method_01383,fully-differentiable approximation,Method,2018
canon_Method_01384,span-ranking architecture,Method,2018
canon_Method_01385,span-ranking approach,Method,2018
canon_Method_01386,Bifocal Attention Mechanism,Method,2018
canon_Method_01387,Gated Orthogonalization,Method,2018
canon_Method_01388,gated orthogonalization mechanism,Method,2018
canon_Method_01389,majority-class baseline,Method,2018
canon_Method_01390,ACT-R cognitive architecture,Method,2018
canon_Method_01392,source-side bridging model,Method,2018
canon_Method_01393,target-side bridging model,Method,2018
canon_Method_01394,direct bridging model,Method,2018
canon_Method_01395,Geographic Retrofitting,Method,2018
canon_Method_01396,natural language processing tools,Method,2018
canon_Method_01397,Doc2Vec,Method,2018
canon_Method_01398,continuous document representations of,Method,2018
canon_Method_01399,agglomerative clustering with,Method,2018
canon_Method_01400,sentential annotation scheme,Method,2018
canon_Method_01401,vanilla BiLSTMs,Method,2018
canon_Method_01402,Gaussian Mixture Latent Vector Grammars,Method,2018
canon_Method_01403,Latent Vector Grammars (,Method,2018
canon_Method_01404,LVeGs),Method,2018
canon_Method_01405,compositional vector grammars,Method,2018
canon_Method_01406,Gaussian Mixture LVeGs (,Method,2018
canon_Method_01407,GM-LVeGs),Method,2018
canon_Method_01408,inside-outside algorithm,Method,2018
canon_Method_01409,frame-semantic resources,Method,2018
canon_Method_01410,"rule-based,",Method,2018
canon_Method_01411,feature-rich,Method,2018
canon_Method_01412,neural coreference system,Method,2018
canon_Method_01413,data-augmentation approach,Method,2018
canon_Method_01414,word-embedding debiasing techniques,Method,2018
canon_Method_01415,Pivot Based Language Modeling,Method,2018
canon_Method_01416,pivot-based methods,Method,2018
canon_Method_01417,PBLM),Method,2018
canon_Method_01418,pivot-based and NN modeling,Method,2018
canon_Method_01419,sequential NN,Method,2018
canon_Method_01420,structure aware text classifiers,Method,2018
canon_Method_01421,Unsupervised Discrete Sentence Representation Learning,Method,2018
canon_Method_01422,VAEs),Method,2018
canon_Method_01423,DI-VAE,Method,2018
canon_Method_01424,DI-,Method,2018
canon_Method_01425,VST,Method,2018
canon_Method_01426,VAEs,Method,2018
canon_Method_01427,auto encoding,Method,2018
canon_Method_01429,SRL models,Method,2018
canon_Method_01430,in-depth error analysis,Method,2018
canon_Method_01431,Scalable Wide,Method,2018
canon_Method_01432,computer assisted solution,Method,2018
canon_Method_01433,machine learning based scalable system,Method,2018
canon_Method_01434,system architectures,Method,2018
canon_Method_01435,system combination approach,Method,2018
canon_Method_01437,fitness function,Method,2018
canon_Method_01438,evolutionary algorithm,Method,2018
canon_Method_01439,Neural Factor Graph Models,Method,2018
canon_Method_01440,cross-lingual training,Method,2018
canon_Method_01441,factorial conditional random fields,Method,2018
canon_Method_01442,neural network potentials,Method,2018
canon_Method_01443,neural network representations,Method,2018
canon_Method_01444,cross-lingual approaches,Method,2018
canon_Method_01445,ugida,Method,2018
canon_Method_01446,writing system,Method,2018
canon_Method_01447,support vector machine,Method,2018
canon_Method_01448,LSTM-based recurrent neural network,Method,2018
canon_Method_01449,end-to-end neural methods,Method,2018
canon_Method_01450,reinforcement learning approaches,Method,2018
canon_Method_01451,gated additive recurrent connections,Method,2018
canon_Method_01452,recurrent models,Method,2018
canon_Method_01453,Chinese Pin,Method,2018
canon_Method_01454,Chinese pinyin input method engine (,Method,2018
canon_Method_01455,IME),Method,2018
canon_Method_01457,core component,Method,2018
canon_Method_01458,pinyin-to-character conversion (P2C),Method,2018
canon_Method_01459,Chinese aided,Method,2018
canon_Method_01460,weakly supervised approach,Method,2018
canon_Method_01461,DGMs),Method,2018
canon_Method_01462,latent variable models,Method,2018
canon_Method_01463,variational methods,Method,2018
canon_Method_01464,Discourse Marker Augmented Network with,Method,2018
canon_Method_01465,interaction,Method,2018
canon_Method_01466,competitive character-aware model,Method,2018
canon_Method_01467,syllable- and morpheme-aware models,Method,2018
canon_Method_01468,multi-layer input embedding model,Method,2018
canon_Method_01469,morpheme-aware model,Method,2018
canon_Method_01471,word-level model,Method,2018
canon_Method_01472,Conditional Sequence Generative Adversarial Nets,Method,2018
canon_Method_01473,adversarial sub models,Method,2018
canon_Method_01474,sub models,Method,2018
canon_Method_01475,mini-max game,Method,2018
canon_Method_01476,dynamic,Method,2018
canon_Method_01477,RNNSearch,Method,2018
canon_Method_01478,NLP Lean Programming Framework,Method,2018
canon_Method_01479,NLPf),Method,2018
canon_Method_01480,software development build systems,Method,2018
canon_Method_01481,domain-specific NLP pipelines,Method,2018
canon_Method_01482,Software tools,Method,2018
canon_Method_01483,Unified Pragmatic Models,Method,2018
canon_Method_01484,pragmatics-enabled models,Method,2018
canon_Method_01485,pragmatic models,Method,2018
canon_Method_01486,base listener and speaker models,Method,2018
canon_Method_01487,pragmatic speaker,Method,2018
canon_Method_01488,listener models,Method,2018
canon_Method_01489,speaker models,Method,2018
canon_Method_01490,information-retrieval baseline,Method,2018
canon_Method_01491,supervised classification system,Method,2018
canon_Method_01492,Integer Linear Programming formulation,Method,2018
canon_Method_01493,local coreference relation classifier,Method,2018
canon_Method_01494,label-conditional architecture,Method,2018
canon_Method_01495,convolutional or recurrent neural networks,Method,2018
canon_Method_01496,principal components,Method,2018
canon_Method_01497,Show-and,Method,2018
canon_Method_01498,Distantly-supervised Relation Extraction (RE) methods,Method,2018
canon_Method_01499,deep matching model,Method,2018
canon_Method_01500,Structured Syntax-Semantics Interface,Method,2018
canon_Method_01501,expressive framework,Method,2018
canon_Method_01502,AMR alignment frameworks,Method,2018
canon_Method_01503,AMR-to-syntax aligner,Method,2018
canon_Method_01504,AMR parser,Method,2018
canon_Method_01506,LSTM (Long Short-Term Memory) language model,Method,2018
canon_Method_01507,Neural Multi-Task Learning Models,Method,2018
canon_Method_01508,neural multi-task learning architectures,Method,2018
canon_Method_01509,rhetorical classifiers,Method,2018
canon_Method_01510,extraction of argumentative components,Method,2018
canon_Method_01511,joint multi-task learning setting,Method,2018
canon_Method_01512,annotation platforms,Method,2018
canon_Method_01513,low-resource language name taggers,Method,2018
canon_Method_01514,relation extraction approaches,Method,2018
canon_Method_01515,deep learning based representation,Method,2018
canon_Method_01516,relation extraction technology,Method,2018
canon_Method_01517,coreference representation,Method,2018
canon_Method_01518,answer span extraction system,Method,2018
canon_Method_01519,passage-level QG system,Method,2018
canon_Method_01520,Finite Precision RNNs,Method,2018
canon_Method_01521,RNN variants,Method,2018
canon_Method_01522,Elman-RNN,Method,2018
canon_Method_01523,ReLU-RNNs,Method,2018
canon_Method_01524,counting mechanism,Method,2018
canon_Method_01525,cross-entropy loss function,Method,2018
canon_Method_01526,hierarchical loss normalization,Method,2018
canon_Method_01528,public word embeddings,Method,2018
canon_Method_01529,knowledge base completion (KBC) models,Method,2018
canon_Method_01530,latent factorization,Method,2018
canon_Method_01531,transition-based parsers,Method,2018
canon_Method_01533,Neural Hidden Markov Model,Method,2018
canon_Method_01534,Attention-based neural machine translation (NMT) models,Method,2018
canon_Method_01535,encoder-decoder sequence-to-sequence models,Method,2018
canon_Method_01536,neural network-based alignment and lexicon models,Method,2018
canon_Method_01537,forward-backward algorithm,Method,2018
canon_Method_01538,neural network alignment model,Method,2018
canon_Method_01539,neural HMM approach,Method,2018
canon_Method_01540,attention-based models,Method,2018
canon_Method_01541,Pay-Per-,Method,2018
canon_Method_01542,Serverless Architectures,Method,2018
canon_Method_01543,serverless deployment of,Method,2018
canon_Method_01544,DynamoDB,Method,2018
canon_Method_01545,pay-per-request pricing model,Method,2018
canon_Method_01546,virtual machine management,Method,2018
canon_Method_01547,neural relation classification architectures,Method,2018
canon_Method_01548,multi-channel LSTM model,Method,2018
canon_Method_01549,machine callytranslation,Method,2018
canon_Method_01550,context-dependent and context-independent word representations,Method,2018
canon_Method_01551,reward augmented maximum likelihood approach,Method,2018
canon_Method_01552,token-level loss smoothing,Method,2018
canon_Method_01553,sequence-level smoothing approach,Method,2018
canon_Method_01554,semantically equivalent adversaries (,Method,2018
canon_Method_01556,SEARs,Method,2018
canon_Method_01557,local adversaries,Method,2018
canon_Method_01558,web-based interface,Method,2018
canon_Method_01560,entity propagation,Method,2018
canon_Method_01561,TAL,Method,2018
canon_Method_01562,CogComp,Method,2018
canon_Method_01563,Stylometric Inquiry,Method,2018
canon_Method_01564,comparative style analysis,Method,2018
canon_Method_01565,style analysis,Method,2018
canon_Method_01566,stylometry,Method,2018
canon_Method_01567,modeling approaches,Method,2018
canon_Method_01568,Unmasking,Method,2018
canon_Method_01569,DenseNet model,Method,2018
canon_Method_01570,densely connected NMT architecture,Method,2018
canon_Method_01571,DenseNMT),Method,2018
canon_Method_01572,DenseNMT,Method,2018
canon_Method_01573,DenseNMT structure,Method,2018
canon_Method_01574,DPL),Method,2018
canon_Method_01575,variational EM,Method,2018
canon_Method_01576,Capsule Neural Networks,Method,2018
canon_Method_01577,capsule-based architectures,Method,2018
canon_Method_01578,IntentCapsNet-ZSL,Method,2018
canon_Method_01580,unsupervised importance sampling approach,Method,2018
canon_Method_01581,n-gram language model,Method,2018
canon_Method_01582,Gaussians,Method,2018
canon_Method_01583,recurrent language modeling,Method,2018
canon_Method_01584,bag-of-words document modeling,Method,2018
canon_Method_01585,vMF representations,Method,2018
canon_Method_01586,Gaussian counterparts,Method,2018
canon_Method_01587,Multi-Multi-View Learning,Method,2018
canon_Method_01588,mul-itiview learning,Method,2018
canon_Method_01589,Mono- and multilingual fine-grained entity typing systems,Method,2018
canon_Method_01590,Contextual Bandit,Method,2018
canon_Method_01591,policy gradient reinforcement learning algorithm,Method,2018
canon_Method_01592,Morphological and Phonological Subword Representations,Method,2018
canon_Method_01593,SRL4ORL,Method,2018
canon_Method_01594,feature-based models,Method,2018
canon_Method_01595,MTL) techniques,Method,2018
canon_Method_01596,vanilla MTL model,Method,2018
canon_Method_01597,semantic similarity methods,Method,2018
canon_Method_01598,multipurpose embeddings,Method,2018
canon_Method_01599,CNN models,Method,2018
canon_Method_01600,bidirectional filter generation mechanism,Method,2018
canon_Method_01601,CNN and,Method,2018
canon_Method_01602,attention-based CNN baselines,Method,2018
canon_Method_01603,equation normalization method,Method,2018
canon_Method_01607,Personalized neural language models,Method,2018
canon_Method_01608,Query auto completion (QAC) systems,Method,2018
canon_Method_01609,popularity-based methods,Method,2018
canon_Method_01610,neural query auto-completion,Method,2018
canon_Method_01612,visual reasoning model,Method,2018
canon_Method_01613,Feature-wise Linear Modulation (FiLM) technique,Method,2018
canon_Method_01614,CMM-VR,Method,2018
canon_Method_01615,convolutional sequence to sequence model,Method,2018
canon_Method_01616,Self-Governing Neural Networks,Method,2018
canon_Method_01617,on,Method,2018
canon_Method_01618,local sensitive hashing,Method,2018
canon_Method_01619,maximal marginal relevance method,Method,2018
canon_Method_01620,abstractive encoder-decoder model,Method,2018
canon_Method_01621,extractive and abstractive approaches,Method,2018
canon_Method_01622,Linguistically-Informed Self-Attention,Method,2018
canon_Method_01624,LISA),Method,2018
canon_Method_01625,LIS,Method,2018
canon_Method_01626,entity linking systems,Method,2018
canon_Method_01627,transfer schemes,Method,2018
canon_Method_01628,mono-lingual single-task baseline model,Method,2018
canon_Method_01629,Transfer and Multi-Task Learning,Method,2018
canon_Method_01630,knowledge-guided adversarial example generators,Method,2018
canon_Method_01631,entailment models,Method,2018
canon_Method_01632,GAN-style approach,Method,2018
canon_Method_01633,natural language example generator,Method,2018
canon_Method_01634,Iterative Document Representation Learning,Method,2018
canon_Method_01635,Iterative Text Summarization (ITS),Method,2018
canon_Method_01636,summarization approaches,Method,2018
canon_Method_01637,sub-optimal representation,Method,2018
canon_Method_01638,selective reading mechanism,Method,2018
canon_Method_01639,extractive systems,Method,2018
canon_Method_01640,Weighted Language Recognizers,Method,2018
canon_Method_01641,formal models,Method,2018
canon_Method_01642,"single-layer, ReLU-activation, rational-weight RNNs",Method,2018
canon_Method_01643,approximations,Method,2018
canon_Method_01644,heuristic algorithms,Method,2018
canon_Method_01645,output layer,Method,2018
canon_Method_01646,lexical module,Method,2018
canon_Method_01647,Tree-structured Recursive Neural Networks,Method,2018
canon_Method_01648,bottom-up,Method,2018
canon_Method_01649,top-down tree-structured neural networks,Method,2018
canon_Method_01650,Guiding Generation,Method,2018
canon_Method_01651,Key Information Guide Network,Method,2018
canon_Method_01652,attentional encoder-decoder model,Method,2018
canon_Method_01653,extractive method,Method,2018
canon_Method_01654,KIGN),Method,2018
canon_Method_01655,key information representation,Method,2018
canon_Method_01656,prediction-guide mechanism,Method,2018
canon_Method_01657,NeuralREG,Method,2018
canon_Method_01658,end-to-end approach,Method,2018
canon_Method_01659,Referring Expression Generation (REG) models,Method,2018
canon_Method_01660,NeuralREG),Method,2018
canon_Method_01661,Graph Enhanced Autoencoded Variational Inference,Method,2018
canon_Method_01662,Biterm Topic,Method,2018
canon_Method_01663,Latent Dirichlet Allocation (LDA),Method,2018
canon_Method_01664,Biterm Topic Model (,Method,2018
canon_Method_01665,ortized variational inference method,Method,2018
canon_Method_01666,Gated Multi-Task Network,Method,2018
canon_Method_01667,multi-task CNN,Method,2018
canon_Method_01668,Gated Sharing Unit,Method,2018
canon_Method_01669,neural network-based natural language processing algorithms,Method,2018
canon_Method_01670,contextual decomposition technique,Method,2018
canon_Method_01671,non-recurrent architectures,Method,2018
canon_Method_01672,"convolutional,",Method,2018
canon_Method_01673,self-attentional),Method,2018
canon_Method_01674,Deliber,Method,2018
canon_Method_01675,supervised classifiers,Method,2018
canon_Method_01676,Dependent Reading Bidirectional LSTM,Method,2018
canon_Method_01677,reading mechanisms,Method,2018
canon_Method_01678,DR-BiLSTM),Method,2018
canon_Method_01679,ensemble strategy,Method,2018
canon_Method_01680,Dynamic Sentence Sampling,Method,2018
canon_Method_01681,Visualization of,Method,2018
canon_Method_01682,visualization interface,Method,2018
canon_Method_01683,arg,Method,2018
canon_Method_01684,barycentric coordinate system,Method,2018
canon_Method_01685,argument-specific LDA models,Method,2018
canon_Method_01686,online interactive tool,Method,2018
canon_Method_01688,Tree Long Short-Term Memory Networks (,Method,2018
canon_Method_01689,Tree-LSTMs),Method,2018
canon_Method_01690,tree-structured generalization,Method,2018
canon_Method_01691,LSTM variants,Method,2018
canon_Method_01692,bidirectional-LSTMs,Method,2018
canon_Method_01693,Constituency Tree-LSTMs,Method,2018
canon_Method_01694,Dependency Tree-LSTMs,Method,2018
canon_Method_01695,End-to-End Memory Networks,Method,2018
canon_Method_01696,Heuristically Informed Unsupervised,Method,2018
canon_Method_01697,distant,Method,2018
canon_Method_01698,unsupervised training process,Method,2018
canon_Method_01699,word embedding approaches,Method,2018
canon_Method_01700,morphology-based models,Method,2018
canon_Method_01701,Latent Meaning Models (,Method,2018
canon_Method_01702,LMMs),Method,2018
canon_Method_01703,LMM-A,Method,2018
canon_Method_01704,LMM-S,Method,2018
canon_Method_01705,LMM-M,Method,2018
canon_Method_01706,CBOW model,Method,2018
canon_Method_01707,dynamic routing process,Method,2018
canon_Method_01708,Knowledge Graph Augmented Neural Networks,Method,2018
canon_Method_01709,Bayesian setup,Method,2018
canon_Method_01710,convolution-based model,Method,2018
canon_Method_01711,eyetracking based,Method,2018
canon_Method_01713,Text-to-SQL Evaluation Methodology,Method,2018
canon_Method_01714,text-to-SQL systems,Method,2018
canon_Method_01715,question- and passage-only models,Method,2018
canon_Method_01716,passage-only models,Method,2018
canon_Method_01718,greedy structured prediction models,Method,2018
canon_Method_01720,reasoning module,Method,2018
canon_Method_01721,sentiment classification models,Method,2018
canon_Method_01722,distillation model,Method,2018
canon_Method_01723,contextualized ELMo embeddings,Method,2018
canon_Method_01726,tree-of-sequences LSTM encoding of,Method,2018
canon_Method_01727,attentional matching,Method,2018
canon_Method_01728,Exemplar Encoder-Decoder,Method,2018
canon_Method_01729,Exemplar Encoder-Decoder network (,Method,2018
canon_Method_01730,EED),Method,2018
canon_Method_01731,TF-IDF based retrieval model,Method,2018
canon_Method_01732,sequence generative models,Method,2018
canon_Method_01733,TensorFlow Hub sentence embedding models,Method,2018
canon_Method_01734,Knowledge Graph (KG) embedding,Method,2018
canon_Method_01735,time-aware representations of,Method,2018
canon_Method_01736,latent factorization methods,Method,2018
canon_Method_01737,Inner-Sentence Noise Reduction,Method,2018
canon_Method_01738,word-level distant supervised approach,Method,2018
canon_Method_01739,Sub-Tree Parse(STP),Method,2018
canon_Method_01740,Neural Latent Relational Analysis,Method,2018
canon_Method_01741,pattern-based approach,Method,2018
canon_Method_01742,NLRA),Method,2018
canon_Method_01743,vector offset model,Method,2018
canon_Method_01744,learning protocol,Method,2018
canon_Method_01745,non-meta-learning counterparts,Method,2018
canon_Method_01746,Auto-Encoder Matching Model,Method,2018
canon_Method_01747,Character and Word Embeddings,Method,2018
canon_Method_01748,neural-network-based approaches,Method,2018
canon_Method_01750,Attentive Memory Networks,Method,2018
canon_Method_01752,finite-state machines,Method,2018
canon_Method_01753,multi-stack decoding,Method,2018
canon_Method_01754,plagdet,Method,2018
canon_Method_01755,few-shot learning methods,Method,2018
canon_Method_01756,GCCA),Method,2018
canon_Method_01757,learning to rank model,Method,2018
canon_Method_01758,entity linking approaches,Method,2018
canon_Method_01760,special-purpose content selection mechanism,Method,2018
canon_Method_01761,multi-instance learning,Method,2018
canon_Method_01762,vanilla encoder-decoder,Method,2018
canon_Method_01763,Attentive Deep Document Dater,Method,2018
canon_Method_01764,AD3),Method,2018
canon_Method_01765,attention-based neural document dating system,Method,2018
canon_Method_01766,Sifted Multi-task Learning,Method,2019
canon_Method_01767,DeepSentiPeer,Method,2019
canon_Method_01768,peer review system,Method,2019
canon_Method_01769,Pre-trained Language Model Fine-tuning,Method,2019
canon_Method_01770,neural multimodal approaches,Method,2019
canon_Method_01771,continual learning methods,Method,2019
canon_Method_01772,Generative Adversarial Imitation Learning Framework,Method,2019
canon_Method_01773,reinforcement learning (RL) based methods,Method,2019
canon_Method_01774,reward engineering,Method,2019
canon_Method_01775,plug-and-play framework,Method,2019
canon_Method_01776,reward,Method,2019
canon_Method_01777,uniform-weights baseline,Method,2019
canon_Method_01778,variance calibration,Method,2019
canon_Method_01779,diagnostic framework,Method,2019
canon_Method_01780,RNN models,Method,2019
canon_Method_01781,Bag-of-Words Transfer,Method,2019
canon_Method_01782,Non-Contextual Techniques,Method,2019
canon_Method_01783,syntactically-oblivious pooling encoder,Method,2019
canon_Method_01784,unigram generative regularization,Method,2019
canon_Method_01785,TIGS,Method,2019
canon_Method_01786,unidirectional decoder,Method,2019
canon_Method_01787,iterative inference algorithm,Method,2019
canon_Method_01788,Latent Code and Text-based Generative Adversarial Networks,Method,2019
canon_Method_01789,generative adversarial networks (GANs),Method,2019
canon_Method_01790,text-based approach,Method,2019
canon_Method_01791,Soft-GAN,Method,2019
canon_Method_01792,GAN setup,Method,2019
canon_Method_01793,autoencoders (AEs),Method,2019
canon_Method_01794,soft representation,Method,2019
canon_Method_01795,hybrid latent code and text-based GAN (,Method,2019
canon_Method_01796,LATEXT-GAN) approaches,Method,2019
canon_Method_01797,GAN-based text-generation methods,Method,2019
canon_Method_01800,Multi-Level Matching and Aggregation Network,Method,2019
canon_Method_01801,MLMAN),Method,2019
canon_Method_01803,typical networks,Method,2019
canon_Method_01804,MLMAN model,Method,2019
canon_Method_01805,attentive aggregation,Method,2019
canon_Method_01806,Content-based Dwell Time Engagement Prediction Model,Method,2019
canon_Method_01807,Multi-lingual Language Representation Model,Method,2019
canon_Method_01808,language representation zero-shot learning,Method,2019
canon_Method_01809,Recursive Routing Networks,Method,2019
canon_Method_01810,RRNs),Method,2019
canon_Method_01811,meta-learner decision-making component,Method,2019
canon_Method_01812,router,Method,2019
canon_Method_01813,word representation layers,Method,2019
canon_Method_01814,recurrent network hidden layers,Method,2019
canon_Method_01815,classifier layers,Method,2019
canon_Method_01816,Adversarial Inverse Reinforcement Learning,Method,2019
canon_Method_01817,reward estimator,Method,2019
canon_Method_01819,repairs,Method,2019
canon_Method_01820,neural slot-filling architectures,Method,2019
canon_Method_01821,Cross-Domain Modeling of,Method,2019
canon_Method_01822,neural ranking models,Method,2019
canon_Method_01823,sampling-based method,Method,2019
canon_Method_01824,Open IE) models,Method,2019
canon_Method_01825,negative sampling,Method,2019
canon_Method_01826,softmax classification,Method,2019
canon_Method_01828,tagging scheme,Method,2019
canon_Method_01829,rules-based,Method,2019
canon_Method_01830,Stochastic Tokenization,Method,2019
canon_Method_01831,byte pair encoding,Method,2019
canon_Method_01832,word (or subword) representations,Method,2019
canon_Method_01833,interpreter,Method,2019
canon_Method_01834,computer-assisted interpreting (CAI) tools,Method,2019
canon_Method_01835,supervised sequence taggers,Method,2019
canon_Method_01836,spoken language understanding systems,Method,2019
canon_Method_01837,model-agnostic method,Method,2019
canon_Method_01838,natural language understanding components,Method,2019
canon_Method_01839,counterfactual attention mechanisms,Method,2019
canon_Method_01840,Semantic Relatedness Based Re-ranker,Method,2019
canon_Method_01841,dimension reduction techniques,Method,2019
canon_Method_01842,vision systems,Method,2019
canon_Method_01843,text spotting systems,Method,2019
canon_Method_01844,Glocal,Method,2019
canon_Method_01845,spectral clustering techniques,Method,2019
canon_Method_01846,localized convolution filters,Method,2019
canon_Method_01847,GCN family of models,Method,2019
canon_Method_01848,natural language processing component,Method,2019
canon_Method_01849,candidate sampling strategy,Method,2019
canon_Method_01850,English classifier,Method,2019
canon_Method_01851,general-purpose NMT models,Method,2019
canon_Method_01852,neural single-document extractive summarization model,Method,2019
canon_Method_01853,extract,Method,2019
canon_Method_01854,ive and abstractive models,Method,2019
canon_Method_01855,Semantic Content Generalization,Method,2019
canon_Method_01856,semantic data transformations,Method,2019
canon_Method_01857,theoretical model,Method,2019
canon_Method_01859,Gaussian Process Preference Learning,Method,2019
canon_Method_01860,Bayesian approach,Method,2019
canon_Method_01861,GPPL),Method,2019
canon_Method_01864,differentiable generalization,Method,2019
canon_Method_01865,DAE-Decoder Paradigm,Method,2019
canon_Method_01866,spe,Method,2019
canon_Method_01867,DAE,Method,2019
canon_Method_01868,unsupervisedly pre-trained,Method,2019
canon_Method_01869,Bridge Reasoning,Method,2019
canon_Method_01870,information retrieval (IR) techniques,Method,2019
canon_Method_01871,IR-based approaches,Method,2019
canon_Method_01872,bridge reasoner,Method,2019
canon_Method_01873,attention-based neural network,Method,2019
canon_Method_01874,Bidirectional Long Short-Term Memory (BiLSTM) neural network,Method,2019
canon_Method_01875,Conditional Random Fields (CRF) layer,Method,2019
canon_Method_01876,word-level contextual attention,Method,2019
canon_Method_01877,Density Matching,Method,2019
canon_Method_01878,Gaussian mixture model,Method,2019
canon_Method_01879,normalizing flow,Method,2019
canon_Method_01880,question-answer game,Method,2019
canon_Method_01881,Specificity-controlled Question-Answer Hierarchies,Method,2019
canon_Method_01882,QA hierarchies,Method,2019
canon_Method_01883,Pivot-based Transfer Learning,Method,2019
canon_Method_01884,pre-training strategies,Method,2019
canon_Method_01885,step,Method,2019
canon_Method_01886,adapter component,Method,2019
canon_Method_01887,cross-lingual encoder training,Method,2019
canon_Method_01888,Neural Dialog Systems,Method,2019
canon_Method_01890,domain engineering,Method,2019
canon_Method_01891,recurrent and transformer-based seq2seq models,Method,2019
canon_Method_01892,diagnostic tool,Method,2019
canon_Method_01893,Alignment over Heterogeneous Embeddings,Method,2019
canon_Method_01894,AHE),Method,2019
canon_Method_01895,AH,Method,2019
canon_Method_01896,similarity function,Method,2019
canon_Method_01897,supervised component,Method,2019
canon_Method_01898,DepDist,Method,2019
canon_Method_01899,sub-sentential segmentation,Method,2019
canon_Method_01900,deep bi-directional transformer,Method,2019
canon_Method_01901,SpaceFusion model,Method,2019
canon_Method_01902,autoencoder model,Method,2019
canon_Method_01903,DST,Method,2019
canon_Method_01904,DST),Method,2019
canon_Method_01905,GLAD model,Method,2019
canon_Method_01906,sentence-factored models,Method,2019
canon_Method_01907,knowledge representations,Method,2019
canon_Method_01908,Associated Memory Network,Method,2019
canon_Method_01909,syntax-agnostic SRL model,Method,2019
canon_Method_01910,AMN),Method,2019
canon_Method_01911,associated sentences selecting strategies,Method,2019
canon_Method_01912,label merging methods,Method,2019
canon_Method_01913,SRL enhancement,Method,2019
canon_Method_01915,KBC),Method,2019
canon_Method_01916,KBC model,Method,2019
canon_Method_01917,visual adversarial attacks,Method,2019
canon_Method_01918,neural and non-neural models,Method,2019
canon_Method_01919,visual character embeddings,Method,2019
canon_Method_01920,rule-based recovery,Method,2019
canon_Method_01921,text-image matching models,Method,2019
canon_Method_01922,Inverted Softmax (IS,Method,2019
canon_Method_01923,Cross-modal Local Scaling (CSLS),Method,2019
canon_Method_01926,semi-automatic approach,Method,2019
canon_Method_01927,user simulator building,Method,2019
canon_Method_01928,dialog planning and generation methods,Method,2019
canon_Method_01929,Eigencharacter,Method,2019
canon_Method_01930,Embedding of,Method,2019
canon_Method_01931,embedding approach,Method,2019
canon_Method_01932,eigencharacter (EC) space,Method,2019
canon_Method_01933,neural framework,Method,2019
canon_Method_01934,bi-attention,Method,2019
canon_Method_01935,multi-modal neural architecture,Method,2019
canon_Method_01936,language modeling framework,Method,2019
canon_Method_01938,Delta-RNN,Method,2019
canon_Method_01940,situated cognition,Method,2019
canon_Method_01941,pretrained multilingual BERT model,Method,2019
canon_Method_01942,GCN-based and BERT-based modules,Method,2019
canon_Method_01943,auto-regressive decoder,Method,2019
canon_Method_01944,grid or,Method,2019
canon_Method_01945,random search,Method,2019
canon_Method_01946,architecture search,Method,2019
canon_Method_01947,joint learning framework,Method,2019
canon_Method_01948,Graph Convolutional Network (GCN) based framework,Method,2019
canon_Method_01949,entity alignment methods,Method,2019
canon_Method_01950,Recurrent Dual Attention,Method,2019
canon_Method_01951,Recurrent Dual Attention Network (,Method,2019
canon_Method_01952,ReDAN),Method,2019
canon_Method_01953,recurrently-refined representation,Method,2019
canon_Method_01954,ReDAN model,Method,2019
canon_Method_01955,professional,Method,2019
canon_Method_01956,domain experts,Method,2019
canon_Method_01957,multi-task framework,Method,2019
canon_Method_01958,Neural Dependency Parsing,Method,2019
canon_Method_01959,Turku neural parser,Method,2019
canon_Method_01960,native dependency parser,Method,2019
canon_Method_01961,custom word embeddings,Method,2019
canon_Method_01962,Name-Based Counterfactual Data Substitution,Method,2019
canon_Method_01963,CDA variants,Method,2019
canon_Method_01964,projection-based methods,Method,2019
canon_Method_01965,Counterfactual Data Substitution (,Method,2019
canon_Method_01966,CDS),Method,2019
canon_Method_01967,name-pairing technique,Method,2019
canon_Method_01968,CDA/S,Method,2019
canon_Method_01969,Riemannian Normalizing Flow,Method,2019
canon_Method_01970,Variational Wasserstein Autoencoder,Method,2019
canon_Method_01971,Recurrent Variational Autoencoder,Method,2019
canon_Method_01972,post-processing approach,Method,2019
canon_Method_01973,language-adversarial training,Method,2019
canon_Method_01974,parametric and non-parametric models,Method,2019
canon_Method_01975,Grounded Unsupervised Universal Part-of-Speech Tagger,Method,2019
canon_Method_01976,taggers,Method,2019
canon_Method_01977,decipherment-based approach,Method,2019
canon_Method_01978,POS tagger,Method,2019
canon_Method_01979,name tagger,Method,2019
canon_Method_01980,tagger,Method,2019
canon_Method_01981,MALOPA (Ammar,Method,2019
canon_Method_01982,bidirectional Recurrent Neural Networks,Method,2019
canon_Method_01983,LSTM cells,Method,2019
canon_Method_01984,Neural natural language generation (,Method,2019
canon_Method_01985,NNLG),Method,2019
canon_Method_01986,structured meaning representations,Method,2019
canon_Method_01987,Highly regularized LSTMs,Method,2019
canon_Method_01988,Past Decode Regularization (PDR) method,Method,2019
canon_Method_01989,regularized,Method,2019
canon_Method_01990,mixture-of-softmax model,Method,2019
canon_Method_01991,Non-autoregressive translation models (,Method,2019
canon_Method_01992,NAT),Method,2019
canon_Method_01993,NAT algorithms,Method,2019
canon_Method_01994,imitation learning framework,Method,2019
canon_Method_01995,auto-regressive counterpart,Method,2019
canon_Method_01996,Rank-based Approach,Method,2019
canon_Method_01997,conversational search engine,Method,2019
canon_Method_01998,retrieval-based approach,Method,2019
canon_Method_01999,multi-component design,Method,2019
canon_Method_02000,restaurant search and booking system,Method,2019
canon_Method_02001,Entropy-Based Data Filtering,Method,2019
canon_Method_02002,neural network-based conversational models,Method,2019
canon_Method_02003,entropy-based approach,Method,2019
canon_Method_02004,pair2vec,Method,2019
canon_Method_02005,Compositional Word-Pair Embeddings,Method,2019
canon_Method_02006,cross-sentence attention layer,Method,2019
canon_Method_02007,inference models,Method,2019
canon_Method_02008,ESIM,Method,2019
canon_Method_02009,MultiNLI,Method,2019
canon_Method_02010,SAN),Method,2019
canon_Method_02011,RNN),Method,2019
canon_Method_02012,RNN counterpart,Method,2019
canon_Method_02013,generative Visual Dialog models,Method,2019
canon_Method_02014,Q-Bot-A-Bot,Method,2019
canon_Method_02015,self-talk’ approach,Method,2019
canon_Method_02016,Visual Dialog model,Method,2019
canon_Method_02017,color modifiers,Method,2019
canon_Method_02018,additive models,Method,2019
canon_Method_02019,hard ensemble model,Method,2019
canon_Method_02020,Joint Key Element Extraction,Method,2019
canon_Method_02021,joint learning schemes,Method,2019
canon_Method_02022,neural transduction model,Method,2019
canon_Method_02023,Transformer neural machine translation model,Method,2019
canon_Method_02024,AK,Method,2019
canon_Method_02025,GE,Method,2019
canon_Method_02026,GEC model,Method,2019
canon_Method_02027,Joint-Scoring,Method,2019
canon_Method_02028,ranking method,Method,2019
canon_Method_02029,joint scoring CNN model,Method,2019
canon_Method_02030,debiasing approach,Method,2019
canon_Method_02031,loss function modification,Method,2019
canon_Method_02032,word embedding debiasing,Method,2019
canon_Method_02033,dataset-specific feature engineering,Method,2019
canon_Method_02034,transferable model,Method,2019
canon_Method_02035,recurrent process,Method,2019
canon_Method_02036,routing-by-agreement mechanism,Method,2019
canon_Method_02038,Guided Dynamic Routing,Method,2019
canon_Method_02039,routing process,Method,2019
canon_Method_02040,Rnmt,Method,2019
canon_Method_02041,auxiliary pre-training tasks,Method,2019
canon_Method_02044,Domain Differential Adaptation,Method,2019
canon_Method_02045,domain adaptation strategies,Method,2019
canon_Method_02046,DDA),Method,2019
canon_Method_02047,BERT networks,Method,2019
canon_Method_02048,phrasal representation,Method,2019
canon_Method_02049,compositional scheme,Method,2019
canon_Method_02050,data programming paradigm,Method,2019
canon_Method_02051,Snorkel framework,Method,2019
canon_Method_02052,expert-composed heuristics,Method,2019
canon_Method_02053,Snorkel,Method,2019
canon_Method_02054,weak supervision methods,Method,2019
canon_Method_02055,supervised learning approaches,Method,2019
canon_Method_02056,Faceted Hierarchy,Method,2019
canon_Method_02057,Graph Type,Method,2019
canon_Method_02058,Construction Method,Method,2019
canon_Method_02059,svm,Method,2019
canon_Method_02060,knn,Method,2019
canon_Method_02061,Hierarchy construction methods,Method,2019
canon_Method_02062,information extraction techniques,Method,2019
canon_Method_02063,hierarchy growth algorithm,Method,2019
canon_Method_02064,discourse relation classifiers,Method,2019
canon_Method_02065,bidirectional encoder representation from transformers,Method,2019
canon_Method_02066,Generative Enhanced Model,Method,2019
canon_Method_02067,extended language model,Method,2019
canon_Method_02068,GPT-2 architecture,Method,2019
canon_Method_02069,Trigger-Aware Lattice Neural Network,Method,2019
canon_Method_02070,neural net- work based models,Method,2019
canon_Method_02071,Trigger-aware Lattice Neural Net- work (TLNN),Method,2019
canon_Method_02072,Ensemble Based Methods,Method,2019
canon_Method_02073,visual question answering models,Method,2019
canon_Method_02074,naive model,Method,2019
canon_Method_02075,Multi-View Domain Adapted Sentence Embeddings,Method,2019
canon_Method_02076,multi-view framework,Method,2019
canon_Method_02077,ensemble of,Method,2019
canon_Method_02078,domain-finetuned BERT,Method,2019
canon_Method_02079,single-view systems,Method,2019
canon_Method_02080,supervised domain-adversarial DQD method,Method,2019
canon_Method_02081,n-gram based matching,Method,2019
canon_Method_02082,Deep Factorization of,Method,2019
canon_Method_02083,variational inference procedure,Method,2019
canon_Method_02084,asymmetric transpose convolutional process,Method,2019
canon_Method_02085,nearest neighbors baseline,Method,2019
canon_Method_02086,Context Dependent Semantic Parsing,Method,2019
canon_Method_02087,semantic parsing setting,Method,2019
canon_Method_02088,LSTM-based encoder-decoder architecture,Method,2019
canon_Method_02089,copying mechanisms,Method,2019
canon_Method_02090,sequence generation baselines,Method,2019
canon_Method_02091,automated evaluation procedures,Method,2019
canon_Method_02093,natural language generation systems,Method,2019
canon_Method_02094,Tensor Rank Regularization,Method,2019
canon_Method_02095,tensor rank minimization,Method,2019
canon_Method_02096,low-rank tensor representations,Method,2019
canon_Method_02097,single-hop reasoning,Method,2019
canon_Method_02098,single-hop BERT-based RC model,Method,2019
canon_Method_02099,multi-hop models,Method,2019
canon_Method_02100,complex networks,Method,2019
canon_Method_02101,knowledge distillation approaches,Method,2019
canon_Method_02102,Selecting,Method,2019
canon_Method_02103,Modular Approach,Method,2019
canon_Method_02104,selection and planning model,Method,2019
canon_Method_02105,language model generation,Method,2019
canon_Method_02106,GPT-2 pre-trained language model approach,Method,2019
canon_Method_02107,Compositional Representations,Method,2019
canon_Method_02108,structured semantic representations,Method,2019
canon_Method_02109,rule-based NLG systems,Method,2019
canon_Method_02110,constrained decoding approach,Method,2019
canon_Method_02111,Interpreted Regular Tree Grammars,Method,2019
canon_Method_02112,IRTGs,Method,2019
canon_Method_02113,biLSTM encoder,Method,2019
canon_Method_02114,LSTM decoder,Method,2019
canon_Method_02115,iterative training process,Method,2019
canon_Method_02116,ensemble method,Method,2019
canon_Method_02117,training and decoding paradigms,Method,2019
canon_Method_02118,mutual-information-based decoding,Method,2019
canon_Method_02119,reward-augmented maximum likelihood learning,Method,2019
canon_Method_02120,content-and-,Method,2019
canon_Method_02121,SEQˆ3,Method,2019
canon_Method_02122,Differentiable Sequence-to-Sequence-to-Sequence Autoencoder,Method,2019
canon_Method_02123,sequence-to-sequence-to-sequence autoencoder (,Method,2019
canon_Method_02124,SEQˆ3),Method,2019
canon_Method_02125,unsupervised pre-training techniques,Method,2019
canon_Method_02126,distributed cloud-based training,Method,2019
canon_Method_02127,variable-length models,Method,2019
canon_Method_02128,sequential decoder,Method,2019
canon_Method_02129,Apache,Method,2019
canon_Method_02130,Gluon,Method,2019
canon_Method_02131,unsupervised question-answering based approach,Method,2019
canon_Method_02132,Reinforced Bidirectional Attention Network,Method,2019
canon_Method_02133,RBAN) approach,Method,2019
canon_Method_02134,seq2seq methods,Method,2019
canon_Method_02135,Point-Then-Operate (PTO),Method,2019
canon_Method_02136,mask-based inference algorithm,Method,2019
canon_Method_02137,Weakly Supervised Attentional Model,Method,2019
canon_Method_02138,weakly supervised neural model,Method,2019
canon_Method_02139,2,Method,2019
canon_Method_02140,rule-based baseline model,Method,2019
canon_Method_02141,statistical Semantic Role Labeller,Method,2019
canon_Method_02142,Multi-Task Ordinal Regression,Method,2019
canon_Method_02143,joint models,Method,2019
canon_Method_02144,adaptive bandit algorithms,Method,2019
canon_Method_02145,model selection approach,Method,2019
canon_Method_02146,bandit theory,Method,2019
canon_Method_02147,Python implementation,Method,2019
canon_Method_02148,target-dependent sentiment analysis methods,Method,2019
canon_Method_02149,Shrink,Method,2019
canon_Method_02150,n-gram or word representations,Method,2019
canon_Method_02151,stacked bi-LSTM,Method,2019
canon_Method_02152,dictionary-based state-of-the-art approach,Method,2019
canon_Method_02153,SARAL,Method,2019
canon_Method_02154,Low-Resource Cross-Lingual Domain-Focused Information Retrieval System,Method,2019
canon_Method_02155,cross-lingual information retrieval (CLIR) and summarization system,Method,2019
canon_Method_02156,SARAL system,Method,2019
canon_Method_02157,open query retrieval,Method,2019
canon_Method_02158,discourse relation identification pipeline,Method,2019
canon_Method_02159,feature ablation,Method,2019
canon_Method_02160,Poisson Processes,Method,2019
canon_Method_02161,character sequence-to-sequence models,Method,2019
canon_Method_02162,baseline linearizer,Method,2019
canon_Method_02163,tree-to-tree model,Method,2019
canon_Method_02164,rank,Method,2019
canon_Method_02165,Text classification approaches,Method,2019
canon_Method_02166,task-specific model architectures,Method,2019
canon_Method_02167,text-based transfer learning techniques,Method,2019
canon_Method_02168,transfer learning-based approaches,Method,2019
canon_Method_02169,sentiment analysis and,Method,2023
canon_Method_02170,self-attention-based pre-trained language encoders,Method,2019
canon_Method_02171,Meaning-Text Theory,Method,2019
canon_Method_02172,knowledge transferring,Method,2024
canon_Method_02173,extractive query-based summarizer,Method,2019
canon_Method_02174,sentence compression technique,Method,2019
canon_Method_02175,Restricted Imitation Learning,Method,2019
canon_Method_02176,fixed-latency policies,Method,2019
canon_Method_02177,staged model,Method,2019
canon_Method_02178,restricted dynamic oracle,Method,2019
canon_Method_02179,fixed and RL-learned policies,Method,2019
canon_Method_02180,neural structured prediction models,Method,2019
canon_Method_02181,MT+NLG,Method,2019
canon_Method_02182,document-based MT systems,Method,2019
canon_Method_02183,NLG approach,Method,2019
canon_Method_02185,Transformer Dissection,Method,2019
canon_Method_02186,kernel smoother,Method,2019
canon_Method_02187,positional embedding,Method,2019
canon_Method_02188,kernel-based formulation,Method,2019
canon_Method_02189,Transformer’s attention,Method,2019
canon_Method_02190,kernel construction strategies,Method,2019
canon_Method_02191,Contextualized context2vec,Method,2019
canon_Method_02192,Scalable graph-based method,Method,2019
canon_Method_02193,Iterative Structure Refinement,Method,2019
canon_Method_02194,Semantic Role Labeling (SRL) methods,Method,2019
canon_Method_02195,expressive sentence encoders,Method,2019
canon_Method_02196,multi-layer LSTMs,Method,2019
canon_Method_02197,refinement network,Method,2019
canon_Method_02198,restricted network architecture,Method,2019
canon_Method_02199,factorized baseline models,Method,2019
canon_Method_02200,Stagewise Fine-tuning BERT,Method,2019
canon_Method_02201,stagewise fine-tuning method,Method,2019
canon_Method_02202,Pre-Trained Language Representations,Method,2019
canon_Method_02203,deep LMs,Method,2019
canon_Method_02205,screenwriting theory,Method,2019
canon_Method_02206,end-to-end neural network model,Method,2019
canon_Method_02207,universal models,Method,2019
canon_Method_02208,universal grammar,Method,2019
canon_Method_02209,span representation design,Method,2019
canon_Method_02210,task-dependent extensions,Method,2019
canon_Method_02211,BERT-BiLSTM-Capsule Model,Method,2019
canon_Method_02212,unified neural network,Method,2019
canon_Method_02213,BiLSTM,Method,2019
canon_Method_02214,Capsule,Method,2019
canon_Method_02215,cold-start model,Method,2019
canon_Method_02216,Neural Generative,Method,2019
canon_Method_02217,document-level RNN grammar (RNNG),Method,2019
canon_Method_02218,beam search algorithms,Method,2019
canon_Method_02219,RNNGs,Method,2019
canon_Method_02220,Compound Probabilistic Context-Free Grammars,Method,2019
canon_Method_02221,stochastic grammar,Method,2019
canon_Method_02222,context-dependent grammar,Method,2019
canon_Method_02223,collapsed variational inference,Method,2019
canon_Method_02224,Open Knowledge Graph Embeddings,Method,2019
canon_Method_02225,OpenIE) methods,Method,2019
canon_Method_02226,Ontological KG embedding methods,Method,2019
canon_Method_02227,canonical,Method,2019
canon_Method_02228,decoding strategies,Method,2019
canon_Method_02230,Saliency Learning,Method,2019
canon_Method_02231,composite system,Method,2019
canon_Method_02232,deep learning components,Method,2019
canon_Method_02233,approximate match with,Method,2019
canon_Method_02234,name correction,Method,2019
canon_Method_02235,sequence-to-sequence networks,Method,2019
canon_Method_02236,Claim-only classifiers,Method,2019
canon_Method_02237,top evidence-aware models,Method,2019
canon_Method_02239,scoring rubric,Method,2019
canon_Method_02240,Language technologies,Method,2019
canon_Method_02241,Deep Reinforcement Learning-based Text Anonymization,Method,2019
canon_Method_02242,RLTA,Method,2019
canon_Method_02243,micro-level (,Method,2019
canon_Method_02244,macro-level (argument as process) models of argumentation,Method,2019
canon_Method_02245,Rhetorical Structure Theory,Method,2019
canon_Method_02246,candidate selection method,Method,2019
canon_Method_02247,Sentence-Level Content Planning,Method,2019
canon_Method_02248,Style Specification,Method,2019
canon_Method_02250,text planning,Method,2019
canon_Method_02251,all,Method,2019
canon_Method_02252,two-step generation model,Method,2019
canon_Method_02253,surface realization decoder,Method,2019
canon_Method_02254,Weakly Supervised Attention Networks,Method,2019
canon_Method_02255,multi-task models,Method,2019
canon_Method_02256,PAS,Method,2019
canon_Method_02257,paired-sample multiplicative mixed-effects model,Method,2019
canon_Method_02258,Syntax-Infused Variational Autoencoder,Method,2019
canon_Method_02259,VAE-based text generative models,Method,2019
canon_Method_02260,SIV,Method,2019
canon_Method_02261,long short-term memory architectures,Method,2019
canon_Method_02262,conditional prior network,Method,2019
canon_Method_02263,Language Model Fun-Tuning,Method,2019
canon_Method_02264,corpus construction approach,Method,2019
canon_Method_02265,Label Transfer,Method,2019
canon_Method_02266,sentiment detection methods,Method,2019
canon_Method_02267,monolingual methods,Method,2019
canon_Method_02268,low dimensional node-based feature representations,Method,2019
canon_Method_02269,content-aware sparse attention module,Method,2019
canon_Method_02270,high-level attention parsing module,Method,2019
canon_Method_02271,textual network embedding schemes,Method,2019
canon_Method_02273,CopyNet,Method,2019
canon_Method_02274,Reinforced Dynamic Reasoning,Method,2019
canon_Method_02275,intelligent agents,Method,2019
canon_Method_02276,question answering (QA) model,Method,2019
canon_Method_02277,reinforcement learning mechanism,Method,2019
canon_Method_02278,topic-based system,Method,2019
canon_Method_02279,Contextual and Non-Contextual Subword Representations,Method,2019
canon_Method_02280,Pretrained contextual and non-contextual subword embeddings,Method,2019
canon_Method_02281,FastText and,Method,2019
canon_Method_02282,Knowledge Enhanced Contextual Word Representations,Method,2019
canon_Method_02283,large scale models,Method,2019
canon_Method_02284,entity linkers,Method,2019
canon_Method_02285,self-supervised language modeling objective,Method,2019
canon_Method_02286,knowledge enhanced BERT (,Method,2019
canon_Method_02287,KnowBert,Method,2019
canon_Method_02288,Know,Method,2019
canon_Method_02289,fixed or contextual language representations,Method,2019
canon_Method_02290,Concept Mention Grouping,Method,2019
canon_Method_02291,grouping method,Method,2019
canon_Method_02292,grouping techniques,Method,2019
canon_Method_02293,approximate nearest neighbor search,Method,2019
canon_Method_02294,clustering algorithm,Method,2019
canon_Method_02295,top-down attention mechanism,Method,2019
canon_Method_02296,relation classification network,Method,2019
canon_Method_02297,Joint Textual and Phonetic Embedding,Method,2019
canon_Method_02298,Reinforced Summarization Models,Method,2019
canon_Method_02299,Abstractive summarization approaches,Method,2019
canon_Method_02300,likelihood maximization,Method,2019
canon_Method_02301,Question answering techniques,Method,2019
canon_Method_02302,open-domain techniques,Method,2019
canon_Method_02303,Iterative Dual Domain Adaptation,Method,2019
canon_Method_02304,in-domain and,Method,2019
canon_Method_02306,in-domain NMT model,Method,2019
canon_Method_02307,CNN-based personal,Method,2019
canon_Method_02308,pipeline-based approach,Method,2019
canon_Method_02309,IFlyLegal,Method,2019
canon_Method_02310,Legal Tech,Method,2019
canon_Method_02313,integrated,Method,2019
canon_Method_02314,lyL,Method,2019
canon_Method_02315,Nichesourcing,Method,2019
canon_Method_02317,Historical Text Normalization Systems,Method,2019
canon_Method_02318,distance metrics,Method,2019
canon_Method_02319,character-based statistical machine translation,Method,2019
canon_Method_02320,neural encoder–decoder models,Method,2019
canon_Method_02321,normalization techniques,Method,2019
canon_Method_02322,Selection Bias Explorations,Method,2019
canon_Method_02323,training and evaluation framework,Method,2019
canon_Method_02324,adversarial training framework,Method,2019
canon_Method_02325,adversarial manner,Method,2019
canon_Method_02326,large networks,Method,2019
canon_Method_02327,tensor processing,Method,2019
canon_Method_02328,"Self-Attentive, Multi-Context One-Class Classification",Method,2019
canon_Method_02329,text-specific methods,Method,2019
canon_Method_02330,distributed vector representations of words,Method,2019
canon_Method_02331,anomaly detection method,Method,2019
canon_Method_02332,Context Vector Data Description (,Method,2019
canon_Method_02333,CVDD),Method,2019
canon_Method_02334,Hypernymy modeling,Method,2019
canon_Method_02335,hybrid treatment,Method,2019
canon_Method_02336,Entity Modeling,Method,2019
canon_Method_02337,entity-centric neural architecture,Method,2019
canon_Method_02338,entity-specific representations,Method,2019
canon_Method_02339,entity memory representations,Method,2019
canon_Method_02340,chemical com- pound paraphrase model,Method,2019
canon_Method_02341,long short-term memory (LSTM) of,Method,2019
canon_Method_02342,relation extraction (RE) models,Method,2019
canon_Method_02343,integer linear programming (,Method,2019
canon_Method_02344,ILP),Method,2019
canon_Method_02345,blackbox solver,Method,2019
canon_Method_02346,easy first approach,Method,2019
canon_Method_02347,local sentence level extractors,Method,2019
canon_Method_02348,ILP and,Method,2019
canon_Method_02349,neural network-based methods,Method,2019
canon_Method_02350,word alignment induction methods,Method,2020
canon_Method_02351,interpretation method,Method,2020
canon_Method_02352,alignment module,Method,2020
canon_Method_02354,ZA++,Method,2020
canon_Method_02355,Monte-Carlo Methods,Method,2020
canon_Method_02356,Speaker Sensitive Response Evaluation Model,Method,2020
canon_Method_02357,automatic evaluation model,Method,2020
canon_Method_02358,dialogue response generation models,Method,2020
canon_Method_02359,Location Attention,Method,2020
canon_Method_02360,recurrent seq2seq models,Method,2020
canon_Method_02361,Neural Network-based Dependency Parsing Models,Method,2020
canon_Method_02362,parsing models,Method,2020
canon_Method_02363,speech recognition system,Method,2020
canon_Method_02364,learning method,Method,2020
canon_Method_02365,code-switched speech recognition system,Method,2020
canon_Method_02366,contextual encoders,Method,2020
canon_Method_02367,output distribution parameterizations,Method,2020
canon_Method_02368,recur-rent and transformer-based encoder architectures,Method,2020
canon_Method_02369,flow-based counterparts,Method,2020
canon_Method_02370,XM,Method,2020
canon_Method_02371,Semi-Supervised Dialogue Policy Learning,Method,2020
canon_Method_02372,Stochastic Reward Estimation,Method,2020
canon_Method_02373,Dialogue policy optimization,Method,2020
canon_Method_02374,reward learning,Method,2020
canon_Method_02375,reward learning approach,Method,2020
canon_Method_02376,competitive policy learning baseline,Method,2020
canon_Method_02377,Cross-Thought,Method,2020
canon_Method_02378,reusable,Method,2020
canon_Method_02379,sequence embeddings,Method,2020
canon_Method_02380,Transformer-based sequence encoder,Method,2020
canon_Method_02381,masked language modeling baseline,Method,2020
canon_Method_02383,Relation-Aware Schema Encoding,Method,2020
canon_Method_02384,semantic parsing models,Method,2020
canon_Method_02385,relation-aware self-attention mechanism,Method,2020
canon_Method_02386,text-to-SQL encoder,Method,2020
canon_Method_02387,Neural Mask Generator,Method,2020
canon_Method_02388,reinforcement learning-based framework,Method,2020
canon_Method_02389,off-policy actor-critic with,Method,2020
canon_Method_02390,experience replay,Method,2020
canon_Method_02391,Transformer-based policy network,Method,2020
canon_Method_02392,NMG),Method,2020
canon_Method_02393,BERT and,Method,2020
canon_Method_02394,rule-based masking strategies,Method,2020
canon_Method_02395,KLE,Method,2020
canon_Method_02396,HerB,Method,2020
canon_Method_02397,Reflection-based Word,Method,2020
canon_Method_02398,reflection mappings,Method,2020
canon_Method_02399,automatic summarizers,Method,2020
canon_Method_02400,abstractive,Method,2020
canon_Method_02401,copy,Method,2020
canon_Method_02402,hybrid extractive/abstractive methods,Method,2020
canon_Method_02403,seq2seqs,Method,2020
canon_Method_02404,self-supervised contrastive learning mechanism,Method,2020
canon_Method_02405,black-box transformers,Method,2020
canon_Method_02406,compositional model,Method,2020
canon_Method_02407,GPT-2 network,Method,2020
canon_Method_02408,Conditional Augmentation,Method,2020
canon_Method_02409,Masked Sequence-to-Sequence Generation,Method,2020
canon_Method_02410,masked sequence-to-sequence method,Method,2020
canon_Method_02411,discriminative nearest neighbor classification,Method,2020
canon_Method_02412,softmax classifiers,Method,2020
canon_Method_02413,BERT-style pairwise encoding,Method,2020
canon_Method_02414,RoBERTa-based classifiers,Method,2020
canon_Method_02415,embedding-based nearest neighbor approaches,Method,2020
canon_Method_02416,NLI transfer,Method,2020
canon_Method_02417,10-shot model,Method,2020
canon_Method_02418,50-shot or,Method,2020
canon_Method_02419,full-shot classifiers,Method,2020
canon_Method_02420,embedding retrieval model,Method,2020
canon_Method_02421,domain-specific and task-specific machine translation systems,Method,2020
canon_Method_02422,Online Conversation Disentanglement,Method,2020
canon_Method_02423,disentanglement methods,Method,2020
canon_Method_02424,online framework,Method,2020
canon_Method_02425,custom attention mechanism,Method,2020
canon_Method_02426,joint-learning objective,Method,2020
canon_Method_02427,Self-supervised Relational Feature Learning,Method,2020
canon_Method_02429,self-supervised framework,Method,2020
canon_Method_02430,neural narrative model,Method,2020
canon_Method_02431,Grover,Method,2020
canon_Method_02432,Hierarchical Encoder,Method,2020
canon_Method_02434,MLM),Method,2020
canon_Method_02435,Masked Frame Modeling (,Method,2020
canon_Method_02436,MFM) objectives,Method,2020
canon_Method_02437,Frame Order Modeling,Method,2020
canon_Method_02438,Decoupled Multimodal Contrastive Learning,Method,2020
canon_Method_02439,task-agnostic multimodal pretraining,Method,2020
canon_Method_02440,multimodal self-supervised learning,Method,2020
canon_Method_02441,Multimodal Aligned Contrastive Decoupled learning (MACD) network,Method,2020
canon_Method_02442,decoupled text encoder,Method,2020
canon_Method_02443,fully-supervised BiLSTM and,Method,2020
canon_Method_02444,BiLSTM+ELMO,Method,2020
canon_Method_02445,temperature scaling,Method,2020
canon_Method_02446,Syntactic and Shallow Semantic Rules,Method,2020
canon_Method_02448,syntactic transformation,Method,2020
canon_Method_02449,transparent syntactic rules,Method,2020
canon_Method_02450,shallow semantic parsing,Method,2020
canon_Method_02451,neural-based systems,Method,2020
canon_Method_02452,RNN-search,Method,2020
canon_Method_02453,large-scale analysis of discourse,Method,2020
canon_Method_02454,Discourse analysis,Method,2020
canon_Method_02455,discourse-agnostic baseline,Method,2020
canon_Method_02457,SiMT frameworks,Method,2020
canon_Method_02458,visually-grounded models,Method,2020
canon_Method_02459,multimodal systems,Method,2020
canon_Method_02460,Task-oriented Domain-specific Meta-Embedding,Method,2020
canon_Method_02461,Meta-embedding learning,Method,2020
canon_Method_02462,meta-embedding,Method,2020
canon_Method_02463,meta-embeddings,Method,2020
canon_Method_02464,Topic-Post-Comment Graph Convolutional Network (,Method,2020
canon_Method_02465,TPC-GCN),Method,2020
canon_Method_02466,Dise,Method,2020
canon_Method_02467,DTPC-GCN),Method,2020
canon_Method_02468,Multistage Fusion with,Method,2020
canon_Method_02469,Forget Gate,Method,2020
canon_Method_02470,multiencoder-decoder frameworks,Method,2020
canon_Method_02471,multistage fusion network,Method,2020
canon_Method_02472,fusion forget gate module,Method,2020
canon_Method_02473,multistep fusion schema,Method,2020
canon_Method_02474,fusion schema,Method,2020
canon_Method_02475,ground-truth transcript model,Method,2020
canon_Method_02476,XLM-RoBERTa (,Method,2020
canon_Method_02477,XLMR,Method,2020
canon_Method_02478,unsupervised multilingual encoders,Method,2020
canon_Method_02479,cross-lingual representation,Method,2020
canon_Method_02480,contrastive alignment objective,Method,2020
canon_Method_02481,alignment training,Method,2020
canon_Method_02482,Multimodal Transformer,Method,2020
canon_Method_02483,incorporation methods,Method,2020
canon_Method_02484,Cross Segment Attention,Method,2020
canon_Method_02485,Semantic Graphs,Method,2020
canon_Method_02486,attention-based GGNN (,Method,2020
canon_Method_02487,Att-GGNN),Method,2020
canon_Method_02488,document-level and graph-level representations,Method,2020
canon_Method_02489,RNN LMs,Method,2020
canon_Method_02490,English models,Method,2020
canon_Method_02491,Explanation Decoder,Method,2020
canon_Method_02492,interpretable approach,Method,2020
canon_Method_02493,rule decoder,Method,2020
canon_Method_02494,Contextualized Neural Language Models,Method,2020
canon_Method_02495,deep contextualized language models (LMs),Method,2020
canon_Method_02496,BERT-based temporal dependency parser,Method,2020
canon_Method_02497,deep contextualized neural LMs,Method,2020
canon_Method_02498,bnmin,Method,2020
canon_Method_02499,tdp,Method,2020
canon_Method_02500,Dynamic Sampling Strategies,Method,2020
canon_Method_02501,multi-task sampling strategies,Method,2020
canon_Method_02503,LUE,Method,2020
canon_Method_02504,cross-lingual pre-trained model Unicoder,Method,2020
canon_Method_02505,LU,Method,2020
canon_Method_02506,Neural Abstractive Summarization Models,Method,2020
canon_Method_02507,summarization and text generation models,Method,2020
canon_Method_02508,Deep Attentive Learning,Method,2020
canon_Method_02509,totipotent language model,Method,2020
canon_Method_02510,End-to-End Speech Recognition Systems,Method,2020
canon_Method_02511,internal representation of speech,Method,2020
canon_Method_02512,end-to-end automatic speech recognition (ASR) system,Method,2020
canon_Method_02513,end-to-end ASR system,Method,2020
canon_Method_02514,convolutional and recurrent layers,Method,2020
canon_Method_02515,Gradient-based explanation methods,Method,2020
canon_Method_02516,accent and phone classifiers,Method,2020
canon_Method_02518,probes,Method,2020
canon_Method_02519,syntactic probes,Method,2020
canon_Method_02520,Short Answer Scoring (SAS) systems,Method,2020
canon_Method_02521,Masked Language Model (MLM) objectives,Method,2020
canon_Method_02522,MLM-based models,Method,2020
canon_Method_02523,Neighborhood Matching Network,Method,2020
canon_Method_02524,NMN),Method,2020
canon_Method_02525,entity alignment framework,Method,2020
canon_Method_02526,graph sampling method,Method,2020
canon_Method_02527,cross-graph neighborhood matching module,Method,2020
canon_Method_02528,matching-oriented entity representations,Method,2020
canon_Method_02529,character-level and contextual language model representations,Method,2020
canon_Method_02530,Text Normalization based Pre-training of Transformers,Method,2020
canon_Method_02532,multi-task training,Method,2020
canon_Method_02533,cross-view auto-encoders,Method,2020
canon_Method_02534,single-source systems,Method,2020
canon_Method_02535,Kernel Graph Attention Network,Method,2020
canon_Method_02536,KGAT),Method,2020
canon_Method_02537,kernel-based attentions,Method,2020
canon_Method_02538,node kernels,Method,2020
canon_Method_02539,edge kernels,Method,2020
canon_Method_02540,dot-product attentions,Method,2020
canon_Method_02541,KernelGAT,Method,2020
canon_Method_02542,model-selection routine,Method,2020
canon_Method_02543,extractive summarization methods,Method,2020
canon_Method_02544,graph-based reasoning,Method,2020
canon_Method_02545,Quark,Method,2020
canon_Method_02546,BERT span prediction model,Method,2020
canon_Method_02547,sentence selection model,Method,2020
canon_Method_02548,nested NER model,Method,2020
canon_Method_02549,HIT model,Method,2020
canon_Method_02550,Head-Tail Detector,Method,2020
canon_Method_02551,multi-head self-attention mechanism,Method,2020
canon_Method_02552,bi-affine classifier,Method,2020
canon_Method_02553,Token Interaction Tagger,Method,2020
canon_Method_02554,Principled Regularized Optimization,Method,2020
canon_Method_02555,Bregman proximal point optimization,Method,2020
canon_Method_02556,trust-region methods,Method,2020
canon_Method_02557,extraction system,Method,2020
canon_Method_02558,Visual Platform,Method,2020
canon_Method_02559,aLa,Method,2020
canon_Method_02560,workflow management platform,Method,2020
canon_Method_02561,graphic,Method,2020
canon_Method_02562,clinical NLP tools,Method,2020
canon_Method_02563,Short Text Topic Modeling,Method,2020
canon_Method_02564,Topic Distribution Quantization,Method,2020
canon_Method_02565,autoencoding,Method,2020
canon_Method_02566,stance detection methods,Method,2020
canon_Method_02567,Ridge-M regression,Method,2020
canon_Method_02568,SVR-RF-R,Method,2020
canon_Method_02569,pkudblab-PIP,Method,2020
canon_Method_02570,T-PAN-PIP,Method,2020
canon_Method_02571,SVR-RF-R model,Method,2020
canon_Method_02572,open-domain method,Method,2020
canon_Method_02573,Structure-free Approach,Method,2020
canon_Method_02574,certified robust method,Method,2020
canon_Method_02575,randomized smoothing technique,Method,2020
canon_Method_02576,stochastic ensemble,Method,2020
canon_Method_02577,retrieval-based data re-sampling,Method,2020
canon_Method_02579,neulab,Method,2020
canon_Method_02580,crowdsourcing protocol,Method,2020
canon_Method_02581,analysis tool,Method,2020
canon_Method_02582,training algorithm,Method,2020
canon_Method_02583,Semi-Supervised Bilingual Lexicon Induction,Method,2020
canon_Method_02584,Semi-supervision,Method,2020
canon_Method_02585,message-passing mechanisms,Method,2020
canon_Method_02586,supervised and unsupervised BLI methods,Method,2020
canon_Method_02587,structured representation,Method,2020
canon_Method_02588,SNIPS,Method,2020
canon_Method_02589,Data-Centric Framework,Method,2020
canon_Method_02590,open-source framework,Method,2020
canon_Method_02591,uniform data representation,Method,2020
canon_Method_02592,NLP and deep learning libraries,Method,2020
canon_Method_02593,Fort,Method,2020
canon_Method_02594,workflow infrastructure,Method,2020
canon_Method_02595,NLP function processors,Method,2020
canon_Method_02596,Sta,Method,2020
canon_Method_02597,modular language and task representations,Method,2020
canon_Method_02598,invertible adapter architecture,Method,2020
canon_Method_02599,MAD,Method,2020
canon_Method_02600,AdapterHu,Method,2020
canon_Method_02601,extractive question answering models,Method,2020
canon_Method_02603,bias ensembling,Method,2020
canon_Method_02604,no-curriculum training,Method,2020
canon_Method_02605,VoxClamantis,Method,2020
canon_Method_02606,voxclamantisproject,Method,2020
canon_Method_02607,Cold-start Active Learning,Method,2020
canon_Method_02608,active learning strategy,Method,2020
canon_Method_02610,Coreferential Reasoning Learning,Method,2020
canon_Method_02612,Fact-based Content Weighting,Method,2020
canon_Method_02613,Meta Fine-Tuning Neural Language Models,Method,2020
canon_Method_02614,learning procedure,Method,2020
canon_Method_02615,Meta Fine-Tuning (,Method,2020
canon_Method_02616,MFT),Method,2020
canon_Method_02617,Content Word Aware Neural,Method,2020
canon_Method_02618,content word-aware NMT,Method,2020
canon_Method_02619,Parallel Corpus Filtering Toolbox,Method,2020
canon_Method_02620,heuristic filters,Method,2020
canon_Method_02621,language identification libraries,Method,2020
canon_Method_02622,character-based language models,Method,2020
canon_Method_02623,word alignment tools,Method,2020
canon_Method_02625,regression models,Method,2020
canon_Method_02626,Unsupervised Sentence Embedding Method,Method,2020
canon_Method_02627,Sentence BERT (,Method,2020
canon_Method_02628,SBERT,Method,2020
canon_Method_02629,self-supervised learning objective,Method,2020
canon_Method_02630,mutual information maximization strategies,Method,2020
canon_Method_02631,unsupervised sentence embedding baselines,Method,2020
canon_Method_02632,BabyWalk,Method,2020
canon_Method_02633,autonomous agents,Method,2020
canon_Method_02634,Walk,Method,2020
canon_Method_02635,VLN agent,Method,2020
canon_Method_02636,curriculum-based reinforcement learning,Method,2020
canon_Method_02637,multi-task baseline,Method,2020
canon_Method_02639,neural semantic parsing approaches,Method,2020
canon_Method_02640,Unimer,Method,2020
canon_Method_02641,Stylistic Headline,Method,2020
canon_Method_02642,SHG),Method,2020
canon_Method_02643,TitleStylist,Method,2020
canon_Method_02644,parameter sharing scheme,Method,2020
canon_Method_02645,TitleS,Method,2020
canon_Method_02646,ethics,Method,2020
canon_Method_02647,Transition-based Directed Graph Construction,Method,2020
canon_Method_02648,pipelined framework,Method,2020
canon_Method_02650,parsing-like directed graph construction,Method,2020
canon_Method_02651,multi-encoder approaches,Method,2020
canon_Method_02652,context encoder,Method,2020
canon_Method_02653,noise generator,Method,2020
canon_Method_02654,robust training,Method,2020
canon_Method_02655,multi-encoder-based,Method,2020
canon_Method_02656,noise generation and,Method,2020
canon_Method_02657,dropout methods,Method,2020
canon_Method_02658,Element-aware Multi-representation Model,Method,2020
canon_Method_02659,LEMM),Method,2020
canon_Method_02660,law-aware fact representation,Method,2020
canon_Method_02661,TopJudge,Method,2020
canon_Method_02662,Gradient-guided Unsupervised,Method,2020
canon_Method_02663,stochastic searching methods,Method,2020
canon_Method_02664,parallel data training,Method,2020
canon_Method_02665,Adversarially Trained Language Models,Method,2020
canon_Method_02666,broad-coverage contextualised embedding models,Method,2020
canon_Method_02667,self-supervised adaptation methods,Method,2020
canon_Method_02668,MLMs,Method,2020
canon_Method_02669,random masking strategy,Method,2020
canon_Method_02670,doubly-recurrent neural networks,Method,2020
canon_Method_02671,Multi-View Sequence-to-Sequence Models,Method,2020
canon_Method_02672,multi-view decoder,Method,2020
canon_Method_02673,Multi-View-Seq2Seq,Method,2020
canon_Method_02674,Sequence-Level Mixed Sample Data Augmentation,Method,2020
canon_Method_02675,SwitchOut,Method,2020
canon_Method_02676,multilingual pretraining setup,Method,2020
canon_Method_02677,VecMap,Method,2020
canon_Method_02678,unsupervised embedding alignment,Method,2020
canon_Method_02679,Iterative Feature Mining,Method,2020
canon_Method_02680,shared encoder and decoder,Method,2020
canon_Method_02681,NMT architecture,Method,2020
canon_Method_02682,Bilingual Dictionary Based,Method,2020
canon_Method_02683,monolingual speaker learning,Method,2020
canon_Method_02684,anchored training (,Method,2020
canon_Method_02685,AT),Method,2020
canon_Method_02686,dictionary-supervised cross-lingual word embedding transformation,Method,2020
canon_Method_02687,supervised SMT,Method,2020
canon_Method_02688,Routing Enforced Generative Model,Method,2020
canon_Method_02689,routing method,Method,2020
canon_Method_02690,RGM),Method,2020
canon_Method_02691,IRMatri,Method,2020
canon_Method_02692,IRMatrix,Method,2020
canon_Method_02693,IRM,Method,2020
canon_Method_02694,baseline neural model,Method,2020
canon_Method_02695,Question and answer generation,Method,2020
canon_Method_02696,fine-grained propaganda techniques,Method,2020
canon_Method_02697,propaganda technique,Method,2020
canon_Method_02698,ZP,Method,2020
canon_Method_02699,Multi-Task Learning and BERT,Method,2020
canon_Method_02700,joint modeling,Method,2020
canon_Method_02701,Knowledge Graph Embedding Compression,Method,2020
canon_Method_02702,Knowledge graph (KG) representation learning techniques,Method,2020
canon_Method_02703,KG embedding layer,Method,2020
canon_Method_02704,KG embedding technique,Method,2020
canon_Method_02705,automatic machine learning pipeline,Method,2020
canon_Method_02706,memory-driven conditional layer normalization,Method,2020
canon_Method_02707,decoder of,Method,2020
canon_Method_02708,graph-based dependency parsers,Method,2020
canon_Method_02712,task-specific and general-purpose feature embeddings,Method,2020
canon_Method_02713,machine reading algorithms,Method,2020
canon_Method_02714,Model-Agnostic Adversarial Attacks,Method,2020
canon_Method_02715,adversarial attack strategy,Method,2020
canon_Method_02716,Coach),Method,2020
canon_Method_02717,template regularization approach,Method,2020
canon_Method_02718,Semi-Supervised Variational Autoencoder,Method,2020
canon_Method_02719,text classification system,Method,2020
canon_Method_02720,semi-supervised text classification framework,Method,2020
canon_Method_02721,Semi-supervised variational inference,Method,2020
canon_Method_02722,SemiORC),Method,2020
canon_Method_02723,SemiORC,Method,2020
canon_Method_02724,sequence modeling architecture,Method,2020
canon_Method_02725,Retrieve-and-Rewrite Initialization Method,Method,2020
canon_Method_02726,initial translation models,Method,2020
canon_Method_02727,retrieval and rewriting based method,Method,2020
canon_Method_02728,rewriting model,Method,2020
canon_Method_02730,Imagist,Method,2020
canon_Method_02731,propensity matching,Method,2020
canon_Method_02732,SANs),Method,2020
canon_Method_02733,selective SANs (,Method,2020
canon_Method_02734,SSANs),Method,2020
canon_Method_02735,word order encoding,Method,2020
canon_Method_02736,negative mining,Method,2020
canon_Method_02737,single entity retrieval model,Method,2020
canon_Method_02738,frequency-based analysis,Method,2020
canon_Method_02739,Shaping,Method,2020
canon_Method_02740,task-oriented dialogue agent,Method,2020
canon_Method_02741,ˆ2Agent,Method,2020
canon_Method_02742,imitation model,Method,2020
canon_Method_02743,ˆ2Agentt,Method,2020
canon_Method_02744,Character-Level Transformer NMT,Method,2020
canon_Method_02745,vanilla 6-layer Transformer Base architecture,Method,2020
canon_Method_02746,Pretrained contextualized text encoders,Method,2020
canon_Method_02747,additional lemma retrieval,Method,2020
canon_Method_02748,minimally supervised systems,Method,2020
canon_Method_02749,Semantic Label Smoothing,Method,2020
canon_Method_02750,regularization strategy,Method,2020
canon_Method_02751,token level smoothing,Method,2020
canon_Method_02753,sequence tagging models,Method,2020
canon_Method_02754,decoding layer,Method,2020
canon_Method_02757,knowledge-guided reinforcement learning (RL) framework,Method,2020
canon_Method_02758,deep Q-network,Method,2020
canon_Method_02759,neural abstractive multi-document summarization (MDS) model,Method,2020
canon_Method_02760,graph representations of documents,Method,2020
canon_Method_02761,Iterative Framework,Method,2020
canon_Method_02762,set expansion model,Method,2020
canon_Method_02763,Sparsely Supervised Memory Model,Method,2020
canon_Method_02764,memory-augmented neural network,Method,2020
canon_Method_02765,prior memory model,Method,2020
canon_Method_02766,memory models,Method,2020
canon_Method_02767,cross-lingual masked language model (,Method,2020
canon_Method_02768,XLM),Method,2020
canon_Method_02769,faithfulness enhanced NMT model,Method,2020
canon_Method_02771,Generative dialogue systems,Method,2020
canon_Method_02772,commonsense knowledge-aware dialogue generation model,Method,2020
canon_Method_02773,Context-Knowledge Fusion,Method,2020
canon_Method_02774,Flexible Mode Fusion,Method,2020
canon_Method_02775,ConKADI,Method,2020
canon_Method_02776,labelling methods,Method,2020
canon_Method_02777,sarcasm detection models,Method,2020
canon_Method_02779,prosodic or phonetic analysis,Method,2020
canon_Method_02780,statistical schwa deletion classifier,Method,2020
canon_Method_02781,Hindi model,Method,2020
canon_Method_02782,in-domain BERT representations (,Method,2020
canon_Method_02783,BERTOverflow),Method,2020
canon_Method_02784,context-independent code token classifier,Method,2020
canon_Method_02785,BERT-based tagging model,Method,2020
canon_Method_02786,StackOverflowNER,Method,2020
canon_Method_02787,unsupervised text-editing method,Method,2020
canon_Method_02788,MLMs),Method,2020
canon_Method_02789,padded MLM variant,Method,2020
canon_Method_02790,aspect extraction methods,Method,2020
canon_Method_02791,Recycling mechanism,Method,2020
canon_Method_02792,post-processing technique,Method,2020
canon_Method_02793,contextualized and static models,Method,2020
canon_Method_02794,Energy-Based Inference Networks,Method,2020
canon_Method_02795,structured component,Method,2020
canon_Method_02796,neural parameterizations,Method,2020
canon_Method_02797,"convolutional, recurrent, and self-attention networks",Method,2020
canon_Method_02798,local classifiers,Method,2020
canon_Method_02799,Medical Information Extractor,Method,2020
canon_Method_02800,sequential labeling annotation,Method,2020
canon_Method_02801,MIE),Method,2020
canon_Method_02802,deep matching architecture,Method,2020
canon_Method_02803,Soft Template Prediction,Method,2020
canon_Method_02804,template-based and syntax-based approaches,Method,2020
canon_Method_02805,Non-Incremental Encoders,Method,2020
canon_Method_02806,language encoders,Method,2020
canon_Method_02807,BiLSTMs,Method,2020
canon_Method_02808,omni-directional” BERT model,Method,2020
canon_Method_02809,TLS strategies,Method,2020
canon_Method_02810,purposeful captioning system,Method,2020
canon_Method_02811,correlation-based approach,Method,2020
canon_Method_02812,Linguistically-Informed Interpolation of,Method,2020
canon_Method_02813,pre-trained and fined-tuned models,Method,2020
canon_Method_02814,Transformer-based deep NLP models,Method,2020
canon_Method_02815,feature-based transfer learning procedure,Method,2020
canon_Method_02816,"vectorized, auto-differentiation based frameworks",Method,2020
canon_Method_02817,distribution-based API,Method,2020
canon_Method_02818,WSC models,Method,2020
canon_Method_02820,GPT-too,Method,2020
canon_Method_02821,Language-Model-First Approach,Method,2020
canon_Method_02822,sequence-to-sequence or graph-to-sequence models,Method,2020
canon_Method_02823,cycle consistency-based re-scoring,Method,2020
canon_Method_02824,sequence labeling baseline,Method,2020
canon_Method_02825,document-level modeling,Method,2020
canon_Method_02826,greedy decoding algorithm,Method,2020
canon_Method_02827,CWS model,Method,2020
canon_Method_02828,attention only stacked encoder,Method,2020
canon_Method_02829,Transformer variant,Method,2020
canon_Method_02830,Gaussian-masked Directional (GD) Transformer,Method,2020
canon_Method_02831,biaffine attention scorer,Method,2020
canon_Method_02832,coarse-to-fine modeling framework,Method,2020
canon_Method_02833,evidence estimator,Method,2020
canon_Method_02834,Non-Linear Instance-Based Cross-Lingual Mapping,Method,2020
canon_Method_02835,InstaMap,Method,2020
canon_Method_02836,instance-based method,Method,2020
canon_Method_02837,non-parametric model,Method,2020
canon_Method_02838,Kabsch algorithm,Method,2020
canon_Method_02839,masking BERT,Method,2020
canon_Method_02840,masking scheme,Method,2020
canon_Method_02841,Semantically-Aligned Universal Tree-Structured Solver,Method,2020
canon_Method_02842,automatic textual math word problems (MWPs) solver,Method,2020
canon_Method_02843,Universal Expression Tree (,Method,2020
canon_Method_02844,UET),Method,2020
canon_Method_02845,SAU-Solver),Method,2020
canon_Method_02846,unified model,Method,2020
canon_Method_02847,teacher-student framework,Method,2020
canon_Method_02848,Enrichment Knowledge Distillation (EKD) model,Method,2020
canon_Method_02849,ekd,Method,2020
canon_Method_02850,narrow IE systems,Method,2020
canon_Method_02851,Open IE systems,Method,2020
canon_Method_02852,FO,Method,2020
canon_Method_02853,narrow scientific IE system,Method,2020
canon_Method_02854,narrow IE extractions,Method,2020
canon_Method_02855,Online Back-Parsing,Method,2020
canon_Method_02856,graph encoders,Method,2020
canon_Method_02857,graph Transformer,Method,2020
canon_Method_02858,Semi-Autoregressive Sequential,Method,2020
canon_Method_02859,Traditional,Method,2020
canon_Method_02860,TQG),Method,2020
canon_Method_02861,Sequential Question Generation,Method,2020
canon_Method_02862,SQG),Method,2020
canon_Method_02863,answer-aware attention mechanism,Method,2020
canon_Method_02864,medical image captioning model,Method,2020
canon_Method_02865,difference and tag (DiTag) model,Method,2020
canon_Method_02866,multi-difference and tag (,Method,2020
canon_Method_02867,mDiTag) model,Method,2020
canon_Method_02868,entity masking,Method,2020
canon_Method_02869,DualTKB,Method,2020
canon_Method_02870,Dual Learning Bridge,Method,2020
canon_Method_02871,dual learning approach,Method,2020
canon_Method_02872,Pivot Stabilization,Method,2020
canon_Method_02873,data-hungry models,Method,2020
canon_Method_02874,Pivot-Language Generation Stabilization (,Method,2020
canon_Method_02875,PLuGS),Method,2020
canon_Method_02876,monolingual English model,Method,2020
canon_Method_02877,local (first-order) information aggregation scheme,Method,2020
canon_Method_02878,dynamic fusion mechanism,Method,2020
canon_Method_02879,LDGCNs),Method,2020
canon_Method_02880,parameter saving strategies,Method,2020
canon_Method_02881,group graph convolutions,Method,2020
canon_Method_02882,weight tied convolutions,Method,2020
canon_Method_02883,LDGCNs,Method,2020
canon_Method_02884,Cross-lingual SRL,Method,2020
canon_Method_02885,model transferring,Method,2020
canon_Method_02886,annotation projection,Method,2020
canon_Method_02887,translation-based method,Method,2020
canon_Method_02888,Bootstrapped Q-learning,Method,2020
canon_Method_02889,Context Relevant Observation Pruning,Method,2020
canon_Method_02890,Context Relevant Episodic State Truncation (,Method,2020
canon_Method_02891,CREST),Method,2020
canon_Method_02892,Q-learning,Method,2020
canon_Method_02893,observation pruning,Method,2020
canon_Method_02894,bootstrapped model,Method,2020
canon_Method_02895,bootstrapped agent,Method,2020
canon_Method_02896,SOTA) methods,Method,2020
canon_Method_02897,Cross-lingual word embedding (CWE) algorithms,Method,2020
canon_Method_02898,Autoencoding Keyword Correlation Graph,Method,2020
canon_Method_02899,graph-based representation,Method,2020
canon_Method_02900,graph autoencoder (GAE),Method,2020
canon_Method_02901,GAE,Method,2020
canon_Method_02902,Hybrid Graph Convolution Network,Method,2020
canon_Method_02903,DeepMeSH,Method,2020
canon_Method_02904,TextCNN,Method,2020
canon_Method_02905,GCN),Method,2020
canon_Method_02906,mixed representation,Method,2020
canon_Method_02907,attention layer operation,Method,2020
canon_Method_02908,BPE),Method,2020
canon_Method_02909,subword segmentation algorithm,Method,2020
canon_Method_02910,segmentation procedure,Method,2020
canon_Method_02911,BPE framework,Method,2020
canon_Method_02913,commonsense representation,Method,2020
canon_Method_02914,Parallel Interactive Networks,Method,2020
canon_Method_02915,multidomain dialogue state tracking (,Method,2020
canon_Method_02916,MDST) models,Method,2020
canon_Method_02917,PIN),Method,2020
canon_Method_02918,interactive encoder,Method,2020
canon_Method_02919,distributed copy mechanism,Method,2020
canon_Method_02920,PIN model,Method,2020
canon_Method_02921,generative agent,Method,2020
canon_Method_02922,persona-based agents,Method,2020
canon_Method_02923,Rational Speech Acts framework,Method,2020
canon_Method_02924,Heterogeneous Neural Interaction Networks,Method,2020
canon_Method_02925,HENIN),Method,2020
canon_Method_02926,comment encoder,Method,2020
canon_Method_02927,post-comment co-attention sub-network,Method,2020
canon_Method_02928,session-session and,Method,2020
canon_Method_02929,HEN,Method,2020
canon_Method_02930,Multi-Dimensional Gender Bias Classification,Method,2020
canon_Method_02931,fine-grained gender bias classifiers,Method,2020
canon_Method_02932,data collection method,Method,2020
canon_Method_02933,data collection techniques,Method,2020
canon_Method_02935,deep contextual language modeling,Method,2020
canon_Method_02936,GPT2,Method,2020
canon_Method_02937,Multimodal Neural Graph Memory Networks,Method,2020
canon_Method_02938,MN-GMN),Method,2020
canon_Method_02939,Graph Network (GN),Method,2020
canon_Method_02940,GNs,Method,2020
canon_Method_02941,question-guided contextualized representation,Method,2020
canon_Method_02942,answer module,Method,2020
canon_Method_02943,linguistic graph-indexing and retrieval engine,Method,2020
canon_Method_02944,wikipedia system,Method,2020
canon_Method_02945,Left-Corner Recurrent Neural Network Grammars,Method,2021
canon_Method_02946,LSTM),Method,2021
canon_Method_02947,sequential model,Method,2021
canon_Method_02948,top-down and left-corner parsing strategies,Method,2021
canon_Method_02949,left-corner RNNGs,Method,2021
canon_Method_02950,top-down RNNGs,Method,2021
canon_Method_02951,hierarchical and left-corner architectures,Method,2021
canon_Method_02952,top-down or sequential architectures,Method,2021
canon_Method_02954,NEL),Method,2021
canon_Method_02955,patching models,Method,2021
canon_Method_02956,weak labeling,Method,2021
canon_Method_02957,layered method,Method,2021
canon_Method_02958,prior second-best path recognition method,Method,2021
canon_Method_02959,outermost entities first scheme,Method,2021
canon_Method_02960,vocabulary selection method,Method,2021
canon_Method_02961,cooperative game theory,Method,2021
canon_Method_02963,GRIT,Method,2021
canon_Method_02964,Generative Role-filler Transformers,Method,2021
canon_Method_02965,sentence-level approaches,Method,2021
canon_Method_02966,generative transformer-based encoder-decoder framework,Method,2021
canon_Method_02967,GRIT),Method,2021
canon_Method_02969,BART-based translation model,Method,2021
canon_Method_02970,PCFG,Method,2021
canon_Method_02971,Few-shot Rationalization,Method,2021
canon_Method_02972,multi-task teacher-student framework,Method,2021
canon_Method_02973,shallow multi-layer perceptron (MLP),Method,2021
canon_Method_02974,subtractive pruning-based probe,Method,2021
canon_Method_02975,MLP,Method,2021
canon_Method_02976,subnetwork probe,Method,2021
canon_Method_02977,random models,Method,2021
canon_Method_02978,MLP probing,Method,2021
canon_Method_02979,Multi-modal Deep Support Vector Data Description,Method,2021
canon_Method_02980,multi-modal deep SVDD (,Method,2021
canon_Method_02981,mSVDD),Method,2021
canon_Method_02982,VDD,Method,2021
canon_Method_02983,mSVDD model,Method,2021
canon_Method_02984,natural language inference (NLI) models,Method,2021
canon_Method_02985,neural architecture search (NAS),Method,2021
canon_Method_02986,cross-attn) modeling,Method,2021
canon_Method_02987,ENAS method,Method,2021
canon_Method_02988,NAS methods,Method,2021
canon_Method_02989,Perspective-taking,Method,2021
canon_Method_02990,generative estimator,Method,2021
canon_Method_02991,Anchor-based Bilingual Word Embeddings,Method,2021
canon_Method_02992,monolingual word embeddings (,Method,2021
canon_Method_02993,MWEs),Method,2021
canon_Method_02996,video-and-language pre-training method,Method,2021
canon_Method_03000,Cross-modal [STA,Method,2021
canon_Method_03001,cross-modal attention,Method,2021
canon_Method_03002,multi-task learning approach,Method,2021
canon_Method_03003,question type-aware question generation framework,Method,2021
canon_Method_03004,Bootstrapping,Method,2021
canon_Method_03005,Multilingual AMR,Method,2021
canon_Method_03006,multilingual Abstract Meaning Representation (AMR) systems,Method,2021
canon_Method_03007,transformer-based multilingual word embeddings,Method,2021
canon_Method_03008,XLM-R large,Method,2021
canon_Method_03009,Bo,Method,2021
canon_Method_03010,olQ,Method,2021
canon_Method_03011,measurement modeling lens,Method,2021
canon_Method_03012,measurement models,Method,2021
canon_Method_03013,Joint Verification and Reranking,Method,2021
canon_Method_03014,joint reranking-and-verification model,Method,2021
canon_Method_03015,verification component,Method,2021
canon_Method_03016,closed-domain state,Method,2021
canon_Method_03017,heuristic retrieval baseline,Method,2021
canon_Method_03018,Knowledge Graph (KG),Method,2021
canon_Method_03019,KG-enhanced attention,Method,2021
canon_Method_03020,Global Model,Method,2021
canon_Method_03021,text-label mutual information maximization,Method,2021
canon_Method_03022,label prior matching,Method,2021
canon_Method_03023,scheduled sampling methods,Method,2021
canon_Method_03024,Transformer baseline,Method,2021
canon_Method_03026,static non-contextualised word embeddings,Method,2021
canon_Method_03027,fine-tuning method,Method,2021
canon_Method_03028,token-level deb,Method,2021
canon_Method_03029,semantic networks,Method,2021
canon_Method_03030,masked span prediction,Method,2021
canon_Method_03031,auto-regressive language modeling,Method,2021
canon_Method_03032,Peg,Method,2021
canon_Method_03033,state tracking model,Method,2021
canon_Method_03034,recurrent state context representation,Method,2021
canon_Method_03035,pre-trained sequence-to-sequence model,Method,2021
canon_Method_03036,BART),Method,2021
canon_Method_03037,supervised training regime,Method,2021
canon_Method_03038,NLEdit,Method,2021
canon_Method_03039,zero-shot cross-lingual transfer of vision-language models,Method,2021
canon_Method_03040,multilingual text-video model,Method,2021
canon_Method_03041,multilingual multimodal pre-training strategy,Method,2021
canon_Method_03042,entirely,Method,2021
canon_Method_03043,"convolutional, or CNN, architectures",Method,2021
canon_Method_03044,pre-train-fine-tune paradigm,Method,2021
canon_Method_03045,CNN-based pre-trained models,Method,2021
canon_Method_03046,cluster evaluation method,Method,2021
canon_Method_03047,CLIN,Method,2021
canon_Method_03048,Coupled Policies,Method,2021
canon_Method_03049,simultaneous translation model,Method,2021
canon_Method_03050,coupled programmer-interpreter policies,Method,2021
canon_Method_03051,coupled scheduled sampling,Method,2021
canon_Method_03052,ActiveEA,Method,2021
canon_Method_03053,Active Learning (AL) framework,Method,2021
canon_Method_03054,EA models,Method,2021
canon_Method_03055,AL strategy,Method,2021
canon_Method_03056,AL strategies,Method,2021
canon_Method_03057,structure-aware uncertainty sampling strategy,Method,2021
canon_Method_03058,bachelor recognizer,Method,2021
canon_Method_03059,Feature-Engineering and,Method,2021
canon_Method_03060,Feature-Learning Approaches,Method,2021
canon_Method_03061,manual feature engineering,Method,2021
canon_Method_03062,feature-engineering-based approach,Method,2021
canon_Method_03063,feature-learning-based one,Method,2021
canon_Method_03064,end-to-end neural architectures,Method,2021
canon_Method_03065,feature-engineering-based SVM classifiers,Method,2021
canon_Method_03066,feature importance analysis,Method,2021
canon_Method_03067,neural and classical architectures,Method,2021
canon_Method_03068,SSTC),Method,2021
canon_Method_03069,SSTC,Method,2021
canon_Method_03070,Gaussian linear transformation,Method,2021
canon_Method_03071,SSTC method,Method,2021
canon_Method_03072,Balanced Deep representation Distributions,Method,2021
canon_Method_03073,2TC-BDD),Method,2021
canon_Method_03074,2TC-BDD,Method,2021
canon_Method_03075,BERT’,Method,2021
canon_Method_03076,label inventory,Method,2021
canon_Method_03077,annotation approach,Method,2021
canon_Method_03078,recommendation approach,Method,2021
canon_Method_03079,Few-shot crosslingual transfer,Method,2021
canon_Method_03080,pretrained encoders,Method,2021
canon_Method_03081,full model finetuning approach,Method,2021
canon_Method_03082,few-shot approaches,Method,2021
canon_Method_03083,few-shot crosslingual experimental designs,Method,2021
canon_Method_03084,Hie-BART,Method,2021
canon_Method_03085,abstractive document summarization model,Method,2021
canon_Method_03087,Hie-BART),Method,2021
canon_Method_03088,MG-SA,Method,2021
canon_Method_03089,non-,Method,2021
canon_Method_03090,Social and Temporal User Representations,Method,2021
canon_Method_03091,Hyperbolic Learning,Method,2021
canon_Method_03092,Hawkes process,Method,2021
canon_Method_03093,socially and personally contextualized representations,Method,2021
canon_Method_03094,Orthogonal Procrustes Analysis,Method,2021
canon_Method_03095,KGEs),Method,2021
canon_Method_03096,KGE framework,Method,2021
canon_Method_03097,full batch learning,Method,2021
canon_Method_03098,closed-form Orthogonal Procrustes Analysis,Method,2021
canon_Method_03099,KGEs,Method,2021
canon_Method_03100,non-negative-sampling training,Method,2021
canon_Method_03101,KGE method,Method,2021
canon_Method_03102,syntactically-informed unsupervised paraphrasing model,Method,2021
canon_Method_03103,conditional variational auto-encoder (VAE),Method,2021
canon_Method_03105,Feldman,Method,2021
canon_Method_03106,data-generation processes,Method,2021
canon_Method_03107,Backtranslation,Method,2021
canon_Method_03109,cross-lingual model,Method,2021
canon_Method_03110,data augmentation strategy,Method,2021
canon_Method_03111,adversarial training regimen,Method,2021
canon_Method_03112,recurrent mechanism,Method,2021
canon_Method_03113,dependency parsers,Method,2021
canon_Method_03115,learning process,Method,2021
canon_Method_03116,Neural natural language generation (NLG) and understanding (NLU) models,Method,2021
canon_Method_03117,fine-tuned GPT-2,Method,2021
canon_Method_03118,NLG and NLU models,Method,2021
canon_Method_03119,popularity-based baseline method,Method,2021
canon_Method_03120,chrome plugin,Method,2021
canon_Method_03121,Cross-lingual Intermediate Fine-tuning,Method,2021
canon_Method_03122,transfer learning process,Method,2021
canon_Method_03123,Answer expansion,Method,2021
canon_Method_03125,single-task learning,Method,2021
canon_Method_03126,pruning analysis,Method,2021
canon_Method_03127,label analysis,Method,2021
canon_Method_03128,Relation-aware Network (,Method,2021
canon_Method_03129,RaNet),Method,2021
canon_Method_03130,choice-query interactor,Method,2021
canon_Method_03131,multi-choice relation constructor,Method,2021
canon_Method_03132,graph convolution,Method,2021
canon_Method_03133,RaNet,Method,2021
canon_Method_03134,Gradient-based Adversarial Attacks,Method,2021
canon_Method_03135,general-purpose gradient-based adversarial attack,Method,2021
canon_Method_03136,white-box attack,Method,2021
canon_Method_03137,black-box transfer attack,Method,2021
canon_Method_03138,feature attribution methods,Method,2021
canon_Method_03139,SaLoss models,Method,2021
canon_Method_03140,faithful classifiers,Method,2021
canon_Method_03141,open source visualisation and analysis tool,Method,2021
canon_Method_03142,lexicalized representations,Method,2021
canon_Method_03144,web-based tool,Method,2021
canon_Method_03145,graph analysis,Method,2021
canon_Method_03146,DMRS,Method,2021
canon_Method_03147,EDS,Method,2021
canon_Method_03148,PTG,Method,2021
canon_Method_03149,UCCA,Method,2021
canon_Method_03150,AMR semantic frameworks,Method,2021
canon_Method_03151,ML) algorithms,Method,2021
canon_Method_03152,ML-based attribution methods,Method,2021
canon_Method_03153,XLNet-FT,Method,2021
canon_Method_03154,automated approaches,Method,2021
canon_Method_03155,encoder-decoder Transformer models,Method,2021
canon_Method_03156,Word-Level Coreference Resolution,Method,2021
canon_Method_03157,coreference resolution models,Method,2021
canon_Method_03158,coreference model,Method,2021
canon_Method_03159,SpanBERT,Method,2021
canon_Method_03160,coreference resolution systems,Method,2021
canon_Method_03161,pre-editing methods,Method,2021
canon_Method_03162,heterogeneous graph based model,Method,2021
canon_Method_03163,Prol,Method,2021
canon_Method_03164,global context module,Method,2021
canon_Method_03165,video-level HCN model,Method,2021
canon_Method_03166,event-level context-agnostic model,Method,2021
canon_Method_03167,HCN,Method,2021
canon_Method_03168,hate speech classifiers,Method,2021
canon_Method_03169,Variational Representation Learning (,Method,2021
canon_Method_03170,VRL),Method,2021
canon_Method_03171,LB-SOINN,Method,2021
canon_Method_03172,Load-Balancing Self-Organizing Incremental Neural Network),Method,2021
canon_Method_03173,LB-SOINN memory module,Method,2021
canon_Method_03174,lifelong learning techniques,Method,2021
canon_Method_03175,direct finetuning method,Method,2021
canon_Method_03176,stage,Method,2021
canon_Method_03177,MSG model,Method,2021
canon_Method_03178,fine encoder,Method,2021
canon_Method_03179,black box search methods,Method,2021
canon_Method_03180,prior attacks,Method,2021
canon_Method_03181,query efficient attack strategy,Method,2021
canon_Method_03182,LSH),Method,2021
canon_Method_03183,pinyin and glyph representations,Method,2021
canon_Method_03184,adaptive gating mechanism,Method,2021
canon_Method_03185,Randomized Deep Structured Prediction,Method,2021
canon_Method_03186,Expressive text encoders,Method,2021
canon_Method_03187,structured inference,Method,2021
canon_Method_03188,constrained inference,Method,2021
canon_Method_03189,randomized inference,Method,2021
canon_Method_03191,finite state implementation,Method,2021
canon_Method_03192,published grammar,Method,2021
canon_Method_03193,noisy phone representation,Method,2021
canon_Method_03194,morphological transducer,Method,2021
canon_Method_03195,Task-Scaling (,Method,2021
canon_Method_03196,TaSc) mechanisms,Method,2021
canon_Method_03197,attention-based explanations,Method,2021
canon_Method_03198,interpretability techniques,Method,2021
canon_Method_03199,Unification-based Reconstruction of,Method,2021
canon_Method_03200,k-NN clustering,Method,2021
canon_Method_03202,IR) techniques,Method,2021
canon_Method_03203,unification-based mechanism,Method,2021
canon_Method_03204,BERTifying,Method,2021
canon_Method_03205,named entity recognition (NER) tagger,Method,2021
canon_Method_03206,conditional hidden Markov model (,Method,2021
canon_Method_03207,CHMM),Method,2021
canon_Method_03208,alternate-training approach,Method,2021
canon_Method_03209,CHMM-ALT),Method,2021
canon_Method_03210,BERT-NER model,Method,2021
canon_Method_03211,Stack-Propagation framework,Method,2021
canon_Method_03212,RoBERTa-based baseline,Method,2021
canon_Method_03213,Black-Box Optimization of Sentence Compression Algorithms,Method,2021
canon_Method_03214,Black-Box Optimizer,Method,2021
canon_Method_03215,black-box compression algorithm,Method,2021
canon_Method_03216,optimizer,Method,2021
canon_Method_03217,B,Method,2021
canon_Method_03218,BOC,Method,2021
canon_Method_03219,bounded dynamic programming,Method,2021
canon_Method_03220,ConRPG,Method,2021
canon_Method_03221,unsupervised paradigm,Method,2021
canon_Method_03222,candidate filtering,Method,2021
canon_Method_03223,scoring functions,Method,2021
canon_Method_03224,paraphrase model training,Method,2021
canon_Method_03225,paraphrase generation methods,Method,2021
canon_Method_03226,paraphrase approaches,Method,2021
canon_Method_03227,monolingual and multilingual contextual language models,Method,2021
canon_Method_03228,graph extension,Method,2021
canon_Method_03229,Aspect Term Code-Switching,Method,2021
canon_Method_03230,unsupervised cross-lingual transfer,Method,2021
canon_Method_03231,alignment-free label projection method,Method,2021
canon_Method_03232,translation system,Method,2021
canon_Method_03233,aspect code-switching mechanism,Method,2021
canon_Method_03234,Semantic-based Method,Method,2021
canon_Method_03235,SEmantic-based Question Answering method,Method,2021
canon_Method_03236,SEQA),Method,2021
canon_Method_03237,SEQA,Method,2021
canon_Method_03238,decision support tool,Method,2021
canon_Method_03239,Path Grounding,Method,2021
canon_Method_03240,generate-then-refine strategy,Method,2021
canon_Method_03241,token-level fact critic,Method,2021
canon_Method_03242,FeQA,Method,2021
canon_Method_03243,Neural-Path-Hunter,Method,2021
canon_Method_03244,fair models,Method,2021
canon_Method_03245,specialized model,Method,2021
canon_Method_03246,generalized representation model,Method,2021
canon_Method_03247,in-processing fair sampling method,Method,2021
canon_Method_03248,post-processing feature clipping method,Method,2021
canon_Method_03249,pre-trained abstractive summarization systems,Method,2021
canon_Method_03250,factuality detection model,Method,2021
canon_Method_03251,factual XSum summarization models,Method,2021
canon_Method_03252,Human-in-the-loop Error Detection Framework,Method,2021
canon_Method_03253,error detection framework,Method,2021
canon_Method_03254,global-level feature validation,Method,2021
canon_Method_03256,global and local-level feature contribution analysis,Method,2021
canon_Method_03257,neural multi-label classifier,Method,2021
canon_Method_03258,conversation representation,Method,2021
canon_Method_03259,Entailment,Method,2021
canon_Method_03261,post-decoding entailment component,Method,2021
canon_Method_03262,query modeling,Method,2021
canon_Method_03263,MaRGE,Method,2021
canon_Method_03264,Masked ROUGE Regression framework,Method,2021
canon_Method_03265,Heterogeneous User-Interest Transfer Learning,Method,2021
canon_Method_03266,content-based recommendation techniques,Method,2021
canon_Method_03267,TrNews,Method,2021
canon_Method_03268,translator-based transfer-learning strategy,Method,2021
canon_Method_03269,transfer strategies,Method,2021
canon_Method_03270,Meta Knowledge Distillation Framework,Method,2021
canon_Method_03271,model compression approaches,Method,2021
canon_Method_03272,small student models,Method,2021
canon_Method_03273,Meta-KD) framework,Method,2021
canon_Method_03274,meta-teacher model,Method,2021
canon_Method_03275,meta-teacher,Method,2021
canon_Method_03276,meta-distillation algorithm,Method,2021
canon_Method_03277,single-domain student models,Method,2021
canon_Method_03278,Argumentation Knowledge Graphs,Method,2021
canon_Method_03279,value-sensitive design,Method,2021
canon_Method_03280,glass-box approaches,Method,2021
canon_Method_03283,neural dialogue modeling,Method,2021
canon_Method_03284,Multimodal ARgument Quality assessor (,Method,2021
canon_Method_03285,MARQ),Method,2021
canon_Method_03286,hierarchical neural network model,Method,2021
canon_Method_03287,MARQ model,Method,2021
canon_Method_03288,Meta Distant Transfer Learning,Method,2021
canon_Method_03289,PLM-based meta-learner,Method,2021
canon_Method_03290,weighted maximum entropy regularizers,Method,2021
canon_Method_03291,case-based reasoning (,Method,2021
canon_Method_03292,neuro-symbolic CBR approach,Method,2021
canon_Method_03293,CBR-KBQA),Method,2021
canon_Method_03294,nonparametric memory,Method,2021
canon_Method_03295,Random Forest,Method,2021
canon_Method_03296,extraction software,Method,2021
canon_Method_03297,hybrid models,Method,2021
canon_Method_03298,RoBERTA-RF-T1 hybrid,Method,2021
canon_Method_03299,smaller,Method,2021
canon_Method_03300,LM-BFF,Method,2021
canon_Method_03301,few-shot fine-tuning of language models,Method,2021
canon_Method_03302,fine-tuning procedures,Method,2021
canon_Method_03303,lattice position attention mechanism,Method,2021
canon_Method_03304,base-size models,Method,2021
canon_Method_03305,KB and text embeddings,Method,2021
canon_Method_03306,KB-text embedding alignment methods,Method,2021
canon_Method_03307,interactive Plotting Agent,Method,2021
canon_Method_03308,interactive programming environment,Method,2021
canon_Method_03309,Plotting Agent,Method,2021
canon_Method_03310,plotting model,Method,2021
canon_Method_03311,plotting,Method,2021
canon_Method_03312,model attribution technique,Method,2021
canon_Method_03313,pairwise attributions,Method,2021
canon_Method_03314,pairwise attribution method,Method,2021
canon_Method_03315,OCR engines,Method,2021
canon_Method_03316,Reinforced Label Hierarchy Reasoning,Method,2021
canon_Method_03317,matching model,Method,2021
canon_Method_03318,graph encoding methods,Method,2021
canon_Method_03319,RLHR) approach,Method,2021
canon_Method_03320,rollback algorithm,Method,2021
canon_Method_03321,source valuation framework,Method,2021
canon_Method_03322,Shapley value method,Method,2021
canon_Method_03323,Bandit-based Multi-task Learning,Method,2021
canon_Method_03324,adversarial multi-armed bandit,Method,2021
canon_Method_03325,mirror gradient ascent-descent algorithm,Method,2021
canon_Method_03326,RocketQAv2,Method,2021
canon_Method_03327,Joint Training Method,Method,2021
canon_Method_03328,joint training approach,Method,2021
canon_Method_03329,dynamic listwise distillation,Method,2021
canon_Method_03330,unified listwise training approach,Method,2021
canon_Method_03331,dynamic distillation,Method,2021
canon_Method_03332,PaddlePaddle,Method,2021
canon_Method_03333,RocketQA,Method,2021
canon_Method_03334,text processing pipeline,Method,2021
canon_Method_03335,information-theoretic operationalisation of,Method,2021
canon_Method_03336,concept-level analysis,Method,2021
canon_Method_03337,finite-state computational model,Method,2021
canon_Method_03338,composed finite-state transducers,Method,2021
canon_Method_03339,rule-based approach,Method,2021
canon_Method_03340,Heterogeneous Topic Knowledge Embeddings,Method,2021
canon_Method_03341,topic knowledge embedding,Method,2021
canon_Method_03342,comparative annotation,Method,2021
canon_Method_03343,Deep Contextual Modeling,Method,2021
canon_Method_03344,En-Ro system,Method,2021
canon_Method_03345,supervised Transformer baseline,Method,2021
canon_Method_03347,multi-task trained model,Method,2021
canon_Method_03348,specialised neural retrievers,Method,2021
canon_Method_03349,memory mechanism,Method,2021
canon_Method_03350,Visual Diff Tool,Method,2021
canon_Method_03351,Cooperative Generator-Discriminator Networks (,Method,2021
canon_Method_03352,Co-opNet),Method,2021
canon_Method_03353,transformer-based framework,Method,2021
canon_Method_03354,discriminator architecture,Method,2021
canon_Method_03355,Personalized PageRank,Method,2021
canon_Method_03356,online neural approximated PageRank,Method,2021
canon_Method_03357,neural-pagerank-wsd,Method,2021
canon_Method_03358,noisy training method,Method,2021
canon_Method_03359,reliable,Method,2021
canon_Method_03360,property prediction methods,Method,2021
canon_Method_03361,automatic property extraction framework,Method,2021
canon_Method_03362,token-level and span-level architectures,Method,2021
canon_Method_03363,automated chemical name and quantity extraction tools,Method,2021
canon_Method_03364,Task-Oriented Representations,Method,2021
canon_Method_03365,adversarial disentangled debiasing model,Method,2021
canon_Method_03366,static unbiased representations,Method,2021
canon_Method_03367,early exiting idea,Method,2021
canon_Method_03368,early exiting models,Method,2021
canon_Method_03369,learning-to-exit module,Method,2021
canon_Method_03371,acceleration methods,Method,2021
canon_Method_03373,density estimation,Method,2021
canon_Method_03374,density estimation methods,Method,2021
canon_Method_03375,calibration methods,Method,2021
canon_Method_03376,Rationalizing Fact,Method,2021
canon_Method_03377,machine translation facility,Method,2021
canon_Method_03378,feedback module,Method,2021
canon_Method_03379,WordPiece,Method,2021
canon_Method_03380,longest-match-first strategy,Method,2021
canon_Method_03381,maximum matching,Method,2021
canon_Method_03382,Aho-Corasick algorithm,Method,2021
canon_Method_03383,linear-time WordPiece method,Method,2021
canon_Method_03384,HuggingFace Tokenizers,Method,2021
canon_Method_03385,Cross-Modal Contrastive Learning,Method,2021
canon_Method_03386,UNIfied-MOdal pre-training architecture,Method,2021
canon_Method_03387,CMCL),Method,2021
canon_Method_03388,Contrastive Domain Adaptation,Method,2021
canon_Method_03389,CAQA),Method,2021
canon_Method_03390,CAQA,Method,2021
canon_Method_03391,UniRE,Method,2021
canon_Method_03392,joint entity relation extraction models,Method,2021
canon_Method_03393,unified classifier,Method,2021
canon_Method_03394,approximate decoder,Method,2021
canon_Method_03395,Multi-Adapter Dataset Experts,Method,2021
canon_Method_03396,parameter-averaging,Method,2021
canon_Method_03397,Email and chat communication tools,Method,2021
canon_Method_03398,text prediction algorithms,Method,2021
canon_Method_03399,commercial,Method,2021
canon_Method_03400,text prediction model,Method,2021
canon_Method_03401,contextual text prediction,Method,2021
canon_Method_03402,aggregation methods,Method,2021
canon_Method_03403,Bradley–Terry (,Method,2021
canon_Method_03404,BT) model,Method,2021
canon_Method_03405,aggregation mechanism,Method,2021
canon_Method_03406,Elo,Method,2021
canon_Method_03407,Tintful,Method,2021
canon_Method_03408,NLP annotation software,Method,2021
canon_Method_03409,NLP pipelines,Method,2021
canon_Method_03410,Stanford CoreNLP,Method,2021
canon_Method_03411,wiki-like systems,Method,2021
canon_Method_03412,Tin,Method,2021
canon_Method_03413,tful,Method,2021
canon_Method_03414,CoreNLP,Method,2021
canon_Method_03415,generation-based ones,Method,2021
canon_Method_03416,generation-based method,Method,2021
canon_Method_03417,fully supervised NER,Method,2021
canon_Method_03418,multi-stage computational framework,Method,2021
canon_Method_03420,biomedical LMs,Method,2021
canon_Method_03421,probing methods,Method,2021
canon_Method_03422,End-to-End ASR,Method,2021
canon_Method_03423,Automatic speech recognition (ASR),Method,2021
canon_Method_03424,Hidden Markov Model ASR systems,Method,2021
canon_Method_03425,combinatory methodology,Method,2021
canon_Method_03426,LM-based Text Augmentation,Method,2021
canon_Method_03427,automatic method,Method,2021
canon_Method_03428,fully supervised sequence-to-sequence models,Method,2021
canon_Method_03429,Vector Models,Method,2021
canon_Method_03430,vector space models,Method,2021
canon_Method_03431,Sparse Transformer Matching Retrieval,Method,2021
canon_Method_03432,dense vector nearest neighbor search,Method,2021
canon_Method_03433,approximate vector search,Method,2021
canon_Method_03434,token-based matching,Method,2021
canon_Method_03435,BERTTune,Method,2021
canon_Method_03436,Reference-based systems,Method,2021
canon_Method_03437,reference-less GEC evaluation system,Method,2021
canon_Method_03438,Context Specific Image Representations,Method,2021
canon_Method_03440,Mini-batch Embedding,Method,2021
canon_Method_03441,MBE),Method,2021
canon_Method_03442,sampling method landscape,Method,2021
canon_Method_03443,pruning,Method,2021
canon_Method_03444,hypothesis oversampling,Method,2021
canon_Method_03445,deduplication,Method,2021
canon_Method_03446,task-oriented semantic parsing systems,Method,2021
canon_Method_03447,translate-and-align,Method,2021
canon_Method_03448,match-and-filter,Method,2021
canon_Method_03449,Encoder-Decoders,Method,2021
canon_Method_03451,Stacked Convolutions,Method,2021
canon_Method_03452,Student Re-Ranking Network,Method,2021
canon_Method_03453,textual entity representations,Method,2021
canon_Method_03454,KG completion methods,Method,2021
canon_Method_03455,student network,Method,2021
canon_Method_03456,re-ranking stage,Method,2021
canon_Method_03457,entity re-ranking,Method,2021
canon_Method_03458,PLM),Method,2021
canon_Method_03459,Orthogonal Subspace Correction,Method,2021
canon_Method_03460,linear projection,Method,2021
canon_Method_03461,Orthogonal Subspace Correction and Rectification),Method,2021
canon_Method_03462,bias-mitigating method,Method,2021
canon_Method_03463,neural keyphrase generation model,Method,2021
canon_Method_03464,extractor-generator,Method,2021
canon_Method_03465,self-attentive architecture,Method,2021
canon_Method_03466,BART-TL,Method,2021
canon_Method_03467,generative transformers,Method,2021
canon_Method_03468,End-to-End AMR Coreference Resolution,Method,2021
canon_Method_03470,Worldly Wise (WoW) - Cross-Lingual Knowledge Fusion,Method,2021
canon_Method_03471,multi-relational KG,Method,2021
canon_Method_03472,Worldly-Wise (,Method,2021
canon_Method_03473,Risk Minimization,Method,2021
canon_Method_03474,source models,Method,2021
canon_Method_03475,unified framework,Method,2021
canon_Method_03476,latent variable model learning,Method,2021
canon_Method_03477,unified learning algorithm,Method,2021
canon_Method_03478,expectation maximization (EM) algorithm,Method,2021
canon_Method_03479,filter mechanism,Method,2021
canon_Method_03480,Seq2Seq Transformer (,Method,2021
canon_Method_03481,automatic response generation modules,Method,2021
canon_Method_03482,self-attention based encoder,Method,2021
canon_Method_03483,dot product attention mechanism,Method,2021
canon_Method_03484,triadic systems,Method,2021
canon_Method_03486,inference engines,Method,2021
canon_Method_03487,Bayesian leaderboard model,Method,2021
canon_Method_03489,Robustness Gym,Method,2021
canon_Method_03490,RG),Method,2021
canon_Method_03491,evaluation toolkit,Method,2021
canon_Method_03492,neural abstractive summarizer,Method,2021
canon_Method_03493,Semantic Feature-Wise Transformation Relation Network,Method,2021
canon_Method_03494,education,Method,2021
canon_Method_03495,SFRN,Method,2021
canon_Method_03496,relation network,Method,2021
canon_Method_03497,translation-based data augmentation,Method,2021
canon_Method_03498,Supporting,Method,2021
canon_Method_03499,SCCL),Method,2021
canon_Method_03500,bottom-up instance discrimination,Method,2021
canon_Method_03501,top-down clustering,Method,2021
canon_Method_03502,Information-Theoretic Analysis of,Method,2021
canon_Method_03503,information-theoretic,Method,2021
canon_Method_03504,SaR,Method,2021
canon_Method_03505,distant or weak supervision approaches,Method,2021
canon_Method_03506,BERT Masked Language Model (MLM),Method,2021
canon_Method_03507,BERT MLM,Method,2021
canon_Method_03508,ultra-fine entity typing model,Method,2021
canon_Method_03509,type mapping,Method,2021
canon_Method_03510,Constrained Multi-Task Learning,Method,2021
canon_Method_03511,neural event coreference model,Method,2021
canon_Method_03512,Hashing,Method,2021
canon_Method_03513,open-domain question answering systems,Method,2021
canon_Method_03514,retrieval models,Method,2021
canon_Method_03515,Binary Passage Retriever (,Method,2021
canon_Method_03516,BPR),Method,2021
canon_Method_03517,memory-efficient,Method,2021
canon_Method_03518,learning-to-hash technique,Method,2021
canon_Method_03519,Dense Passage Retriever (,Method,2021
canon_Method_03520,MTAdam,Method,2021
canon_Method_03521,Adam optimization algorithm,Method,2021
canon_Method_03522,Multi-Term Adam (,Method,2021
canon_Method_03523,MTAdam),Method,2021
canon_Method_03524,Domain-Specialised Representations,Method,2021
canon_Method_03525,knowledge-agnostic as well,Method,2021
canon_Method_03526,knowledge-enhanced monolingual and multilingual LMs,Method,2021
canon_Method_03527,general-domain bitext,Method,2021
canon_Method_03528,domain-specific transfer methods,Method,2021
canon_Method_03529,Grounded Word Embeddings,Method,2021
canon_Method_03530,product,Method,2021
canon_Method_03531,co-regularization framework,Method,2021
canon_Method_03532,Adversarial Learning of Poisson Factorisation Model,Method,2021
canon_Method_03533,Brand-Topic Model (,Method,2021
canon_Method_03534,Poisson factorisation model,Method,2021
canon_Method_03535,Response Evaluation Model,Method,2021
canon_Method_03536,SMT components,Method,2021
canon_Method_03537,target-side language modeling,Method,2021
canon_Method_03538,vanilla non-autoregressive neural machine,Method,2021
canon_Method_03539,game-playing agents,Method,2022
canon_Method_03540,Topic-informed Discrete Latent Variables,Method,2022
canon_Method_03541,discrete latent variable models,Method,2022
canon_Method_03542,vector quantization,Method,2022
canon_Method_03543,quantized representation,Method,2022
canon_Method_03544,semantic-driven attention mechanism,Method,2022
canon_Method_03545,Imagination-Augmented Cross-modal Encoder (,Method,2022
canon_Method_03546,iACE),Method,2022
canon_Method_03547,generative and pre-trained vision-and-language models,Method,2022
canon_Method_03548,visually-supervised pre-trained models,Method,2022
canon_Method_03550,randomly generated character n-grams,Method,2022
canon_Method_03551,MetaLogic,Method,2022
canon_Method_03553,STEMM,Method,2022
canon_Method_03554,Self-learning,Method,2022
canon_Method_03555,Speech-text Manifold Mixup,Method,2022
canon_Method_03556,Speech-TExt Manifold Mixup (STEMM) method,Method,2022
canon_Method_03557,sequence-to-sequence and retrieval-based generative models,Method,2022
canon_Method_03558,non-parametric constraint satisfaction baseline,Method,2022
canon_Method_03559,empathetic conversational methods,Method,2022
canon_Method_03560,EmpH,Method,2022
canon_Method_03561,implicit and explicit intent representation,Method,2022
canon_Method_03562,Causal Distillation,Method,2022
canon_Method_03563,unified representation model,Method,2022
canon_Method_03564,multilingual language encoder XLM-R,Method,2022
canon_Method_03565,causal language modeling objective,Method,2022
canon_Method_03566,stopes - Modular Machine Translation Pipelines,Method,2022
canon_Method_03567,data pipeline,Method,2022
canon_Method_03568,modular codebase,Method,2022
canon_Method_03569,Logical approaches,Method,2022
canon_Method_03570,Generalized Quantifier Theory,Method,2022
canon_Method_03571,language-independent representations of,Method,2022
canon_Method_03572,adversarial generalized quantifier,Method,2022
canon_Method_03573,GQ,Method,2022
canon_Method_03574,text revision system,Method,2022
canon_Method_03575,revision model,Method,2022
canon_Method_03576,bias measurement templates,Method,2022
canon_Method_03578,ensiveness classifier,Method,2022
canon_Method_03579,bias mitigation techniques,Method,2022
canon_Method_03580,CDA),Method,2022
canon_Method_03582,Iterative Nullspace Projection,Method,2022
canon_Method_03585,unified QA paradigm,Method,2022
canon_Method_03587,imaging pipeline,Method,2022
canon_Method_03588,PP-V,Method,2022
canon_Method_03589,algorithmic approaches,Method,2022
canon_Method_03590,generative Bayesian modeling,Method,2022
canon_Method_03591,neural machinery,Method,2022
canon_Method_03592,third-party ASR system,Method,2022
canon_Method_03593,weak supervision source,Method,2022
canon_Method_03595,third-party ASR,Method,2022
canon_Method_03596,Wav2vec-,Method,2022
canon_Method_03597,Variational Hierarchical Model,Method,2022
canon_Method_03598,pipeline methods,Method,2022
canon_Method_03599,Unsupervised Embedding Clusters,Method,2022
canon_Method_03600,transformer-based time-series model,Method,2022
canon_Method_03601,sequence- or graph-based models,Method,2022
canon_Method_03602,Sentence Importance Estimation and Focusing (,Method,2022
canon_Method_03603,SIEF) framework,Method,2022
canon_Method_03604,Query-enhanced Network,Method,2022
canon_Method_03605,QUEEN),Method,2022
canon_Method_03606,edit operation scoring network,Method,2022
canon_Method_03607,QUEEN,Method,2022
canon_Method_03608,Adversarial Table Perturbation (,Method,2022
canon_Method_03609,ATP),Method,2022
canon_Method_03610,attacking paradigm,Method,2022
canon_Method_03611,ETA,Method,2022
canon_Method_03612,systematic adversarial training example generation framework,Method,2022
canon_Method_03613,Contrastive Task Specialization of Sentence Encoders,Method,2022
canon_Method_03614,natural language understanding models,Method,2022
canon_Method_03615,Contrastive Conversational Fine-Tuning),Method,2022
canon_Method_03616,mID classifiers,Method,2022
canon_Method_03617,mID models,Method,2022
canon_Method_03619,random walks,Method,2022
canon_Method_03621,segment-aware self-attention based Transformer,Method,2022
canon_Method_03622,Information Contrast Model (,Method,2022
canon_Method_03623,ICM),Method,2022
canon_Method_03624,Cognitively Inspired Task Taxonomy,Method,2022
canon_Method_03625,cognitively inspired framework,Method,2022
canon_Method_03626,Cognitive Representation Analytics (,Method,2022
canon_Method_03627,CRA),Method,2022
canon_Method_03628,Cognitive-Neural Mapping (,Method,2022
canon_Method_03629,CNM),Method,2022
canon_Method_03630,Representational Similarity Analysis,Method,2022
canon_Method_03631,task-specific sentence representations,Method,2022
canon_Method_03632,TinyBERT,Method,2022
canon_Method_03633,CogTaxonomy,Method,2022
canon_Method_03634,Analytic Hierarchy Process (,Method,2022
canon_Method_03635,Late Fusion,Method,2022
canon_Method_03636,late-fusion architecture,Method,2022
canon_Method_03637,text-only model,Method,2022
canon_Method_03638,multimodal baseline,Method,2022
canon_Method_03639,Weakly Supervised Backdoor Defense,Method,2022
canon_Method_03640,backdoor defense methods,Method,2022
canon_Method_03642,weakly supervised text classifier,Method,2022
canon_Method_03643,sanitization,Method,2022
canon_Method_03644,binary poison classifier,Method,2022
canon_Method_03645,sanitized model,Method,2022
canon_Method_03646,poison classifier,Method,2022
canon_Method_03647,Auto-Formulation of Optimization Models,Method,2022
canon_Method_03648,augmented intelligence system,Method,2022
canon_Method_03649,intuitive,Method,2022
canon_Method_03650,user interface system,Method,2022
canon_Method_03651,controlled generation techniques,Method,2022
canon_Method_03652,integrated platform,Method,2022
canon_Method_03653,Task-specific systems,Method,2022
canon_Method_03654,Sharpness-Aware Minimization,Method,2022
canon_Method_03655,SAM),Method,2022
canon_Method_03656,optimization procedure,Method,2022
canon_Method_03657,hate speech detection models,Method,2022
canon_Method_03658,mono- and multilingual models,Method,2022
canon_Method_03659,Medical Conversational Question Answering System,Method,2022
canon_Method_03660,medical conversational system,Method,2022
canon_Method_03661,medical conversational question-answering (CQA) system,Method,2022
canon_Method_03662,Chinese Medical Knowledge Graph (,Method,2022
canon_Method_03663,CMKG),Method,2022
canon_Method_03664,SOTA) techniques,Method,2022
canon_Method_03665,ConfliBERT,Method,2022
canon_Method_03666,domain-specific pre-trained language model,Method,2022
canon_Method_03667,CTR-driven advertising text generation approach,Method,2022
canon_Method_03668,Personalized Adaptive Interactions Graph Encoder,Method,2022
canon_Method_03670,QR approaches,Method,2022
canon_Method_03671,PAIGE),Method,2022
canon_Method_03672,QR architecture,Method,2022
canon_Method_03673,message passing,Method,2022
canon_Method_03674,PAI,Method,2022
canon_Method_03675,text-image approaches,Method,2022
canon_Method_03676,vision-language representation,Method,2022
canon_Method_03677,dual-encoder,Method,2022
canon_Method_03678,full model,Method,2022
canon_Method_03679,Constrained Generation Framework,Method,2022
canon_Method_03680,CGF),Method,2022
canon_Method_03681,context-enhanced representation,Method,2022
canon_Method_03682,Model Uncertainty Estimation,Method,2022
canon_Method_03683,Adversarial Examples Detection (,Method,2022
canon_Method_03684,AED),Method,2022
canon_Method_03685,defense technique,Method,2022
canon_Method_03686,search-based adversarial attacks,Method,2022
canon_Method_03687,Two-Stage Contrastive Learning,Method,2022
canon_Method_03688,self-learning procedure,Method,2022
canon_Method_03689,BLI-oriented contrastive fine-tuning of,Method,2022
canon_Method_03690,BLI method,Method,2022
canon_Method_03691,competitive identification techniques,Method,2022
canon_Method_03692,obfuscation tools,Method,2022
canon_Method_03693,obfuscation techniques,Method,2022
canon_Method_03694,back-translation baseline,Method,2022
canon_Method_03695,CCE methods,Method,2022
canon_Method_03696,Hierarchical Exemplar Contrastive Learning,Method,2022
canon_Method_03697,self-supervised schemes,Method,2022
canon_Method_03698,instance-wise contrastive learning,Method,2022
canon_Method_03699,contrastive learning framework,Method,2022
canon_Method_03700,cross hierarchy attention,Method,2022
canon_Method_03701,exemplar-wise contrastive learning,Method,2022
canon_Method_03702,dynamic table of content-based navigator,Method,2022
canon_Method_03703,deep-reinforcement learning technique,Method,2022
canon_Method_03704,neural network based detector,Method,2022
canon_Method_03705,multimodal strategies,Method,2022
canon_Method_03706,multimodal translation models,Method,2022
canon_Method_03708,FKGC),Method,2022
canon_Method_03709,FKGC,Method,2022
canon_Method_03710,FKGC model,Method,2022
canon_Method_03711,Cross-Interaction Attention Network (,Method,2022
canon_Method_03712,CIAN),Method,2022
canon_Method_03713,discriminative representations,Method,2022
canon_Method_03714,Bias elimination,Method,2022
canon_Method_03715,Mean Projection,Method,2022
canon_Method_03716,Tukey Median Projection,Method,2022
canon_Method_03717,targeted,Method,2022
canon_Method_03718,Evidentiality-guided Generation,Method,2022
canon_Method_03719,silver evidentiality mining,Method,2022
canon_Method_03720,evidentiality_qa,Method,2022
canon_Method_03721,neural encoders,Method,2022
canon_Method_03722,neural chart-based parsers,Method,2022
canon_Method_03723,local span-based parser,Method,2022
canon_Method_03724,Batch-Softmax Contrast,Method,2022
canon_Method_03725,large-scale pre-trained transformer models,Method,2022
canon_Method_03726,retrieval mechanism,Method,2022
canon_Method_03727,cache-based pre-trained encoder-decoder,Method,2022
canon_Method_03728,Hypertree Neural Networks,Method,2022
canon_Method_03729,max-pooling,Method,2022
canon_Method_03730,HTNN),Method,2022
canon_Method_03731,HTNNs,Method,2022
canon_Method_03732,Fusion-in-decoder (Fid),Method,2022
canon_Method_03733,generative question answering (QA) model,Method,2022
canon_Method_03734,generative QA approach,Method,2022
canon_Method_03735,PathFid),Method,2022
canon_Method_03736,Fid model,Method,2022
canon_Method_03737,general distillation,Method,2022
canon_Method_03739,Dialogue Sentence Embedding (,Method,2022
canon_Method_03740,DSE),Method,2022
canon_Method_03741,Cross-Modal Similarity-Based Curriculum Learning,Method,2022
canon_Method_03742,Image captioning models,Method,2022
canon_Method_03743,image captioning approaches,Method,2022
canon_Method_03744,curriculum learning methods,Method,2022
canon_Method_03745,prior model,Method,2022
canon_Method_03746,vision–language model,Method,2022
canon_Method_03747,FREDo,Method,2022
canon_Method_03748,sentence-level method MNAV,Method,2022
canon_Method_03749,FRED,Method,2022
canon_Method_03750,unsupervised extractive step,Method,2022
canon_Method_03751,cross-lingual abstractive summarizer,Method,2022
canon_Method_03753,Political Actor Representation Learning,Method,2022
canon_Method_03754,legislator representations,Method,2022
canon_Method_03755,alignment-enhanced complex question answering framework,Method,2022
canon_Method_03756,question rewriting model,Method,2022
canon_Method_03757,pretrained,Method,2022
canon_Method_03758,reward-guided action sequence selection strategy,Method,2022
canon_Method_03759,Semi-supervised Data Programming,Method,2022
canon_Method_03761,data programming approaches,Method,2022
canon_Method_03762,label aggregation approaches,Method,2022
canon_Method_03763,python package,Method,2022
canon_Method_03764,cascade and joint data-programming approaches,Method,2022
canon_Method_03765,Self-supervised Graph Masking Pre-training,Method,2022
canon_Method_03766,linearisation,Method,2022
canon_Method_03767,graph masking pre-training strategies,Method,2022
canon_Method_03768,AGReE,Method,2022
canon_Method_03769,AGReE system,Method,2022
canon_Method_03770,transformer-based baseline models,Method,2022
canon_Method_03771,ste,Method,2022
canon_Method_03772,Emp-RFT,Method,2022
canon_Method_03773,response generation strategy,Method,2022
canon_Method_03774,Multi-task Interaction Network,Method,2022
canon_Method_03775,MTIN),Method,2022
canon_Method_03776,multi-task interaction module,Method,2022
canon_Method_03777,Multi-Agent Actor-Critic,Method,2022
canon_Method_03778,single-step end-to-end models,Method,2022
canon_Method_03779,automatic fact-checking systems,Method,2022
canon_Method_03780,CLAIMDECOMP,Method,2022
canon_Method_03781,fact-checkers,Method,2022
canon_Method_03782,Flowchart grounded dialog systems,Method,2022
canon_Method_03783,RAG) framework,Method,2022
canon_Method_03784,Structure-Aware FLONET (,Method,2022
canon_Method_03785,Information-theoretic Approach,Method,2022
canon_Method_03787,prompt engineering methods,Method,2022
canon_Method_03788,Mining-based Zero-,Method,2022
canon_Method_03789,mining-based approach,Method,2022
canon_Method_03790,Dense retrieval models,Method,2022
canon_Method_03791,Document Augmentation for,Method,2022
canon_Method_03792,dense Retrieval (,Method,2022
canon_Method_03793,DAR) framework,Method,2022
canon_Method_03794,NLP Practices,Method,2022
canon_Method_03795,Non-Parametric Domain Adaptation,Method,2022
canon_Method_03796,E2E-ST model,Method,2022
canon_Method_03797,text translation modeling,Method,2022
canon_Method_03798,k-nearest-neighbor (kNN) classifier,Method,2022
canon_Method_03799,universal output representation,Method,2022
canon_Method_03800,GPT3,Method,2022
canon_Method_03801,plagiarism detection software,Method,2022
canon_Method_03802,detection model,Method,2022
canon_Method_03803,Deep Inductive Logic Reasoning,Method,2022
canon_Method_03804,discrete relational reasoning process,Method,2022
canon_Method_03805,deep-learning based inductive logic reasoning method,Method,2022
canon_Method_03806,attentive memories,Method,2022
canon_Method_03807,capac,Method,2022
canon_Method_03808,RELAX,Method,2022
canon_Method_03809,contemporary gradient estimator,Method,2022
canon_Method_03810,Vision-Language Pretraining (VLP) models,Method,2022
canon_Method_03811,VLP works,Method,2022
canon_Method_03812,VLP method,Method,2022
canon_Method_03813,multilingual dense passage retrieval framework,Method,2022
canon_Method_03814,multilingual hard negative sample augmentation module,Method,2022
canon_Method_03815,multilingual negative sample cache queue,Method,2022
canon_Method_03816,lightweight adaptive false negative sample filter,Method,2022
canon_Method_03817,"sparse, dense and hybrid baseline",Method,2022
canon_Method_03818,adversarial method,Method,2022
canon_Method_03819,response strategies,Method,2022
canon_Method_03820,Vision and Language Models,Method,2022
canon_Method_03821,Vision And Language,Method,2022
canon_Method_03822,named entity recognition (NER) models,Method,2022
canon_Method_03823,ask-to-generate approach,Method,2022
canon_Method_03824,low-resource models,Method,2022
canon_Method_03825,rich-resource models,Method,2022
canon_Method_03826,transformers representations,Method,2022
canon_Method_03827,feature selection method,Method,2022
canon_Method_03828,French grammar,Method,2022
canon_Method_03829,AX-MABSA,Method,2022
canon_Method_03830,weakly supervised multi-label Aspect Category Sentiment Analysis framework,Method,2022
canon_Method_03831,automatic word selection technique,Method,2022
canon_Method_03832,unsupervised language model post-training,Method,2022
canon_Method_03833,multi-label generator model,Method,2022
canon_Method_03834,weakly supervised baseline,Method,2022
canon_Method_03835,non-autoregressive (NAR) models,Method,2022
canon_Method_03836,optimized,Method,2022
canon_Method_03837,connectionist-temporal-classification-based (CTC) NAR model,Method,2022
canon_Method_03838,C++,Method,2022
canon_Method_03839,categorial grammars,Method,2022
canon_Method_03840,fine-grained grammars,Method,2022
canon_Method_03841,simplified,Method,2022
canon_Method_03842,HPSG grammar,Method,2022
canon_Method_03843,abstract categorial grammar (,Method,2022
canon_Method_03844,ACG),Method,2022
canon_Method_03845,meta-ACG preprocessor,Method,2022
canon_Method_03846,Sketching,Method,2022
canon_Method_03847,self-attention modules,Method,2022
canon_Method_03848,Linformer,Method,2022
canon_Method_03849,Informer,Method,2022
canon_Method_03850,low-dimensional projection,Method,2022
canon_Method_03851,row selection,Method,2022
canon_Method_03852,matrix sketching,Method,2022
canon_Method_03853,Skeinformer,Method,2022
canon_Method_03854,matrix approximation,Method,2022
canon_Method_03855,column sampling,Method,2022
canon_Method_03856,adaptive row normalization,Method,2022
canon_Method_03857,pilot sampling reutilization,Method,2022
canon_Method_03858,grammatical role representation,Method,2022
canon_Method_03859,later-layer representations,Method,2022
canon_Method_03860,token embeddings,Method,2022
canon_Method_03861,Ordinary Differential Equation-Inspired Model,Method,2022
canon_Method_03862,Residual networks,Method,2022
canon_Method_03863,Euler discretization of,Method,2022
canon_Method_03864,numerical ODE methods,Method,2022
canon_Method_03865,Runge-Kutta method,Method,2022
canon_Method_03867,Retrieval-augmented,Method,2022
canon_Method_03868,retrieval-augmented neural commit message generation method,Method,2022
canon_Method_03869,exemplar guider,Method,2022
canon_Method_03870,Dual Training,Method,2022
canon_Method_03871,REINFORCE algorithm,Method,2022
canon_Method_03872,Knowledge-enhanced language representation learning,Method,2022
canon_Method_03873,language model (LM) pre,Method,2022
canon_Method_03875,knowledge based multilingual language models (,Method,2022
canon_Method_03876,cross-lingual information retrieval (CLIR) system,Method,2022
canon_Method_03877,multi-stage knowledge distillation (KD),Method,2022
canon_Method_03879,cross-lingual token alignment algorithm,Method,2022
canon_Method_03880,single-model retriever,Method,2022
canon_Method_03881,black-box models,Method,2022
canon_Method_03882,explanation summary (,Method,2022
canon_Method_03883,ExSum),Method,2022
canon_Method_03884,mathematical framework,Method,2022
canon_Method_03885,Progression-Aware Autonomous Dialogue Agent,Method,2022
canon_Method_03886,planning mechanism,Method,2022
canon_Method_03887,Concept Activation Vectors,Method,2022
canon_Method_03888,abuse detection systems,Method,2022
canon_Method_03889,abusive language classifiers,Method,2022
canon_Method_03890,Testing Concept Activation Vector (TCAV) method,Method,2022
canon_Method_03892,Residue-Based Natural Language,Method,2022
canon_Method_03893,image adversarial detection approaches,Method,2022
canon_Method_03894,detection approaches,Method,2022
canon_Method_03895,model-focused NLP detection approach,Method,2022
canon_Method_03896,sentence-embedding “residue” based detector,Method,2022
canon_Method_03897,ported image domain detectors,Method,2022
canon_Method_03898,NLP specific detectors,Method,2022
canon_Method_03899,pre-trained generation models,Method,2022
canon_Method_03900,RAG models,Method,2022
canon_Method_03901,bias-removal technique,Method,2022
canon_Method_03902,INLP) algorithm,Method,2022
canon_Method_03903,privacy mechanism,Method,2022
canon_Method_03904,Selective-DPSGD,Method,2022
canon_Method_03905,privacy-preserving mechanism,Method,2022
canon_Method_03906,crowdsourcing procedures,Method,2022
canon_Method_03907,EI-Info,Method,2022
canon_Method_03908,EI,Method,2022
canon_Method_03909,translate-train,Method,2022
canon_Method_03910,translate-test,Method,2022
canon_Method_03911,unified-train,Method,2022
canon_Method_03912,Token-level adaptive training approaches,Method,2022
canon_Method_03913,target-context-aware statistical computing,Method,2022
canon_Method_03916,adaptive training approach,Method,2022
canon_Method_03917,differentially-private stochastic gradient descent (,Method,2022
canon_Method_03918,DP-SGD),Method,2022
canon_Method_03919,DP-SGD,Method,2022
canon_Method_03920,privacy preserving strategies,Method,2022
canon_Method_03921,BERT and XtremeDistil architectures,Method,2022
canon_Method_03922,non-private approaches,Method,2022
canon_Method_03923,privacy-preserving strategies,Method,2022
canon_Method_03924,Relation-Augmented Attention Transformer,Method,2022
canon_Method_03925,DEE framework,Method,2022
canon_Method_03926,Relation-augmented Document-level Event Extraction (,Method,2022
canon_Method_03927,ReDEE),Method,2022
canon_Method_03928,RAAT),Method,2022
canon_Method_03929,Adversarial Text Normalization,Method,2022
canon_Method_03930,normalizer,Method,2022
canon_Method_03931,adversarial retraining solutions,Method,2022
canon_Method_03932,Textual Adversarial Attack,Method,2022
canon_Method_03933,NL Code Model,Method,2022
canon_Method_03934,Semantic Beam Search,Method,2022
canon_Method_03936,beam search black-box adversarial attack method,Method,2022
canon_Method_03938,pseudo-labeling methods,Method,2022
canon_Method_03939,semantic utterance representations,Method,2022
canon_Method_03940,multi-task pre-training strategy,Method,2022
canon_Method_03941,MTP-CLNN,Method,2022
canon_Method_03942,Multi-View Document Representation Learning,Method,2022
canon_Method_03943,Self-supervised Representation Learning,Method,2022
canon_Method_03944,proxy,Method,2022
canon_Method_03945,BYOL,Method,2022
canon_Method_03946,neurips,Method,2022
canon_Method_03947,AAA,Method,2022
canon_Method_03948,Non-Autoregressive Chinese AS,Method,2022
canon_Method_03949,Phonological Training,Method,2022
canon_Method_03950,post-processing error correction method,Method,2022
canon_Method_03951,PhVEC,Method,2022
canon_Method_03952,extractive-based methods,Method,2022
canon_Method_03953,R-GQA),Method,2022
canon_Method_03954,clustering-based sampling strategy,Method,2022
canon_Method_03955,JointEnc),Method,2022
canon_Method_03956,Sentence-level Beam Search,Method,2022
canon_Method_03957,structure-controlling methods,Method,2022
canon_Method_03958,sentence-level beam search generation method,Method,2022
canon_Method_03959,SentBS),Method,2022
canon_Method_03960,graph-based text classification methods,Method,2022
canon_Method_03961,HeteGCN,Method,2022
canon_Method_03962,HyperGAT,Method,2022
canon_Method_03963,sequence-based BERT,Method,2022
canon_Method_03964,DistilBERT model,Method,2022
canon_Method_03965,BoW-based wide MLP,Method,2022
canon_Method_03966,decision rule,Method,2022
canon_Method_03967,Linguistic Frameworks,Method,2022
canon_Method_03968,syntactic and semantic graph representations,Method,2022
canon_Method_03969,sequential language model,Method,2022
canon_Method_03970,ensemble setup,Method,2022
canon_Method_03971,linguistic representation,Method,2022
canon_Method_03972,oracle graph setup,Method,2022
canon_Method_03973,Machine-sourced Framework,Method,2022
canon_Method_03974,Blended Skill BotsTalk (,Method,2022
canon_Method_03975,BSBT),Method,2022
canon_Method_03976,MABEL,Method,2022
canon_Method_03977,intermediate pre-training approach,Method,2022
canon_Method_03979,alignment regularizer,Method,2022
canon_Method_03980,task-agnostic debiasing approaches,Method,2022
canon_Method_03981,gender debiasing methods,Method,2022
canon_Method_03982,generative and action-based text revision models,Method,2022
canon_Method_03983,CoRE (,Method,2022
canon_Method_03984,Counterfactual Analysis based Relation Extraction) debiasing method,Method,2022
canon_Method_03986,CoRE method,Method,2022
canon_Method_03988,BLINK,Method,2022
canon_Method_03989,Hierarchical Sketch Induction,Method,2022
canon_Method_03990,Hierarchical Refinement Quantized Variational Autoencoders (,Method,2022
canon_Method_03991,HRQ-VAE),Method,2022
canon_Method_03992,Multimodal Context Carryover.,Method,2022
canon_Method_03993,voice assistants,Method,2022
canon_Method_03994,voice only dialogue systems,Method,2022
canon_Method_03995,voice-only dialogue systems,Method,2022
canon_Method_03996,dialogue-based context carryover system,Method,2022
canon_Method_03997,Dynabench,Method,2022
canon_Method_03998,Unsupervised Multiple-Task and Multiple-Teacher Model,Method,2022
canon_Method_03999,cross-lingual distillation models,Method,2022
canon_Method_04000,similarity metric model,Method,2022
canon_Method_04001,entity recognizer,Method,2022
canon_Method_04002,similarity evaluator,Method,2022
canon_Method_04003,structure-guided code transformation algorithms,Method,2022
canon_Method_04004,Pretrained Text-to-Text Transformer,Method,2022
canon_Method_04005,AnnIE,Method,2022
canon_Method_04006,ground truth extraction,Method,2022
canon_Method_04007,interactive annotation platform,Method,2022
canon_Method_04009,Active Example Selection,Method,2022
canon_Method_04010,example selection,Method,2022
canon_Method_04011,reinforcement learning algorithm,Method,2022
canon_Method_04012,Knowledge based Question Answering (KBQA) System,Method,2022
canon_Method_04013,Mutliple Reasoning Paths KBQA System,Method,2022
canon_Method_04014,MRP-QA),Method,2022
canon_Method_04015,Cross-era Sequence Segmentation,Method,2022
canon_Method_04016,Switch-memory,Method,2022
canon_Method_04017,cross-era learning framework,Method,2022
canon_Method_04018,CROSSWISE,Method,2022
canon_Method_04019,Switch-memory (SM) module,Method,2022
canon_Method_04020,Adversarial Soft Prompt Tuning,Method,2022
canon_Method_04022,prompt tuning technique,Method,2022
canon_Method_04023,domain adversarial training strategy,Method,2022
canon_Method_04024,lexical-level masking strategy,Method,2022
canon_Method_04025,converged language model,Method,2022
canon_Method_04026,temporal adaptation methods,Method,2022
canon_Method_04027,LMLM,Method,2022
canon_Method_04028,Unimodal and Multimodal Models,Method,2022
canon_Method_04029,unimodal (language-only) and multimodal (image and language) models,Method,2022
canon_Method_04030,Neural Label Search,Method,2022
canon_Method_04031,NLSSum,Method,2022
canon_Method_04032,Neural Label Search for Summar,Method,2022
canon_Method_04033,simultaneous machine,Method,2022
canon_Method_04034,SimulMT),Method,2022
canon_Method_04036,word-by-word question answering evaluation task (,Method,2022
canon_Method_04037,SimulMT models,Method,2022
canon_Method_04038,Entailment Graph Learning,Method,2022
canon_Method_04039,Entailment Graph with,Method,2022
canon_Method_04040,EGT2,Method,2022
canon_Method_04041,T2,Method,2022
canon_Method_04042,Generative dialogue models,Method,2022
canon_Method_04043,negative training,Method,2022
canon_Method_04044,negative training paradigm,Method,2022
canon_Method_04045,negative teacher model,Method,2022
canon_Method_04046,negative training methods,Method,2022
canon_Method_04047,hyperbolic embedding,Method,2022
canon_Method_04048,hyperbolic neural network,Method,2022
canon_Method_04049,instance-specific geometric mapping function,Method,2022
canon_Method_04053,semantic graph-based knowledge selection,Method,2022
canon_Method_04054,sentence selection baseline,Method,2022
canon_Method_04055,BabelNet Meaning Representation,Method,2022
canon_Method_04056,BMR),Method,2022
canon_Method_04057,interlingual formalism,Method,2022
canon_Method_04058,FiE,Method,2022
canon_Method_04059,auto-regressive decoder beam search,Method,2022
canon_Method_04060,answer span probability calculation,Method,2022
canon_Method_04061,synthetic data augmentation,Method,2022
canon_Method_04062,Stable Routing Strategy,Method,2022
canon_Method_04063,Mixture-of-Experts (MoE) technique,Method,2022
canon_Method_04064,learning-to-route MoE methods,Method,2022
canon_Method_04065,balanced and,Method,2022
canon_Method_04066,lightweight router,Method,2022
canon_Method_04067,backbone model,Method,2022
canon_Method_04068,distilled router,Method,2022
canon_Method_04069,FactorSum,Method,2022
canon_Method_04071,advisor model,Method,2022
canon_Method_04072,BigBird,Method,2022
canon_Method_04073,PEGASUS,Method,2022
canon_Method_04074,budget adaptation,Method,2022
canon_Method_04075,Gradient-based Constrained Sampling from,Method,2022
canon_Method_04076,constrained sampling,Method,2022
canon_Method_04077,Langevin Dynamics,Method,2022
canon_Method_04078,Semi-supervised Domain Adaptation,Method,2022
canon_Method_04079,Supervised parsing models,Method,2022
canon_Method_04080,feature separation,Method,2022
canon_Method_04081,domain-related contextualized representations,Method,2022
canon_Method_04082,unsupervised neural and statistical sequence modeling techniques,Method,2022
canon_Method_04083,Cross-stitching Text and Knowledge Graph Encoders,Method,2022
canon_Method_04084,cross-stitch bi-encoders,Method,2022
canon_Method_04085,Taxonomy of,Method,2022
canon_Method_04086,dialog generation approaches,Method,2022
canon_Method_04087,emotion regulation technique,Method,2022
canon_Method_04088,empathetic question taxonomy (,Method,2022
canon_Method_04089,EQT),Method,2022
canon_Method_04090,automatic labeling tools,Method,2022
canon_Method_04091,information visualization techniques,Method,2022
canon_Method_04092,question-asking strategies,Method,2022
canon_Method_04093,EQT classification scheme,Method,2022
canon_Method_04094,neural or hybrid methods,Method,2022
canon_Method_04095,generative adversarial network (GAN) family of models,Method,2022
canon_Method_04096,Linguistic theories,Method,2022
canon_Method_04097,code search models,Method,2022
canon_Method_04098,code search baseline,Method,2022
canon_Method_04099,Semi-Supervised Sentence Representation Learning Framework,Method,2022
canon_Method_04100,sentence embedding techniques,Method,2022
canon_Method_04101,supervised counterparts,Method,2022
canon_Method_04102,semi-supervised sentence embedding framework,Method,2022
canon_Method_04103,generator/discriminator model,Method,2022
canon_Method_04104,prompt-based contrastive approach,Method,2022
canon_Method_04105,dueling bandit algorithms,Method,2022
canon_Method_04106,model-based dueling bandit algorithms,Method,2022
canon_Method_04107,unified,Method,2022
canon_Method_04108,UniRef,Method,2022
canon_Method_04109,Image-Region-Text Fusion layer (,Method,2022
canon_Method_04110,IRTF),Method,2022
canon_Method_04111,IRTF,Method,2022
canon_Method_04112,Vision-conditioned Masked Language Modeling (,Method,2022
canon_Method_04113,VMLM),Method,2022
canon_Method_04114,Text-Conditioned Region Prediction (TRP),Method,2022
canon_Method_04115,UniRef model,Method,2022
canon_Method_04116,VMLM,Method,2022
canon_Method_04117,TRP,Method,2022
canon_Method_04118,fine-tuning paradigm,Method,2022
canon_Method_04119,discrete prompt technologies,Method,2022
canon_Method_04120,prompt approach,Method,2022
canon_Method_04121,compositional action recognition model,Method,2022
canon_Method_04122,DARK,Method,2022
canon_Method_04123,disentangled feature representations,Method,2022
canon_Method_04124,language supervision,Method,2022
canon_Method_04125,vision-language few-shot learner,Method,2022
canon_Method_04126,Pre-training and Fine-tuning Neural Topic Model,Method,2022
canon_Method_04127,pre-trained word embeddings,Method,2022
canon_Method_04128,word spotting,Method,2022
canon_Method_04129,data capture technology,Method,2022
canon_Method_04130,causal discovery and,Method,2022
canon_Method_04131,causal inference techniques,Method,2022
canon_Method_04132,certified robust training,Method,2022
canon_Method_04134,fine-tuned encoder-decoder and decoder-only models,Method,2022
canon_Method_04135,self-rationalizing,Method,2022
canon_Method_04136,Prompt-based tuning,Method,2022
canon_Method_04137,multilingual PLMs,Method,2022
canon_Method_04138,UniP,Method,2022
canon_Method_04139,initialization method,Method,2022
canon_Method_04140,SUPERB-SG,Method,2022
canon_Method_04141,Enhanced Speech processing Universal,Method,2022
canon_Method_04142,Evaluation infrastructure,Method,2022
canon_Method_04143,"Generation, Evaluation, and Metrics Benchmark",Method,2022
canon_Method_04144,modular infrastructure,Method,2022
canon_Method_04145,interactive tools,Method,2022
canon_Method_04147,Non-Autoregressive Unsupervised Summarization (NAUS) approach,Method,2022
canon_Method_04148,NAUS,Method,2022
canon_Method_04149,edit-based search,Method,2022
canon_Method_04150,encoder-only non-autoregressive Transformer,Method,2022
canon_Method_04151,dynamic programming approach,Method,2022
canon_Method_04153,Neural Theory-of-Mind,Method,2022
canon_Method_04155,ToM,Method,2022
canon_Method_04156,English Contrastive Learning,Method,2022
canon_Method_04157,imCSE,Method,2022
canon_Method_04158,sentence embedding methods,Method,2022
canon_Method_04159,aggregation and graph-based ranking strategy,Method,2022
canon_Method_04160,automatic detection algorithms,Method,2023
canon_Method_04164,evaluation metric induction,Method,2023
canon_Method_04166,unsupervised MT system,Method,2023
canon_Method_04167,Training-free Neural Architecture Search,Method,2023
canon_Method_04168,NAS),Method,2023
canon_Method_04169,image classification architectures,Method,2023
canon_Method_04170,BERT-based transformer architectures,Method,2023
canon_Method_04172,qualitative analysis,Method,2023
canon_Method_04173,transformer pruning,Method,2023
canon_Method_04174,BERT architectures,Method,2023
canon_Method_04175,Tower,Method,2023
canon_Method_04176,uni-modal representations,Method,2023
canon_Method_04177,ManagerTower,Method,2023
canon_Method_04178,Vision-Language Pre-training,Method,2023
canon_Method_04179,VLP,Method,2023
canon_Method_04180,construction grammar (,Method,2023
canon_Method_04181,CxG),Method,2023
canon_Method_04182,usage-based construction grammar,Method,2023
canon_Method_04183,HyCxG framework,Method,2023
canon_Method_04184,slot-constraints approach,Method,2023
canon_Method_04185,relational hypergraph attention network,Method,2023
canon_Method_04187,unified extractive framework,Method,2023
canon_Method_04188,auto-encoder language models,Method,2023
canon_Method_04189,traffine attention mechanism,Method,2023
canon_Method_04190,Natural Language Generation (NLG) models,Method,2023
canon_Method_04191,Knowledge Distillation (KD) techniques,Method,2023
canon_Method_04192,large teacher model,Method,2023
canon_Method_04193,task-specific KD techniques,Method,2023
canon_Method_04194,Pseudo-Target (PT) augmentation methods,Method,2023
canon_Method_04195,sequence,Method,2023
canon_Method_04196,Joint-Teaching method,Method,2023
canon_Method_04197,word-level KD,Method,2023
canon_Method_04198,multimodal back-translation,Method,2023
canon_Method_04199,diffusion-based generative models,Method,2023
canon_Method_04200,divergence estimator,Method,2023
canon_Method_04201,low-resource learners,Method,2023
canon_Method_04202,charm,Method,2023
canon_Method_04203,TMR,Method,2023
canon_Method_04204,ATTEMPT,Method,2023
canon_Method_04205,word sense extension (,Method,2023
canon_Method_04206,WSE),Method,2023
canon_Method_04207,cognitivemodels of chaining,Method,2023
canon_Method_04208,learning scheme,Method,2023
canon_Method_04209,Static-Dynamic Structure Fusion Graph.,Method,2023
canon_Method_04211,linguistic toolkits,Method,2023
canon_Method_04212,static graph construction,Method,2023
canon_Method_04213,graph representation learning phase,Method,2023
canon_Method_04214,Static-Dynamic graph-based Dialogue Summarization model (,Method,2023
canon_Method_04215,SDDS),Method,2023
canon_Method_04216,question generation method,Method,2023
canon_Method_04217,rule-based and neural sequence-to-sequence (,Method,2023
canon_Method_04218,neural question generation approaches,Method,2023
canon_Method_04219,Multi-view Prompting,Method,2023
canon_Method_04220,MVP),Method,2023
canon_Method_04221,task-specific designed methods,Method,2023
canon_Method_04222,Cross-Document Graph-based Information Extraction,Method,2023
canon_Method_04223,structural representations,Method,2023
canon_Method_04224,auxiliary entity and event recognition systems,Method,2023
canon_Method_04225,summary generation model,Method,2023
canon_Method_04226,IE graphs,Method,2023
canon_Method_04228,MWP solvers,Method,2023
canon_Method_04229,DeBERTa,Method,2023
canon_Method_04230,Decoding-enhanced BERT,Method,2023
canon_Method_04231,mask decoder,Method,2023
canon_Method_04232,MWP solver models,Method,2023
canon_Method_04233,multi-modal fake news detection methods,Method,2023
canon_Method_04234,Causal intervention and Counterfactual reasoning based Debiasing framework (CCD),Method,2023
canon_Method_04235,Topic-Aware,Method,2023
canon_Method_04236,topic-aware Global-Local Centrality (GLC) model,Method,2023
canon_Method_04237,Semi-autoregressive Simplex-based Diffusion Language Model,Method,2023
canon_Method_04238,diffusion-based language model,Method,2023
canon_Method_04239,simplex-based,Method,2023
canon_Method_04241,diffusion-based baseline,Method,2023
canon_Method_04242,knowledge injection methods,Method,2023
canon_Method_04243,knowledge plugin,Method,2023
canon_Method_04244,plug-and-play injection method,Method,2023
canon_Method_04245,mapping of,Method,2023
canon_Method_04246,injection methods,Method,2023
canon_Method_04247,frozen downstream model,Method,2023
canon_Method_04248,Knowledge-Plugin,Method,2023
canon_Method_04249,Chain-of-Thought (CoT) prompting,Method,2023
canon_Method_04250,ReLU-activated Transformer,Method,2023
canon_Method_04251,linear model,Method,2023
canon_Method_04252,Cross-Lingual and Cross-Modal Modeling,Method,2023
canon_Method_04254,unified cross-lingual cross-modal learning,Method,2023
canon_Method_04255,Energy-based models (,Method,2023
canon_Method_04256,EBMs),Method,2023
canon_Method_04257,EBMs,Method,2023
canon_Method_04258,text-to-speech (TTS) system,Method,2023
canon_Method_04259,TTS,Method,2023
canon_Method_04260,language model based architectures,Method,2023
canon_Method_04261,general purpose language models,Method,2023
canon_Method_04262,general purpose models,Method,2023
canon_Method_04263,in-context learning capabilities,Method,2023
canon_Method_04264,dedicated,Method,2023
canon_Method_04265,dialog state trackers,Method,2023
canon_Method_04266,dynamic methods,Method,2023
canon_Method_04267,retrieval systems,Method,2023
canon_Method_04268,lexical searching methods,Method,2023
canon_Method_04269,hybrid relation retrieval system,Method,2023
canon_Method_04270,Instruction Tuning Baseline,Method,2023
canon_Method_04271,instruction-tuned model,Method,2023
canon_Method_04272,instruction tuning,Method,2023
canon_Method_04273,MetaVL,Method,2023
canon_Method_04274,large-scale pre-trained vision-language (VL) models,Method,2023
canon_Method_04276,OK-VQA,Method,2023
canon_Method_04279,multitasking memory-augmented framework,Method,2023
canon_Method_04280,monomodal and multimodal methods,Method,2023
canon_Method_04281,textual and visual feature representations,Method,2023
canon_Method_04282,human analysis,Method,2023
canon_Method_04283,medical consultation dialogue systems,Method,2023
canon_Method_04284,Mid,Method,2023
canon_Method_04285,instruction-guiding medical dialogue generation framework,Method,2023
canon_Method_04286,Balanced and Extractable Representation,Method,2023
canon_Method_04287,dense retrieval training methods,Method,2023
canon_Method_04288,Correlation Analysis,Method,2023
canon_Method_04289,Empirical Metric Preference Checklist,Method,2023
canon_Method_04290,metric preference checklist,Method,2023
canon_Method_04292,ERRA,Method,2023
canon_Method_04293,retrieval enhancement,Method,2023
canon_Method_04294,aspect enhancement component,Method,2023
canon_Method_04295,Token-free Language Models,Method,2023
canon_Method_04296,poetry generation systems,Method,2023
canon_Method_04297,task-specific model pipelines,Method,2023
canon_Method_04298,token-free decoder-only language model,Method,2023
canon_Method_04299,Neural High-Order Conditional Random Field,Method,2023
canon_Method_04300,representation enhancement,Method,2023
canon_Method_04301,type,Method,2023
canon_Method_04302,global decoding,Method,2023
canon_Method_04303,local search,Method,2023
canon_Method_04304,CRFIE),Method,2023
canon_Method_04305,joint IE,Method,2023
canon_Method_04306,high-order neural decoder,Method,2023
canon_Method_04307,mean-field variational inference method,Method,2023
canon_Method_04308,Program-Guided Reasoning,Method,2023
canon_Method_04309,Program-Guided Fact-Checking (,Method,2023
canon_Method_04310,ProgramFC),Method,2023
canon_Method_04311,fact-checking model,Method,2023
canon_Method_04313,turn-based text reconstruction game,Method,2023
canon_Method_04314,writing mode-controlled models,Method,2023
canon_Method_04315,information bottleneck (IB) principle,Method,2023
canon_Method_04316,generative or information compression models,Method,2023
canon_Method_04317,unsupervised generative components,Method,2023
canon_Method_04318,supervised IB layer,Method,2023
canon_Method_04319,information compression,Method,2023
canon_Method_04320,nguyen,Method,2023
canon_Method_04321,joint-ib-models,Method,2023
canon_Method_04322,dialog-level annotation workflow,Method,2023
canon_Method_04323,Dialog Quality Annotation (,Method,2023
canon_Method_04324,DQA),Method,2023
canon_Method_04325,DQA expert annotators,Method,2023
canon_Method_04326,WACO),Method,2023
canon_Method_04327,WA,Method,2023
canon_Method_04329,probabilistic language models,Method,2023
canon_Method_04330,intuition-based heuristics,Method,2023
canon_Method_04331,generation algorithms,Method,2023
canon_Method_04332,stochastic generation strategies,Method,2023
canon_Method_04333,T-3,Method,2023
canon_Method_04334,target-oriented opinion word extraction (,Method,2023
canon_Method_04335,TOWE) models,Method,2023
canon_Method_04336,BERT-based text encoders,Method,2023
canon_Method_04337,GCNs,Method,2023
canon_Method_04338,GCN component,Method,2023
canon_Method_04339,TOW,Method,2023
canon_Method_04340,TAGPRIME,Method,2023
canon_Method_04341,End-to-end Case-Based Reasoning Framework (,Method,2023
canon_Method_04342,ECBRF),Method,2023
canon_Method_04343,COMET model,Method,2023
canon_Method_04345,CBR methodology,Method,2023
canon_Method_04346,dataset construction method,Method,2023
canon_Method_04347,resource-efficient approaches,Method,2023
canon_Method_04348,TECHS,Method,2023
canon_Method_04349,Temporal Logical Graph Networks,Method,2023
canon_Method_04350,TKGs),Method,2023
canon_Method_04351,differentiable logical rule learning,Method,2023
canon_Method_04352,explainable extrapolation reasoning framework,Method,2023
canon_Method_04353,emporal logiCal grapH networkS (,Method,2023
canon_Method_04354,TECHS),Method,2023
canon_Method_04355,temporal graph encoder,Method,2023
canon_Method_04356,logical decoder,Method,2023
canon_Method_04357,forward message-passing mechanism,Method,2023
canon_Method_04359,probabilistic linear context-free rewriting system (LCFRS) formalism,Method,2023
canon_Method_04360,maximum likelihood,Method,2023
canon_Method_04361,grammar formalism,Method,2023
canon_Method_04362,LCFRS,Method,2023
canon_Method_04363,tensor decomposition-based rank-space dynamic programming,Method,2023
canon_Method_04364,Low Latency ASR,Method,2023
canon_Method_04366,LSTM/RNN and CTC based ASR systems,Method,2023
canon_Method_04367,"LSTM, attention and CTC based streaming ASR models",Method,2023
canon_Method_04368,vanilla LSTM training,Method,2023
canon_Method_04369,end-of-speech (EOS) detection,Method,2023
canon_Method_04370,summarization technology,Method,2023
canon_Method_04371,divide-and-conquer approach,Method,2023
canon_Method_04372,meeting summarization systems,Method,2023
canon_Method_04373,Generative Grammar,Method,2023
canon_Method_04374,language grammar,Method,2023
canon_Method_04375,syntax-guided generation schema,Method,2023
canon_Method_04377,structural beam search method,Method,2023
canon_Method_04378,autoregressive baselines,Method,2023
canon_Method_04379,automated methods,Method,2023
canon_Method_04380,ContRastive Iterative Negative GEneration),Method,2023
canon_Method_04381,Value Zeroing,Method,2023
canon_Method_04382,analysis methods,Method,2023
canon_Method_04384,CHAR,Method,2023
canon_Method_04385,Meta Self-Refinement,Method,2023
canon_Method_04386,DNNs,Method,2023
canon_Method_04387,noise-resistant models,Method,2023
canon_Method_04388,MSR),Method,2023
canon_Method_04389,noise-resistant learning framework,Method,2023
canon_Method_04390,open-domain dialog systems,Method,2023
canon_Method_04391,aily,Method,2023
canon_Method_04392,dialog generation model,Method,2023
canon_Method_04393,kNN-search mechanism,Method,2023
canon_Method_04398,text-to-text models,Method,2023
canon_Method_04399,numeracy-focused large language models,Method,2023
canon_Method_04400,FairPrism,Method,2023
canon_Method_04401,mitigation methods,Method,2023
canon_Method_04402,Text-Blueprint,Method,2023
canon_Method_04403,conditional generation models,Method,2023
canon_Method_04405,web browser-based demonstration,Method,2023
canon_Method_04406,plan,Method,2023
canon_Method_04407,multi-lingual summar,Method,2023
canon_Method_04408,many-to-many summarization (,Method,2023
canon_Method_04409,M2MS,Method,2023
canon_Method_04410,M2MS model,Method,2023
canon_Method_04411,symbolic algorithm,Method,2023
canon_Method_04412,vision detection step,Method,2023
canon_Method_04413,targeted data generation scheme,Method,2023
canon_Method_04414,ExplainMe,Method,2023
canon_Method_04415,multiple extractor guided summar,Method,2023
canon_Method_04416,supervised extractor,Method,2023
canon_Method_04417,Selective-Denoising based Generative Data Augmentation Approach,Method,2023
canon_Method_04418,Attention-map aware keyword selection for,Method,2023
canon_Method_04419,Conditional Language Model fine-tuning),Method,2023
canon_Method_04421,retriever model,Method,2023
canon_Method_04422,ReViz,Method,2023
canon_Method_04423,object detectors,Method,2023
canon_Method_04424,caption generators,Method,2023
canon_Method_04425,pretraining task,Method,2023
canon_Method_04426,purification,Method,2023
canon_Method_04427,adversarial attack methods,Method,2023
canon_Method_04428,BERT-Attack,Method,2023
canon_Method_04429,purification algorithm,Method,2023
canon_Method_04430,offline learning,Method,2023
canon_Method_04431,Online inference,Method,2023
canon_Method_04432,SOTA QA baseline models,Method,2023
canon_Method_04433,diagnostic,Method,2023
canon_Method_04434,OLE,Method,2023
canon_Method_04435,offensive language classifiers,Method,2023
canon_Method_04436,phrase,Method,2023
canon_Method_04438,span selection (,Method,2023
canon_Method_04439,SS) models,Method,2023
canon_Method_04440,ARCADE,Method,2023
canon_Method_04441,pandas data analysis framework,Method,2023
canon_Method_04442,PaC,Method,2023
canon_Method_04443,hiNCo,Method,2023
canon_Method_04444,62B code language model (LM),Method,2023
canon_Method_04445,few-shot prompting strategies,Method,2023
canon_Method_04446,step-by-step decomposition,Method,2023
canon_Method_04447,NL explanation,Method,2023
canon_Method_04448,arcade-,Method,2023
canon_Method_04449,CSG,Method,2023
canon_Method_04450,Similor,Method,2023
canon_Method_04451,Disease Network Constructor,Method,2023
canon_Method_04452,back-end system,Method,2023
canon_Method_04453,BERT-based tokenization,Method,2023
canon_Method_04454,EL and,Method,2023
canon_Method_04455,guided summarization techniques,Method,2023
canon_Method_04457,Multi-View Enhanced Distillation,Method,2023
canon_Method_04458,dual-encoder framework,Method,2023
canon_Method_04459,Multi-View Enhanced Distillation (MVD) framework,Method,2023
canon_Method_04460,dual-encoders,Method,2023
canon_Method_04461,cross-alignment and self-alignment mechanisms,Method,2023
canon_Method_04462,morphological segmentation,Method,2023
canon_Method_04463,morphology-based and frequency-based segmentation techniques,Method,2023
canon_Method_04464,morphology-aware segmenters,Method,2023
canon_Method_04465,segmentation setup,Method,2023
canon_Method_04466,frequency and morphology-based segmentations,Method,2023
canon_Method_04467,frequency-based segmentation,Method,2023
canon_Method_04468,modularization parameterization,Method,2023
canon_Method_04469,sparse Transformer,Method,2023
canon_Method_04470,self-supervised retrievers,Method,2023
canon_Method_04471,Binary and Ternary Natural Language Generation,Method,2023
canon_Method_04472,Ternary and binary neural networks,Method,2023
canon_Method_04473,full-precision networks,Method,2023
canon_Method_04474,transformer text generation models,Method,2023
canon_Method_04475,autoregressive decoding,Method,2023
canon_Method_04476,statistics-based quantization,Method,2023
canon_Method_04477,elastic,Method,2023
canon_Method_04478,ternary and binary transformer models,Method,2023
canon_Method_04479,ternary BART base,Method,2023
canon_Method_04480,binary model,Method,2023
canon_Method_04481,full precision,Method,2023
canon_Method_04482,sequential prediction model,Method,2023
canon_Method_04483,relevance model,Method,2023
canon_Method_04484,Knowledge-Aware Integration,Method,2023
canon_Method_04485,knowledge-aware context representations,Method,2023
canon_Method_04486,fusion-in-encoder,Method,2023
canon_Method_04489,"iterative, gradient-based approach",Method,2023
canon_Method_04490,Multitask Finetuning,Method,2023
canon_Method_04491,Multitask prompted finetuning (,Method,2023
canon_Method_04492,MTF),Method,2023
canon_Method_04493,multilingual BLOOM and mT5 model families,Method,2023
canon_Method_04494,GLADIS,Method,2023
canon_Method_04495,acronym disambiguationbenchmarks,Method,2023
canon_Method_04496,AcroBERT,Method,2023
canon_Method_04497,ContRastive Edits with Sparse raTionalization),Method,2023
canon_Method_04498,Diversity-aware Chinese Modern Po,Method,2023
canon_Method_04499,Chinese word segmentation (CWS),Method,2023
canon_Method_04500,tokenization methods,Method,2023
canon_Method_04501,decoding (sampling) method,Method,2023
canon_Method_04502,diversity-aware Chinese modern poetry generation system,Method,2023
canon_Method_04504,tokenization process,Method,2023
canon_Method_04505,baseline sampling methods,Method,2023
canon_Method_04506,over-generate-then-filter approach,Method,2023
canon_Method_04508,Word Filling,Method,2023
canon_Method_04509,TILT-based cross lingual transfer learning approach,Method,2023
canon_Method_04510,Modality Adaption,Method,2023
canon_Method_04511,modality adaption method,Method,2023
canon_Method_04512,query and passage representations,Method,2023
canon_Method_04513,Focus Learning,Method,2023
canon_Method_04514,data engineering,Method,2023
canon_Method_04515,FocusL),Method,2023
canon_Method_04516,positioning method,Method,2023
canon_Method_04517,similarity-to-,Method,2023
canon_Method_04518,sequence-to-edit (,Method,2023
canon_Method_04519,Seq2Edit) and,Method,2023
canon_Method_04520,Seq2Seq) frameworks,Method,2023
canon_Method_04521,Seq2Edit model,Method,2023
canon_Method_04522,consistency learning,Method,2023
canon_Method_04523,e-commerce knowledge-enhanced VLP model,Method,2023
canon_Method_04524,KLIP,Method,2023
canon_Method_04525,Prompt-mapping Contrastive Learning,Method,2023
canon_Method_04526,cross-prompt AES systems,Method,2023
canon_Method_04527,prompt representation,Method,2023
canon_Method_04528,learning strategy,Method,2023
canon_Method_04529,prompt-mapping”,Method,2023
canon_Method_04530,PCFG),Method,2023
canon_Method_04531,unsupervised sentence representations,Method,2023
canon_Method_04532,Self-Contrastive Learning (,Method,2023
canon_Method_04533,plug-,Method,2023
canon_Method_04534,GAN-BERT,Method,2023
canon_Method_04535,author-specific models,Method,2023
canon_Method_04536,GAN-BERT architecture,Method,2023
canon_Method_04537,Shapley Head Pruning,Method,2023
canon_Method_04538,fixed-size model,Method,2023
canon_Method_04539,coalitional game theory,Method,2023
canon_Method_04540,attention visualization,Method,2023
canon_Method_04541,distillation process,Method,2023
canon_Method_04542,NLP practitioner,Method,2023
canon_Method_04543,Graph Propagated Data Augmentation,Method,2023
canon_Method_04544,GPDA) framework,Method,2023
canon_Method_04545,graph propagation,Method,2023
canon_Method_04546,TDG),Method,2023
canon_Method_04547,Instruc,Method,2023
canon_Method_04548,tGPT,Method,2023
canon_Method_04549,instruction induction,Method,2023
canon_Method_04550,learning paradigm,Method,2023
canon_Method_04551,masked language modeling (MLM) pretraining techniques,Method,2023
canon_Method_04552,language classifiers,Method,2023
canon_Method_04553,MLM variant,Method,2023
canon_Method_04554,PBD),Method,2023
canon_Method_04555,self-distilled masked language pretraining,Method,2023
canon_Method_04556,PBD losses,Method,2023
canon_Method_04557,table generation,Method,2023
canon_Method_04558,tabular QA models,Method,2023
canon_Method_04559,single table QA models,Method,2023
canon_Method_04561,prompt-aware neural AES model,Method,2023
canon_Method_04562,contrastive norm-angular alignment strategy,Method,2023
canon_Method_04563,counterfactual self-training strategy,Method,2023
canon_Method_04564,pre-trained Multilingual Language Models (MLLMs),Method,2023
canon_Method_04565,Controllable Revision,Method,2023
canon_Method_04566,Text detoxification,Method,2023
canon_Method_04567,detoxification algorithm,Method,2023
canon_Method_04568,controllable generation and,Method,2023
canon_Method_04569,text rewriting methods,Method,2023
canon_Method_04570,Product of Experts,Method,2023
canon_Method_04571,TaRAT,Method,2023
canon_Method_04572,auxiliary model,Method,2023
canon_Method_04573,demographic annotation process,Method,2023
canon_Method_04574,3,Method,2023
canon_Method_04575,HQA,Method,2023
canon_Method_04576,retriever-reader framework,Method,2023
canon_Method_04577,TextTableQA framework,Method,2023
canon_Method_04578,S3HQA,Method,2023
canon_Method_04579,reasoner,Method,2023
canon_Method_04580,refinement training,Method,2023
canon_Method_04581,hybrid selector,Method,2023
canon_Method_04582,row-wise generator,Method,2023
canon_Method_04583,LLM prompting generator,Method,2023
canon_Method_04584,Hybrid,Method,2023
canon_Method_04585,Visual Knowledge oriented Programming,Method,2023
canon_Method_04586,VisKoP),Method,2023
canon_Method_04587,neural program induction module,Method,2023
canon_Method_04588,KoPL execution engine,Method,2023
canon_Method_04589,KoPL engine,Method,2023
canon_Method_04590,LongE,Method,2023
canon_Method_04591,Black-box Language Model,Method,2023
canon_Method_04592,Utilizing,Method,2023
canon_Method_04594,Clustering-enhanced Linear Discriminative Analysis (,Method,2023
canon_Method_04595,CELDA),Method,2023
canon_Method_04596,LM model,Method,2023
canon_Method_04597,Dynamic Heterogeneous-Graph Reasoning,Method,2023
canon_Method_04598,DHLK),Method,2023
canon_Method_04599,KRL),Method,2023
canon_Method_04600,Relation Mask Self-Attention (,Method,2023
canon_Method_04601,RMSA),Method,2023
canon_Method_04603,model debugging methods,Method,2023
canon_Method_04605,Hugging Face,Method,2023
canon_Method_04606,multimodal encoder,Method,2023
canon_Method_04607,answer decoder,Method,2023
canon_Method_04608,adversarial surface form edits,Method,2023
canon_Method_04609,deductive reasoning fine-tuning,Method,2023
canon_Method_04610,Semantic Structure Integration model (,Method,2023
canon_Method_04611,SemSIn),Method,2023
canon_Method_04612,GNN-based event aggregator,Method,2023
canon_Method_04613,LSTM-based path aggregator,Method,2023
canon_Method_04614,SemSIn,Method,2023
canon_Method_04615,Federated Approach,Method,2023
canon_Method_04616,federated machine learning,Method,2023
canon_Method_04617,wrapper,Method,2023
canon_Method_04618,Soc,Method,2023
canon_Method_04619,NMT software,Method,2023
canon_Method_04620,Asynchronous Successive Halving Algorithm (,Method,2023
canon_Method_04621,ASHA),Method,2023
canon_Method_04622,Prefix Propagation,Method,2023
canon_Method_04623,parameter-efficient learning,Method,2023
canon_Method_04624,Cross-Domain Data Augmentation,Method,2023
canon_Method_04625,Domain-Adaptive Language Modeling,Method,2023
canon_Method_04626,unsupervised domain adaptation framework,Method,2023
canon_Method_04627,CDDA),Method,2023
canon_Method_04628,CDDA methods,Method,2023
canon_Method_04629,DALM),Method,2023
canon_Method_04630,feature adaptation and CDDA methods,Method,2023
canon_Method_04631,Unified Structure-aware Framework,Method,2023
canon_Method_04632,lyrics generation system,Method,2023
canon_Method_04633,unified structure-aware lyrics generation framework,Method,2023
canon_Method_04634,compound templates,Method,2023
canon_Method_04635,knowledge-grounded dialogue response generation models,Method,2023
canon_Method_04636,Multi-bit Natural Language Watermarking,Method,2023
canon_Method_04637,secure,Method,2023
canon_Method_04638,watermarking system,Method,2023
canon_Method_04639,multi-bit watermarking framework,Method,2023
canon_Method_04640,corruption-resistant infill model,Method,2023
canon_Method_04642,preventive strategies,Method,2023
canon_Method_04643,optimal transport formulation,Method,2023
canon_Method_04644,model-based detectors,Method,2023
canon_Method_04645,external models,Method,2023
canon_Method_04646,Population-level Learning,Method,2023
canon_Method_04647,density-based clustering method,Method,2023
canon_Method_04648,Multilingual Approach,Method,2023
canon_Method_04649,character-level encoder-only modelling,Method,2023
canon_Method_04650,character-level BERT-like models,Method,2023
canon_Method_04651,token-based model,Method,2023
canon_Method_04652,subword-level tokeniser,Method,2023
canon_Method_04653,Chinese input methods,Method,2023
canon_Method_04654,annotation pipeline,Method,2023
canon_Method_04655,robust training methods,Method,2023
canon_Method_04656,robustness methods,Method,2023
canon_Method_04657,conversational reasoning,Method,2023
canon_Method_04658,SIMMC-VR,Method,2023
canon_Method_04659,data collection paradigm,Method,2023
canon_Method_04660,SIMMC-,Method,2023
canon_Method_04661,reference-free evaluation approach,Method,2023
canon_Method_04662,reference-free approach,Method,2023
canon_Method_04663,ReFr,Method,2023
canon_Method_04664,Connectionist Temporal Classification (CTC) objective,Method,2023
canon_Method_04666,coarse labeling,Method,2023
canon_Method_04667,CoLaCTC,Method,2023
canon_Method_04668,CTC baseline,Method,2023
canon_Method_04669,Boosting Transformers,Method,2023
canon_Method_04670,machine learning approaches,Method,2023
canon_Method_04671,baselines,Method,2023
canon_Method_04672,SG-CQG,Method,2023
canon_Method_04673,Open-source Translation Framework,Method,2023
canon_Method_04674,interactive post-editing environment,Method,2023
canon_Method_04675,interactive environment,Method,2023
canon_Method_04676,OpenTIPE,Method,2023
canon_Method_04677,human-centered approaches,Method,2023
canon_Method_04678,reference chain-free listener model,Method,2023
canon_Method_04679,DeBERTa-based listener model,Method,2023
canon_Method_04680,random autoencoders,Method,2023
canon_Method_04681,autoencoders,Method,2023
canon_Method_04682,Human-in-the-loop Evaluation,Method,2023
canon_Method_04683,human-in-the-loop evaluation framework,Method,2023
canon_Method_04684,Stance classifiers,Method,2023
canon_Method_04685,human-in-the-loop systems,Method,2023
canon_Method_04686,Cooperative Training of Retriever-Reranker,Method,2023
canon_Method_04687,retrieval-based dialogue systems,Method,2023
canon_Method_04688,fast retriever,Method,2023
canon_Method_04689,bi-encoder,Method,2023
canon_Method_04690,smart response reranker,Method,2023
canon_Method_04691,cross-encoder,Method,2023
canon_Method_04692,cooperative training,Method,2023
canon_Method_04693,response retriever,Method,2023
canon_Method_04694,Expectation-Maximization (EM) approach,Method,2023
canon_Method_04695,maximization,Method,2023
canon_Method_04696,DRG,Method,2023
canon_Method_04697,edge and minimal description length (MDL) probing,Method,2023
canon_Method_04698,word-in-context and sentence-level representations,Method,2023
canon_Method_04700,psychol,Method,2023
canon_Method_04701,lexically-guided antecedent retrieval processes,Method,2023
canon_Method_04702,psycholinguistic theories of,Method,2023
canon_Method_04703,Encoder-Only Transformers,Method,2023
canon_Method_04704,character-level encoder-decoder model,Method,2023
canon_Method_04705,byte-level encoder-only model,Method,2023
canon_Method_04706,encoder-only model,Method,2023
canon_Method_04707,Decision-based Knowledge Distillation,Method,2023
canon_Method_04708,decision-based KD,Method,2023
canon_Method_04709,multi-document hybrid summarization approach,Method,2023
canon_Method_04710,ubiqu,Method,2023
canon_Method_04711,Indirect,Method,2023
canon_Method_04712,retrieval-based baseline,Method,2023
canon_Method_04713,Symbolic Chain-of-Thought Distillation,Method,2023
canon_Method_04714,SCoTD),Method,2023
canon_Method_04715,SCoTD,Method,2023
canon_Method_04716,chain-,Method,2023
canon_Method_04717,rule-based heuristic approach,Method,2023
canon_Method_04718,data-driven models,Method,2023
canon_Method_04719,Rule By Example (,Method,2023
canon_Method_04720,RBE),Method,2023
canon_Method_04721,exemplar-based contrastive learning approach,Method,2023
canon_Method_04722,deep learning classifiers,Method,2023
canon_Method_04725,Lexical Semantic Networks,Method,2023
canon_Method_04727,Cloze task formulation,Method,2023
canon_Method_04728,BERT-based typicality prediction methods,Method,2023
canon_Method_04729,disambiguation mechanism,Method,2023
canon_Method_04730,MUSTIE,Method,2023
canon_Method_04731,Multimodal Structural Transformer,Method,2023
canon_Method_04732,sequential modeling approaches,Method,2023
canon_Method_04733,MUST),Method,2023
canon_Method_04734,MUST,Method,2023
canon_Method_04735,generalizability test,Method,2023
canon_Method_04736,data augmentation schemes,Method,2023
canon_Method_04737,Multi-Level Hypergraph Neural Networks,Method,2023
canon_Method_04738,hypergraph-based methods,Method,2023
canon_Method_04739,taxonomy-aware multi-level hypergraph neural network (,Method,2023
canon_Method_04740,TM-HGNN),Method,2023
canon_Method_04741,hierarchical message passing layers,Method,2023
canon_Method_04742,TM-HGNN,Method,2023
canon_Method_04743,Natural Language Understanding (NLU) capabilities,Method,2023
canon_Method_04745,multilingual LLMs,Method,2023
canon_Method_04746,human-supervised benchmark,Method,2023
canon_Method_04747,IndicXTREME,Method,2023
canon_Method_04748,Indic,Method,2023
canon_Method_04749,IndicBERT v2,Method,2023
canon_Method_04750,Transformer Length Extrapolation,Method,2023
canon_Method_04751,Length extrapolation,Method,2023
canon_Method_04752,cumulative normalized gradient tool,Method,2023
canon_Method_04753,vanilla Sinusoidal positional embedding,Method,2023
canon_Method_04754,parameter-free,Method,2023
canon_Method_04755,KER,Method,2023
canon_Method_04756,extrapolatable positional embedding design,Method,2023
canon_Method_04757,Cross-modal Regularization with Scheduled Sampling (Cress) method,Method,2023
canon_Method_04758,token-level adaptive training,Method,2023
canon_Method_04759,information-theoretical model,Method,2023
canon_Method_04760,synthetic data generation techniques,Method,2023
canon_Method_04761,curriculum learning strategies,Method,2023
canon_Method_04762,Dual Noisy Self Training,Method,2023
canon_Method_04764,Message Passing Neural Networks,Method,2023
canon_Method_04765,Message Passing (Graph) Neural Networks (MPNNs),Method,2023
canon_Method_04766,multi-layer perceptron (MLP) models,Method,2023
canon_Method_04767,message passing (MP) component,Method,2023
canon_Method_04768,scoring,Method,2023
canon_Method_04769,scoring function design,Method,2023
canon_Method_04770,loss function design,Method,2023
canon_Method_04771,KGC methods,Method,2023
canon_Method_04772,MP designs,Method,2023
canon_Method_04773,Cylinder Embeddings,Method,2023
canon_Method_04774,geometric-based approaches,Method,2023
canon_Method_04775,natural representation of,Method,2023
canon_Method_04776,geometric-based models,Method,2023
canon_Method_04777,"points, boxes embeddings",Method,2023
canon_Method_04778,cones embeddings,Method,2023
canon_Method_04779,unbounded cylinder embeddings,Method,2023
canon_Method_04780,Document Flattening,Method,2023
canon_Method_04781,DocFlat) technique,Method,2023
canon_Method_04782,Flat-Batch Attention (,Method,2023
canon_Method_04783,FB,Method,2023
canon_Method_04784,Llama Instruct and Mistral models,Method,2024
canon_Method_04785,base and English-centric instruct models,Method,2024
canon_Method_04786,few-shot prompting,Method,2024
canon_Method_04787,preference tuning,Method,2024
canon_Method_04790,HumanEval-NFR,Method,2024
canon_Method_04791,ToolSword,Method,2024
canon_Method_04792,scaling,Method,2024
canon_Method_04793,instruction-based learning,Method,2024
canon_Method_04794,diffusion model SSD-LM,Method,2024
canon_Method_04795,general purpose diffusion LM,Method,2024
canon_Method_04796,Reward Model Transfer,Method,2024
canon_Method_04797,Aligning language models (,Method,2024
canon_Method_04798,LM-based systems,Method,2024
canon_Method_04799,cross-lingually aligned models,Method,2024
canon_Method_04801,different,Method,2024
canon_Method_04802,aligned models,Method,2024
canon_Method_04803,same-language reward model,Method,2024
canon_Method_04804,language activation probability entropy (,Method,2024
canon_Method_04805,LAPE),Method,2024
canon_Method_04807,brains,Method,2024
canon_Method_04808,language-specific instruction tuning,Method,2024
canon_Method_04809,language-specific tuning,Method,2024
canon_Method_04810,bilingual pretraining,Method,2024
canon_Method_04811,Mixture of Experts (MoE),Method,2024
canon_Method_04812,MoE framework,Method,2024
canon_Method_04813,Hypernetworks,Method,2024
canon_Method_04814,computational processes,Method,2024
canon_Method_04815,MoE,Method,2024
canon_Method_04816,Hyper_MoE,Method,2024
canon_Method_04817,question decomposition,Method,2024
canon_Method_04818,rewriting,Method,2024
canon_Method_04819,mixed-integer program,Method,2024
canon_Method_04820,Reference-free NLG Evaluation Language Model,Method,2024
canon_Method_04821,LLM-based automatic evaluation methods,Method,2024
canon_Method_04822,evaluation paradigm,Method,2024
canon_Method_04823,multi-perspective consistency verification and rating-oriented preference alignment methods,Method,2024
canon_Method_04824,NAR,Method,2024
canon_Method_04825,Levenshtein Transformer,Method,2024
canon_Method_04826,stepwise reward maximization,Method,2024
canon_Method_04827,episodic reward maximization,Method,2024
canon_Method_04828,similarity-sensitive Shannon entropy (,Method,2024
canon_Method_04829,S3E,Method,2024
canon_Method_04830,PLE,Method,2024
canon_Method_04831,DGE,Method,2024
canon_Method_04832,metric-agnostic and,Method,2024
canon_Method_04833,metric-aware approaches,Method,2024
canon_Method_04835,metric-agnostic mechanisms,Method,2024
canon_Method_04836,Multistage Low-rank Fine-tuning of Super-transformers (MLFS),Method,2024
canon_Method_04837,encoder models,Method,2024
canon_Method_04838,decoder-only models,Method,2024
canon_Method_04839,Collaborative Open Source Tool,Method,2024
canon_Method_04840,GPT-4o,Method,2024
canon_Method_04841,Gemini,Method,2024
canon_Method_04843,weakly-supervised fine-tuning method,Method,2024
canon_Method_04844,FCMs),Method,2024
canon_Method_04845,instruction-tuned LLMs,Method,2024
canon_Method_04846,vanilla supervised fine-tuning,Method,2024
canon_Method_04847,Generalist Model,Method,2024
canon_Method_04849,sequential token generation of,Method,2024
canon_Method_04850,GLi,Method,2024
canon_Method_04851,Zero-Shot Autonomous Agent,Method,2024
canon_Method_04852,functional modules,Method,2024
canon_Method_04854,pipeline or,Method,2024
canon_Method_04855,modular design,Method,2024
canon_Method_04856,fully zero-shot autonomous TOD agent,Method,2024
canon_Method_04857,AutoTOD,Method,2024
canon_Method_04858,TOD systems,Method,2024
canon_Method_04859,general-purpose instruction-following language model,Method,2024
canon_Method_04860,TOD,Method,2024
canon_Method_04861,simulation-based evaluation framework,Method,2024
canon_Method_04862,general-purpose large language models (,Method,2024
canon_Method_04863,domain-adaptive pretraining (,Method,2024
canon_Method_04864,DAPT),Method,2024
canon_Method_04865,medical VLMs,Method,2024
canon_Method_04866,medical model,Method,2024
canon_Method_04867,Context Enhancement,Method,2024
canon_Method_04868,MiceCL,Method,2024
canon_Method_04869,curriculum learning framework,Method,2024
canon_Method_04870,privacy-preserving annotation tools,Method,2024
canon_Method_04871,unified platform,Method,2024
canon_Method_04872,annotation interface,Method,2024
canon_Method_04873,layout-aware and text models,Method,2024
canon_Method_04874,SyntaxGym,Method,2024
canon_Method_04875,14,Method,2024
canon_Method_04876,distributed alignment search (,Method,2024
canon_Method_04877,DAS),Method,2024
canon_Method_04878,direct generation method,Method,2024
canon_Method_04879,Interpretable Composition Attribution Enhancement,Method,2024
canon_Method_04880,CAE,Method,2024
canon_Method_04881,Composition Attribution Enhancement),Method,2024
canon_Method_04882,interpretable attribution methods,Method,2024
canon_Method_04883,LLM-based logits,Method,2024
canon_Method_04884,direct mining,Method,2024
canon_Method_04886,LLM services,Method,2024
canon_Method_04887,emotion detection models,Method,2024
canon_Method_04888,EmoTrigger,Method,2024
canon_Method_04889,Emo,Method,2024
canon_Method_04891,fine-tuned models,Method,2024
canon_Method_04892,cross-lingual transfer (,Method,2024
canon_Method_04893,XLT) methods,Method,2024
canon_Method_04894,Multi-Source Language Training (,Method,2024
canon_Method_04895,MSLT),Method,2024
canon_Method_04896,Approximate Nearest-Neighbor (ANN) retrieval techniques,Method,2024
canon_Method_04897,Arithmetic Control,Method,2024
canon_Method_04898,Directional Preference Alignment (,Method,2024
canon_Method_04899,multi-objective reward modeling,Method,2024
canon_Method_04900,preference-conditioned variant of Rejection Sampling Finetuning (RSF),Method,2024
canon_Method_04901,RLHF method,Method,2024
canon_Method_04902,Timeline summarization (,Method,2024
canon_Method_04903,TLS),Method,2024
canon_Method_04904,pseudo-oracles,Method,2024
canon_Method_04905,Z-coref,Method,2024
canon_Method_04906,Z-coref model,Method,2024
canon_Method_04907,prior CR architecture,Method,2024
canon_Method_04908,RE extraction paradigm,Method,2024
canon_Method_04909,Parameters Efficient Fine Tuning (PEFT) algorithm,Method,2024
canon_Method_04910,QLoRA),Method,2024
canon_Method_04911,FiD framework,Method,2024
canon_Method_04912,encoder-decoder neural reader,Method,2024
canon_Method_04913,chain of thought reasoning,Method,2024
canon_Method_04914,data filtering method,Method,2024
canon_Method_04915,feedback scoring,Method,2024
canon_Method_04916,Text and vision foundation models,Method,2024
canon_Method_04917,sper and MMS,Method,2024
canon_Method_04918,sper,Method,2024
canon_Method_04921,context-aware models,Method,2024
canon_Method_04922,data curation toolkit,Method,2024
canon_Method_04923,Safety-Aware Decoding,Method,2024
canon_Method_04924,safety-aware decoding strategy,Method,2024
canon_Method_04925,Flames,Method,2024
canon_Method_04926,value alignment benchmark,Method,2024
canon_Method_04927,jailbreak,Method,2024
canon_Method_04928,specified scorer,Method,2024
canon_Method_04929,Retrieval-Augmented Continuous Prompt Learning,Method,2024
canon_Method_04931,prompt encoder,Method,2024
canon_Method_04932,automated evaluators,Method,2024
canon_Method_04933,alignment-based system,Method,2024
canon_Method_04934,human comparison strategies,Method,2024
canon_Method_04935,PORTIA-enhanced GPT-3.5 model,Method,2024
canon_Method_04936,In-Dialogue Learning,Method,2024
canon_Method_04937,Personalized dialogue systems,Method,2024
canon_Method_04938,IDL),Method,2024
canon_Method_04939,fine-tuning framework,Method,2024
canon_Method_04940,IDL,Method,2024
canon_Method_04941,Retrieval Augmented Generation (RAG) systems,Method,2024
canon_Method_04942,DA-FoC,Method,2024
canon_Method_04943,Chain-of-Thought prompting of large language models (,Method,2024
canon_Method_04944,In-Context Active Curriculum Learning,Method,2024
canon_Method_04945,Direct speech translation (ST) models,Method,2024
canon_Method_04946,direct ST models,Method,2024
canon_Method_04947,cross-modal (,Method,2024
canon_Method_04948,speech-to-speech retrieval approach,Method,2024
canon_Method_04949,PaLM2 models,Method,2024
canon_Method_04950,pre-translation paradigm,Method,2024
canon_Method_04951,PaLM2,Method,2024
canon_Method_04952,PaLM2-L,Method,2024
canon_Method_04953,outcome-oriented evaluation,Method,2024
canon_Method_04954,epistemology,Method,2024
canon_Method_04955,epistemological frameworks,Method,2024
canon_Method_04956,Syntactic Smoothing,Method,2024
canon_Method_04957,maximum likelihood training,Method,2024
canon_Method_04958,Syntactic Smoothing method,Method,2024
canon_Method_04959,NoiseBench,Method,2024
canon_Method_04960,noise-robust learning approaches,Method,2024
canon_Method_04961,noise-robust learning,Method,2024
canon_Method_04962,LM),Method,2024
canon_Method_04963,regular LMs (,Method,2024
canon_Method_04964,RNN and Transformer LMs,Method,2024
canon_Method_04965,Text-,Method,2024
canon_Method_04966,domain-aware pipeline,Method,2024
canon_Method_04967,domain knowledge graphs,Method,2024
canon_Method_04968,Mixed-IE) method,Method,2024
canon_Method_04970,LVLMs),Method,2024
canon_Method_04971,Multistage Collaborative Knowledge Distillation,Method,2024
canon_Method_04972,few-shot prompted large language models,Method,2024
canon_Method_04973,MCKD),Method,2024
canon_Method_04974,MCK,Method,2024
canon_Method_04975,dual-encoder Transformer architecture,Method,2024
canon_Method_04976,Soft Reasoners,Method,2024
canon_Method_04977,Concept Over Time Analysis extension,Method,2024
canon_Method_04978,Discourse Analysis Tool Suite,Method,2024
canon_Method_04979,Human-in-the-loop paradigm,Method,2024
canon_Method_04980,few-shot sentence classification,Method,2024
canon_Method_04981,Sentence Transformers,Method,2024
canon_Method_04982,semantic similarity searches,Method,2024
canon_Method_04983,Metric-Guided Feedback Learning,Method,2024
canon_Method_04984,feedback-based learning,Method,2024
canon_Method_04985,explicit evaluation paradigm,Method,2024
canon_Method_04986,Bayesian Example Selection,Method,2024
canon_Method_04987,in-context example selection approach,Method,2024
canon_Method_04988,eBayesian in-Context example Selection method,Method,2024
canon_Method_04989,ByCS),Method,2024
canon_Method_04990,ByCS method,Method,2024
canon_Method_04991,Large Language Model-based Agents,Method,2024
canon_Method_04992,weather and calculator APIs,Method,2024
canon_Method_04993,LLM-based agents,Method,2024
canon_Method_04994,API Retriever,Method,2024
canon_Method_04995,Demo Selector,Method,2024
canon_Method_04996,LLM Finetuner,Method,2024
canon_Method_04997,ASR-Aware Entity Reference Expansion Approach,Method,2024
canon_Method_04998,entity reference expansion system,Method,2024
canon_Method_04999,synthetic data generation approach,Method,2024
canon_Method_05000,MMTE,Method,2024
canon_Method_05001,mental disorder detection models,Method,2024
canon_Method_05002,symptom-based methods,Method,2024
canon_Method_05003,uncertainty-aware decision fusion network,Method,2024
canon_Method_05004,multi-objective differentiable masking scheme,Method,2024
canon_Method_05006,Context-Aware Adapter Tuning,Method,2024
canon_Method_05007,few-shot relation learning approaches,Method,2024
canon_Method_05008,Inductive Reasoners,Method,2024
canon_Method_05009,SLT technologies,Method,2024
canon_Method_05010,SSVP-SLT,Method,2024
canon_Method_05011,VP-SLT,Method,2024
canon_Method_05012,facial obfuscation,Method,2024
canon_Method_05014,CoCA-based GPT model,Method,2024
canon_Method_05015,Multimodal Contextual Dialogue Breakdown (MultConDB) model,Method,2024
canon_Method_05016,Generative Pretrained Structured Transformers,Method,2024
canon_Method_05017,Unsupervised Syntactic Language Models,Method,2024
canon_Method_05018,syntactic language model (,Method,2024
canon_Method_05019,SLM),Method,2024
canon_Method_05020,GPST),Method,2024
canon_Method_05021,representation surrogate,Method,2024
canon_Method_05022,text-dav,Method,2024
canon_Method_05023,culture-aware prompting,Method,2024
canon_Method_05024,Generative AI (,Method,2024
canon_Method_05025,GenAI),Method,2024
canon_Method_05026,GenAI systems,Method,2024
canon_Method_05027,massively multilingual NLG language model,Method,2024
canon_Method_05028,personalized feedback generation systems,Method,2024
canon_Method_05029,feedback generation baseline,Method,2024
canon_Method_05030,distant supervision of smaller student models,Method,2024
canon_Method_05031,rationale-oriented event clustering and,Method,2024
canon_Method_05033,coreference-specific knowledge distillation,Method,2024
canon_Method_05034,Generation-driven Contrastive,Method,2024
canon_Method_05035,Instruction-following LLM,Method,2024
canon_Method_05036,n-best reranker,Method,2024
canon_Method_05037,Contrastive Learning of Propositional Semantic Representations,Method,2024
canon_Method_05038,contrastively-learned contextual embedding model,Method,2024
canon_Method_05039,large-scale pretrained unimodal models,Method,2024
canon_Method_05040,unimodal backbones,Method,2024
canon_Method_05041,unimodal feature extraction,Method,2024
canon_Method_05042,CLIP-based methods,Method,2024
canon_Method_05043,Self-Bootstrapped Visual-Language Model,Method,2024
canon_Method_05044,Direct,Method,2024
canon_Method_05045,Reward-Weighted,Method,2024
canon_Method_05046,VLM),Method,2024
canon_Method_05047,Direct Metric Optimization (,Method,2024
canon_Method_05048,DMO),Method,2024
canon_Method_05049,final-metric-optimizing training method,Method,2024
canon_Method_05050,exploration process,Method,2024
canon_Method_05051,esome-,Method,2024
canon_Method_05052,Scientific-Language-Models,Method,2024
canon_Method_05053,Theory-of-Mind Reasoning,Method,2024
canon_Method_05054,N-ToM benchmarks,Method,2024
canon_Method_05056,Proof,Method,2024
canon_Method_05057,data synthetic pipeline,Method,2024
canon_Method_05058,Supervised Fine Tuning (,Method,2024
canon_Method_05059,Reinforcement Learning (RL) tuning approach,Method,2024
canon_Method_05060,sequential tuning,Method,2024
canon_Method_05061,RL tuning stage,Method,2024
canon_Method_05062,PaLM2-XS model,Method,2024
canon_Method_05063,TruthQuest,Method,2024
canon_Method_05064,Truth,Method,2024
canon_Method_05065,Mixtral-,Method,2024
canon_Method_05066,data replaying,Method,2024
canon_Method_05067,Parameter Efficient Fine-Tuning (,Method,2024
canon_Method_05068,PEFT),Method,2024
canon_Method_05069,RED),Method,2024
canon_Method_05070,PEFT approach,Method,2024
canon_Method_05071,Adversarial Tuning Multi-agent System,Method,2024
canon_Method_05072,ATM),Method,2024
canon_Method_05073,multi-agent iterative tuning,Method,2024
canon_Method_05075,GPT4,Method,2024
canon_Method_05077,Cross-lingual Expert Language Models,Method,2024
canon_Method_05078,X-ELM),Method,2024
canon_Method_05079,X-ELMs,Method,2024
canon_Method_05080,multilingual ensemble,Method,2024
canon_Method_05081,assessment methods,Method,2024
canon_Method_05082,Causality-Aware Alignment (,Method,2024
canon_Method_05083,CAA),Method,2024
canon_Method_05085,Self-Synthesized Rehearsal,Method,2024
canon_Method_05086,rehearsal-based methods,Method,2024
canon_Method_05087,LLM checkpoint,Method,2024
canon_Method_05088,SSR),Method,2024
canon_Method_05090,LLM Annotators,Method,2024
canon_Method_05091,automated fact-checking methods,Method,2024
canon_Method_05092,fact-checking pipeline,Method,2024
canon_Method_05093,Automatic Factual Claim deTection Annotator),Method,2024
canon_Method_05094,zero-shot LLM prompting,Method,2024
canon_Method_05095,Residual Quantization,Method,2024
canon_Method_05096,Generative retrieval (,Method,2024
canon_Method_05097,GR),Method,2024
canon_Method_05098,numeric-based identifier representations,Method,2024
canon_Method_05099,TIGER,Method,2024
canon_Method_05100,Residual Quantization-based Semantic Identifiers (,Method,2024
canon_Method_05101,RQ-SID),Method,2024
canon_Method_05102,RQ-SID,Method,2024
canon_Method_05103,automata theory,Method,2024
canon_Method_05104,quantum,Method,2024
canon_Method_05105,subspace-based set operations,Method,2024
canon_Method_05106,vector-based ones,Method,2024
canon_Method_05107,ASTRA,Method,2024
canon_Method_05109,schema matching solutions,Method,2024
canon_Method_05110,machine translation techniques,Method,2024
canon_Method_05111,open-source,Method,2024
canon_Method_05112,mBART,Method,2024
canon_Method_05113,scalable schema matching framework,Method,2024
canon_Method_05114,Hyper-Relational Knowledge Graphs,Method,2024
canon_Method_05115,training-free framework,Method,2024
canon_Method_05116,Supervised fine-tuned models,Method,2024
canon_Method_05117,Edited models,Method,2024
canon_Method_05118,Safety,Method,2024
canon_Method_05119,No,Method,2024
canon_Method_05120,Inte,Method,2024
canon_Method_05121,Visual Prompting,Method,2024
canon_Method_05122,text-prompt methods,Method,2024
canon_Method_05123,visual prompting approach,Method,2024
canon_Method_05124,multimodal LLMs (,Method,2024
canon_Method_05125,visualization generator,Method,2024
canon_Method_05126,MyEyes,Method,2024
canon_Method_05127,ATLAS1,Method,2024
canon_Method_05128,smart reply,Method,2024
canon_Method_05129,smart reply system,Method,2024
canon_Method_05130,AI writing model,Method,2024
canon_Method_05132,vanilla AI writing system,Method,2024
canon_Method_05133,Benjamin,Method,2024
canon_Method_05134,context compression,Method,2024
canon_Method_05135,in-domain parameter-efficient finetuning,Method,2024
canon_Method_05136,LLaMA2-7B model,Method,2024
canon_Method_05137,RWG),Method,2024
canon_Method_05138,Label Confidence Weighted Learning,Method,2024
canon_Method_05139,LCWL),Method,2024
canon_Method_05140,label confidence weighting scheme,Method,2024
canon_Method_05141,confidence-weighting methods,Method,2024
canon_Method_05142,unsupervised baseline,Method,2024
canon_Method_05143,LCWL model,Method,2024
canon_Method_05144,Symmetric Cross Entropy (,Method,2024
canon_Method_05145,SCE),Method,2024
canon_Method_05146,chemical NER systems,Method,2024
canon_Method_05147,biomedical NER models,Method,2024
canon_Method_05148,backbone encoder,Method,2024
canon_Method_05149,backbone LLMs,Method,2024
canon_Method_05150,VLMs),Method,2024
canon_Method_05151,Act,Method,2024
canon_Method_05152,Plan-,Method,2024
canon_Method_05153,iGibson,Method,2024
canon_Method_05154,Language Model Critic,Method,2024
canon_Method_05155,Implicit dimension mining,Method,2024
canon_Method_05156,Large language model driven Personalized Review Recommendation model,Method,2024
canon_Method_05157,PRR-LI),Method,2024
canon_Method_05158,multimodal LLM architecture,Method,2024
canon_Method_05159,Task Complexity-based Approach,Method,2024
canon_Method_05160,extensible benchmark - LLM Stereo,Method,2024
canon_Method_05161,LSI),Method,2024
canon_Method_05162,classification-based retrieval,Method,2024
canon_Method_05163,computational assistance,Method,2024
canon_Method_05164,Optical Character Recognition (OCR),Method,2024
canon_Method_05165,speech systems,Method,2024
canon_Method_05166,Backdoor Attacks,Method,2024
canon_Method_05167,backdoor attack method,Method,2024
canon_Method_05169,approximation approach,Method,2024
canon_Method_05170,optimization methods,Method,2024
canon_Method_05171,Task-Solving Agent,Method,2024
canon_Method_05172,Solo Performance Prompting (,Method,2024
canon_Method_05173,SPP),Method,2024
canon_Method_05174,cognitive synergist,Method,2024
canon_Method_05175,Chain-of-Thought,Method,2024
canon_Method_05177,Argumentation Theory-Driven Prompt,Method,2024
canon_Method_05178,argumentation theory,Method,2024
canon_Method_05179,augmented knowledge,Method,2024
canon_Method_05181,In-Context Adversarial Game,Method,2024
canon_Method_05182,LLM agent learning processes,Method,2024
canon_Method_05183,ICAG),Method,2024
canon_Method_05184,adversarial game,Method,2024
canon_Method_05186,Cross-Encoder with Late Interaction),Method,2024
canon_Method_05188,relevance score mechanism,Method,2024
canon_Method_05189,Benchmarking Multi-dimensional Evaluation,Method,2024
canon_Method_05191,QG technologies,Method,2024
canon_Method_05192,prompt tuning method,Method,2024
canon_Method_05193,Adaptive Proximal Policy Optimization (,Method,2024
canon_Method_05194,APPO),Method,2024
canon_Method_05195,PPO,Method,2024
canon_Method_05196,TTE-StableProm,Method,2024
canon_Method_05197,contamination detection methods,Method,2024
canon_Method_05198,generalization-based approaches,Method,2024
canon_Method_05199,Contaminated models,Method,2024
canon_Method_05200,Mistake tuning,Method,2024
canon_Method_05201,ICLE++,Method,2024
canon_Method_05202,Instance Attribution (,Method,2024
canon_Method_05203,Neuron Attribution,Method,2024
canon_Method_05204,attribution method NA-Instances,Method,2024
canon_Method_05205,Hybrid Retrieval-Augmented Composition Assistance,Method,2024
canon_Method_05206,retrieval augmentation,Method,2024
canon_Method_05207,Hybrid-RACA),Method,2024
canon_Method_05208,cloud-based LLM,Method,2024
canon_Method_05209,client-side model,Method,2024
canon_Method_05210,retrieval augmented memory,Method,2024
canon_Method_05211,asynchronous memory update mechanism,Method,2024
canon_Method_05212,Extreme,Method,2024
canon_Method_05213,weight-only quantization,Method,2024
canon_Method_05214,scalar-based weight quantization,Method,2024
canon_Method_05215,VQ),Method,2024
canon_Method_05216,Vector Post-Training Quantization (,Method,2024
canon_Method_05217,VPTQ),Method,2024
canon_Method_05218,Second-Order Optimization,Method,2024
canon_Method_05219,quantization algorithm,Method,2024
canon_Method_05220,Channel-Independent Second-Order Optimization,Method,2024
canon_Method_05221,granular VQ,Method,2024
canon_Method_05222,codebook initialization algorithm,Method,2024
canon_Method_05223,TEL),Method,2024
canon_Method_05224,entity linking (EL) methods,Method,2024
canon_Method_05225,set-wise encoder,Method,2024
canon_Method_05226,moral event extraction framework,Method,2024
canon_Method_05227,Search-,Method,2024
canon_Method_05228,plain text-based models,Method,2024
canon_Method_05229,LM-based pipelines,Method,2024
canon_Method_05230,pre-trained LMs,Method,2024
canon_Method_05231,fine-tuning and,Method,2024
canon_Method_05232,text augmentation baselines,Method,2024
canon_Method_05233,Chinese Medical Large Language Model,Method,2024
canon_Method_05234,medical LLMs,Method,2024
canon_Method_05235,benchmark LLM,Method,2024
canon_Method_05236,RLHF,Method,2024
canon_Method_05237,ChiM,Method,2024
canon_Method_05238,ed-GPT,Method,2024
canon_Method_05239,general domain LLMs,Method,2024
canon_Method_05240,Detector Aggregation,Method,2024
canon_Method_05241,end-user specification-aware document,Method,2024
canon_Method_05242,Persona-Aware-D2S,Method,2024
canon_Method_05243,IMIRA,Method,2024
canon_Method_05244,item response theory IR,Method,2024
canon_Method_05245,estion-answering QA agents,Method,2024
canon_Method_05246,Ungrammatical-syntax-based In-context Example Selection,Method,2024
canon_Method_05247,prompting strategy,Method,2024
canon_Method_05248,ungrammatical-syntax-based strategies,Method,2024
canon_Method_05249,word-matching or semantics-based methods,Method,2024
canon_Method_05250,SynICL4GEC,Method,2024
canon_Method_05251,OnExp,Method,2024
canon_Method_05252,Language Agents,Method,2024
canon_Method_05253,Multi-agent systems,Method,2024
canon_Method_05254,multi-agent translation system,Method,2024
canon_Method_05255,human translation services,Method,2024
canon_Method_05256,diffusion language model (LM),Method,2024
canon_Method_05257,textual DA methods,Method,2024
canon_Method_05258,Clinical De-identification Models,Method,2024
canon_Method_05259,Privacy-safe Data Augmentation,Method,2024
canon_Method_05260,de-ID models,Method,2024
canon_Method_05261,beginning-of-word (bow)-marking tokenisers,Method,2024
canon_Method_05262,GPT family,Method,2024
canon_Method_05263,probability,Method,2024
canon_Method_05264,Contextualized Sequence Likelihood,Method,2024
canon_Method_05265,CSL),Method,2024
canon_Method_05266,modern,Method,2024
canon_Method_05267,recurrent and transformer LMs,Method,2024
canon_Method_05268,probabilistic Turing machines,Method,2024
canon_Method_05269,quality filtering methods,Method,2024
canon_Method_05270,quality filters,Method,2024
canon_Method_05271,Divide and Conquer,Method,2024
canon_Method_05272,prompt-based controlling,Method,2024
canon_Method_05273,black-box LLMs,Method,2024
canon_Method_05274,Divide and Conquer Generation strategy,Method,2024
canon_Method_05275,Few-Shot In-Context Low-Resource Language Learners,Method,2024
canon_Method_05276,X,Method,2024
canon_Method_05277,in-context label alignment,Method,2024
canon_Method_05278,query alignment,Method,2024
canon_Method_05279,Querying,Method,2024
canon_Method_05281,relational database management systems,Method,2024
canon_Method_05282,pseudo-siamese graph medium fusion,Method,2024
canon_Method_05284,SLMs),Method,2024
canon_Method_05285,BentoML,Method,2024
canon_Method_05286,Ray Serve,Method,2024
canon_Method_05287,BERT-like classification models,Method,2024
canon_Method_05288,STORYSUMM,Method,2024
canon_Method_05289,human annotation protocol,Method,2024
canon_Method_05291,Fréchet Inc,Method,2024
canon_Method_05292,FID),Method,2024
canon_Method_05293,Counterfactual Augmented Training,Method,2024
canon_Method_05294,LLM generators,Method,2024
canon_Method_05295,confidence-based and rationale-augmented calibrator models,Method,2024
canon_Method_05296,CF augmented models,Method,2024
canon_Method_05297,rationale-augmented calibrators,Method,2024
canon_Method_05298,True Distribution Approximation,Method,2024
canon_Method_05299,Minimum Bayes-risk (MBR) decoding,Method,2024
canon_Method_05301,sampling methods,Method,2024
canon_Method_05303,Dataflow-Guided Retrieval Augmentation,Method,2024
canon_Method_05304,DraCo,Method,2024
canon_Method_05305,dataflow analysis,Method,2024
canon_Method_05306,Conditional Mixture of LoRA,Method,2024
canon_Method_05307,Low-Rank Adaption (,Method,2024
canon_Method_05308,LoRA),Method,2024
canon_Method_05309,Conditional Mixture-of-LoRA (,Method,2024
canon_Method_05310,MixLoRA),Method,2024
canon_Method_05311,MixLoRA,Method,2024
canon_Method_05312,MMToM-QA,Method,2024
canon_Method_05313,MMToM-QA) benchmark,Method,2024
canon_Method_05314,ToM-QA,Method,2024
canon_Method_05315,machine ToM,Method,2024
canon_Method_05316,Bayesian Inverse Planning Accelerated,Method,2024
canon_Method_05317,Long-Context LLMs,Method,2024
canon_Method_05318,Long-context large language models (,Method,2024
canon_Method_05319,GPT-4 suite of,Method,2024
canon_Method_05320,Hierarchical Conceptual Entailment Graphs,Method,2024
canon_Method_05321,concept pyramid,Method,2024
canon_Method_05322,HiCon-EG (,Method,2024
canon_Method_05323,Hi,Method,2024
canon_Method_05324,Con-EG,Method,2024
canon_Method_05325,Adaptive N-gram Parallel Decoding,Method,2024
canon_Method_05326,autoregressive processing,Method,2024
canon_Method_05327,ANPD),Method,2024
canon_Method_05328,lossless approach,Method,2024
canon_Method_05329,multi-level architecture,Method,2024
canon_Method_05330,ANPD,Method,2024
canon_Method_05331,prompt learning frameworks,Method,2024
canon_Method_05333,retrieval-based in-context learning (ICL) methods,Method,2024
canon_Method_05334,dense retriever,Method,2024
canon_Method_05335,Model-specific Demonstration Retrieval (MDR) method,Method,2024
canon_Method_05336,multi-scale inference LLMs,Method,2024
canon_Method_05337,GPT-Neo-,Method,2024
canon_Method_05338,Vicuna-13,Method,2024
canon_Method_05339,Multi-Relational Hyperbolic Word Embeddings,Method,2024
canon_Method_05340,multi-relational model,Method,2024
canon_Method_05341,translational framework,Method,2024
canon_Method_05342,multi-relational approach,Method,2024
canon_Method_05343,Unsupervised Information Refinement Training of,Method,2024
canon_Method_05344,Information Refiner,Method,2024
canon_Method_05345,information refinement training method,Method,2024
canon_Method_05346,LLaMA2,Method,2024
canon_Method_05347,AI-based detection methods,Method,2024
canon_Method_05348,LLM framework,Method,2024
canon_Method_05349,analyze-and-disambiguate approach,Method,2024
canon_Method_05350,diacritization algorithm,Method,2024
canon_Method_05351,Silkie,Method,2024
canon_Method_05352,LVLM fine,Method,2024
canon_Method_05353,direct preference optimization,Method,2024
canon_Method_05354,Silk,Method,2024
canon_Method_05355,LANDeRMT,Method,2024
canon_Method_05356,Language-Aware Neurons,Method,2024
canon_Method_05357,Language-Aware Neuron Detecting and Routing framework,Method,2024
canon_Method_05358,conditional awareness-based routing mechanism,Method,2024
canon_Method_05359,Performance-Guided LLM Knowledge Distillation,Method,2024
canon_Method_05360,teacher-student Knowledge Distillation,Method,2024
canon_Method_05361,active learning routine,Method,2024
canon_Method_05362,hard-negative mining,Method,2024
canon_Method_05363,early-stopping protocols,Method,2024
canon_Method_05364,"cyclical, performance-aware approach",Method,2024
canon_Method_05365,BERT-base models,Method,2024
canon_Method_05366,VulLibGen,Method,2024
canon_Method_05367,post-processing algorithm,Method,2024
canon_Method_05368,REFINESUMM,Method,2024
canon_Method_05369,Self-Refining MLLM,Method,2024
canon_Metric_00001,accuracy,Metric,2018
canon_Metric_00002,F1,Metric,2018
canon_Metric_00003,evaluation metrics,Metric,2018
canon_Metric_00004,human evaluation,Metric,2018
canon_Metric_00005,translation quality,Metric,2019
canon_Metric_00006,BLEU,Metric,2018
canon_Metric_00007,F1 score,Metric,2018
canon_Metric_00008,perplexity,Metric,2018
canon_Metric_00009,precision,Metric,2018
canon_Metric_00010,automatic metrics,Metric,2018
canon_Metric_00011,human,Other,2018
canon_Metric_00012,recall,Metric,2018
canon_Metric_00013,generalization,Metric,2018
canon_Metric_00014,RO,Metric,2018
canon_Metric_00015,fluency,Metric,2019
canon_Metric_00016,robustness,Metric,2019
canon_Metric_00017,automatic evaluation metrics,Metric,2018
canon_Metric_00018,automatic and human evaluation,Metric,2018
canon_Metric_00019,BLEU score,Metric,2018
canon_Metric_00020,F1-score,Metric,2019
canon_Metric_00021,translation,Task,2018
canon_Metric_00022,cross,Other,2018
canon_Metric_00023,zero,Other,2019
canon_Metric_00024,joint goal accuracy,Metric,2018
canon_Metric_00025,interpretability,Metric,2019
canon_Metric_00026,ROUGE,Metric,2019
canon_Metric_00027,BERTScore,Metric,2020
canon_Metric_00028,inter-annotator agreement,Metric,2021
canon_Metric_00029,latency,Metric,2023
canon_Metric_00030,computational complexity,Metric,2018
canon_Metric_00031,BLE,Metric,2018
canon_Metric_00032,per,Metric,2018
canon_Metric_00033,ROUGE scores,Metric,2018
canon_Metric_00034,automatic,Method,2019
canon_Metric_00035,diversity,Metric,2019
canon_Metric_00036,reference-based metrics,Metric,2021
canon_Metric_00037,inference efficiency,Metric,2022
canon_Metric_00038,UGE-L,Metric,2018
canon_Metric_00039,informativeness,Metric,2018
canon_Metric_00040,semantic similarity,Other,2018
canon_Metric_00041,in,Method,2019
canon_Metric_00042,training time,Metric,2019
canon_Metric_00043,quality,Metric,2019
canon_Metric_00044,mean average precision,Metric,2019
canon_Metric_00045,TA,Metric,2019
canon_Metric_00046,out,Other,2018
canon_Metric_00047,Exact,Metric,2020
canon_Metric_00048,generalization ability,Metric,2020
canon_Metric_00049,compression,Metric,2020
canon_Metric_00050,inference speed,Metric,2019
canon_Metric_00051,faithfulness,Metric,2020
canon_Metric_00052,F,Metric,2020
canon_Metric_00053,non,Other,2018
canon_Metric_00054,controllability,Metric,2021
canon_Metric_00055,few,Other,2018
canon_Metric_00056,MT,Task,2019
canon_Metric_00057,payload capacity,Metric,2021
canon_Metric_00058,data efficiency,Metric,2022
canon_Metric_00059,ACCENT,Other,2020
canon_Metric_00060,in-domain accuracy,Metric,2024
canon_Metric_00061,resource utilization,Metric,2024
canon_Metric_00062,PPL,Metric,2018
canon_Metric_00063,heldout perplexity,Metric,2018
canon_Metric_00064,request accuracy,Metric,2018
canon_Metric_00065,readability,Metric,2018
canon_Metric_00066,Answer Recall,Metric,2018
canon_Metric_00067,Human-Level,Metric,2018
canon_Metric_00068,dialog accuracy,Metric,2018
canon_Metric_00069,MRR,Metric,2018
canon_Metric_00070,LAS,Metric,2018
canon_Metric_00071,performance metric,Metric,2018
canon_Metric_00072,Thematic Similarity Metric,Metric,2018
canon_Metric_00073,scalability,Metric,2018
canon_Metric_00074,computational,Metric,2018
canon_Metric_00075,error reduction,Metric,2019
canon_Metric_00076,Exact Match score,Metric,2019
canon_Metric_00077,classification accuracy,Metric,2019
canon_Metric_00078,Relevance,Task,2019
canon_Metric_00079,human ratings,Metric,2019
canon_Metric_00080,information-theoretic measure,Metric,2019
canon_Metric_00081,human-level accuracy,Metric,2019
canon_Metric_00082,Stopping Criteria,Metric,2019
canon_Metric_00083,runtime,Metric,2019
canon_Metric_00084,summary quality,Metric,2019
canon_Metric_00085,F-score,Metric,2019
canon_Metric_00086,retrieval,Task,2018
canon_Metric_00087,calibration error,Metric,2020
canon_Metric_00088,WER,Metric,2020
canon_Metric_00089,error rates,Metric,2020
canon_Metric_00090,model complexity,Metric,2020
canon_Metric_00091,language,Other,2018
canon_Metric_00092,human judgment,Metric,2020
canon_Metric_00093,Data Diversity,Metric,2020
canon_Metric_00094,extraction accuracy,Metric,2020
canon_Metric_00095,domain generalization,Task,2019
canon_Metric_00096,answerability,Metric,2021
canon_Metric_00097,annotation,Task,2018
canon_Metric_00098,efficiency,Metric,2021
canon_Metric_00099,objective metrics,Metric,2021
canon_Metric_00100,quality estimation,Task,2021
canon_Metric_00101,reference-less metrics,Metric,2021
canon_Metric_00102,Normalized Mutual Information,Metric,2021
canon_Metric_00103,sample efficiency,Metric,2021
canon_Metric_00104,data,Method,2020
canon_Metric_00105,text quality,Other,2018
canon_Metric_00106,language modeling ability,Metric,2022
canon_Metric_00107,relative slot accuracy,Metric,2022
canon_Metric_00108,prompt accuracy,Metric,2022
canon_Metric_00109,statistical metrics,Metric,2022
canon_Metric_00110,ASR,Metric,2022
canon_Metric_00111,Spearman correlation,Metric,2022
canon_Metric_00112,convergence speed,Metric,2022
canon_Metric_00113,UGE-1 score,Metric,2022
canon_Metric_00114,retrieval accuracy,Metric,2022
canon_Metric_00115,average,Metric,2022
canon_Metric_00116,training-free NAS metrics,Metric,2023
canon_Metric_00117,task-agnostic metrics,Metric,2023
canon_Metric_00118,human-aligned metrics,Metric,2023
canon_Metric_00119,system,Other,2018
canon_Metric_00120,interaction quality,Metric,2023
canon_Metric_00121,dialog quality,Metric,2023
canon_Metric_00122,search latency,Metric,2023
canon_Metric_00123,model accuracy,Metric,2023
canon_Metric_00124,evaluation latency,Metric,2023
canon_Metric_00125,ICL ability,Metric,2023
canon_Metric_00126,model robustness,Metric,2023
canon_Metric_00127,cost,Task,2023
canon_Metric_00128,rare word translation accuracy,Metric,2024
canon_Metric_00129,figurative quality,Metric,2024
canon_Metric_00130,profiling time,Metric,2024
canon_Metric_00131,Representational Capacity,Metric,2024
canon_Metric_00132,semantic,Other,2018
canon_Metric_00133,ICL,Method,2023
canon_Metric_00134,domain classification performance,Metric,2018
canon_Metric_00135,WER reduction,Metric,2018
canon_Metric_00136,BLEU increase,Metric,2018
canon_Metric_00137,annotation efficiency,Metric,2018
canon_Metric_00138,translation performance,Metric,2018
canon_Metric_00139,classifier accuracy,Metric,2018
canon_Metric_00140,prevalence,Metric,2018
canon_Metric_00141,confidence interval coverage,Metric,2018
canon_Metric_00142,intent detection error rate,Metric,2018
canon_Metric_00143,slot filling F1-score,Metric,2018
canon_Metric_00144,empirical statistics,Metric,2018
canon_Metric_00145,automatic recognition,Metric,2018
canon_Metric_00146,ROUGE-1,Metric,2018
canon_Metric_00147,L scores,Metric,2018
canon_Metric_00148,Similarity-Based Reconstruction Loss,Metric,2018
canon_Metric_00149,cross-entropy loss,Metric,2018
canon_Metric_00150,semantic relatedness,Metric,2018
canon_Metric_00151,model perplexity,Metric,2018
canon_Metric_00152,V-score,Metric,2018
canon_Metric_00153,harmonic mean of cluster completeness,Metric,2018
canon_Metric_00154,tagging accuracies,Metric,2018
canon_Metric_00155,rating,Metric,2018
canon_Metric_00156,user experience,Metric,2018
canon_Metric_00157,model,Other,2018
canon_Metric_00158,Diachronic degradation,Metric,2018
canon_Metric_00159,diachronic accuracy,Metric,2018
canon_Metric_00160,Hierarchy,Metric,2018
canon_Metric_00161,computational efficiency,Metric,2018
canon_Metric_00162,speed,Metric,2018
canon_Metric_00163,attention quality,Metric,2018
canon_Metric_00164,coverage,Metric,2018
canon_Metric_00165,thematic metrics,Metric,2018
canon_Metric_00166,multi-task tracking objective,Metric,2018
canon_Metric_00167,length variations,Metric,2018
canon_Metric_00168,human assessors,Metric,2018
canon_Metric_00169,F1 absolute,Metric,2018
canon_Metric_00170,English proficiency scores,Metric,2018
canon_Metric_00171,standardized,Metric,2018
canon_Metric_00172,ROUGE metric,Metric,2018
canon_Metric_00173,task transfer performance,Metric,2018
canon_Metric_00174,transfer task,Metric,2018
canon_Metric_00175,word embedding association tests,Metric,2018
canon_Metric_00176,area,Metric,2018
canon_Metric_00177,Precision/,Metric,2018
canon_Metric_00178,PR,Metric,2018
canon_Metric_00179,relational,Metric,2018
canon_Metric_00180,mean absolute error,Metric,2018
canon_Metric_00181,model size,Metric,2019
canon_Metric_00182,generalized accuracy metric,Metric,2019
canon_Metric_00183,task success,Metric,2019
canon_Metric_00184,F1-,Metric,2019
canon_Metric_00185,translation error,Metric,2019
canon_Metric_00186,processing time,Metric,2019
canon_Metric_00187,reaction time,Metric,2019
canon_Metric_00188,metric,Other,2019
canon_Metric_00189,machine-oriented,Metric,2019
canon_Metric_00190,UGE-1,Metric,2019
canon_Metric_00191,ROUGE-2,Metric,2019
canon_Metric_00192,METEOR scores,Metric,2019
canon_Metric_00193,head diversity,Metric,2019
canon_Metric_00194,single model,Metric,2019
canon_Metric_00195,sum,Metric,2019
canon_Metric_00196,NDCG score,Metric,2019
canon_Metric_00197,labeled attachment score,Metric,2019
canon_Metric_00198,pronoun translation adequacy,Metric,2019
canon_Metric_00199,embedding quality,Metric,2019
canon_Metric_00200,zero-resource cross-lingual performance,Metric,2019
canon_Metric_00201,recall@5,Metric,2019
canon_Metric_00202,response time,Metric,2019
canon_Metric_00203,tagging,Metric,2019
canon_Metric_00204,translation speed,Metric,2019
canon_Metric_00205,conversational quality,Metric,2019
canon_Metric_00206,11,Metric,2019
canon_Metric_00207,METEOR,Metric,2019
canon_Metric_00208,QA metric,Metric,2019
canon_Metric_00209,sequence-level accuracy,Metric,2019
canon_Metric_00210,word overlap metrics,Metric,2019
canon_Metric_00211,adversarial accuracy,Metric,2019
canon_Metric_00212,lexical diversity,Metric,2019
canon_Metric_00213,semantic correctness,Metric,2019
canon_Metric_00214,objective measurements,Metric,2019
canon_Metric_00215,label accuracy,Metric,2019
canon_Metric_00216,CLIR+summarization evaluations,Metric,2019
canon_Metric_00217,experimental precision,Metric,2019
canon_Metric_00218,unlabelled and labelled F1,Metric,2019
canon_Metric_00219,F1points,Metric,2019
canon_Metric_00220,privacy,Other,2019
canon_Metric_00221,utility,Metric,2019
canon_Metric_00222,reconstruction,Metric,2019
canon_Metric_00223,targeted syntactic evaluations,Metric,2019
canon_Metric_00224,sentiment labeling accuracy,Metric,2019
canon_Metric_00225,Unsupervised Metrics,Metric,2019
canon_Metric_00226,summarization metric,Metric,2019
canon_Metric_00227,evaluation measures,Metric,2019
canon_Metric_00228,human-evaluation analysis,Metric,2019
canon_Metric_00229,human or automated metrics,Metric,2019
canon_Metric_00230,financial and environmental costs,Metric,2019
canon_Metric_00231,human annotation scores,Metric,2020
canon_Metric_00232,Neural,Task,2018
canon_Metric_00233,Cross-Mutual Information,Metric,2020
canon_Metric_00234,BLEU metric,Metric,2020
canon_Metric_00235,asymmetric information-theoretic metric,Metric,2020
canon_Metric_00236,machine translation difficulty,Metric,2020
canon_Metric_00237,intermediate information retrieval performance,Metric,2020
canon_Metric_00238,data quality,Metric,2020
canon_Metric_00239,match accuracy,Metric,2020
canon_Metric_00240,Multidimensional Quality Metric,Metric,2020
canon_Metric_00241,output diversity,Metric,2020
canon_Metric_00242,relative error reduction,Metric,2020
canon_Metric_00243,in-domain and OOS detection accuracy,Metric,2020
canon_Metric_00244,inference time,Metric,2020
canon_Metric_00245,retrieval quality,Metric,2020
canon_Metric_00246,end,Method,2018
canon_Metric_00247,syntactic fluency,Metric,2020
canon_Metric_00248,grammaticality,Metric,2020
canon_Metric_00249,manual annotation cost,Metric,2020
canon_Metric_00250,multitask performance,Metric,2020
canon_Metric_00251,prediction entropy,Metric,2020
canon_Metric_00252,Quadratic Weighted Kappa,Metric,2020
canon_Metric_00253,scoring cost,Metric,2020
canon_Metric_00254,Pearson’s r,Metric,2020
canon_Metric_00255,FEVER score,Metric,2020
canon_Metric_00256,intensity,Metric,2020
canon_Metric_00257,cross lingual transfer,Metric,2020
canon_Metric_00258,acoustic-phonetic measures,Metric,2020
canon_Metric_00259,annotation costs,Metric,2020
canon_Metric_00260,labeling costs,Metric,2020
canon_Metric_00261,word-overlap-based metrics,Metric,2020
canon_Metric_00262,manual highlight- based metric,Metric,2020
canon_Metric_00263,evaluation score,Metric,2020
canon_Metric_00264,attraction score,Metric,2020
canon_Metric_00265,F1 measure,Metric,2020
canon_Metric_00266,macro F1,Metric,2020
canon_Metric_00267,data scalability,Metric,2020
canon_Metric_00268,Exact Match (,Metric,2020
canon_Metric_00269,EM),Metric,2020
canon_Metric_00270,EM score,Metric,2020
canon_Metric_00271,KG embedding evaluations,Metric,2020
canon_Metric_00272,language generation metrics,Metric,2020
canon_Metric_00273,clinical evaluations,Metric,2020
canon_Metric_00274,constraint-violation rate,Metric,2020
canon_Metric_00275,decoding runtime,Metric,2020
canon_Metric_00276,TACRED,Method,2020
canon_Metric_00277,disambiguation robustness,Metric,2020
canon_Metric_00278,adaptation robustness,Metric,2020
canon_Metric_00279,adaptation,Metric,2020
canon_Metric_00280,user simulator evaluation,Metric,2020
canon_Metric_00281,set expansion recall,Metric,2020
canon_Metric_00282,diagnostic evaluation,Metric,2020
canon_Metric_00283,decoding speed,Metric,2020
canon_Metric_00284,incremental evaluation metrics,Metric,2020
canon_Metric_00285,human correlation,Metric,2020
canon_Metric_00286,human judgment correlation,Metric,2020
canon_Metric_00287,segmentation speed,Metric,2020
canon_Metric_00288,memory,Task,2019
canon_Metric_00289,RE,Task,2018
canon_Metric_00290,Commonsense KB completion metric,Metric,2020
canon_Metric_00291,web,Material,2018
canon_Metric_00292,domain,Other,2018
canon_Metric_00293,language coverage,Metric,2020
canon_Metric_00294,memory usage,Metric,2020
canon_Metric_00295,target,Other,2020
canon_Metric_00296,top,Method,2020
canon_Metric_00297,clustering,Task,2019
canon_Metric_00298,person,Other,2018
canon_Metric_00299,persona consistency,Metric,2020
canon_Metric_00300,context,Other,2018
canon_Metric_00301,reading times,Metric,2021
canon_Metric_00302,parsing,Task,2018
canon_Metric_00303,beam,Metric,2021
canon_Metric_00304,sport,Other,2021
canon_Metric_00305,Compositional,Other,2019
canon_Metric_00306,BWEs,Method,2021
canon_Metric_00307,bilingual lexicon induction performance,Metric,2021
canon_Metric_00308,target language MWE quality,Metric,2021
canon_Metric_00309,monolingual word similarity,Metric,2021
canon_Metric_00310,coverage of scope,Metric,2021
canon_Metric_00311,attention accuracy,Metric,2021
canon_Metric_00312,state tracking quality,Metric,2021
canon_Metric_00313,error,Method,2020
canon_Metric_00314,translation quality quality,Metric,2021
canon_Metric_00315,annotation speed,Metric,2021
canon_Metric_00316,execution time,Metric,2021
canon_Metric_00317,carbon footprint,Metric,2021
canon_Metric_00318,syntactic controllability,Metric,2021
canon_Metric_00319,semantic consistency,Metric,2021
canon_Metric_00320,label-quality,Metric,2021
canon_Metric_00321,Surprise Measure,Metric,2021
canon_Metric_00322,surprise scores,Metric,2021
canon_Metric_00323,human post hoc evaluation,Metric,2021
canon_Metric_00324,adversarial success rate,Metric,2021
canon_Metric_00325,matching imperceptibility,Metric,2021
canon_Metric_00326,Automated,Task,2019
canon_Metric_00327,human evaluation study,Metric,2021
canon_Metric_00328,likelihood scores,Metric,2021
canon_Metric_00329,relative transcription density gain,Metric,2021
canon_Metric_00330,explanation faithfulness,Metric,2021
canon_Metric_00331,transferability,Metric,2021
canon_Metric_00332,compression rate,Metric,2021
canon_Metric_00333,uge-F1-score,Metric,2021
canon_Metric_00334,halluc,Other,2020
canon_Metric_00335,reduction,Metric,2021
canon_Metric_00336,inference,Task,2018
canon_Metric_00337,quality scores,Metric,2021
canon_Metric_00338,Word Mover’s Distance,Metric,2021
canon_Metric_00339,sentence,Other,2018
canon_Metric_00340,human scores,Metric,2021
canon_Metric_00341,SO,Method,2020
canon_Metric_00342,information-theoretic estimate,Metric,2021
canon_Metric_00343,offensive,Metric,2021
canon_Metric_00344,global coherence,Metric,2021
canon_Metric_00345,tokenization complexity,Metric,2021
canon_Metric_00346,SARI score,Metric,2021
canon_Metric_00347,contrastive adaptation loss,Metric,2021
canon_Metric_00348,in-distribution accuracy,Metric,2021
canon_Metric_00349,zero-shot generalization,Metric,2021
canon_Metric_00350,few-shot transfer performance,Metric,2021
canon_Metric_00351,evaluation,Task,2021
canon_Metric_00352,security,Metric,2021
canon_Metric_00353,Acc@5,Metric,2021
canon_Metric_00354,interpret,Other,2018
canon_Metric_00355,Q,Method,2021
canon_Metric_00356,meta,Other,2018
canon_Metric_00357,BERTScore evaluation metric,Metric,2021
canon_Metric_00358,n-gram-based metrics,Metric,2021
canon_Metric_00359,F_BERT,Metric,2021
canon_Metric_00360,reference-less grammatical error correction metric,Metric,2021
canon_Metric_00361,GEC metrics,Metric,2021
canon_Metric_00362,content,Material,2020
canon_Metric_00363,content ordering,Metric,2021
canon_Metric_00364,computational time,Metric,2021
canon_Metric_00365,IR,Metric,2018
canon_Metric_00366,document,Other,2020
canon_Metric_00367,ranking reliability,Metric,2021
canon_Metric_00368,intra,Metric,2021
canon_Metric_00369,memory cost,Metric,2021
canon_Metric_00370,parse performance,Metric,2021
canon_Metric_00371,agreement loss,Metric,2021
canon_Metric_00372,Empathy,Other,2021
canon_Metric_00373,Rouge and BERT-S scores,Metric,2022
canon_Metric_00374,writing quality,Metric,2022
canon_Metric_00375,intrinsic bias,Metric,2022
canon_Metric_00376,label-supportiveness,Metric,2022
canon_Metric_00377,generalizability judgement,Metric,2022
canon_Metric_00378,QA,Task,2019
canon_Metric_00379,word-error rate,Metric,2022
canon_Metric_00380,Label-Correctness Sensitivity,Metric,2022
canon_Metric_00381,Ground-truth Label Effect Ratio,Metric,2022
canon_Metric_00382,GLER,Metric,2022
canon_Metric_00383,Bert Score,Metric,2022
canon_Metric_00384,image-relevancy,Metric,2022
canon_Metric_00385,information theoretic based metric,Metric,2022
canon_Metric_00386,click-through rate (CTR),Metric,2022
canon_Metric_00387,CTR,Task,2022
canon_Metric_00388,online metrics,Metric,2022
canon_Metric_00389,rewrite retrieval precision,Metric,2022
canon_Metric_00390,incremental indexing time,Metric,2022
canon_Metric_00391,contrastive learning objective,Metric,2022
canon_Metric_00392,word translation capability,Metric,2022
canon_Metric_00393,ambiguity scores,Other,2022
canon_Metric_00394,information-theoretic complexity metrics,Metric,2022
canon_Metric_00395,BERT,Method,2019
canon_Metric_00396,contrast,Other,2020
canon_Metric_00397,difficulty measurements,Metric,2022
canon_Metric_00398,coherence,Other,2018
canon_Metric_00399,ALFRED success rate,Metric,2022
canon_Metric_00400,F1 metric,Metric,2022
canon_Metric_00401,slot accuracy,Metric,2022
canon_Metric_00402,success,Metric,2022
canon_Metric_00403,human-annotated score,Metric,2022
canon_Metric_00404,fine-tuned downstream task performance,Metric,2022
canon_Metric_00405,average downstream task accuracy,Metric,2022
canon_Metric_00406,time,Material,2019
canon_Metric_00407,discrete alignment metrics,Metric,2022
canon_Metric_00408,cross-entropy,Metric,2022
canon_Metric_00409,Degree of,Metric,2022
canon_Metric_00410,NLI accuracy,Metric,2022
canon_Metric_00411,token frequency,Other,2020
canon_Metric_00412,mutual information,Other,2021
canon_Metric_00413,conditional bilingual mutual information,Metric,2022
canon_Metric_00414,few-shot learning,Method,2020
canon_Metric_00415,instance-level generalization,Metric,2022
canon_Metric_00416,intrinsic and extrinsic metrics,Metric,2022
canon_Metric_00417,fairness,Other,2022
canon_Metric_00418,task,Other,2018
canon_Metric_00419,memory consumption,Metric,2022
canon_Metric_00420,traveling salesman problem optimization criteria,Metric,2022
canon_Metric_00421,temporal generalization capability,Metric,2022
canon_Metric_00422,corpus,Other,2018
canon_Metric_00423,automated and human evaluation measures,Metric,2022
canon_Metric_00424,zero-shot cross-lingual generalisability,Metric,2022
canon_Metric_00425,retrieval time,Metric,2022
canon_Metric_00426,correlation score,Metric,2022
canon_Metric_00427,zero-shot capability,Metric,2022
canon_Metric_00428,zero-shot performance,Metric,2022
canon_Metric_00429,zero-shot cross-modality transfer capability,Metric,2022
canon_Metric_00430,zero/few,Metric,2022
canon_Metric_00431,Semantic and Generative Capabilities,Metric,2022
canon_Metric_00432,unsupervised evaluation metrics,Metric,2023
canon_Metric_00433,hidden covariance,Metric,2023
canon_Metric_00434,hidden covariance metric,Metric,2023
canon_Metric_00435,VQAv,Metric,2023
canon_Metric_00436,Tr,Method,2021
canon_Metric_00437,inference-speed,Metric,2023
canon_Metric_00438,quality and diversity metrics,Metric,2023
canon_Metric_00439,modularity,Metric,2023
canon_Metric_00440,fidelity of,Metric,2023
canon_Metric_00441,production-level,Metric,2023
canon_Metric_00442,multi,Other,2018
canon_Metric_00443,Automatic Event Commonsense Evaluation Metric,Metric,2023
canon_Metric_00444,style accuracy,Metric,2023
canon_Metric_00445,visual relevance,Metric,2023
canon_Metric_00446,CTC,Task,2023
canon_Metric_00447,CtrlEval,Metric,2023
canon_Metric_00448,UniEval,Metric,2023
canon_Metric_00449,correlation level,Metric,2023
canon_Metric_00450,multi-aspect human-aligned metric (,Metric,2023
canon_Metric_00451,UniEv,Metric,2023
canon_Metric_00452,prediction,Task,2019
canon_Metric_00453,dialog-level quality,Metric,2023
canon_Metric_00454,human performance,Metric,2023
canon_Metric_00455,word error rate (WER,Metric,2023
canon_Metric_00456,regression or classification objective,Metric,2023
canon_Metric_00457,extraction reliability,Metric,2023
canon_Metric_00458,out-of-distribution and few-shot performance,Metric,2023
canon_Metric_00459,summarization,Task,2018
canon_Metric_00460,sentence accuracy,Metric,2023
canon_Metric_00461,RadGraph,Metric,2023
canon_Metric_00462,factual correctness metric,Metric,2023
canon_Metric_00463,ranking-models,Metric,2023
canon_Metric_00464,expert-based evaluation,Metric,2023
canon_Metric_00465,natural language generation criteria,Metric,2023
canon_Metric_00466,rough interaction metrics,Metric,2023
canon_Metric_00467,zero-shot evaluations,Metric,2023
canon_Metric_00468,fine,Method,2018
canon_Metric_00469,counterfactual quality,Metric,2023
canon_Metric_00470,rationale quality,Metric,2023
canon_Metric_00471,vocabulary coverage rate,Metric,2023
canon_Metric_00472,constrained,Other,2023
canon_Metric_00473,societal bias,Metric,2023
canon_Metric_00474,summar,Metric,2023
canon_Metric_00475,summarization quality,Metric,2023
canon_Metric_00476,training stability,Metric,2023
canon_Metric_00477,credit allocation metric,Metric,2023
canon_Metric_00478,inference costs,Metric,2023
canon_Metric_00479,annotation cost estimates,Metric,2023
canon_Metric_00480,propagation precision,Metric,2023
canon_Metric_00481,aggregate accuracy,Metric,2023
canon_Metric_00482,execution-based metric,Metric,2023
canon_Metric_00483,machine,Task,2018
canon_Metric_00484,table-specific metrics,Metric,2023
canon_Metric_00485,manual,Task,2021
canon_Metric_00486,annot,Metric,2023
canon_Metric_00487,OOD performance,Metric,2023
canon_Metric_00488,subjective evaluations,Metric,2023
canon_Metric_00489,dialogue,Task,2018
canon_Metric_00490,KL-divergence,Metric,2023
canon_Metric_00491,YiSi-2,Metric,2023
canon_Metric_00492,training,Task,2019
canon_Metric_00493,sequence-averaged F1-score,Metric,2023
canon_Metric_00494,general,Method,2020
canon_Metric_00495,retrieval scores,Metric,2023
canon_Metric_00496,answer prediction accuracy,Metric,2023
canon_Metric_00497,control accuracy,Metric,2023
canon_Metric_00498,generation fluency,Metric,2023
canon_Metric_00499,COMET,Method,2023
canon_Metric_00500,Language Confusion,Other,2024
canon_Metric_00501,language confusion benchmark,Metric,2024
canon_Metric_00502,Pass@k scores,Metric,2024
canon_Metric_00503,HumanEval,Metric,2024
canon_Metric_00504,Aggregate,Metric,2024
canon_Metric_00505,string-based and model-based metrics,Metric,2024
canon_Metric_00506,similarity,Method,2018
canon_Metric_00507,named entity recall,Metric,2024
canon_Metric_00508,citation F,Metric,2024
canon_Metric_00509,factual error rate,Metric,2024
canon_Metric_00510,customization cost,Metric,2024
canon_Metric_00511,fault tolerance rate,Metric,2024
canon_Metric_00512,behavioural measures,Metric,2024
canon_Metric_00513,surprisal comparisons,Metric,2024
canon_Metric_00514,inter,Other,2020
canon_Metric_00515,zero-shot classification,Metric,2024
canon_Metric_00516,editing,Metric,2024
canon_Metric_00517,consistency rates,Metric,2024
canon_Metric_00518,agreement rates,Metric,2024
canon_Metric_00519,Rare Word Accuracy,Metric,2024
canon_Metric_00520,complexity,Other,2022
canon_Metric_00521,information loss,Metric,2024
canon_Metric_00522,tool,Other,2018
canon_Metric_00523,sentence-level perplexity,Metric,2024
canon_Metric_00524,TPTU,Metric,2024
canon_Metric_00525,speed requirement,Metric,2024
canon_Metric_00526,Machine Translation Quality,Metric,2024
canon_Metric_00527,factual reliability,Metric,2024
canon_Metric_00528,automatic and,Metric,2024
canon_Metric_00529,finetuned,Metric,2024
canon_Metric_00530,zero-shot gloss-free SLT,Metric,2024
canon_Metric_00531,computational and spatial,Metric,2024
canon_Metric_00532,space complexity,Metric,2024
canon_Metric_00533,Explainable Metrics,Metric,2024
canon_Metric_00534,annotation confidence,Metric,2024
canon_Metric_00535,Upper Bound,Metric,2024
canon_Metric_00536,Representational Conciseness,Metric,2024
canon_Metric_00537,safety measures,Metric,2024
canon_Metric_00538,Sentence IoU,Metric,2024
canon_Metric_00539,token costs,Metric,2024
canon_Metric_00540,win-rate,Metric,2024
canon_Metric_00541,zero-,Task,2020
canon_Metric_00542,commonsense satisfaction,Metric,2024
canon_Metric_00543,BLEUR,Metric,2024
canon_Metric_00544,Social Progress Index,Metric,2024
canon_Metric_00545,sampling speed,Metric,2024
canon_Metric_00546,ja,Other,2023
canon_Metric_00547,BEIR,Metric,2024
canon_Metric_00548,in-domain effectiveness,Metric,2024
canon_Metric_00549,storage,Metric,2024
canon_Metric_00550,nD,Metric,2024
canon_Metric_00551,CG@10,Metric,2024
canon_Metric_00552,qualitative human evaluation,Metric,2024
canon_Metric_00553,surprisal,Other,2022
canon_Metric_00554,vanilla sequence probability confidence measure,Metric,2024
canon_Metric_00555,low-resource understanding quality,Metric,2024
canon_Metric_00556,Energy,Task,2023
canon_Metric_00557,resource,Material,2018
canon_Metric_00558,tone,Other,2024
canon_Metric_00559,throughput,Metric,2024
canon_Metric_00560,Fréchet Distance,Method,2024
canon_Metric_00561,OOD),Metric,2024
canon_Metric_00562,OOD,Metric,2024
canon_Metric_00563,entropy,Other,2020
canon_Metric_00564,anomaly scores,Metric,2024
canon_Metric_00565,code exact match,Metric,2024
canon_Metric_00566,zero-shot generalization capabilities,Metric,2024
canon_Metric_00567,holistic metrics,Metric,2024
canon_Metric_00568,Abstract Inference Ability,Metric,2024
canon_Metric_00569,abstract inference capabilities,Metric,2024
canon_Metric_00570,inference latency,Metric,2024
canon_Metric_00571,helpfulness,Metric,2024
canon_Metric_00572,visual faithfulness,Metric,2024
canon_Metric_00573,safety metrics,Metric,2024
canon_Metric_00574,segmentation consistency,Other,2024
canon_Metric_00575,automatic multimodal metrics,Metric,2024
canon_Other_00002,models,Other,2018
canon_Other_00003,method,Other,2018
canon_Other_00004,approach,Other,2018
canon_Other_00005,it,Other,2018
canon_Other_00006,methods,Other,2018
canon_Other_00008,framework,Other,2018
canon_Other_00009,approaches,Other,2018
canon_Other_00010,baseline,Other,2018
canon_Other_00011,tasks,Other,2018
canon_Other_00014,they,Other,2018
canon_Other_00015,them,Other,2018
canon_Other_00016,systems,Other,2018
canon_Other_00018,datasets,Other,2018
canon_Other_00019,representations,Other,2018
canon_Other_00022,techniques,Other,2018
canon_Other_00023,architecture,Other,2018
canon_Other_00025,Ms,Other,2021
canon_Other_00026,problem,Other,2018
canon_Other_00028,paradigm,Other,2018
canon_Other_00030,attention,Other,2018
canon_Other_00032,parap,Other,2018
canon_Other_00033,KG,Other,2018
canon_Other_00034,benchmarks,Other,2019
canon_Other_00035,algorithm,Other,2018
canon_Other_00036,technique,Other,2018
canon_Other_00037,gender bias,Other,2018
canon_Other_00038,metrics,Other,2019
canon_Other_00041,weak supervision,Other,2019
canon_Other_00042,embeddings,Other,2018
canon_Other_00048,syntax,Other,2018
canon_Other_00049,contextual information,Other,2018
canon_Other_00050,features,Other,2018
canon_Other_00051,syntactic information,Other,2018
canon_Other_00052,entity,Other,2018
canon_Other_00053,algorithms,Other,2019
canon_Other_00055,strategies,Other,2018
canon_Other_00056,advers,Other,2018
canon_Other_00057,methodology,Other,2018
canon_Other_00058,representation,Other,2018
canon_Other_00059,strategy,Other,2019
canon_Other_00060,hallucinations,Other,2020
canon_Other_00061,MW,Other,2020
canon_Other_00062,spurious correlations,Other,2020
canon_Other_00063,visual information,Other,2020
canon_Other_00064,adversarial attacks,Other,2019
canon_Other_00065,LMs,Method,2021
canon_Other_00068,solution,Other,2018
canon_Other_00070,semantic similarity of,Other,2020
canon_Other_00072,word order,Other,2018
canon_Other_00073,external knowledge,Other,2019
canon_Other_00074,pipeline,Other,2018
canon_Other_00075,hallucination,Other,2020
canon_Other_00076,expert knowledge,Other,2021
canon_Other_00077,word embeddings,Method,2018
canon_Other_00078,event,Other,2018
canon_Other_00079,sub,Other,2018
canon_Other_00080,embedding space,Other,2018
canon_Other_00081,generator,Other,2018
canon_Other_00082,architectures,Other,2018
canon_Other_00083,network,Other,2018
canon_Other_00084,commonsense knowledge,Other,2019
canon_Other_00088,attention weights,Other,2018
canon_Other_00090,state,Other,2018
canon_Other_00091,linguistic features,Other,2018
canon_Other_00092,linguistic properties,Other,2018
canon_Other_00093,graph,Other,2018
canon_Other_00096,feature,Other,2018
canon_Other_00097,data sparsity,Other,2018
canon_Other_00098,graphs,Other,2018
canon_Other_00099,syntactic structures,Other,2018
canon_Other_00100,semantic information,Other,2018
canon_Other_00101,attention heads,Other,2018
canon_Other_00103,catastrophic forgetting,Other,2019
canon_Other_00104,exposure bias,Other,2020
canon_Other_00106,commons,Other,2020
canon_Other_00107,formalism,Other,2021
canon_Other_00108,transfer,Other,2020
canon_Other_00109,logits,Other,2021
canon_Other_00110,user,Other,2018
canon_Other_00112,linguistic knowledge,Other,2018
canon_Other_00113,vector space,Other,2018
canon_Other_00114,modules,Other,2018
canon_Other_00116,A,Other,2018
canon_Other_00117,prior knowledge,Other,2018
canon_Other_00118,self,Method,2018
canon_Other_00120,latent space,Other,2019
canon_Other_00122,over,Other,2020
canon_Other_00126,frameworks,Other,2021
canon_Other_00127,factual consistency,Other,2021
canon_Other_00128,emotion granularity,Other,2024
canon_Other_00129,LL,Method,2024
canon_Other_00132,structured,Other,2018
canon_Other_00134,gaze behaviour,Other,2018
canon_Other_00135,Transformer,Method,2018
canon_Other_00136,distant supervision,Other,2018
canon_Other_00137,entity mention,Other,2018
canon_Other_00138,parser,Method,2018
canon_Other_00139,syn,Other,2018
canon_Other_00140,world knowledge,Other,2018
canon_Other_00141,logic rules,Other,2018
canon_Other_00142,sparsity,Other,2018
canon_Other_00144,structural information,Other,2019
canon_Other_00146,formulation,Other,2019
canon_Other_00147,visual context,Other,2019
canon_Other_00148,translationese,Other,2019
canon_Other_00149,domain knowledge,Other,2019
canon_Other_00151,discourse relations,Other,2018
canon_Other_00152,textual information,Other,2019
canon_Other_00153,counter,Other,2019
canon_Other_00154,supervision signals,Other,2020
canon_Other_00156,visual features,Other,2020
canon_Other_00158,position bias,Other,2020
canon_Other_00159,multil,Other,2019
canon_Other_00160,ground,Other,2020
canon_Other_00161,social biases,Other,2020
canon_Other_00164,DE,Other,2021
canon_Other_00165,linguistic phenomena,Other,2021
canon_Other_00166,detectors,Other,2021
canon_Other_00167,LM,Other,2022
canon_Other_00168,emotion triggers,Other,2021
canon_Other_00169,LLMs,Method,2022
canon_Other_00170,cultural dominance,Other,2024
canon_Other_00172,Sememes,Other,2018
canon_Other_00173,toolkit,Other,2018
canon_Other_00175,generic,Other,2018
canon_Other_00176,hidden states,Other,2018
canon_Other_00177,structure,Other,2018
canon_Other_00178,morphology,Other,2018
canon_Other_00179,character level,Other,2018
canon_Other_00180,word level,Other,2018
canon_Other_00181,side information,Other,2018
canon_Other_00182,tools,Other,2018
canon_Other_00183,token,Other,2018
canon_Other_00184,semantically,Other,2018
canon_Other_00185,semantic features,Other,2018
canon_Other_00186,Lexical Ambiguity,Other,2018
canon_Other_00187,Mist,Other,2018
canon_Other_00188,morphological inflection,Other,2018
canon_Other_00189,linguistic information,Other,2018
canon_Other_00190,applications,Other,2018
canon_Other_00191,reward function,Other,2019
canon_Other_00192,polysemy,Other,2019
canon_Other_00194,local context,Other,2019
canon_Other_00195,attention distributions,Other,2018
canon_Other_00196,KL vanishing,Other,2019
canon_Other_00197,fine-grained events,Other,2019
canon_Other_00198,linguistic structure,Other,2019
canon_Other_00199,probability distributions,Other,2019
canon_Other_00201,grammar,Other,2019
canon_Other_00202,infl,Other,2019
canon_Other_00203,problems,Other,2019
canon_Other_00204,ST,Other,2019
canon_Other_00206,dependencies,Other,2020
canon_Other_00207,T,Other,2020
canon_Other_00209,negative supervision,Other,2020
canon_Other_00210,agent,Other,2020
canon_Other_00211,declarative knowledge,Other,2020
canon_Other_00212,library,Other,2020
canon_Other_00213,MWPs,Other,2020
canon_Other_00215,inference scene,Other,2021
canon_Other_00216,syntax trees,Other,2021
canon_Other_00217,attack,Other,2021
canon_Other_00218,transcription bottleneck,Other,2021
canon_Other_00219,structural constraints,Other,2021
canon_Other_00221,knowledge facts,Other,2020
canon_Other_00223,query,Other,2021
canon_Other_00224,feature structures,Other,2022
canon_Other_00225,wrap-up effects,Other,2022
canon_Other_00226,fine-,Other,2022
canon_Other_00227,entailment relations,Other,2022
canon_Other_00228,fic,Other,2022
canon_Other_00229,unified prompt,Other,2022
canon_Other_00230,Chain,Other,2023
canon_Other_00231,matching signal,Other,2023
canon_Other_00232,label noise,Other,2023
canon_Other_00233,modality gap,Other,2021
canon_Other_00234,HKG,Other,2023
canon_Other_00235,natural-language space,Other,2023
canon_Other_00236,hyperbole,Other,2023
canon_Other_00237,ALD,Other,2024
canon_Other_00238,frequency bias,Other,2024
canon_Other_00239,parametric knowledge,Other,2024
canon_Other_00240,event causality,Other,2024
canon_Other_00241,sem,Other,2018
canon_Other_00242,back,Other,2018
canon_Other_00243,networks,Other,2018
canon_Other_00244,rare,Other,2018
canon_Other_00245,Linguistic alignment,Other,2018
canon_Other_00246,alignment,Other,2018
canon_Other_00248,temporal,Other,2018
canon_Other_00249,time expressions,Other,2018
canon_Other_00250,temporal information,Other,2018
canon_Other_00251,semantic diversity,Other,2018
canon_Other_00252,long-range dependencies,Other,2018
canon_Other_00253,referring expressions,Other,2018
canon_Other_00254,regional variation,Other,2018
canon_Other_00255,topic information,Other,2018
canon_Other_00256,co,Other,2018
canon_Other_00257,word vectors,Other,2018
canon_Other_00258,co-occurrences of word pairs,Other,2018
canon_Other_00259,dependency paths,Other,2018
canon_Other_00260,cognitive information,Other,2018
canon_Other_00261,Coreference,Other,2018
canon_Other_00262,natural language instructions,Other,2018
canon_Other_00263,adversarial perturbations,Other,2018
canon_Other_00264,relation,Other,2018
canon_Other_00265,soft constraints,Other,2018
canon_Other_00266,generators,Other,2018
canon_Other_00267,AMR graphs,Other,2018
canon_Other_00268,sentence-level information,Other,2018
canon_Other_00269,universal dependencies,Other,2018
canon_Other_00270,hyper,Other,2018
canon_Other_00271,latent variables,Other,2018
canon_Other_00272,KL divergence term,Other,2018
canon_Other_00273,morphemes,Other,2018
canon_Other_00274,expression tree,Other,2018
canon_Other_00275,SR,Other,2018
canon_Other_00276,latent topics,Other,2018
canon_Other_00277,biterms,Other,2018
canon_Other_00278,sentence-level,Other,2018
canon_Other_00279,syntactic,Other,2018
canon_Other_00280,bilingual dictionary,Other,2018
canon_Other_00281,transformation,Other,2018
canon_Other_00282,pla,Other,2018
canon_Other_00283,embedding,Other,2018
canon_Other_00284,sentiment,Other,2019
canon_Other_00285,local,Other,2019
canon_Other_00286,dialogue policy,Other,2019
canon_Other_00287,protocols,Other,2019
canon_Other_00289,auto,Other,2019
canon_Other_00290,head,Other,2019
canon_Other_00292,latent codes,Other,2019
canon_Other_00293,entity embeddings,Other,2019
canon_Other_00294,contextual embeddings,Other,2019
canon_Other_00296,document level,Other,2019
canon_Other_00297,tree structure,Other,2019
canon_Other_00298,classifier,Method,2019
canon_Other_00299,uni,Other,2019
canon_Other_00300,segmentation,Other,2019
canon_Other_00301,dialogue features,Other,2019
canon_Other_00302,negation rules,Other,2019
canon_Other_00305,protocol,Other,2019
canon_Other_00306,pairwise comparisons,Other,2019
canon_Other_00307,homophone noises,Other,2019
canon_Other_00308,expert demonstration,Other,2020
canon_Other_00309,free,Other,2020
canon_Other_00310,hand,Other,2020
canon_Other_00311,weak,Other,2020
canon_Other_00312,structural and radical information,Other,2019
canon_Other_00313,graph structure,Other,2020
canon_Other_00315,AI,Task,2018
canon_Other_00316,domain shift,Other,2020
canon_Other_00317,agents,Other,2020
canon_Other_00318,encoder,Method,2018
canon_Other_00319,lexical constraints,Other,2020
canon_Other_00320,multilinguality,Other,2020
canon_Other_00321,punct,Other,2020
canon_Other_00323,hierarchical structures,Other,2020
canon_Other_00324,emp,Other,2021
canon_Other_00325,empathetic responses,Other,2021
canon_Other_00326,implicit user feedback,Other,2021
canon_Other_00327,component,Other,2021
canon_Other_00328,constraints,Other,2021
canon_Other_00329,decoding steps,Other,2021
canon_Other_00330,Semantic Negative Examples,Other,2021
canon_Other_00331,policies,Other,2021
canon_Other_00332,word-level information,Other,2021
canon_Other_00333,source perturbation,Other,2021
canon_Other_00334,opinion words,Other,2021
canon_Other_00335,aspect and opinion words,Other,2021
canon_Other_00336,heuristics,Other,2020
canon_Other_00337,heterogeneous graph,Other,2021
canon_Other_00339,multimodal cues,Other,2021
canon_Other_00340,label hierarchies,Other,2021
canon_Other_00341,retrieve,Other,2021
canon_Other_00342,idi,Other,2021
canon_Other_00343,semantic oppositeness,Other,2021
canon_Other_00344,symbolic features,Other,2021
canon_Other_00345,regular expressions,Other,2018
canon_Other_00346,misinformation stories,Other,2021
canon_Other_00347,textual knowledge,Other,2021
canon_Other_00348,contextual signals,Other,2021
canon_Other_00349,code-switching,Other,2021
canon_Other_00350,perturbations,Other,2021
canon_Other_00351,measures,Other,2021
canon_Other_00352,error propagation,Other,2021
canon_Other_00353,continuous vectors,Other,2021
canon_Other_00354,dis,Other,2021
canon_Other_00355,prosody,Other,2021
canon_Other_00356,causal,Other,2020
canon_Other_00357,edit intentions,Other,2022
canon_Other_00358,ground-truth labels,Other,2022
canon_Other_00359,textual cues,Other,2022
canon_Other_00360,detector,Other,2022
canon_Other_00361,context access,Other,2022
canon_Other_00362,non-local features,Other,2022
canon_Other_00363,Feature Transitions,Other,2022
canon_Other_00364,knowledge triples,Other,2022
canon_Other_00365,local explanations,Other,2022
canon_Other_00366,entity bias,Other,2022
canon_Other_00367,information status,Other,2022
canon_Other_00368,low-dimensional hyperbolic space,Other,2022
canon_Other_00369,hyperbolic space,Other,2022
canon_Other_00370,idioms,Other,2022
canon_Other_00371,semantic change,Other,2018
canon_Other_00372,sla,Other,2022
canon_Other_00373,obst,Other,2022
canon_Other_00374,social intelligence,Other,2022
canon_Other_00375,MA,Other,2023
canon_Other_00376,gold question templates,Other,2023
canon_Other_00377,BERT wordpieces,Other,2023
canon_Other_00379,human annotations,Other,2020
canon_Other_00380,disease network,Other,2023
canon_Other_00382,selective rationales,Other,2023
canon_Other_00383,vocabulary space,Other,2023
canon_Other_00384,set operations,Other,2023
canon_Other_00385,Dog,Other,2023
canon_Other_00386,causal relations,Other,2023
canon_Other_00387,label distributions,Other,2018
canon_Other_00388,decision distributions,Other,2023
canon_Other_00390,is,Other,2024
canon_Other_00391,LLM,Method,2023
canon_Other_00392,STS,Other,2024
canon_Other_00393,formal language,Other,2024
canon_Other_00394,VAL,Method,2022
canon_Other_00395,cognitive synergy,Other,2024
canon_Other_00396,Acoustic Landmarks,Other,2024
canon_Other_00397,AI feedback,Other,2024
canon_Other_00398,affective,Other,2018
canon_Other_00399,gloss,Other,2018
canon_Other_00400,policy frames,Other,2018
canon_Other_00401,moral foundations,Other,2018
canon_Other_00402,distributional word vectors,Other,2018
canon_Other_00403,dD,Other,2018
canon_Other_00404,paraphrases,Other,2018
canon_Other_00405,sentence level,Other,2018
canon_Other_00406,event triggers,Other,2018
canon_Other_00407,Label-specific topics,Other,2018
canon_Other_00408,prep,Other,2018
canon_Other_00409,slot tags,Other,2018
canon_Other_00410,intent,Other,2018
canon_Other_00411,low-level linguistic features,Other,2018
canon_Other_00412,social power,Other,2018
canon_Other_00413,low-level features,Other,2018
canon_Other_00414,social factors,Other,2018
canon_Other_00415,natural word boundaries,Other,2018
canon_Other_00416,temporal relations,Other,2018
canon_Other_00417,proposal,Other,2018
canon_Other_00418,syntactic features,Other,2018
canon_Other_00419,AN,Method,2018
canon_Other_00420,natural language commands,Other,2018
canon_Other_00421,sentiment association,Other,2018
canon_Other_00422,community attributes,Other,2018
canon_Other_00423,classifiers,Method,2018
canon_Other_00424,evolution patterns of storylines,Other,2018
canon_Other_00425,continuous,Other,2018
canon_Other_00426,discriminative features,Other,2018
canon_Other_00427,lexical information,Other,2018
canon_Other_00429,answer extraction,Other,2018
canon_Other_00430,hard,Other,2018
canon_Other_00431,ICD,Other,2018
canon_Other_00432,co-occurrence statistics,Other,2018
canon_Other_00433,relation vectors,Other,2018
canon_Other_00434,Lexical Semantic Relations,Other,2018
canon_Other_00435,clarity,Other,2018
canon_Other_00438,vanishing gradients,Other,2018
canon_Other_00439,layer,Other,2018
canon_Other_00440,logical relationship,Other,2018
canon_Other_00441,discourse markers,Other,2018
canon_Other_00442,coreference chains,Other,2018
canon_Other_00443,dependency graphs,Other,2018
canon_Other_00444,AM,Other,2018
canon_Other_00445,Platforms,Other,2018
canon_Other_00446,Implicit,Other,2018
canon_Other_00447,ReL,Other,2018
canon_Other_00448,speech recognition errors,Other,2018
canon_Other_00449,residual connections,Other,2018
canon_Other_00450,labeling functions,Other,2018
canon_Other_00451,emerging,Other,2018
canon_Other_00452,phonemes,Other,2018
canon_Other_00453,summary length,Other,2018
canon_Other_00454,salience,Other,2018
canon_Other_00455,Linguistic Rules,Other,2018
canon_Other_00456,character-level patterns,Other,2018
canon_Other_00457,argumentative relations,Other,2018
canon_Other_00458,frames,Other,2018
canon_Other_00459,Phonology,Other,2018
canon_Other_00460,latent meanings of morphemes,Other,2018
canon_Other_00461,Eye Movements,Other,2018
canon_Other_00462,ensemble,Other,2018
canon_Other_00463,Attributes,Other,2018
canon_Other_00466,word-level transfer,Other,2018
canon_Other_00467,lexico-syntactic patterns,Other,2018
canon_Other_00468,character,Other,2018
canon_Other_00469,monolingual spaces,Other,2018
canon_Other_00470,measure,Other,2018
canon_Other_00471,vulgar word,Other,2018
canon_Other_00473,soft-text,Other,2019
canon_Other_00474,soft,Other,2019
canon_Other_00475,emotion,Other,2019
canon_Other_00477,conditional probability distributions,Other,2019
canon_Other_00478,wordplay,Other,2019
canon_Other_00479,infrequent,Other,2019
canon_Other_00480,Reviewer Biases,Other,2019
canon_Other_00481,Global Information,Other,2019
canon_Other_00482,Negation,Other,2019
canon_Other_00483,semantic graph,Other,2019
canon_Other_00484,Conversation History,Other,2019
canon_Other_00485,dialog history,Other,2019
canon_Other_00486,alignments,Other,2019
canon_Other_00487,physical,Other,2019
canon_Other_00488,physical plausibility,Other,2019
canon_Other_00489,loss,Method,2018
canon_Other_00491,high-dimensional embedding space,Other,2019
canon_Other_00492,VA,Other,2019
canon_Other_00493,simulators,Other,2019
canon_Other_00494,procedure,Other,2019
canon_Other_00495,deb,Other,2019
canon_Other_00496,feature vector,Other,2019
canon_Other_00497,style markup,Other,2019
canon_Other_00498,human supervision,Other,2019
canon_Other_00499,recurrence structure,Other,2019
canon_Other_00500,positional information,Other,2019
canon_Other_00501,position embedding,Other,2019
canon_Other_00502,Morphological Irregularity,Other,2019
canon_Other_00503,irregularity,Other,2019
canon_Other_00504,KB,Other,2021
canon_Other_00505,loss function,Other,2018
canon_Other_00506,trigger,Other,2019
canon_Other_00507,n,Other,2019
canon_Other_00508,Discussion Features,Other,2019
canon_Other_00509,relevance annotations,Other,2019
canon_Other_00510,hyper-partisanship,Other,2019
canon_Other_00511,process,Other,2019
canon_Other_00512,non-local interactions,Other,2019
canon_Other_00513,turning,Other,2019
canon_Other_00514,plot structure,Other,2019
canon_Other_00515,TF,Other,2018
canon_Other_00518,Optimal Transport,Other,2019
canon_Other_00519,post,Task,2018
canon_Other_00520,phonetic,Other,2019
canon_Other_00521,limited,Other,2019
canon_Other_00522,domain-shared translation knowledge,Other,2019
canon_Other_00523,selection bias,Other,2019
canon_Other_00524,semantic role of,Other,2019
canon_Other_00525,affective events,Other,2019
canon_Other_00526,Information Redundancy,Other,2019
canon_Other_00527,word alignments,Other,2020
canon_Other_00528,dialogue progress,Other,2020
canon_Other_00529,implementation,Other,2020
canon_Other_00530,aspect words,Other,2020
canon_Other_00531,self-supervised signals,Other,2020
canon_Other_00532,visual knowledge,Other,2020
canon_Other_00533,domain-specific knowledge,Other,2020
canon_Other_00534,Explicit alignment objectives,Other,2020
canon_Other_00535,bitext,Other,2020
canon_Other_00536,decoder,Method,2018
canon_Other_00537,multimodal signals,Other,2020
canon_Other_00538,neighborhood difference,Other,2020
canon_Other_00539,evidence graph,Other,2020
canon_Other_00540,Token Interaction,Other,2020
canon_Other_00541,nested structure,Other,2020
canon_Other_00542,word co-occurrences,Other,2020
canon_Other_00543,hard negative samples,Other,2020
canon_Other_00544,Stance Polarity,Other,2020
canon_Other_00546,lexical and logical phenomena,Other,2020
canon_Other_00547,synonymous word substitution,Other,2020
canon_Other_00549,natural language (NL) intent,Other,2020
canon_Other_00550,supervised signal,Other,2020
canon_Other_00551,unsupervised alignment,Other,2020
canon_Other_00552,context carryover,Other,2020
canon_Other_00553,aligned,Other,2020
canon_Other_00554,masked,Other,2020
canon_Other_00555,extension,Other,2020
canon_Other_00556,click,Other,2020
canon_Other_00557,law articles,Other,2020
canon_Other_00558,law article information,Other,2020
canon_Other_00560,gradient,Other,2020
canon_Other_00561,First-Order Logic,Other,2020
canon_Other_00562,gold trees,Other,2020
canon_Other_00563,dependency trees,Other,2020
canon_Other_00564,slot entities,Other,2020
canon_Other_00565,core,Other,2020
canon_Other_00566,MP,Method,2020
canon_Other_00567,sarc,Other,2020
canon_Other_00568,Static Anchors,Other,2020
canon_Other_00569,Rank-Frequency Relation,Other,2020
canon_Other_00570,soft target templates,Other,2020
canon_Other_00571,reference cap,Other,2020
canon_Other_00572,trees,Other,2020
canon_Other_00573,event arguments,Other,2020
canon_Other_00574,Response-,Other,2020
canon_Other_00575,Open-domain Trigger Knowledge,Other,2020
canon_Other_00576,Dual-Graph Interaction,Other,2020
canon_Other_00577,hidden representations,Method,2018
canon_Other_00578,diversity-,Other,2020
canon_Other_00579,Feature Difference,Other,2020
canon_Other_00580,English cap,Other,2020
canon_Other_00582,MWEs,Other,2020
canon_Other_00583,MeSH terms,Other,2020
canon_Other_00584,social cognition,Other,2020
canon_Other_00585,pragmatics,Other,2020
canon_Other_00586,pragmatic,Other,2020
canon_Other_00587,RGCs,Other,2020
canon_Other_00588,part-of-speech,Other,2021
canon_Other_00589,Shap,Other,2021
canon_Other_00590,data distribution,Other,2021
canon_Other_00591,architecture search space,Other,2021
canon_Other_00592,visual cues,Other,2021
canon_Other_00593,mathematical elements,Other,2021
canon_Other_00594,Question Type Ontology,Other,2021
canon_Other_00595,module,Other,2021
canon_Other_00596,Stereotypical Character Roles,Other,2021
canon_Other_00597,seed alignment,Other,2021
canon_Other_00598,label angle variances,Other,2021
canon_Other_00599,hash,Other,2021
canon_Other_00600,sentence-word structures,Other,2021
canon_Other_00601,distribution shift,Other,2019
canon_Other_00602,scale,Other,2021
canon_Other_00603,Stem Cell,Other,2021
canon_Other_00604,coreference links,Other,2021
canon_Other_00605,Discourse and Coreference Relations,Other,2021
canon_Other_00606,search space,Other,2021
canon_Other_00607,query count,Other,2021
canon_Other_00608,Relative Event Time,Other,2021
canon_Other_00609,Event time,Other,2021
canon_Other_00610,paraphrase,Other,2021
canon_Other_00611,scalar adjectives,Other,2021
canon_Other_00612,Gender-Neutral,Other,2021
canon_Other_00613,factuality,Other,2021
canon_Other_00614,debate centric features,Other,2021
canon_Other_00615,implicit relations,Other,2021
canon_Other_00616,handcrafted features,Other,2019
canon_Other_00617,lattice structures,Other,2021
canon_Other_00618,counterfactuals,Other,2021
canon_Other_00619,reading order,Other,2021
canon_Other_00620,cross-linguistic associations,Other,2021
canon_Other_00622,narrative flow,Other,2021
canon_Other_00623,abstract,Other,2021
canon_Other_00624,manual tagging,Other,2021
canon_Other_00625,background shift,Other,2021
canon_Other_00626,semantic shift,Other,2021
canon_Other_00629,unified semantic space,Other,2021
canon_Other_00630,label spaces,Other,2021
canon_Other_00631,weak labels,Other,2021
canon_Other_00632,biomedical knowledge,Other,2021
canon_Other_00633,idiomaticity,Other,2021
canon_Other_00634,mini,Other,2021
canon_Other_00635,Layer-wise Coverage Attention,Other,2021
canon_Other_00636,relational knowledge,Other,2021
canon_Other_00637,representation space,Other,2019
canon_Other_00638,pronoun,Other,2021
canon_Other_00639,passage index,Other,2021
canon_Other_00640,sentence-like units,Other,2021
canon_Other_00641,SUs,Other,2021
canon_Other_00642,tree and non-tree structured argumentation,Other,2021
canon_Other_00643,syntactic knowledge,Other,2021
canon_Other_00644,Random Character Sequences,Other,2022
canon_Other_00645,primitive information,Other,2022
canon_Other_00646,StereoSet,Other,2022
canon_Other_00647,CrowS-Pairs,Other,2022
canon_Other_00648,structural prompt,Other,2022
canon_Other_00649,global level,Other,2022
canon_Other_00651,background knowledge,Other,2022
canon_Other_00652,external knowledge graphs,Other,2022
canon_Other_00653,textit,Other,2022
canon_Other_00654,image information,Other,2022
canon_Other_00655,taxonomy,Other,2022
canon_Other_00656,former,Other,2022
canon_Other_00657,mBERT,Method,2020
canon_Other_00659,inter-entity interaction,Other,2022
canon_Other_00660,interactions,Other,2022
canon_Other_00661,PT,Other,2022
canon_Other_00662,CT,Other,2022
canon_Other_00664,package,Other,2022
canon_Other_00665,conjunction,Other,2022
canon_Other_00666,Interpolation,Other,2022
canon_Other_00667,Perturbation,Other,2022
canon_Other_00668,jar,Other,2022
canon_Other_00669,Toolbox,Other,2022
canon_Other_00670,black,Other,2022
canon_Other_00671,Hard and False Negative Samples,Other,2022
canon_Other_00672,categorial types,Other,2022
canon_Other_00673,Translation Artifacts,Other,2022
canon_Other_00674,Selective Differential Privacy,Other,2022
canon_Other_00675,target context information,Other,2022
canon_Other_00676,token-,Other,2022
canon_Other_00677,character-level attacks,Other,2022
canon_Other_00678,defense,Other,2022
canon_Other_00679,variable-length correction,Other,2022
canon_Other_00680,entity information,Other,2018
canon_Other_00681,ERT,Method,2020
canon_Other_00682,linguistic diversity,Other,2022
canon_Other_00683,syntactic sketch,Other,2022
canon_Other_00684,discourse predictability,Other,2022
canon_Other_00685,dependency length,Other,2022
canon_Other_00686,Lexical Semantic Change,Other,2022
canon_Other_00687,Euclidean space,Other,2022
canon_Other_00688,fully,Other,2022
canon_Other_00689,routing fluctuation,Other,2022
canon_Other_00690,CPC,Other,2022
canon_Other_00691,REG,Task,2022
canon_Other_00693,app,Other,2022
canon_Other_00694,frequency shift,Other,2022
canon_Other_00695,Gaze,Other,2023
canon_Other_00696,template,Other,2023
canon_Other_00697,uni-modal semantic knowledge,Other,2023
canon_Other_00698,Constructional Information,Other,2023
canon_Other_00699,inductive biases,Other,2023
canon_Other_00700,IE nodes,Other,2023
canon_Other_00701,psycholinguistic bias,Other,2023
canon_Other_00702,image features,Other,2023
canon_Other_00703,technology,Other,2023
canon_Other_00704,semantic meanings,Other,2023
canon_Other_00705,acr,Other,2023
canon_Other_00706,Mem,Other,2023
canon_Other_00707,writing modes,Other,2023
canon_Other_00708,Wordpieces,Other,2023
canon_Other_00709,temporal dynamics,Other,2023
canon_Other_00710,social knowledge,Other,2023
canon_Other_00712,stereotyping,Task,2021
canon_Other_00713,annotator disagreement,Other,2023
canon_Other_00714,static word vectors,Other,2023
canon_Other_00716,mention,Other,2023
canon_Other_00717,Financial,Other,2023
canon_Other_00718,CREST counterfactuals,Other,2023
canon_Other_00719,omission,Task,2023
canon_Other_00720,omission labels,Other,2023
canon_Other_00721,bidirectional language knowledge,Other,2023
canon_Other_00722,tab,Other,2023
canon_Other_00723,cognition,Other,2023
canon_Other_00724,KoPL programs,Other,2023
canon_Other_00725,cross-modality space,Other,2023
canon_Other_00726,source,Other,2023
canon_Other_00727,speaker-derived information,Other,2023
canon_Other_00728,eye-tracking measurements,Other,2023
canon_Other_00729,hyperbolic information,Other,2023
canon_Other_00730,control dependencies,Other,2023
canon_Other_00731,rule,Other,2020
canon_Other_00732,contextualization,Other,2022
canon_Other_00733,clinical semantic information,Other,2023
canon_Other_00734,abstraction,Other,2023
canon_Other_00735,syntactic categories,Other,2023
canon_Other_00736,clar,Other,2023
canon_Other_00737,Miss,Other,2023
canon_Other_00738,multilingual KGs,Other,2019
canon_Other_00739,brain alignment,Other,2024
canon_Other_00740,join plan,Other,2024
canon_Other_00741,Minority Classes,Other,2024
canon_Other_00742,pair,Other,2024
canon_Other_00743,document context,Other,2024
canon_Other_00744,Llama,Method,2024
canon_Other_00745,FoC,Other,2024
canon_Other_00747,conditional distributions,Other,2022
canon_Other_00748,citation errors,Other,2024
canon_Other_00749,inference probability,Other,2024
canon_Other_00750,inverse inference,Other,2024
canon_Other_00751,contrastive loss,Other,2022
canon_Other_00752,natural language rules,Other,2024
canon_Other_00753,Rotary Position Embedding,Other,2024
canon_Other_00754,CLIP,Method,2022
canon_Other_00755,Interventional Feedback,Other,2024
canon_Other_00756,reward signals,Other,2019
canon_Other_00757,data duplication,Other,2024
canon_Other_00758,Hour,Other,2024
canon_Other_00759,Aspectual Class,Other,2024
canon_Other_00760,misogyny,Other,2024
canon_Other_00761,Row and,Other,2024
canon_Other_00762,Prompt,Method,2024
canon_Other_00763,lexical tone,Other,2024
canon_Other_00764,word-level errors,Other,2024
canon_Other_00765,Sparse Labels,Other,2024
canon_Other_00766,Knowledge Conflicts,Other,2024
canon_Other_00767,repo-specific context graph,Other,2024
canon_Other_00768,diacritics,Other,2024
canon_Other_00769,Vulnerability,Other,2024
canon_Other_00770,word analogy regularities,Other,2018
canon_Other_00771,discriminative and coherent latent topics of,Other,2018
canon_Other_00772,external semantic information of words,Other,2018
canon_Other_00773,extensions,Other,2018
canon_Other_00774,event-based,Other,2018
canon_Other_00775,Gloss Knowledge,Other,2018
canon_Other_00776,lexical knowledge,Other,2018
canon_Other_00777,glosses,Other,2018
canon_Other_00778,word-level and sentence-level information,Other,2018
canon_Other_00779,"linguistic, world and common sense knowledge",Other,2018
canon_Other_00780,political ide,Other,2018
canon_Other_00781,moral,Other,2018
canon_Other_00782,political ideology,Other,2018
canon_Other_00783,sigmoid,Other,2018
canon_Other_00784,weight sum constraint,Other,2018
canon_Other_00785,softmax attention,Other,2018
canon_Other_00786,attention information,Other,2018
canon_Other_00787,L2-distance loss,Other,2018
canon_Other_00788,adversarial loss,Other,2018
canon_Other_00789,document-level features,Other,2018
canon_Other_00790,topic priors,Other,2018
canon_Other_00791,fine-grain,Other,2018
canon_Other_00792,subreddit identity,Other,2018
canon_Other_00793,expressive recurrence,Other,2018
canon_Other_00794,Natural Deduction Proofs,Other,2018
canon_Other_00795,phrasal knowledge,Other,2018
canon_Other_00796,paraphr,Other,2018
canon_Other_00797,natural deduction proofs of semantic relations,Other,2018
canon_Other_00798,subgraph alignments,Other,2018
canon_Other_00799,proof information,Other,2018
canon_Other_00800,Chinese Characters of Words,Other,2018
canon_Other_00801,external context of words,Other,2018
canon_Other_00802,low-frequency and out-of-vocabulary words,Other,2018
canon_Other_00803,internal character information,Other,2018
canon_Other_00804,external context information of words,Other,2018
canon_Other_00805,informative features,Other,2018
canon_Other_00806,Hierarchical and Supervised Attention,Other,2018
canon_Other_00807,Document-level information,Other,2018
canon_Other_00808,Character and Word Information,Other,2018
canon_Other_00809,Multi-Level Attention,Other,2018
canon_Other_00810,character attention,Other,2018
canon_Other_00811,character-level information,Other,2018
canon_Other_00812,ordering,Other,2018
canon_Other_00813,vocabulary size,Other,2018
canon_Other_00814,slot-specific features,Other,2018
canon_Other_00815,prevalence point estimates,Other,2018
canon_Other_00816,individual-level likelihood function,Other,2018
canon_Other_00817,label-specific word distributions,Other,2018
canon_Other_00818,document-specific label distributions,Other,2018
canon_Other_00819,categorical or real-valued labels,Other,2018
canon_Other_00820,label-specific topical space,Other,2018
canon_Other_00821,Prepositions,Other,2018
canon_Other_00822,prepositional attachment ambiguities,Other,2018
canon_Other_00823,GloVe,Method,2018
canon_Other_00824,word-triple counts,Other,2018
canon_Other_00825,geometry,Other,2018
canon_Other_00826,Had,Other,2018
canon_Other_00827,simplification operator,Other,2018
canon_Other_00828,travel and flight restrictions,Other,2018
canon_Other_00829,slot,Other,2018
canon_Other_00830,surface level,Other,2018
canon_Other_00831,semantic level,Other,2018
canon_Other_00832,intent-,Other,2018
canon_Other_00833,gate,Other,2018
canon_Other_00834,sentence-level semantics,Other,2018
canon_Other_00835,semantic and string similarities,Other,2018
canon_Other_00836,predicate-argument structure of,Other,2018
canon_Other_00837,syntactic backbone,Other,2018
canon_Other_00838,utterance length,Other,2018
canon_Other_00839,cognitive factors,Other,2018
canon_Other_00840,down,Other,2018
canon_Other_00841,internal structure of words,Other,2018
canon_Other_00842,semantics,Other,2018
canon_Other_00844,complement operation,Other,2018
canon_Other_00845,parse chart,Other,2018
canon_Other_00846,composition operators,Other,2018
canon_Other_00847,output structure,Other,2018
canon_Other_00848,semantic operators,Other,2018
canon_Other_00849,quantifiers,Other,2018
canon_Other_00850,composed relations,Other,2018
canon_Other_00851,latent syntactic structure,Other,2018
canon_Other_00852,interrogative words,Other,2018
canon_Other_00853,question words,Other,2018
canon_Other_00854,answer embedding,Other,2018
canon_Other_00855,interrog,Other,2018
canon_Other_00856,absolute time value,Other,2018
canon_Other_00857,time anchors,Other,2018
canon_Other_00858,events,Other,2018
canon_Other_00859,temporal relation annotations,Other,2018
canon_Other_00860,inter-sentence relations,Other,2018
canon_Other_00861,source syntax,Other,2018
canon_Other_00862,linearized parses,Other,2018
canon_Other_00863,parse,Other,2018
canon_Other_00864,higher-order dependency features,Other,2018
canon_Other_00865,LSTM hidden states,Other,2018
canon_Other_00866,web elements,Other,2018
canon_Other_00867,"textual, structural, and spatial properties",Other,2018
canon_Other_00868,functional references,Other,2018
canon_Other_00869,relational reasoning,Other,2018
canon_Other_00870,visual reasoning,Task,2018
canon_Other_00871,sentiment conflict,Other,2018
canon_Other_00872,sentiment transition,Other,2018
canon_Other_00873,sentiment related features,Other,2018
canon_Other_00874,semantic unit,Other,2018
canon_Other_00875,exponential expansion of receptive fields,Other,2018
canon_Other_00876,community,Other,2018
canon_Other_00877,demographic and socioeconomic attributes,Other,2018
canon_Other_00878,heart disease mortality,Other,2018
canon_Other_00879,life satisfaction,Other,2018
canon_Other_00880,percent housing price increase,Other,2018
canon_Other_00881,foreclosure rate,Other,2018
canon_Other_00882,socio-demographic contexts,Other,2018
canon_Other_00883,Dementia,Other,2018
canon_Other_00884,switches,Other,2018
canon_Other_00885,Mild Cognitive Deficits,Other,2018
canon_Other_00886,generations of,Other,2018
canon_Other_00887,structured representations,Other,2018
canon_Other_00888,storyline distribution,Other,2018
canon_Other_00889,generic binary codes,Other,2018
canon_Other_00890,short-span features,Other,2018
canon_Other_00891,discrete and high-dimensional nature of,Other,2018
canon_Other_00892,syntactic and domain-specific shorthands,Other,2018
canon_Other_00893,SMT,Method,2018
canon_Other_00894,extra,Other,2018
canon_Other_00895,Blend,Other,2018
canon_Other_00896,Clipping,Other,2018
canon_Other_00897,Reduplicatives,Other,2018
canon_Other_00898,genre,Other,2018
canon_Other_00899,utterance and dialog level attentions,Other,2018
canon_Other_00900,antecedent distribution,Other,2018
canon_Other_00901,micro,Other,2018
canon_Other_00902,Lexical Memory Retrievals,Other,2018
canon_Other_00903,lexical memory,Other,2018
canon_Other_00904,lexical and phonological stages,Other,2018
canon_Other_00905,Source and,Other,2018
canon_Other_00906,Dialects,Other,2018
canon_Other_00907,language variation,Other,2018
canon_Other_00908,linguistic variables,Other,2018
canon_Other_00909,continuous regional linguistic distinctions,Other,2018
canon_Other_00910,geographic information,Other,2018
canon_Other_00911,dialectal differences,Other,2018
canon_Other_00912,multiple choice,Other,2018
canon_Other_00913,knowledge inference,Other,2018
canon_Other_00914,multiple-sentence reasoning,Other,2018
canon_Other_00915,multiple-choice questions,Other,2018
canon_Other_00916,topic relevance,Other,2018
canon_Other_00917,partition function,Other,2018
canon_Other_00918,Verb Alternations,Other,2018
canon_Other_00919,diathesis alternations,Other,2018
canon_Other_00920,syntactic realizations,Other,2018
canon_Other_00921,frame structures,Other,2018
canon_Other_00922,causative alternation,Other,2018
canon_Other_00923,alternating verbs,Other,2018
canon_Other_00924,Pro,Method,2018
canon_Other_00925,anti,Other,2018
canon_Other_00927,morphological structure,Other,2018
canon_Other_00928,"word, character and morphology level information",Other,2018
canon_Other_00929,morphological typ,Other,2018
canon_Other_00930,Distributional Relation Vectors,Other,2018
canon_Other_00931,PMI weighted co-occurrence vectors,Other,2018
canon_Other_00932,Chunk Based Templates,Method,2018
canon_Other_00933,syntactic traits,Other,2018
canon_Other_00934,pairwise and transitive relationships,Other,2018
canon_Other_00935,di,Other,2018
canon_Other_00937,testbed,Other,2018
canon_Other_00938,relational information,Other,2018
canon_Other_00939,organization,Other,2018
canon_Other_00940,cohesion,Other,2018
canon_Other_00941,gaze features,Other,2018
canon_Other_00942,textual features,Other,2018
canon_Other_00943,Long Short-Term Memory,Other,2018
canon_Other_00944,Dynamically,Other,2018
canon_Other_00945,recurrence,Other,2018
canon_Other_00946,element-wise weighted sum of context-independent functions of,Other,2018
canon_Other_00947,pin,Other,2018
canon_Other_00948,Chinese input,Other,2018
canon_Other_00950,character sequence,Other,2018
canon_Other_00951,short-term dependencies,Other,2018
canon_Other_00952,coreferent dependencies,Other,2018
canon_Other_00953,coreference annotations,Other,2018
canon_Other_00954,double temporality characteristic,Other,2018
canon_Other_00955,temporal “before/after” event knowledge,Other,2018
canon_Other_00956,double temporality,Other,2018
canon_Other_00957,temporal order of,Other,2018
canon_Other_00958,narratology principles,Other,2018
canon_Other_00959,temporal event knowledge,Other,2018
canon_Other_00960,event knowledge,Other,2018
canon_Other_00961,continuous and discrete variables,Other,2018
canon_Other_00963,static BLE,Other,2018
canon_Other_00964,pragmatic listener,Other,2018
canon_Other_00965,sequential structure,Other,2018
canon_Other_00967,plot events,Other,2018
canon_Other_00968,social relationships,Other,2018
canon_Other_00969,lexicon based features,Other,2018
canon_Other_00970,Document Topic Structures,Other,2018
canon_Other_00971,topic transition sentences,Other,2018
canon_Other_00972,inter-coreference chain correlations,Other,2018
canon_Other_00973,event mention distributional characteristics,Other,2018
canon_Other_00974,sub-event structure,Other,2018
canon_Other_00975,diachronic,Other,2018
canon_Other_00976,Paradigmatic Relations,Other,2018
canon_Other_00977,label-compatibility,Other,2018
canon_Other_00979,relation instances,Other,2018
canon_Other_00980,ali,Other,2018
canon_Other_00981,founded,Other,2018
canon_Other_00982,entity type and relation alias information,Other,2018
canon_Other_00983,dependency syntax,Other,2018
canon_Other_00984,AMR edges,Other,2018
canon_Other_00985,AMR,Method,2018
canon_Other_00986,AMR annotations,Other,2018
canon_Other_00987,emotional sentences,Other,2018
canon_Other_00988,word or sentence level,Other,2018
canon_Other_00990,argumentative nature of,Other,2018
canon_Other_00991,argumentative structure of,Other,2018
canon_Other_00992,rhetorical aspects,Other,2018
canon_Other_00993,discourse categories,Other,2018
canon_Other_00994,citation contexts,Other,2018
canon_Other_00995,rhetoric annotations,Other,2018
canon_Other_00996,argumentation annotations,Other,2018
canon_Other_00997,silver-,Other,2018
canon_Other_00998,Unary Relations,Other,2018
canon_Other_00999,una,Other,2018
canon_Other_01000,squashing activation,Other,2018
canon_Other_01001,GRU,Other,2018
canon_Other_01002,counting behavior,Other,2018
canon_Other_01004,Type Supervision,Other,2018
canon_Other_01005,entity and relation embeddings,Other,2018
canon_Other_01006,base factorization,Other,2018
canon_Other_01007,type-compatibility terms,Other,2018
canon_Other_01008,entity-relation pairs,Other,2018
canon_Other_01009,type catalog,Other,2018
canon_Other_01010,modification,Other,2018
canon_Other_01011,latent types of entities,Other,2018
canon_Other_01012,supervised types,Other,2018
canon_Other_01013,labeled dependencies,Other,2018
canon_Other_01014,annotation noise,Other,2018
canon_Other_01015,design,Other,2018
canon_Other_01016,linguistic and architectural features,Other,2018
canon_Other_01017,punctuation restoration,Other,2018
canon_Other_01018,truecasing,Other,2018
canon_Other_01020,baseline reward,Other,2018
canon_Other_01021,reward shaping,Method,2018
canon_Other_01022,adversaries,Method,2018
canon_Other_01023,domains,Other,2018
canon_Other_01024,in-,Other,2018
canon_Other_01026,Prior Topic Knowledge,Other,2018
canon_Other_01027,stylistic similarities,Other,2018
canon_Other_01028,Dense Information Flow,Other,2018
canon_Other_01029,attention connections,Other,2018
canon_Other_01030,dense connection,Other,2018
canon_Other_01031,dense attention structure,Other,2018
canon_Other_01032,label decisions,Other,2018
canon_Other_01033,weighted first-order logical formulas,Other,2018
canon_Other_01034,knowledge transfer,Other,2018
canon_Other_01035,pseudo-senses,Other,2018
canon_Other_01036,pseudo-sense,Other,2018
canon_Other_01037,correlations,Other,2018
canon_Other_01038,low-dimensional semantic space,Other,2018
canon_Other_01039,importance sampling distributions,Other,2018
canon_Other_01040,morphological feature bundles,Other,2018
canon_Other_01041,prior distribution,Other,2018
canon_Other_01042,unigram type counts,Other,2018
canon_Other_01043,Spherical Latent Spaces,Other,2018
canon_Other_01044,multivariate Gaussians,Other,2018
canon_Other_01045,variational posterior,Other,2018
canon_Other_01046,von Mises,Other,2018
canon_Other_01047,vMF distribution,Other,2018
canon_Other_01048,KL collapse,Other,2018
canon_Other_01049,context distribution,Other,2018
canon_Other_01050,German embedding,Other,2018
canon_Other_01051,English description,Other,2018
canon_Other_01052,Spanish name,Other,2018
canon_Other_01053,fine-grained classes,Other,2018
canon_Other_01054,extractive labels,Other,2018
canon_Other_01055,update steps,Other,2018
canon_Other_01056,linguistically motivated subword units,Other,2018
canon_Other_01057,graphemes,Other,2018
canon_Other_01058,subwords,Other,2018
canon_Other_01059,opinion-holder-target structures,Other,2018
canon_Other_01060,ORL and SRL features,Other,2018
canon_Other_01061,filters,Other,2018
canon_Other_01062,input-sensitive filters,Other,2018
canon_Other_01063,math,Other,2018
canon_Other_01064,uniqueness,Other,2018
canon_Other_01065,Chinese Morphological and Semantic Relations,Other,2018
canon_Other_01066,linguistic regularities,Other,2018
canon_Other_01067,Chinese lexical knowledge,Other,2018
canon_Other_01068,morphological relations,Other,2018
canon_Other_01069,context features,Other,2018
canon_Other_01070,Attention Sum,Other,2018
canon_Other_01071,entity-references,Other,2018
canon_Other_01072,entity features,Other,2018
canon_Other_01073,text-vision interactions,Other,2018
canon_Other_01074,textual/visual pipeline,Other,2018
canon_Other_01075,natural language logics,Other,2018
canon_Other_01076,Fl,Other,2018
canon_Other_01077,compact,Other,2018
canon_Other_01078,projection vectors,Other,2018
canon_Other_01079,gold syntax trees,Other,2018
canon_Other_01080,syntactic parents,Other,2018
canon_Other_01081,cues,Other,2018
canon_Other_01082,sparse features,Other,2018
canon_Other_01083,character-level context features,Other,2018
canon_Other_01084,dual annotation,Other,2018
canon_Other_01085,rule templates,Other,2018
canon_Other_01086,negation examples,Other,2018
canon_Other_01088,weighted languages,Other,2018
canon_Other_01089,minimization,Other,2018
canon_Other_01090,non-sequential propagation structure,Other,2018
canon_Other_01091,rum,Other,2018
canon_Other_01092,propagation layout of tweets,Other,2018
canon_Other_01093,grammatical function,Other,2018
canon_Other_01094,sparse word co-occurrence patterns,Other,2018
canon_Other_01095,transitivity of,Other,2018
canon_Other_01096,way,Other,2018
canon_Other_01097,transitive features,Other,2018
canon_Other_01098,feature flows,Other,2018
canon_Other_01099,selection rules,Other,2018
canon_Other_01101,argumentation strategies,Other,2018
canon_Other_01102,discourse acts,Other,2018
canon_Other_01103,typological properties,Other,2018
canon_Other_01104,language similarities,Other,2018
canon_Other_01105,phone,Other,2018
canon_Other_01106,topic space,Other,2018
canon_Other_01107,visualization,Task,2018
canon_Other_01108,highlighting,Other,2018
canon_Other_01109,filtering,Other,2018
canon_Other_01110,blog,Other,2018
canon_Other_01111,similarity matrix,Other,2018
canon_Other_01112,idiomatic expressions,Other,2018
canon_Other_01113,linguistically motivated feature space,Other,2018
canon_Other_01114,distributional semantics,Other,2018
canon_Other_01115,literal usage of idioms,Other,2018
canon_Other_01116,literal,Other,2018
canon_Other_01117,Latent Meanings of Morphological Compositions,Other,2018
canon_Other_01118,organized world knowledge,Other,2018
canon_Other_01119,Knowledge Graph (KG) fact triples,Other,2018
canon_Other_01120,prior support facts,Other,2018
canon_Other_01121,attention space,Other,2018
canon_Other_01122,behavioral traces of eye movements,Other,2018
canon_Other_01123,gaze information,Other,2018
canon_Other_01124,eyetracking,Other,2018
canon_Other_01125,reader characteristics,Other,2018
canon_Other_01126,behavioral traces of reading,Other,2018
canon_Other_01127,leaderboard dominance,Other,2018
canon_Other_01128,Cap,Other,2018
canon_Other_01129,unin,Other,2018
canon_Other_01130,varying,Other,2018
canon_Other_01131,diagnosis,Other,2018
canon_Other_01132,isotonic constraints,Other,2018
canon_Other_01133,many,Other,2018
canon_Other_01134,sentence embeddings,Other,2018
canon_Other_01135,Geometry of,Other,2018
canon_Other_01136,KG entities,Other,2018
canon_Other_01137,high-dimensional space,Other,2018
canon_Other_01138,geometry of embeddings,Other,2018
canon_Other_01139,heterogeneity of temporal expressions,Other,2018
canon_Other_01140,relational facts,Other,2018
canon_Other_01141,sub-tree,Other,2018
canon_Other_01142,relational words,Other,2018
canon_Other_01143,data sparseness problem,Other,2018
canon_Other_01144,domain-dependent relevance function,Other,2018
canon_Other_01145,Utterance,Other,2018
canon_Other_01146,semantically coherent responses,Other,2018
canon_Other_01147,utterance-level semantic dependency,Other,2018
canon_Other_01148,semantic representations,Method,2018
canon_Other_01149,subword information,Other,2018
canon_Other_01150,monolingual vector spaces,Other,2018
canon_Other_01151,Terminology Constraints,Other,2018
canon_Other_01152,target-side constraints,Other,2018
canon_Other_01153,misplacement,Other,2018
canon_Other_01154,duplication,Other,2018
canon_Other_01155,user constraints,Other,2018
canon_Other_01156,normalization,Other,2018
canon_Other_01157,multiview nature,Other,2018
canon_Other_01158,cognitive impairment,Other,2018
canon_Other_01159,pragmatic aspects,Other,2018
canon_Other_01160,business,Other,2018
canon_Other_01161,social features,Other,2018
canon_Other_01162,location features,Other,2018
canon_Other_01163,content signal,Other,2018
canon_Other_01164,content-specific objectives,Other,2018
canon_Other_01165,creation date of,Other,2018
canon_Other_01166,time-stamp metadata,Other,2018
canon_Other_01167,creation time,Other,2018
canon_Other_01168,shared,Other,2019
canon_Other_01169,sharing,Other,2019
canon_Other_01170,linguistic behavior,Other,2019
canon_Other_01171,conversational,Method,2019
canon_Other_01172,reviewer sentiment,Other,2019
canon_Other_01173,Wh-questions,Other,2019
canon_Other_01174,polar questions,Other,2019
canon_Other_01175,dramatic forgetting,Other,2019
canon_Other_01176,sparse,Other,2019
canon_Other_01177,fast,Method,2019
canon_Other_01178,reasoning policies,Other,2019
canon_Other_01179,adversarial distributions,Other,2019
canon_Other_01180,sequence information,Other,2019
canon_Other_01181,mask ratios,Other,2019
canon_Other_01182,continuous representation,Other,2019
canon_Other_01183,discrete operations,Other,2019
canon_Other_01184,addition,Other,2019
canon_Other_01185,counting,Other,2019
canon_Other_01186,operations,Other,2019
canon_Other_01187,paraphrase-and-entity-typing shortcuts,Other,2019
canon_Other_01188,embedding vector,Other,2019
canon_Other_01189,prototype,Other,2019
canon_Other_01190,article dwell time,Other,2019
canon_Other_01191,event and entity features,Other,2019
canon_Other_01192,word-based features of,Other,2019
canon_Other_01193,dwell time,Other,2019
canon_Other_01194,high-level genre structure,Other,2019
canon_Other_01195,impl,Other,2019
canon_Other_01196,inferential signatures,Other,2019
canon_Other_01197,user goal,Other,2019
canon_Other_01198,Entity Linking,Task,2018
canon_Other_01199,relevance judgments,Other,2019
canon_Other_01200,sentence-level evidence,Other,2019
canon_Other_01201,passage-level relevance judgments,Other,2019
canon_Other_01202,cross-domain notions of relevance,Other,2019
canon_Other_01203,divergence,Other,2019
canon_Other_01204,redundant,Other,2019
canon_Other_01205,homographic pun,Other,2019
canon_Other_01206,phonological similarity,Other,2019
canon_Other_01207,heterographic pun,Other,2019
canon_Other_01208,homographic and,Other,2019
canon_Other_01209,hidden,Other,2019
canon_Other_01210,contextually,Other,2019
canon_Other_01211,triggered,Other,2019
canon_Other_01212,executions times,Other,2019
canon_Other_01213,size limitations,Other,2019
canon_Other_01214,structural regularities,Other,2019
canon_Other_01215,variable instance difficulty,Other,2019
canon_Other_01216,function and,Other,2019
canon_Other_01217,function words,Other,2019
canon_Other_01219,Delta,Other,2019
canon_Other_01220,word-to-word or word-to-sentence,Other,2019
canon_Other_01221,graphical structures,Other,2019
canon_Other_01222,local pairwise importance,Other,2019
canon_Other_01223,global importance,Other,2019
canon_Other_01224,global ranking,Other,2019
canon_Other_01225,scaled node weights,Other,2019
canon_Other_01226,global random walk scores,Other,2019
canon_Other_01227,Global and Local Context,Other,2019
canon_Other_01228,out-of-vocabulary or rare words,Other,2019
canon_Other_01229,combinatorial search,Other,2019
canon_Other_01230,graph components,Other,2019
canon_Other_01231,creative language,Other,2019
canon_Other_01232,humorousness,Other,2019
canon_Other_01233,metaphor novelty,Other,2019
canon_Other_01234,numeric scores,Other,2019
canon_Other_01235,software,Other,2019
canon_Other_01236,word relationships,Other,2019
canon_Other_01237,alpha parameter,Other,2019
canon_Other_01238,alpha-entmax,Method,2019
canon_Other_01239,sparsity preferences,Other,2019
canon_Other_01240,head specialization,Other,2019
canon_Other_01241,confusion set,Other,2019
canon_Other_01242,Chinese character similarity,Other,2019
canon_Other_01243,weakly supervised signal,Other,2019
canon_Other_01245,negative focus,Other,2019
canon_Other_01246,order information,Other,2019
canon_Other_01247,long-range context dependency,Other,2019
canon_Other_01248,topic,Other,2019
canon_Other_01249,linear transformations,Method,2018
canon_Other_01250,monolingual embedding spaces,Other,2019
canon_Other_01251,probability densities,Other,2019
canon_Other_01252,syntactic decisions,Other,2019
canon_Other_01253,surface form,Other,2019
canon_Other_01254,meaning-preserving syntactic paraphrases,Other,2019
canon_Other_01255,Question-Answer Hierarchies,Other,2019
canon_Other_01256,question taxonomy,Other,2019
canon_Other_01257,shuff,Other,2019
canon_Other_01258,Heterogeneous Embeddings,Other,2019
canon_Other_01259,"character, word, and sentence embeddings",Other,2019
canon_Other_01260,dependency-distance tolerance,Other,2019
canon_Other_01261,lemmatized dependency tree,Other,2019
canon_Other_01262,edge-weighted directed acyclic graph,Other,2019
canon_Other_01263,DAG,Other,2019
canon_Other_01264,Surface realization,Method,2019
canon_Other_01265,edge weight,Other,2019
canon_Other_01266,semantic segments,Other,2019
canon_Other_01267,regularization terms,Other,2019
canon_Other_01268,dialogue recency,Other,2019
canon_Other_01269,span-based,Other,2019
canon_Other_01270,regularization loss,Other,2019
canon_Other_01271,encoder-trained embeddings,Other,2019
canon_Other_01273,inter-sentence attention of,Other,2019
canon_Other_01274,attentive memory,Other,2019
canon_Other_01275,Visual modifications,Other,2019
canon_Other_01276,visual attacks,Other,2019
canon_Other_01277,hub,Other,2019
canon_Other_01278,subt,Other,2019
canon_Other_01279,Vo,Other,2019
canon_Other_01280,syntactic variations,Other,2019
canon_Other_01281,human edits of,Other,2019
canon_Other_01282,human edit,Other,2019
canon_Other_01283,simulator,Other,2019
canon_Other_01284,RL policy,Other,2019
canon_Other_01286,log,Other,2019
canon_Other_01287,Chinese orthography,Other,2019
canon_Other_01288,orthography knowledge,Other,2019
canon_Other_01289,ECs,Other,2019
canon_Other_01290,User History,Other,2019
canon_Other_01291,interpersonal communication,Other,2019
canon_Other_01292,conversation context,Other,2019
canon_Other_01293,user chatting history,Other,2019
canon_Other_01294,Multi-Aspect Information,Other,2019
canon_Other_01295,Multilingual knowledge graphs,Other,2019
canon_Other_01296,multi-aspect information of entities,Other,2019
canon_Other_01297,topological connections,Other,2019
canon_Other_01298,literal descriptions of,Other,2019
canon_Other_01299,reconstruction term,Other,2019
canon_Other_01300,KL term,Other,2019
canon_Other_01301,hyperparameter,Other,2019
canon_Other_01302,regularization,Method,2019
canon_Other_01303,relation approximation,Other,2019
canon_Other_01304,event structure information,Other,2019
canon_Other_01305,coarse-grained events,Other,2019
canon_Other_01306,fine-grained event structure,Other,2019
canon_Other_01307,stock,Other,2019
canon_Other_01308,distant supervised label,Other,2019
canon_Other_01309,coreference phenomena,Other,2019
canon_Other_01310,intra- and cross-sentential anaphoric information,Other,2019
canon_Other_01311,coreference chain translations,Other,2019
canon_Other_01312,error typ,Other,2019
canon_Other_01313,Hierarchical Category Knowledge,Other,2019
canon_Other_01314,medical diagnostic codes,Other,2019
canon_Other_01315,diagnostic codes,Other,2019
canon_Other_01316,hierarchical category knowledge of diagnostic codes,Other,2019
canon_Other_01317,external domain knowledge,Other,2019
canon_Other_01318,data imbalance,Task,2018
canon_Other_01319,category knowledge,Other,2019
canon_Other_01321,selective annotation,Other,2019
canon_Other_01322,linear subspace,Other,2019
canon_Other_01323,direct bias,Other,2019
canon_Other_01324,geometric characteristics of,Other,2019
canon_Other_01325,Wasserstein objective,Other,2019
canon_Other_01326,marginal distribution,Other,2019
canon_Other_01327,latent space geometry,Other,2019
canon_Other_01328,orthogonal,Other,2019
canon_Other_01329,spelling errors,Other,2019
canon_Other_01330,code-mixing,Other,2019
canon_Other_01331,POS tag-,Other,2019
canon_Other_01332,vector representation,Other,2019
canon_Other_01333,rich,Other,2019
canon_Other_01334,lexical choice of adj,Other,2019
canon_Other_01335,task-specific ontologies,Other,2019
canon_Other_01336,pairwise embeddings,Other,2019
canon_Other_01337,compositional function,Other,2019
canon_Other_01338,point,Other,2019
canon_Other_01339,positional information of words,Other,2019
canon_Other_01340,auxiliary objective,Other,2019
canon_Other_01341,modified color expressions,Other,2019
canon_Other_01342,RGB space,Other,2019
canon_Other_01343,HSV color space,Other,2019
canon_Other_01344,modi,Other,2019
canon_Other_01346,predictability of,Other,2019
canon_Other_01347,inflected forms,Other,2019
canon_Other_01348,subject–relation dependency of,Other,2019
canon_Other_01349,Gender-Equalizing Loss Function,Other,2019
canon_Other_01350,recurrent states,Other,2019
canon_Other_01351,dynamic updating,Other,2019
canon_Other_01352,parts,Other,2019
canon_Other_01353,translated,Other,2019
canon_Other_01354,document-level context,Other,2019
canon_Other_01356,Yu,Other,2019
canon_Other_01357,analyzer,Other,2019
canon_Other_01358,global distribution statistics,Other,2019
canon_Other_01359,domain differentials,Other,2019
canon_Other_01360,Structure of Language,Other,2019
canon_Other_01361,English language structure,Other,2019
canon_Other_01362,phrase-level information,Other,2019
canon_Other_01363,surface features,Other,2019
canon_Other_01364,subject-verb agreement,Task,2018
canon_Other_01365,Scientific Concepts,Other,2019
canon_Other_01366,scientific concept hierarchy,Other,2019
canon_Other_01367,faceted concept hierarchies,Other,2019
canon_Other_01368,hypernym,Other,2019
canon_Other_01369,faceted relations,Other,2019
canon_Other_01370,parent-to-child links,Other,2019
canon_Other_01371,hypernym relation,Other,2019
canon_Other_01372,ancestor-,Other,2019
canon_Other_01373,sibling concepts,Other,2019
canon_Other_01374,ancestor-descendent relations,Other,2019
canon_Other_01375,acyclic structure of,Other,2019
canon_Other_01376,NCBI taxonomy,Other,2019
canon_Other_01377,OntoBiotope ontology,Other,2019
canon_Other_01378,biodiversity,Other,2019
canon_Other_01379,relational arguments,Other,2019
canon_Other_01380,natural delim,Other,2019
canon_Other_01381,word- trigger mismatch,Other,2019
canon_Other_01382,polysemous characters,Other,2019
canon_Other_01383,ambiguous triggers,Other,2019
canon_Other_01384,entail,Other,2019
canon_Other_01385,character-specific content embedding,Other,2019
canon_Other_01386,font-specific style variable,Other,2019
canon_Other_01387,manifold,Other,2019
canon_Other_01388,context dependency,Other,2019
canon_Other_01389,policy gradient,Other,2019
canon_Other_01390,word omission errors,Other,2019
canon_Other_01391,word omission,Other,2019
canon_Other_01392,baseline methods,Other,2019
canon_Other_01393,evalu,Other,2019
canon_Other_01394,lexical overlaps,Other,2019
canon_Other_01395,affect dimensions,Other,2019
canon_Other_01396,affect information,Other,2019
canon_Other_01397,noise corruption,Other,2019
canon_Other_01399,pairwise interactions,Other,2019
canon_Other_01400,conicity,Other,2019
canon_Other_01401,fluent natural language responses,Other,2019
canon_Other_01402,Universal Dependency graphs,Other,2019
canon_Other_01403,inflection,Other,2019
canon_Other_01404,"graph of typed, directed dependencies between",Other,2019
canon_Other_01405,UD graphs,Other,2019
canon_Other_01406,surface ordering of lemmas,Other,2019
canon_Other_01407,Controversy,Other,2019
canon_Other_01408,textual context,Other,2022
canon_Other_01409,conversation- structure features,Other,2019
canon_Other_01410,conversation-content features,Other,2019
canon_Other_01411,latent word sequences,Other,2019
canon_Other_01412,Continuous relaxation,Other,2019
canon_Other_01413,categorical distributions,Other,2019
canon_Other_01414,parallel text-summary pairs,Other,2019
canon_Other_01415,subword-level,Other,2019
canon_Other_01416,contextual knowledge,Other,2019
canon_Other_01417,sentiment polarities,Other,2019
canon_Other_01418,semantic matching,Other,2019
canon_Other_01419,data noise,Other,2019
canon_Other_01420,text styles,Other,2019
canon_Other_01421,centrality,Other,2019
canon_Other_01422,word segmentation,Other,2019
canon_Other_01423,segmentation boundaries,Other,2019
canon_Other_01424,part of speech tags,Other,2019
canon_Other_01425,segmentation dictionary,Other,2019
canon_Other_01426,part of speech information,Other,2019
canon_Other_01427,implicit discourse relation argument pairs,Other,2019
canon_Other_01428,stopping,Other,2019
canon_Other_01429,Seq2Seq Inflection,Other,2019
canon_Other_01430,Serialized Tree2,Other,2019
canon_Other_01431,Interpretable Negation Rules,Other,2019
canon_Other_01432,negation labels,Other,2019
canon_Other_01433,granular annotations,Other,2019
canon_Other_01434,linguistic resolution rules,Other,2019
canon_Other_01435,negation scope,Other,2019
canon_Other_01436,world-level negation labels,Other,2019
canon_Other_01437,document-level sentiment annotations,Other,2019
canon_Other_01438,policy,Other,2019
canon_Other_01439,sentiment predictions,Other,2019
canon_Other_01440,negation handling,Other,2019
canon_Other_01441,word-level annotations,Other,2019
canon_Other_01442,process dynamics,Other,2019
canon_Other_01443,merged entities,Other,2019
canon_Other_01444,oblique entity references,Other,2019
canon_Other_01445,shallow context clues,Other,2019
canon_Other_01446,adj,Other,2019
canon_Other_01447,verb,Other,2019
canon_Other_01448,nominal compounds,Other,2019
canon_Other_01449,lexical functions,Other,2019
canon_Other_01450,delay,Other,2019
canon_Other_01451,linear-chain structure,Other,2019
canon_Other_01452,sentence-level context,Other,2019
canon_Other_01453,metadata,Other,2019
canon_Other_01454,source-side metadata,Other,2019
canon_Other_01455,kernel scores,Other,2019
canon_Other_01456,symmetric kernels,Other,2019
canon_Other_01457,paraphrasability,Other,2019
canon_Other_01458,classification of entities,Other,2019
canon_Other_01459,argument labeling decisions,Other,2019
canon_Other_01460,cur,Other,2019
canon_Other_01461,MRC,Task,2018
canon_Other_01462,narrative structure,Other,2019
canon_Other_01463,syntax of languages,Other,2019
canon_Other_01464,high-level language descriptions,Other,2019
canon_Other_01465,Rhetorical structure trees,Other,2019
canon_Other_01466,bottom,Other,2019
canon_Other_01467,traversal order,Other,2019
canon_Other_01469,structure-and word-generating actions,Other,2019
canon_Other_01470,branching bias,Other,2019
canon_Other_01471,formulations,Other,2019
canon_Other_01472,context-free rule probabilities,Other,2019
canon_Other_01473,marginal dependencies,Other,2019
canon_Other_01474,context-free assumptions,Other,2019
canon_Other_01475,latent trees,Other,2019
canon_Other_01476,noun phrase,Other,2019
canon_Other_01477,relation phrase,Other,2019
canon_Other_01478,NPs,Other,2019
canon_Other_01479,OpenKGs,Method,2019
canon_Other_01480,OpenKG,Other,2019
canon_Other_01481,normalized,Other,2019
canon_Other_01482,Thesis Strength,Other,2019
canon_Other_01483,persuasive essay quality,Other,2019
canon_Other_01484,thesis strength scores,Other,2019
canon_Other_01485,technologies,Other,2019
canon_Other_01486,user private-attribute information,Other,2019
canon_Other_01487,private,Other,2019
canon_Other_01488,latent representation,Other,2019
canon_Other_01489,utility feedback,Other,2019
canon_Other_01490,token level,Other,2019
canon_Other_01491,argument structure,Other,2019
canon_Other_01492,inflectional morphology,Other,2019
canon_Other_01493,language difficulty coefficients,Other,2019
canon_Other_01494,morphological complexity,Other,2019
canon_Other_01495,sentences,Other,2019
canon_Other_01496,evidence,Other,2019
canon_Other_01497,joint distribution,Other,2019
canon_Other_01498,other,Other,2019
canon_Other_01499,syntactic tree templates,Other,2019
canon_Other_01500,Global Attention,Other,2019
canon_Other_01501,network topology,Other,2019
canon_Other_01502,long-term interactions between,Other,2019
canon_Other_01503,translation errors,Other,2019
canon_Other_01504,entity linking supervision,Other,2019
canon_Other_01505,low-dimensional space,Other,2019
canon_Other_01506,concatenation,Other,2019
canon_Other_01507,coreferent concept mentions,Other,2019
canon_Other_01508,linear and,Other,2019
canon_Other_01509,summary concept,Other,2019
canon_Other_01510,Bounding Boxes,Other,2019
canon_Other_01511,object bounding box annotations,Other,2019
canon_Other_01512,grounded cap,Other,2019
canon_Other_01513,dense relationships,Other,2019
canon_Other_01514,textual and phonetic information,Other,2019
canon_Other_01515,lexical similarity,Other,2019
canon_Other_01517,lexical gap,Other,2019
canon_Other_01518,out-of-domain translation knowledge,Other,2019
canon_Other_01519,bidirectional translation knowledge,Other,2019
canon_Other_01520,Symptom Words,Other,2019
canon_Other_01521,symptom,Other,2019
canon_Other_01523,legal context,Other,2019
canon_Other_01524,user suspension,Other,2019
canon_Other_01525,expert demographics,Other,2019
canon_Other_01526,content-independent naive features,Other,2019
canon_Other_01527,leakage features,Other,2019
canon_Other_01528,domain-invariant features,Other,2019
canon_Other_01529,cloud compute time,Other,2019
canon_Other_01531,scheme,Other,2019
canon_Other_01532,semantic contexts,Other,2019
canon_Other_01533,paradigms,Other,2019
canon_Other_01534,hierarchical attention,Other,2019
canon_Other_01535,Chemical Compound Paraphrasing,Other,2019
canon_Other_01536,chemical com- pound paraphrases,Other,2019
canon_Other_01537,character embeddings,Task,2018
canon_Other_01538,positive or negative sentiment,Other,2019
canon_Other_01539,affective polarity,Other,2019
canon_Other_01540,domain and uniqueness constraints,Other,2019
canon_Other_01541,symmetrized Shift-Att alignments,Other,2020
canon_Other_01542,probability mass,Other,2020
canon_Other_01543,content- and location-based attention,Other,2020
canon_Other_01544,sentence and,Other,2020
canon_Other_01545,optimization,Method,2020
canon_Other_01546,natural distribution of numeric values,Other,2020
canon_Other_01547,output distributions,Other,2020
canon_Other_01548,discrete latent variables,Other,2020
canon_Other_01549,target language properties,Other,2020
canon_Other_01550,generation,Task,2018
canon_Other_01551,target-,Other,2020
canon_Other_01552,NM,Method,2018
canon_Other_01553,state-action pairs,Other,2020
canon_Other_01554,turn-,Other,2020
canon_Other_01555,state-action annotations,Other,2020
canon_Other_01556,state-action sequences,Other,2020
canon_Other_01557,action embeddings,Other,2020
canon_Other_01558,masked words,Other,2020
canon_Other_01559,SQL queries,Other,2020
canon_Other_01560,database relations,Other,2020
canon_Other_01561,Adaptive Word Maskings,Other,2020
canon_Other_01562,masking policy,Other,2020
canon_Other_01563,entropy regularization,Other,2020
canon_Other_01564,analog,Other,2020
canon_Other_01565,analogy operation,Other,2020
canon_Other_01566,word attributes,Other,2020
canon_Other_01567,fine-grained syntactic and semantic level,Other,2020
canon_Other_01568,factual-consistency,Other,2020
canon_Other_01569,Discrete Semantic Signatures,Other,2020
canon_Other_01570,locality-sensitive hash (LSH)-based semantic sentence codes,Other,2020
canon_Other_01571,Hamming distances,Other,2020
canon_Other_01572,counterfactual samples,Other,2020
canon_Other_01573,cross-modal joint embeddings,Other,2020
canon_Other_01574,auxiliary training objective,Other,2020
canon_Other_01575,logical connective,Other,2020
canon_Other_01576,Video features,Other,2020
canon_Other_01577,spatial and temporal dimensions,Other,2020
canon_Other_01578,semantic dependencies,Other,2020
canon_Other_01579,visual and textual representation,Other,2020
canon_Other_01580,structured sequence,Other,2020
canon_Other_01581,spatio-temporal level,Other,2020
canon_Other_01582,token-sentence level,Other,2020
canon_Other_01583,aspect terms,Other,2020
canon_Other_01584,aspect labels,Other,2020
canon_Other_01585,deep self-attention,Other,2020
canon_Other_01586,inter-utterance interactions,Other,2020
canon_Other_01587,distant-supervised annotations,Other,2020
canon_Other_01588,contextualized relational features,Other,2020
canon_Other_01589,contextualized features,Other,2020
canon_Other_01590,dynamic states,Other,2020
canon_Other_01591,dynamic plot states,Other,2020
canon_Other_01592,high-level discourse structure,Other,2020
canon_Other_01593,multimodal inputs,Other,2020
canon_Other_01594,global video context,Other,2020
canon_Other_01595,Temporal Transformer,Other,2020
canon_Other_01596,global and local temporal alignment,Other,2020
canon_Other_01597,social dynamics with,Other,2020
canon_Other_01598,multi-character interactions,Other,2020
canon_Other_01599,linguistic and visual context,Other,2020
canon_Other_01600,empirical uncertainty,Other,2020
canon_Other_01601,observation,Other,2020
canon_Other_01602,PropBank argument descriptions,Other,2020
canon_Other_01603,VerbNet state predicates,Other,2020
canon_Other_01604,shallow semantic content,Other,2020
canon_Other_01605,infer,Other,2020
canon_Other_01606,limited handcrafted error features,Other,2020
canon_Other_01607,expert-annotated question templates,Other,2020
canon_Other_01610,emrQ,Other,2020
canon_Other_01611,priors,Other,2020
canon_Other_01612,consistency-constrained,Other,2020
canon_Other_01613,semantic input mutations,Other,2020
canon_Other_01614,Discourse Patterns,Other,2020
canon_Other_01615,Knowledge Grounding,Other,2020
canon_Other_01616,interrogative patterns,Other,2020
canon_Other_01617,dialog acts,Other,2020
canon_Other_01618,auxiliary losses,Other,2020
canon_Other_01619,explicit object region information,Other,2020
canon_Other_01620,global features,Other,2020
canon_Other_01621,adjective-noun placement,Other,2020
canon_Other_01622,general and domain word embeddings,Other,2020
canon_Other_01623,domain-specific and task-oriented information,Other,2020
canon_Other_01624,polarized views,Other,2020
canon_Other_01625,topic-related and topic-unrelated features,Other,2020
canon_Other_01626,fine-grained multimodality interactions of,Other,2020
canon_Other_01627,redundancy,Other,2020
canon_Other_01628,fine-grained interactions between,Other,2020
canon_Other_01629,multimodal long sequences,Other,2020
canon_Other_01630,high noise AS,Other,2020
canon_Other_01631,Explicit Alignments,Other,2020
canon_Other_01632,Europ,Other,2020
canon_Other_01633,word-level alignments,Other,2020
canon_Other_01634,objective,Other,2020
canon_Other_01636,Deep,Other,2020
canon_Other_01637,global structure of,Other,2020
canon_Other_01638,semantic-level graph,Other,2020
canon_Other_01639,English-Like Relative Clause Attachment,Other,2020
canon_Other_01640,ambiguous relative clause attachment,Other,2020
canon_Other_01641,linguistic biases,Other,2020
canon_Other_01642,syntactico-semantic rules,Other,2020
canon_Other_01643,temporal relations between,Other,2020
canon_Other_01644,syntactic and semantic information,Other,2020
canon_Other_01645,sentence or discourse levels,Other,2020
canon_Other_01646,Uncertainty,Other,2020
canon_Other_01648,token-level predictions,Other,2020
canon_Other_01649,sentence position,Other,2020
canon_Other_01650,syntactic distance,Other,2020
canon_Other_01651,decoder uncertainty,Other,2020
canon_Other_01652,attention behavior,Other,2020
canon_Other_01653,stochastic dynamics,Other,2020
canon_Other_01654,non-stationary behavior of the market,Other,2020
canon_Other_01655,Stock movements,Other,2020
canon_Other_01656,chaotic temporal signals,Other,2020
canon_Other_01657,inter-stock relationships,Other,2020
canon_Other_01658,hierarchical temporal fashion,Other,2020
canon_Other_01659,embryo,Other,2020
canon_Other_01660,recurrent layer,Method,2018
canon_Other_01661,Probe,Method,2020
canon_Other_01662,low-reliablility predictions,Other,2020
canon_Other_01663,Confidence Estimation,Task,2020
canon_Other_01664,supervised data size,Other,2020
canon_Other_01665,Structural heterogeneity between,Other,2020
canon_Other_01666,topological structure,Other,2020
canon_Other_01667,discriminative neighborhood,Other,2020
canon_Other_01668,noisy neighbors,Other,2020
canon_Other_01669,neighborhood similarity,Other,2020
canon_Other_01670,non-contextual word embeddings,Other,2019
canon_Other_01671,semantic tags,Other,2020
canon_Other_01672,semantic phenomena,Other,2020
canon_Other_01673,substitution,Other,2020
canon_Other_01674,transposition,Other,2020
canon_Other_01675,deletion,Other,2020
canon_Other_01676,insertion,Other,2020
canon_Other_01678,Head-Tail Pair,Other,2020
canon_Other_01679,directed hypergraph structures,Other,2020
canon_Other_01680,nested,Other,2020
canon_Other_01681,explicit boundary tokens,Other,2020
canon_Other_01682,boundary tokens,Other,2020
canon_Other_01683,internal token connection,Other,2020
canon_Other_01684,HIT,Method,2020
canon_Other_01685,Smoothness-,Other,2020
canon_Other_01687,Sci,Other,2020
canon_Other_01688,loss cases,Other,2020
canon_Other_01689,latent,Other,2020
canon_Other_01690,peakier distributions,Other,2020
canon_Other_01691,Disambiguated Property-Value Pairs,Other,2020
canon_Other_01692,modifier constituents,Other,2020
canon_Other_01693,constituent modifiers,Other,2020
canon_Other_01694,Adversarial Word Substitutions,Other,2020
canon_Other_01695,random word substitutions,Other,2020
canon_Other_01696,black-box queries of,Other,2020
canon_Other_01697,world-level,Other,2020
canon_Other_01698,NL-code pairs,Other,2020
canon_Other_01699,sources,Other,2020
canon_Other_01700,external,Other,2020
canon_Other_01701,annotation artifacts,Other,2020
canon_Other_01702,generative story,Other,2020
canon_Other_01703,bi-directional lexicon update,Other,2020
canon_Other_01704,optimal,Other,2020
canon_Other_01705,session-based properties,Other,2020
canon_Other_01706,co-reference resolution,Task,2018
canon_Other_01707,co-reference,Other,2020
canon_Other_01708,compositional forms,Other,2020
canon_Other_01709,slot-carryover,Other,2020
canon_Other_01710,prior distribution of answer positions,Other,2020
canon_Other_01711,instance-level domain-relevance features,Other,2020
canon_Other_01712,curriculum,Other,2020
canon_Other_01713,phoneme-level labels,Other,2020
canon_Other_01714,cold,Other,2020
canon_Other_01715,classification uncertainty,Other,2020
canon_Other_01716,contextual semantic information,Other,2020
canon_Other_01717,coreferential relations,Other,2020
canon_Other_01718,domain corruption loss functions,Other,2020
canon_Other_01719,word frequency information,Other,2020
canon_Other_01720,components,Other,2020
canon_Other_01721,Bite,Other,2020
canon_Other_01722,predictors,Other,2020
canon_Other_01723,predictor,Other,2020
canon_Other_01724,similarity comparison,Other,2020
canon_Other_01725,ones,Other,2020
canon_Other_01726,program ali,Other,2020
canon_Other_01727,grammar rules,Other,2020
canon_Other_01728,Headline,Other,2020
canon_Other_01729,stylistic headlines,Other,2020
canon_Other_01730,directed graph,Other,2020
canon_Other_01731,noise,Method,2020
canon_Other_01732,dropout,Other,2020
canon_Other_01733,noisy training,Other,2020
canon_Other_01734,fact description features,Other,2020
canon_Other_01735,differentiable objective function,Other,2020
canon_Other_01736,word updating,Other,2020
canon_Other_01737,self-supervision,Other,2020
canon_Other_01738,adversarial objective,Other,2020
canon_Other_01739,variational lowerbound,Other,2020
canon_Other_01740,topic distribution,Other,2020
canon_Other_01741,unbounded ancestral and fraternal topic distribution,Other,2020
canon_Other_01742,Conversational Structure,Other,2020
canon_Other_01743,dialogue summaries,Other,2020
canon_Other_01744,compositional aspects,Other,2020
canon_Other_01745,compositional behavior,Other,2020
canon_Other_01746,compositional generalization,Task,2020
canon_Other_01747,crosslingual signal,Other,2020
canon_Other_01748,architectural properties,Other,2020
canon_Other_01749,prior workflows,Other,2020
canon_Other_01750,agglut,Other,2020
canon_Other_01751,bilingual,Other,2020
canon_Other_01752,content selection,Method,2019
canon_Other_01753,collection,Other,2020
canon_Other_01754,logical consistency,Other,2020
canon_Other_01755,coarse- and fine-grained predictions,Other,2020
canon_Other_01756,propositional Boolean expressions,Other,2020
canon_Other_01757,parsing trees,Other,2020
canon_Other_01758,automatic trees,Other,2020
canon_Other_01759,continuous embeddings,Other,2020
canon_Other_01760,compressed embeddings,Other,2020
canon_Other_01761,table segmentation subtask,Other,2020
canon_Other_01762,structural knowledge,Other,2020
canon_Other_01763,relational memory,Other,2020
canon_Other_01764,medical terms,Other,2020
canon_Other_01765,image-text attention mappings,Other,2020
canon_Other_01766,spanning trees,Other,2020
canon_Other_01767,Shallow Heuristics,Method,2020
canon_Other_01768,statistical data properties,Other,2020
canon_Other_01769,disambiguation errors,Other,2020
canon_Other_01770,utterance templates,Other,2020
canon_Other_01771,Lexicon,Other,2020
canon_Other_01772,word lexicons,Other,2020
canon_Other_01773,appearance,Other,2020
canon_Other_01774,sexualization,Other,2020
canon_Other_01775,Frame,Task,2018
canon_Other_01776,Type B Reflex,Other,2020
canon_Other_01777,language-agn,Other,2020
canon_Other_01778,Rare entities,Other,2020
canon_Other_01780,policy space,Other,2020
canon_Other_01781,value space,Other,2020
canon_Other_01782,token segmentation,Other,2020
canon_Other_01783,morphological phenomena,Other,2020
canon_Other_01784,morphological knowledge,Other,2020
canon_Other_01785,n-gram overlap,Other,2020
canon_Other_01786,normalized embeddings,Other,2020
canon_Other_01788,discourse,Other,2020
canon_Other_01789,cross-document relations,Other,2020
canon_Other_01790,Context-Specific Commonsense Knowledge Awareness,Other,2020
canon_Other_01791,Orthographic Schwas,Other,2020
canon_Other_01792,schwa,Other,2020
canon_Other_01793,orthog,Other,2020
canon_Other_01794,pronunc,Other,2020
canon_Other_01795,code tokens,Other,2020
canon_Other_01796,software-related named entities,Other,2020
canon_Other_01797,corpus-level features,Other,2020
canon_Other_01798,boundary errors,Other,2020
canon_Other_01799,dynamic embeddings,Method,2020
canon_Other_01800,contextual variations of,Other,2020
canon_Other_01801,static word embeddings,Other,2020
canon_Other_01802,energy terms,Other,2020
canon_Other_01803,Rs,Other,2020
canon_Other_01804,window-sliding style,Other,2020
canon_Other_01805,dialogue turn-interaction,Other,2020
canon_Other_01808,impulse function,Other,2020
canon_Other_01809,power law,Other,2020
canon_Other_01810,analytic features of,Other,2020
canon_Other_01811,CPT,Other,2020
canon_Other_01812,incremental access,Other,2020
canon_Other_01813,Inter References Variance,Other,2020
canon_Other_01814,intrinsic variance,Other,2020
canon_Other_01815,question-answer (QA) pairs,Other,2020
canon_Other_01816,causal effect,Other,2020
canon_Other_01817,hidden space,Other,2020
canon_Other_01818,representation-level,Other,2020
canon_Other_01819,fine-grained neuron-level,Other,2020
canon_Other_01820,probabilistic structures,Other,2020
canon_Other_01821,"batched, vectorized operations",Other,2020
canon_Other_01822,auto-differentiation,Other,2020
canon_Other_01823,broad,Other,2020
canon_Other_01824,implicit arguments,Other,2020
canon_Other_01825,unigram features,Other,2020
canon_Other_01826,query-cluster interactions,Other,2020
canon_Other_01827,Non-Isomorphic Embedding Spaces,Other,2020
canon_Other_01828,global linear projection,Other,2020
canon_Other_01829,non-linear projection,Other,2020
canon_Other_01830,non-isomorphic monolingual spaces,Other,2020
canon_Other_01831,selective binary masks,Other,2020
canon_Other_01832,loss landscape,Other,2020
canon_Other_01833,rooted and directed acyclic graphs,Other,2020
canon_Other_01834,universal expression tree,Other,2020
canon_Other_01835,subtree-level semanticallyalign,Other,2020
canon_Other_01836,semantic constraints,Other,2020
canon_Other_01837,solver,Other,2020
canon_Other_01838,document memory,Other,2020
canon_Other_01839,response-anticipated document,Other,2020
canon_Other_01840,dod,Other,2020
canon_Other_01841,trade,Other,2020
canon_Other_01842,Open IE extraction,Other,2020
canon_Other_01843,coreference between,Other,2020
canon_Other_01844,error cascades,Other,2020
canon_Other_01845,limited context dependencies,Other,2020
canon_Other_01846,tag information,Other,2020
canon_Other_01847,feature difference and tag information,Other,2020
canon_Other_01848,low-level differences,Other,2020
canon_Other_01850,texture,Other,2020
canon_Other_01851,localized area,Other,2020
canon_Other_01852,named entity and part-of-speech information,Other,2020
canon_Other_01853,object references,Other,2020
canon_Other_01854,language-generation annotations,Other,2020
canon_Other_01855,translation capabilities,Other,2020
canon_Other_01857,AMRs,Other,2020
canon_Other_01858,higher order information,Other,2020
canon_Other_01859,alternative,Method,2020
canon_Other_01860,irrelevant token,Other,2020
canon_Other_01861,action token distribution,Other,2020
canon_Other_01862,unified vector space,Other,2020
canon_Other_01863,Multi-Word Expressions,Other,2020
canon_Other_01864,intra-sentential (local,Other,2020
canon_Other_01865,Keyword Correlation Graph,Other,2020
canon_Other_01866,topical keywords,Other,2020
canon_Other_01867,local and global features,Other,2020
canon_Other_01868,vector dimensions,Other,2020
canon_Other_01869,term frequency-inverse document frequency,Other,2020
canon_Other_01870,average embedding,Other,2020
canon_Other_01871,MeSH,Other,2020
canon_Other_01872,adjacency matrix of,Other,2020
canon_Other_01873,co-occurrence relationships,Other,2020
canon_Other_01874,MeSH index keywords,Other,2020
canon_Other_01875,compositionality of words,Other,2020
canon_Other_01876,segmentation errors,Other,2020
canon_Other_01877,in-turn dependencies,Other,2020
canon_Other_01878,cross-turn dependencies,Other,2020
canon_Other_01879,slot-level context,Other,2020
canon_Other_01880,Pragmatic Self-Consciousness,Other,2020
canon_Other_01881,Natural Language Inference (NLI) labels,Other,2020
canon_Other_01882,public self-consciousness,Other,2020
canon_Other_01883,distractor selection,Other,2020
canon_Other_01884,gender information,Other,2020
canon_Other_01885,dynamics of online conversations,Other,2020
canon_Other_01886,sarcasm perspective labels,Other,2020
canon_Other_01887,factual information,Other,2020
canon_Other_01888,region features,Other,2020
canon_Other_01889,encoded region-grounded captions,Other,2020
canon_Other_01890,RG,Other,2020
canon_Other_01891,object attributes,Other,2020
canon_Other_01892,visual/textual information,Other,2020
canon_Other_01893,light,Other,2020
canon_Other_01894,word identity,Other,2021
canon_Other_01895,V-information,Other,2021
canon_Other_01896,head-final left-branching structures,Other,2021
canon_Other_01898,potential function,Other,2021
canon_Other_01899,innermost entities,Other,2021
canon_Other_01900,embedding layer,Other,2021
canon_Other_01901,power,Other,2021
canon_Other_01902,TF-IDF,Other,2021
canon_Other_01903,regression coefficients,Other,2021
canon_Other_01904,noun phrase coreference structure,Other,2021
canon_Other_01905,template structure,Other,2021
canon_Other_01906,coreferent entity mentions,Other,2021
canon_Other_01907,Expressive Priors,Other,2021
canon_Other_01908,expressive prior distributions,Other,2021
canon_Other_01909,rich priors,Other,2021
canon_Other_01910,importance-sampled log marginal likelihood,Other,2021
canon_Other_01911,VAE objective,Other,2021
canon_Other_01912,sentence VAEs,Other,2021
canon_Other_01913,normalizing flows,Other,2021
canon_Other_01914,composition of programs,Other,2021
canon_Other_01915,SQL,Other,2021
canon_Other_01916,compositions,Other,2021
canon_Other_01918,Subnetwork,Other,2021
canon_Other_01919,linguistic task,Other,2021
canon_Other_01920,hyperspher,Other,2021
canon_Other_01921,Emotion Causes,Other,2021
canon_Other_01923,emotion cause words,Other,2021
canon_Other_01924,word-level label,Other,2021
canon_Other_01925,bilingual spaces,Other,2021
canon_Other_01926,word translation,Other,2021
canon_Other_01927,Dense Captions,Other,2021
canon_Other_01928,ASR narrations,Other,2021
canon_Other_01929,dense region captions,Other,2021
canon_Other_01930,video and language associations,Other,2021
canon_Other_01931,temporal misalignment issue,Other,2021
canon_Other_01932,sexually,Other,2021
canon_Other_01933,dialog context,Other,2021
canon_Other_01934,mathematical premises,Other,2021
canon_Other_01935,Mathematical statements,Other,2021
canon_Other_01936,Contextual Word Alignments,Other,2021
canon_Other_01937,foreign,Other,2021
canon_Other_01939,entity mention features,Other,2021
canon_Other_01940,noise distribution patterns,Other,2021
canon_Other_01941,entity prior,Other,2021
canon_Other_01942,statistical constraint,Other,2021
canon_Other_01943,label imbalance,Other,2021
canon_Other_01944,error accumulation,Other,2021
canon_Other_01945,discriminative biases,Other,2021
canon_Other_01946,token- or sentence-levels,Other,2021
canon_Other_01948,Generic resources,Other,2021
canon_Other_01949,polarity,Other,2021
canon_Other_01950,GP,Method,2021
canon_Other_01951,general-purpose,Other,2021
canon_Other_01952,contextual multilingual multimodal embeddings,Other,2021
canon_Other_01953,multilingual annotations,Other,2021
canon_Other_01954,arch,Other,2021
canon_Other_01955,dramatis personae,Other,2021
canon_Other_01956,stereotypical roles,Other,2021
canon_Other_01957,unigrams,Other,2021
canon_Other_01958,tf-idf weights,Other,2021
canon_Other_01959,coreference chain heads,Other,2021
canon_Other_01960,temporal links,Other,2021
canon_Other_01961,structurally,Other,2021
canon_Other_01962,oracle READ/,Other,2021
canon_Other_01963,oracle actions,Other,2021
canon_Other_01964,hand-crafted linguistically-informed features,Other,2021
canon_Other_01965,hand-crafted translationese features,Other,2021
canon_Other_01966,translationese universal,Other,2021
canon_Other_01967,Balanced Deep,Other,2021
canon_Other_01968,margin bias problem,Other,2021
canon_Other_01969,representation distributions of labels,Other,2021
canon_Other_01970,angular margin loss,Other,2021
canon_Other_01971,balanced,Other,2021
canon_Other_01972,embedded syntax trees,Other,2021
canon_Other_01973,entity mention annotations,Other,2021
canon_Other_01974,hashtagging preferences,Other,2021
canon_Other_01975,deep semantic space,Other,2021
canon_Other_01976,hashtag semantics,Other,2021
canon_Other_01977,hashtag contexts,Other,2021
canon_Other_01978,lexical features,Other,2021
canon_Other_01979,Hierarchical BART,Other,2021
canon_Other_01980,social network relationships,Other,2021
canon_Other_01981,historical emotional spectrum of,Other,2021
canon_Other_01983,syntax controlling,Other,2021
canon_Other_01984,cycle reconstruction learning objectives,Other,2021
canon_Other_01985,corpus-level noise,Other,2021
canon_Other_01986,natural hallucinations,Other,2021
canon_Other_01987,detached,Other,2021
canon_Other_01988,oscillatory outputs,Other,2021
canon_Other_01989,corpus-level noise patterns,Other,2021
canon_Other_01990,hallucination amplification,Other,2021
canon_Other_01991,aspect-centric tree structure,Other,2021
canon_Other_01993,personal relationships,Other,2021
canon_Other_01994,surprising personal relationships,Other,2021
canon_Other_01995,parallel ontologies,Other,2021
canon_Other_01996,NER,Other,2021
canon_Other_01997,DEP,Other,2021
canon_Other_01998,Con,Method,2020
canon_Other_01999,temporal span,Other,2021
canon_Other_02000,coarse-and-fine choice,Other,2021
canon_Other_02001,choice,Other,2021
canon_Other_02002,visual and textual information,Other,2021
canon_Other_02003,sentence-moment and token-moment levels,Other,2021
canon_Other_02004,coarse-and-fine cross-modal interaction,Other,2021
canon_Other_02005,video moment,Other,2021
canon_Other_02006,continuous-valued matrix,Other,2021
canon_Other_02007,hard-label outputs,Other,2021
canon_Other_02008,Word Salience,Other,2021
canon_Other_02009,TextRank,Other,2021
canon_Other_02010,explanation,Other,2021
canon_Other_02011,semantic annotations,Other,2021
canon_Other_02012,application,Other,2021
canon_Other_02013,text generation parameters,Other,2021
canon_Other_02014,phrase mention,Other,2021
canon_Other_02015,Video-level context,Other,2021
canon_Other_02016,local and,Other,2021
canon_Other_02017,cross-source information,Other,2021
canon_Other_02018,pretrain-finetune discrepancy,Other,2021
canon_Other_02019,Phonological and Morphological Knowledge,Other,2021
canon_Other_02020,Chinese spelling errors,Other,2021
canon_Other_02021,phonological or visual errors,Other,2021
canon_Other_02022,lex,Other,2021
canon_Other_02023,Task-specific Information,Other,2021
canon_Other_02024,task-specific non-contextualised information,Other,2021
canon_Other_02025,science,Method,2018
canon_Other_02026,explanatory patterns,Other,2021
canon_Other_02027,lexical relevance,Other,2021
canon_Other_02028,unification power,Other,2021
canon_Other_02029,semantic drift,Other,2021
canon_Other_02030,token-wise transition and emission probabilities,Other,2021
canon_Other_02031,BERT embeddings,Method,2019
canon_Other_02032,BERT-NER,Other,2021
canon_Other_02033,Wikipedia Entities,Other,2021
canon_Other_02034,Wikipedia Hyperlinks,Other,2021
canon_Other_02035,entity semantics,Other,2021
canon_Other_02036,lexical-semantic knowledge,Other,2021
canon_Other_02037,event mention,Other,2021
canon_Other_02038,event-time links,Other,2021
canon_Other_02039,predicted,Other,2021
canon_Other_02040,Sentence Selection,Other,2021
canon_Other_02041,optimize,Other,2021
canon_Other_02043,Contexts,Other,2021
canon_Other_02044,Regularizer,Other,2021
canon_Other_02045,context regular,Other,2021
canon_Other_02046,lexical and syntactic diversity,Other,2021
canon_Other_02047,scalar from relational adjectives,Other,2021
canon_Other_02048,scene,Other,2021
canon_Other_02049,language-specific knowledge,Other,2021
canon_Other_02050,word frequencies,Other,2021
canon_Other_02051,lexical perturbations,Other,2021
canon_Other_02052,synonym replacement,Other,2021
canon_Other_02053,k,Other,2021
canon_Other_02054,gender imbalance,Other,2021
canon_Other_02055,factual errors,Other,2021
canon_Other_02056,"word-, dependency-",Other,2021
canon_Other_02057,fine-grained annotations,Other,2021
canon_Other_02058,explainable features,Other,2021
canon_Other_02059,human-,Other,2021
canon_Other_02060,speakers,Other,2021
canon_Other_02061,dialogue structure,Other,2021
canon_Other_02062,speaker features,Other,2021
canon_Other_02063,conversation style,Other,2021
canon_Other_02064,directed relationships of,Other,2021
canon_Other_02065,lexical framing,Other,2021
canon_Other_02066,supportive,Other,2021
canon_Other_02067,summaries,Other,2021
canon_Other_02068,representation mapping,Other,2021
canon_Other_02069,instance-level,Other,2021
canon_Other_02070,feature-level,Other,2021
canon_Other_02071,argumentative contexts,Other,2021
canon_Other_02072,argumentativeness,Other,2021
canon_Other_02074,MT model information,Other,2021
canon_Other_02075,Transformer Attention Heads,Other,2021
canon_Other_02076,core semantics,Other,2021
canon_Other_02077,core semantic knowledge,Other,2021
canon_Other_02078,dialogue-level AMR graphs,Other,2021
canon_Other_02079,sentence-level AMRs,Other,2021
canon_Other_02080,gestures,Other,2021
canon_Other_02081,into,Other,2021
canon_Other_02082,content variation,Other,2021
canon_Other_02083,body movement cues,Other,2021
canon_Other_02084,pauses,Other,2021
canon_Other_02085,multimodal embedding,Other,2021
canon_Other_02086,negative transfer,Other,2021
canon_Other_02087,Cross-Task Knowledge,Task,2019
canon_Other_02088,case memory,Other,2021
canon_Other_02089,logical forms,Other,2021
canon_Other_02090,Handcrafted Linguistic Features,Other,2021
canon_Other_02091,natural-language prompt,Other,2021
canon_Other_02092,lattice graph,Other,2021
canon_Other_02093,lattices,Other,2021
canon_Other_02094,emerging entities,Other,2021
canon_Other_02095,WORD documents,Other,2021
canon_Other_02096,XML metadata,Other,2021
canon_Other_02097,"text, and layout information",Other,2021
canon_Other_02098,flat predictions,Other,2021
canon_Other_02099,Task variance regularization,Other,2021
canon_Other_02100,task variance,Other,2021
canon_Other_02101,procedures,Other,2021
canon_Other_02102,relevance information,Other,2021
canon_Other_02103,named,Task,2018
canon_Other_02104,named entity boundaries,Other,2021
canon_Other_02105,Form–,Other,2021
canon_Other_02106,language family,Other,2021
canon_Other_02107,geographic proximity,Other,2021
canon_Other_02108,"concept-aligned, cross-lingual lexicon",Other,2021
canon_Other_02109,within language non-arbitrariness,Other,2021
canon_Other_02110,cross-linguistic non-arbitrariness,Other,2021
canon_Other_02111,verbal morphology of,Other,2021
canon_Other_02112,Alg,Other,2021
canon_Other_02113,French elements,Other,2021
canon_Other_02114,morpho-phonological interactions,Other,2021
canon_Other_02115,concatenative morphology,Other,2021
canon_Other_02116,phonological rule alternations,Other,2021
canon_Other_02117,pre-,Method,2020
canon_Other_02118,decoder topic,Other,2021
canon_Other_02119,numerical reasoning,Other,2019
canon_Other_02120,structural changes,Other,2021
canon_Other_02121,oms,Other,2021
canon_Other_02122,temporal and spatial reasoning,Other,2021
canon_Other_02123,rating scales,Other,2021
canon_Other_02124,offensiveness scores,Other,2021
canon_Other_02125,reply relations,Other,2021
canon_Other_02126,discord,Other,2021
canon_Other_02127,reply structure,Other,2021
canon_Other_02128,Cross-lingual Supervision,Other,2021
canon_Other_02129,large scale supervised setting,Other,2021
canon_Other_02130,false negative,Other,2021
canon_Other_02131,unified feature space,Other,2021
canon_Other_02132,coherence issues,Other,2021
canon_Other_02133,discrimin,Other,2021
canon_Other_02134,WordNet graph,Other,2021
canon_Other_02135,local structure of the graph,Other,2021
canon_Other_02136,global WordNet graph,Other,2021
canon_Other_02137,global graph structure,Other,2021
canon_Other_02138,Symbolic Semantics,Other,2021
canon_Other_02139,material solubility,Other,2021
canon_Other_02140,solubility-related entities,Other,2021
canon_Other_02141,solute names,Other,2021
canon_Other_02142,solubility values,Other,2021
canon_Other_02143,solubility units,Other,2021
canon_Other_02144,social bias attributes,Other,2021
canon_Other_02145,bias information,Other,2021
canon_Other_02146,morphological forms,Other,2021
canon_Other_02147,Lexical Choice,Task,2018
canon_Other_02148,doctor,Other,2021
canon_Other_02149,urban legend,Other,2021
canon_Other_02150,Backtranslation Feedback,Other,2021
canon_Other_02151,backward translation,Other,2021
canon_Other_02152,source paraphrasing,Other,2021
canon_Other_02153,backward translation feedback,Other,2021
canon_Other_02154,trie,Other,2021
canon_Other_02155,trie matching,Other,2021
canon_Other_02156,gold evidence,Other,2021
canon_Other_02157,Unified Label Space,Other,2021
canon_Other_02158,time context,Other,2021
canon_Other_02159,instancelevel pairing of evaluation scores,Other,2021
canon_Other_02160,painsta,Other,2021
canon_Other_02161,weak label completion,Other,2021
canon_Other_02162,noise-aware loss function,Other,2021
canon_Other_02163,domain-specific KB,Other,2021
canon_Other_02164,transcri,Other,2021
canon_Other_02165,transcriber,Other,2021
canon_Other_02166,cycle,Other,2021
canon_Other_02167,literal and idiomatic usage,Other,2021
canon_Other_02168,noun compounds idiomaticity,Other,2021
canon_Other_02169,noun compounds,Other,2021
canon_Other_02170,lexical substitution,Task,2019
canon_Other_02171,Inverted Index,Other,2021
canon_Other_02172,answer spans,Other,2021
canon_Other_02173,soft predictions,Other,2021
canon_Other_02174,Orthogonal Sentence States,Other,2021
canon_Other_02175,topical continuity,Other,2021
canon_Other_02176,inter-sentence context,Other,2021
canon_Other_02177,inter-sentence information,Other,2021
canon_Other_02178,semantic parse,Other,2021
canon_Other_02180,random replacement,Other,2021
canon_Other_02181,dense connectivity,Other,2021
canon_Other_02182,Continuous Entailment Patterns,Other,2021
canon_Other_02183,textual patterns,Other,2021
canon_Other_02184,PLM,Method,2021
canon_Other_02185,CONtinous pAtterNs,Other,2021
canon_Other_02186,diagnostic checklist,Other,2021
canon_Other_02187,speech errors,Other,2021
canon_Other_02188,keyph,Other,2021
canon_Other_02189,MT output,Other,2021
canon_Other_02190,speech-to-text,Other,2021
canon_Other_02191,decomposable risk function,Other,2021
canon_Other_02192,risk function,Other,2021
canon_Other_02193,Context Emotions,Other,2021
canon_Other_02194,focal loss,Other,2021
canon_Other_02195,imbalanced data distribution,Other,2021
canon_Other_02196,consistency loss,Other,2021
canon_Other_02197,ground truth labels,Other,2021
canon_Other_02198,multimodal metaphor,Other,2021
canon_Other_02199,metaphorical information,Other,2021
canon_Other_02200,multimodal annotations,Other,2021
canon_Other_02201,domain relations,Other,2021
canon_Other_02202,author intent,Other,2021
canon_Other_02203,latent subject skill,Other,2021
canon_Other_02204,latent item difficulty,Other,2021
canon_Other_02205,annotation errors,Other,2021
canon_Other_02206,NLP Evaluation Landscape,Other,2021
canon_Other_02207,subpopulations,Other,2021
canon_Other_02208,transformations,Other,2021
canon_Other_02209,evaluation sets,Other,2021
canon_Other_02210,language-invariant between,Other,2021
canon_Other_02211,parallel sentences,Other,2021
canon_Other_02213,bilingual supervision of low-,Other,2021
canon_Other_02214,document structure,Other,2021
canon_Other_02215,QRA triples,Other,2021
canon_Other_02216,semantic categories,Other,2021
canon_Other_02217,noun,Other,2021
canon_Other_02218,nominal nouns,Other,2021
canon_Other_02219,named entity mention,Other,2021
canon_Other_02220,context dependent hypernyms,Other,2021
canon_Other_02221,cross-task consistency constraints,Other,2021
canon_Other_02222,penalty functions,Other,2021
canon_Other_02223,compact binary codes,Other,2021
canon_Other_02224,binary codes,Other,2021
canon_Other_02225,learning signals,Other,2021
canon_Other_02226,adversarial terms,Other,2021
canon_Other_02227,loss terms,Other,2021
canon_Other_02228,UML,Other,2021
canon_Other_02229,merchandising annotations,Other,2021
canon_Other_02230,lexical analogies,Other,2021
canon_Other_02231,pros,Other,2021
canon_Other_02232,SU boundaries,Other,2021
canon_Other_02233,pitch and intensity features,Other,2021
canon_Other_02234,argumentation graph,Other,2021
canon_Other_02235,enumeration operations,Other,2021
canon_Other_02236,Noisy Labels,Other,2021
canon_Other_02237,task-specific losses,Other,2021
canon_Other_02238,brand-associated polarity-bearing topics,Other,2021
canon_Other_02239,real-valued brand-associated sentiment scores,Other,2021
canon_Other_02240,fine-grained sentiment-topics,Other,2021
canon_Other_02242,Golden Responses,Other,2021
canon_Other_02243,golden,Other,2021
canon_Other_02244,reordering patterns,Other,2021
canon_Other_02245,proximal mechanism,Other,2022
canon_Other_02246,atari,Other,2022
canon_Other_02247,AlphaGo Zero,Other,2022
canon_Other_02248,game concepts,Other,2022
canon_Other_02249,high-level abstractions,Other,2022
canon_Other_02250,Pyramid Annotations,Other,2022
canon_Other_02251,shared latent space,Other,2022
canon_Other_02252,linguistic and perceptual information,Other,2022
canon_Other_02253,human visual imagination ability,Other,2022
canon_Other_02254,visual imagination,Other,2022
canon_Other_02255,Signal,Other,2022
canon_Other_02256,distributional hypothesis,Other,2022
canon_Other_02257,word context,Other,2022
canon_Other_02258,n-grams,Method,2022
canon_Other_02259,word part-of-speech,Other,2022
canon_Other_02260,concept concreteness,Other,2022
canon_Other_02261,reasoning structures,Other,2022
canon_Other_02262,Logical formulae,Other,2022
canon_Other_02263,logical reasoning,Other,2022
canon_Other_02264,human cognitive process,Other,2022
canon_Other_02265,reasoning graphs,Other,2022
canon_Other_02266,representation discrepancy,Other,2022
canon_Other_02267,representation sequences,Other,2022
canon_Other_02268,Unim,Method,2020
canon_Other_02269,multimodal mixed sequences,Other,2022
canon_Other_02270,cross-modal representation discrepancy,Other,2022
canon_Other_02271,empathetic intent,Other,2022
canon_Other_02272,monot,Other,2022
canon_Other_02273,empathetic intents distribution,Other,2022
canon_Other_02274,marginal probability,Other,2022
canon_Other_02275,pointwise mutual information,Other,2022
canon_Other_02276,causal dynamics,Other,2022
canon_Other_02277,dist,Method,2018
canon_Other_02278,causal structure,Other,2022
canon_Other_02279,monolingual knowledge facts,Other,2022
canon_Other_02281,monolingual triples,Other,2022
canon_Other_02282,cross-lingual links,Other,2022
canon_Other_02283,Generalized Quantifiers,Other,2022
canon_Other_02284,quantifier words,Other,2022
canon_Other_02285,quantif,Other,2022
canon_Other_02286,quantifier,Other,2022
canon_Other_02287,grammatical,Other,2022
canon_Other_02288,EDIT,Task,2020
canon_Other_02289,edit spans,Other,2022
canon_Other_02290,editable spans,Other,2022
canon_Other_02291,descriptors,Other,2022
canon_Other_02292,token likelihood,Other,2022
canon_Other_02294,grammatical and factual natural language explanations,Other,2022
canon_Other_02295,knowledge generalization,Other,2022
canon_Other_02296,script,Other,2022
canon_Other_02297,word embedding alignment,Other,2022
canon_Other_02298,Implicit Physical Properties,Other,2022
canon_Other_02299,mass,Other,2022
canon_Other_02300,relative object motion,Other,2022
canon_Other_02301,dynamics,Other,2022
canon_Other_02302,collisions,Other,2022
canon_Other_02303,implicit physical properties of objects,Other,2022
canon_Other_02304,visible properties of objects,Other,2022
canon_Other_02305,initial,Method,2020
canon_Other_02306,implicit properties,Other,2022
canon_Other_02307,explicit properties of objects,Other,2022
canon_Other_02309,CUDA graphs,Other,2022
canon_Other_02310,local-level variables,Other,2022
canon_Other_02311,Text-derived features,Other,2022
canon_Other_02312,clustered embedding features,Other,2022
canon_Other_02313,upward trend signals,Other,2022
canon_Other_02314,NOT,Other,2022
canon_Other_02316,sentence importance,Other,2022
canon_Other_02317,sentence focusing,Other,2022
canon_Other_02318,semantic structure,Other,2022
canon_Other_02319,query template,Other,2022
canon_Other_02320,variability of,Other,2022
canon_Other_02321,ATP,Other,2022
canon_Other_02322,NL-side perturbations,Other,2022
canon_Other_02323,task-specialized SEs,Other,2022
canon_Other_02324,task specialization knowledge,Other,2022
canon_Other_02325,Input-Label Demonstrations,Other,2022
canon_Other_02326,input-label correspondence,Other,2022
canon_Other_02327,ground-truth label demonstrations,Other,2022
canon_Other_02328,input,Other,2022
canon_Other_02329,verbosity of prompt templates,Other,2022
canon_Other_02330,language model size,Other,2022
canon_Other_02331,echo chambers,Other,2022
canon_Other_02332,political polarization,Other,2022
canon_Other_02333,semantic and syntactic textual labels,Other,2022
canon_Other_02334,paragraph-level labels,Other,2022
canon_Other_02335,news content,Other,2022
canon_Other_02336,"semantic, syntactic and entity cues",Other,2022
canon_Other_02337,knowledge walks,Other,2022
canon_Other_02338,image objects,Other,2022
canon_Other_02339,non-object image information,Other,2022
canon_Other_02340,image caption,Other,2022
canon_Other_02341,object tags,Other,2022
canon_Other_02342,visual tasks,Other,2022
canon_Other_02343,brain-activity measurement,Other,2022
canon_Other_02344,task similarity,Other,2022
canon_Other_02345,latter,Other,2022
canon_Other_02346,task relations,Other,2022
canon_Other_02347,cognitive,Method,2022
canon_Other_02348,Triplet Margin Objective,Other,2022
canon_Other_02349,binary or five-point scale ideological leanings,Other,2022
canon_Other_02350,ideological leanings,Other,2022
canon_Other_02351,image content,Other,2022
canon_Other_02352,triplet objective,Other,2022
canon_Other_02353,class-irrelevant nature,Other,2022
canon_Other_02354,poisoning process,Other,2022
canon_Other_02355,trigger-based attacks,Other,2022
canon_Other_02356,loss objectives,Other,2022
canon_Other_02357,conflict,Other,2022
canon_Other_02358,ad,Method,2018
canon_Other_02359,CTR objective,Other,2022
canon_Other_02360,self-supervised objective,Other,2022
canon_Other_02361,user’s affinities,Other,2022
canon_Other_02362,query semantics,Other,2022
canon_Other_02363,user-agent interactions,Other,2022
canon_Other_02364,latent representations of users’ affinities,Other,2022
canon_Other_02365,utterance embeddings,Other,2022
canon_Other_02366,global or personalized constrained decoding space,Other,2022
canon_Other_02367,model decision boundaries,Other,2022
canon_Other_02368,model uncertainty,Other,2022
canon_Other_02369,adversarialexamples,Other,2022
canon_Other_02370,cross-lingual linear maps,Other,2022
canon_Other_02371,cross-lingual maps,Other,2022
canon_Other_02372,static WEs,Other,2022
canon_Other_02373,misattribution harm,Other,2022
canon_Other_02374,legal contracts,Other,2022
canon_Other_02376,Long-range Context Relation,Other,2022
canon_Other_02377,Term-Definition Relation,Other,2022
canon_Other_02378,Similar Clause Relation,Other,2022
canon_Other_02379,relational scope,Other,2022
canon_Other_02380,relational feature signals,Other,2022
canon_Other_02381,gradual drift problems,Other,2022
canon_Other_02382,hierarchical signals,Other,2022
canon_Other_02383,relational feature space,Other,2022
canon_Other_02384,Persona,Other,2022
canon_Other_02385,Transformers,Method,2019
canon_Other_02386,visual modalities,Other,2022
canon_Other_02387,WordNet hierarchical structure,Other,2022
canon_Other_02388,ambiguity,Other,2022
canon_Other_02389,entity pairs,Other,2022
canon_Other_02390,linear separability,Other,2022
canon_Other_02391,random projections,Other,2022
canon_Other_02392,random effects,Other,2022
canon_Other_02393,context access capacities,Other,2022
canon_Other_02394,syntactic constructions,Other,2022
canon_Other_02395,syntactic biases,Other,2022
canon_Other_02396,memor,Other,2022
canon_Other_02397,evidentiality of,Other,2022
canon_Other_02398,evident,Other,2022
canon_Other_02399,gold evidentiality labels,Other,2022
canon_Other_02400,CRF structures,Other,2022
canon_Other_02401,constituent n-gram non-local patterns,Other,2022
canon_Other_02402,non-local patterns,Other,2022
canon_Other_02403,local constituents,Other,2022
canon_Other_02404,batch,Other,2022
canon_Other_02405,contrastive,Other,2022
canon_Other_02406,citation information,Other,2022
canon_Other_02407,text spans,Other,2022
canon_Other_02408,compositional structures of natural language,Other,2022
canon_Other_02409,constituent spans,Other,2022
canon_Other_02410,bottom-up and top-down compositional information,Other,2022
canon_Other_02411,reasoning,Task,2020
canon_Other_02412,hierarchical reasoning path,Other,2022
canon_Other_02413,factoid answer,Other,2022
canon_Other_02414,cross-passage interactions,Other,2022
canon_Other_02415,semantic granular,Other,2022
canon_Other_02416,domain-specific features,Other,2022
canon_Other_02417,cross-modal similarity,Other,2022
canon_Other_02418,none,Other,2022
canon_Other_02419,Latent Language,Other,2022
canon_Other_02420,sparse natural language annotations,Other,2022
canon_Other_02421,low-level actions,Other,2022
canon_Other_02422,high-level instruction sequences,Other,2022
canon_Other_02423,ideological perspectives of political actors,Other,2022
canon_Other_02424,factual statements,Other,2022
canon_Other_02425,ideological stance consistency,Other,2022
canon_Other_02426,echo chamber phenomenon,Other,2022
canon_Other_02427,political behavior,Other,2022
canon_Other_02428,semantic and,Other,2022
canon_Other_02429,question-,Other,2022
canon_Other_02430,question-to-question,Other,2022
canon_Other_02431,semi supervision,Other,2022
canon_Other_02432,linear,Other,2022
canon_Other_02433,grammar constructs,Other,2022
canon_Other_02434,articles,Other,2022
canon_Other_02435,verbs,Other,2022
canon_Other_02436,nouns,Other,2022
canon_Other_02437,utterance-level meaning,Other,2022
canon_Other_02438,fine-grained task-specific interaction,Other,2022
canon_Other_02439,heterogeneous task-related graphs,Other,2022
canon_Other_02440,word-level interaction between,Other,2022
canon_Other_02441,salient content,Other,2022
canon_Other_02442,cascade structure,Other,2022
canon_Other_02443,belief state,Other,2022
canon_Other_02444,domain-slot-value,Other,2022
canon_Other_02445,flowchart,Other,2022
canon_Other_02446,connectivity structure,Other,2022
canon_Other_02447,polar words,Other,2022
canon_Other_02448,flowcharts,Other,2022
canon_Other_02449,prompt templates,Other,2022
canon_Other_02450,twin,Other,2022
canon_Other_02451,self- and correlative definitional information,Other,2022
canon_Other_02452,definitional information,Other,2022
canon_Other_02453,methodologies,Other,2022
canon_Other_02454,decoder’,Other,2022
canon_Other_02455,translation distribution,Other,2022
canon_Other_02456,distributed embeddings,Other,2022
canon_Other_02457,query-related (,Other,2022
canon_Other_02458,differentiable logic operators,Other,2022
canon_Other_02459,Multi-Document Coverage Reward,Other,2022
canon_Other_02460,maximum-likelihood objectives,Other,2022
canon_Other_02461,vision,Other,2022
canon_Other_02462,linguistic constructs,Other,2022
canon_Other_02463,in-domain dictionaries,Other,2022
canon_Other_02464,Locality of Syntactic Information,Other,2022
canon_Other_02465,aspect category,Other,2022
canon_Other_02466,sentiment words,Other,2022
canon_Other_02467,aspect category-sentiment pairs,Other,2022
canon_Other_02468,principle,Other,2022
canon_Other_02469,attentional probe,Other,2022
canon_Other_02470,self-attention head,Other,2022
canon_Other_02471,wall clock times,Other,2022
canon_Other_02472,Simple,Other,2022
canon_Other_02473,categorial atomic types,Other,2022
canon_Other_02474,idea,Other,2022
canon_Other_02475,quadratic space and time complexity,Other,2022
canon_Other_02476,quadratic complexity,Other,2022
canon_Other_02477,information theoretic quantities,Other,2022
canon_Other_02478,word and context information content,Other,2022
canon_Other_02479,information distribution of prior context,Other,2022
canon_Other_02480,sentence- and clause-final RTs,Other,2022
canon_Other_02481,sentence-medial RTs,Other,2022
canon_Other_02482,grammatical role,Other,2022
canon_Other_02483,lexical semantics,Other,2022
canon_Other_02484,compositional meaning,Other,2022
canon_Other_02485,lexical expectations,Other,2022
canon_Other_02486,word order knowledge,Other,2022
canon_Other_02487,early,Method,2021
canon_Other_02488,semantic similarity rewards,Other,2022
canon_Other_02489,greedy alignments,Other,2022
canon_Other_02490,domain mismatch,Other,2022
canon_Other_02491,ODE,Other,2022
canon_Other_02492,higher,Other,2022
canon_Other_02493,Commit messages,Other,2022
canon_Other_02494,dual,Other,2022
canon_Other_02495,KG triples,Other,2022
canon_Other_02496,intra- and inter-sentence structures,Other,2022
canon_Other_02497,logical patterns,Other,2022
canon_Other_02498,KD objectives,Other,2022
canon_Other_02499,human alignment,Other,2022
canon_Other_02500,global” dialogue state (GDS) space,Other,2022
canon_Other_02501,task-specific progression function,Other,2022
canon_Other_02502,dialogue rollouts,Other,2022
canon_Other_02503,progression signals,Other,2022
canon_Other_02504,abusive language,Other,2022
canon_Other_02505,explicit and implicit abusive language,Other,2022
canon_Other_02506,attacks,Other,2022
canon_Other_02507,embedding feature spaces,Other,2022
canon_Other_02508,model embedding spaces,Other,2022
canon_Other_02509,latent embedding space,Other,2022
canon_Other_02510,differential privacy guarantees,Other,2022
canon_Other_02511,differential privacy,Other,2022
canon_Other_02512,privacy notion,Other,2022
canon_Other_02513,perturbation diversity,Other,2022
canon_Other_02514,textual hypotheses,Other,2022
canon_Other_02515,log quotient of the,Other,2022
canon_Other_02516,translation model probability,Other,2022
canon_Other_02517,language model probability,Other,2022
canon_Other_02518,relation dependencies,Other,2022
canon_Other_02519,multi-scale and multi-amount argument relations,Other,2022
canon_Other_02520,multi-view embeddings,Other,2022
canon_Other_02521,global-local loss,Other,2022
canon_Other_02522,text space,Other,2022
canon_Other_02523,fixed-length corrections,Other,2022
canon_Other_02524,sentence length,Other,2022
canon_Other_02525,phonological tokens,Other,2022
canon_Other_02526,cross-argument dependency,Other,2022
canon_Other_02527,Bag,Other,2022
canon_Other_02528,Graph vs,Other,2022
canon_Other_02529,Text-Graphs,Other,2022
canon_Other_02530,Bag-of,Other,2022
canon_Other_02531,synthetic graphs,Other,2022
canon_Other_02532,Unobserved Local Structures,Other,2022
canon_Other_02533,local structure,Other,2022
canon_Other_02534,ground-truth graphs,Other,2022
canon_Other_02535,semantic constituency structures,Other,2022
canon_Other_02536,syntactic constituency structures,Other,2022
canon_Other_02537,syntactic and semantic dependency structures,Other,2022
canon_Other_02538,communicative skills,Other,2022
canon_Other_02539,skill blending,Other,2022
canon_Other_02540,skill grounding,Other,2022
canon_Other_02541,Entailment Labels,Other,2022
canon_Other_02542,edit intention taxonomi,Other,2022
canon_Other_02543,sentence-level edits,Other,2022
canon_Other_02544,aTeR,Other,2022
canon_Other_02545,iterative text,Other,2022
canon_Other_02546,relations,Other,2022
canon_Other_02547,causal graph,Method,2022
canon_Other_02548,Cross-Linguistic Syntactic Difference,Other,2022
canon_Other_02549,syntactic difference,Other,2022
canon_Other_02550,linguistic formalisms,Other,2022
canon_Other_02551,morphosyntactic properties,Other,2022
canon_Other_02552,product and organization type entities,Other,2022
canon_Other_02553,syntactic diversity,Other,2022
canon_Other_02554,decompositions,Other,2022
canon_Other_02556,syntactic form,Other,2022
canon_Other_02557,hierarchical representation,Other,2022
canon_Other_02558,smart displays,Other,2022
canon_Other_02559,AI powered,Other,2022
canon_Other_02560,visual modality support,Other,2022
canon_Other_02561,minimum,Other,2022
canon_Other_02562,relational chapter scores,Other,2022
canon_Other_02563,Program Contrasts,Other,2022
canon_Other_02564,functional (dis)-similarity of source code,Other,2022
canon_Other_02565,synthetic code clones,Other,2022
canon_Other_02566,structural features of source code,Other,2022
canon_Other_02567,cloze objective,Other,2022
canon_Other_02568,local tree-based context,Other,2022
canon_Other_02569,Hind,Other,2022
canon_Other_02570,Hindi syntactic choice,Other,2022
canon_Other_02571,syntactic surprisal,Other,2022
canon_Other_02572,Hindi word order preferences,Other,2022
canon_Other_02573,prev,Other,2022
canon_Other_02574,discourse-based features,Other,2022
canon_Other_02576,word order choices,Other,2022
canon_Other_02577,non-canonical object-fronted orders,Other,2022
canon_Other_02578,context length,Other,2022
canon_Other_02579,verb-mediated facts,Other,2022
canon_Other_02580,labeled reasoning path,Other,2022
canon_Other_02581,reasoning paths,Other,2022
canon_Other_02582,vocabulary,Other,2022
canon_Other_02583,era-specific linguistic knowledge,Other,2022
canon_Other_02584,soft prompt,Other,2022
canon_Other_02585,domain discrepancy,Other,2022
canon_Other_02586,Visual Commonsense,Other,2022
canon_Other_02587,visual attributes,Other,2022
canon_Other_02588,world,Other,2022
canon_Other_02589,visually salient attributes,Other,2022
canon_Other_02590,visual co-occurrence,Other,2022
canon_Other_02592,attribute distributions,Other,2022
canon_Other_02593,monolingual labels,Other,2022
canon_Other_02594,syntactic or semantic,Other,2022
canon_Other_02595,Textual Entailment and,Other,2022
canon_Other_02596,distributional similarity,Other,2022
canon_Other_02597,Textual Entailment and Transitivity,Other,2022
canon_Other_02598,textual entailment between,Other,2022
canon_Other_02599,typed CCG-parse,Other,2022
canon_Other_02600,local graph,Other,2022
canon_Other_02601,soft transitivity constraints,Other,2022
canon_Other_02602,logical transitivity in,Other,2022
canon_Other_02603,entailment structures,Other,2022
canon_Other_02604,entailment graph,Other,2022
canon_Other_02605,low-frequency but generic responses,Other,2022
canon_Other_02606,query-wise generic responses,Other,2022
canon_Other_02607,multi-level negative knowledge,Other,2022
canon_Other_02608,lingual information of entities,Other,2022
canon_Other_02609,rotation,Other,2022
canon_Other_02610,background knowledge documents,Other,2022
canon_Other_02611,Document Semantic Graphs,Method,2022
canon_Other_02612,sentence nodes,Other,2022
canon_Other_02613,concept connections,Other,2022
canon_Other_02614,language-specific constraints,Other,2022
canon_Other_02615,Global Probability Space,Other,2022
canon_Other_02616,global space,Other,2022
canon_Other_02617,Mixture,Other,2022
canon_Other_02618,Budget Decisions,Other,2022
canon_Other_02619,abstractive summary views,Other,2022
canon_Other_02620,factorization,Other,2022
canon_Other_02621,partial document views,Other,2022
canon_Other_02622,log-likelihood of,Other,2022
canon_Other_02623,energy function,Method,2022
canon_Other_02624,Markov chain,Other,2022
canon_Other_02625,soft and hard constraints,Other,2022
canon_Other_02626,document properties,Other,2022
canon_Other_02627,text and knowledge graphs,Other,2022
canon_Other_02628,KG),Method,2020
canon_Other_02629,KG-to,Other,2022
canon_Other_02630,IPC,Other,2022
canon_Other_02631,Empathetic Questions,Other,2022
canon_Other_02632,communicative acts,Other,2022
canon_Other_02633,emotion-regulation intent,Other,2022
canon_Other_02634,text length,Other,2022
canon_Other_02635,descriptiveness,Other,2022
canon_Other_02636,cooperative losses,Other,2022
canon_Other_02637,classification loss,Other,2022
canon_Other_02639,"lexical, syntactic and domain-specific constraints",Other,2022
canon_Other_02640,matching language families,Other,2022
canon_Other_02641,writing systems,Other,2022
canon_Other_02642,word order systems,Other,2022
canon_Other_02643,lexical-phonetic distance,Other,2022
canon_Other_02644,Contingency,Other,2022
canon_Other_02645,human annotation process,Other,2022
canon_Other_02646,image cross-attention,Other,2022
canon_Other_02647,region cross-attention,Other,2022
canon_Other_02648,verb-noun compositional action nodes,Other,2022
canon_Other_02649,compositional action nodes,Other,2022
canon_Other_02650,Frequency Dynamics,Other,2022
canon_Other_02651,language evolution,Other,2022
canon_Other_02652,language change,Other,2022
canon_Other_02653,nonslang words,Other,2022
canon_Other_02654,nons,Other,2022
canon_Other_02655,frequency,Other,2022
canon_Other_02656,part of speech,Other,2022
canon_Other_02657,Unified Multilingual Prompt,Other,2022
canon_Other_02658,monolingual prompt,Other,2022
canon_Other_02659,multilingual prompt,Other,2022
canon_Other_02660,discrete prompts,Other,2022
canon_Other_02661,task-specific train,Other,2022
canon_Other_02662,limited task supervision,Other,2022
canon_Other_02663,Universal,Other,2022
canon_Other_02664,supervised,Other,2022
canon_Other_02665,native language similarity,Other,2023
canon_Other_02666,age diversity,Other,2023
canon_Other_02668,Uni-Modal Experts,Other,2023
canon_Other_02669,out-of-distribution error patterns,Other,2023
canon_Other_02670,meaning of constructions,Other,2023
canon_Other_02671,high-order word interactions,Other,2023
canon_Other_02672,schema-based prompt,Other,2023
canon_Other_02673,scoring matrix,Other,2023
canon_Other_02674,Pseudo-,Other,2023
canon_Other_02675,pseudo-paralleled pairs,Other,2023
canon_Other_02676,Taxonomies,Other,2023
canon_Other_02677,taxonomi,Other,2023
canon_Other_02678,hierarchical tree,Other,2023
canon_Other_02679,taxonomy’,Other,2023
canon_Other_02680,taxonomy structure,Other,2023
canon_Other_02681,sense inventory,Other,2023
canon_Other_02682,rare word senses,Other,2023
canon_Other_02683,static graph structure,Other,2023
canon_Other_02684,Semantic Role Labels,Other,2023
canon_Other_02685,element order prompt,Other,2023
canon_Other_02686,Syntactic Inductive Biases,Other,2023
canon_Other_02687,hierarchical syntactic features,Other,2023
canon_Other_02688,linear features,Other,2023
canon_Other_02689,hierarchical syntactic generalizations,Other,2023
canon_Other_02690,architectural features,Other,2023
canon_Other_02691,cross-document IE output,Other,2023
canon_Other_02692,alignment loss,Other,2023
canon_Other_02693,pairwise distance,Other,2023
canon_Other_02694,overt,Other,2023
canon_Other_02695,explicit hat,Other,2023
canon_Other_02696,circumlocution,Other,2023
canon_Other_02697,Linguistic Variants of Problem Statements,Other,2023
canon_Other_02699,label-specific features,Other,2023
canon_Other_02700,latent data bias,Other,2023
canon_Other_02701,global- and local-level centralities,Other,2023
canon_Other_02702,local bidirectional context updates,Other,2023
canon_Other_02703,diffusion,Other,2023
canon_Other_02704,natural vocabulary space,Other,2023
canon_Other_02705,classifier guidance,Other,2023
canon_Other_02706,mapped embeddings,Other,2023
canon_Other_02707,mapping networks of domain knowledge,Other,2023
canon_Other_02708,social influence,Other,2023
canon_Other_02709,persu,Other,2023
canon_Other_02710,negotiation,Other,2023
canon_Other_02711,therapy,Other,2023
canon_Other_02712,cross-modal interaction,Other,2023
canon_Other_02713,autoregressive nature,Other,2023
canon_Other_02714,token-wise conditional dependencies,Other,2023
canon_Other_02715,sentiment control,Task,2022
canon_Other_02716,hard constraints,Other,2023
canon_Other_02717,keyword-,Other,2023
canon_Other_02718,modeling,Method,2018
canon_Other_02719,domain-based interpretability,Other,2023
canon_Other_02720,symptom-related descriptions,Other,2023
canon_Other_02721,COV,Other,2023
canon_Other_02722,fully-supervised,Other,2023
canon_Other_02723,event-relation tuples,Other,2023
canon_Other_02724,CSKB,Other,2023
canon_Other_02725,style,Task,2018
canon_Other_02726,syntactic and discourse levels,Other,2023
canon_Other_02727,styl,Other,2023
canon_Other_02728,stylistic story,Other,2023
canon_Other_02729,random mapping,Other,2023
canon_Other_02730,orthogonal constraints,Other,2023
canon_Other_02731,non-redundant and de-correlated features,Other,2023
canon_Other_02732,visual and textual elements,Other,2023
canon_Other_02733,Med,Other,2023
canon_Other_02734,mixed-type,Other,2023
canon_Other_02735,adversarial inputs,Other,2023
canon_Other_02736,domain-invariant and interpretable feature,Other,2023
canon_Other_02737,Fully fine-grained expression,Other,2023
canon_Other_02738,query-oriented saliency,Other,2023
canon_Other_02739,unit-level requirements,Other,2023
canon_Other_02740,semantic unit balance,Other,2023
canon_Other_02741,matching unit extractability,Other,2023
canon_Other_02742,Unit-level view,Other,2023
canon_Other_02743,balanced semantics,Other,2023
canon_Other_02744,matching unit,Other,2023
canon_Other_02745,rh,Other,2023
canon_Other_02746,meter,Other,2023
canon_Other_02747,alliteration,Other,2023
canon_Other_02748,Instance Interactions,Other,2023
canon_Other_02749,instance,Other,2023
canon_Other_02750,binary type dependency scoring,Other,2023
canon_Other_02751,high-order Conditional Random,Other,2023
canon_Other_02752,binary factors,Other,2023
canon_Other_02753,ternary factors,Other,2023
canon_Other_02754,reasoning programs,Other,2023
canon_Other_02755,program,Other,2023
canon_Other_02756,Fiction-Writing Mode,Other,2023
canon_Other_02757,span information,Other,2023
canon_Other_02758,goal completion,Other,2023
canon_Other_02759,user sentiment,Other,2023
canon_Other_02760,dialog-level attributes,Other,2023
canon_Other_02761,dialog-level annotations,Other,2023
canon_Other_02762,turn-level features,Other,2023
canon_Other_02763,embedding similarity,Other,2023
canon_Other_02764,degradation,Other,2023
canon_Other_02765,repetition,Other,2023
canon_Other_02766,priming,Other,2023
canon_Other_02768,cross-lingual,Other,2023
canon_Other_02769,temporal knowledge graphs,Other,2023
canon_Other_02770,structural dependencies,Other,2023
canon_Other_02771,hidden logical rules,Other,2023
canon_Other_02772,temporal encoding,Other,2023
canon_Other_02773,heterogeneous attention,Other,2023
canon_Other_02774,propositional reasoning,Other,2023
canon_Other_02775,first-order reasoning,Other,2023
canon_Other_02776,propositional and first-order attention scores,Other,2023
canon_Other_02777,rule structure,Other,2023
canon_Other_02778,binary LCFRS,Other,2023
canon_Other_02779,linguistically meaningful trees,Other,2023
canon_Other_02780,continuous and discontinuous structures,Other,2023
canon_Other_02781,EOS,Other,2023
canon_Other_02782,Social commonsense,Other,2023
canon_Other_02783,social and cultural influence,Other,2023
canon_Other_02784,cultural biases,Other,2023
canon_Other_02785,causal commonsense relationships,Other,2023
canon_Other_02786,meeting,Other,2023
canon_Other_02787,infil,Other,2023
canon_Other_02788,lexicalized syntax context,Other,2023
canon_Other_02789,environmental,Other,2023
canon_Other_02790,CRINGE Loss,Other,2023
canon_Other_02791,CRING,Other,2023
canon_Other_02792,Context Mixing,Other,2023
canon_Other_02793,encoder layer,Other,2023
canon_Other_02794,linguistically informed rationale,Other,2023
canon_Other_02795,spatial,Other,2023
canon_Other_02796,Combinatorial interactions,Other,2023
canon_Other_02797,context-specific external features,Other,2023
canon_Other_02798,distinct-granularity internal features,Other,2023
canon_Other_02799,free-flow textual explanations,Other,2023
canon_Other_02800,Victim,Other,2023
canon_Other_02801,victim counts,Other,2023
canon_Other_02802,blue,Other,2023
canon_Other_02803,cross-lingual ability,Other,2023
canon_Other_02804,human-aligned extractive oracles,Other,2023
canon_Other_02805,S,Method,2020
canon_Other_02806,selective masking,Other,2023
canon_Other_02807,attention maps,Other,2023
canon_Other_02808,multi-,Task,2020
canon_Other_02809,textual adversarial attacks,Other,2023
canon_Other_02810,word-substitution adversarial attacks,Other,2023
canon_Other_02811,word-substitution attacks,Other,2023
canon_Other_02812,Question-Answer Sentence,Other,2023
canon_Other_02813,small,Method,2018
canon_Other_02814,Graph nodes,Other,2023
canon_Other_02815,question sentence,Other,2023
canon_Other_02816,question-answer,Other,2023
canon_Other_02817,relevance scores,Other,2023
canon_Other_02818,graph edges,Other,2023
canon_Other_02819,simile,Other,2023
canon_Other_02820,simile-element,Other,2023
canon_Other_02821,regulation relation,Other,2023
canon_Other_02822,regulation events,Other,2023
canon_Other_02823,front,Other,2023
canon_Other_02825,global,Method,2018
canon_Other_02826,retrieval skills,Other,2023
canon_Other_02827,multiplication,Other,2023
canon_Other_02828,noise-compound,Other,2023
canon_Other_02829,year-,Other,2023
canon_Other_02830,context-specific layers,Other,2023
canon_Other_02831,self-,Other,2023
canon_Other_02832,disent,Other,2023
canon_Other_02833,long sequences,Other,2023
canon_Other_02834,zero-shot and few-shot settings,Other,2023
canon_Other_02836,BLOOMZ,Other,2023
canon_Other_02837,mT0,Other,2023
canon_Other_02838,counterfact,Other,2023
canon_Other_02839,CWS,Other,2023
canon_Other_02840,Script Knowledge,Other,2023
canon_Other_02841,goal-oriented scripts,Other,2023
canon_Other_02842,constraint faithfulness,Other,2023
canon_Other_02843,word filling prompt,Other,2023
canon_Other_02844,native Child-,Other,2023
canon_Other_02845,native CDS,Other,2023
canon_Other_02846,language family distance,Other,2023
canon_Other_02847,capacity gap,Other,2023
canon_Other_02848,high resource tasks,Other,2023
canon_Other_02849,low resource task,Other,2023
canon_Other_02850,weighted,Other,2023
canon_Other_02851,knowledge utilization,Other,2023
canon_Other_02852,Detection Template,Other,2023
canon_Other_02853,detection labels,Other,2023
canon_Other_02854,multi-modal conceptual knowledge graph,Other,2023
canon_Other_02855,conceptual level,Other,2023
canon_Other_02856,Prefix Probabilities,Other,2023
canon_Other_02857,prefix probability of,Other,2023
canon_Other_02858,PLMs,Method,2021
canon_Other_02859,multiv,Other,2023
canon_Other_02860,social norms,Other,2023
canon_Other_02861,norms,Other,2023
canon_Other_02862,pen,Other,2023
canon_Other_02863,language-agnostic features,Other,2023
canon_Other_02864,language-specific attention heads,Other,2023
canon_Other_02865,language-agnostic and language-specific attention heads,Other,2023
canon_Other_02866,anchor links,Other,2023
canon_Other_02867,language mistakes,Other,2023
canon_Other_02868,grammatical error types,Other,2023
canon_Other_02869,natural language hypothesis space,Other,2023
canon_Other_02870,language boundaries,Other,2023
canon_Other_02871,masking,Method,2020
canon_Other_02872,relative frequency-based estimates,Other,2023
canon_Other_02873,forgetting problem,Other,2023
canon_Other_02874,language knowledge,Other,2023
canon_Other_02875,token probabilities,Other,2023
canon_Other_02876,Tabular,Other,2023
canon_Other_02877,Single table questions,Other,2023
canon_Other_02878,common table operations,Other,2023
canon_Other_02879,Cartesian products,Other,2023
canon_Other_02880,nested queries,Other,2023
canon_Other_02881,Coarse-to-Fine Cognition,Other,2023
canon_Other_02882,Affection,Other,2023
canon_Other_02883,Empathetic conversation,Other,2023
canon_Other_02884,affective aspect,Other,2023
canon_Other_02885,commonsense,Other,2023
canon_Other_02886,emotional concept graph,Other,2023
canon_Other_02887,coarse-,Other,2023
canon_Other_02888,prompt-invariant and,Other,2023
canon_Other_02889,prompt-invariant information,Other,2023
canon_Other_02890,prompt-specific information,Other,2023
canon_Other_02891,likelihood,Method,2018
canon_Other_02892,multi-person collaborative annotations,Other,2023
canon_Other_02893,Bull,Other,2023
canon_Other_02894,Coded Rhetoric,Other,2023
canon_Other_02895,racial and gender biases,Other,2023
canon_Other_02896,hybrid factual knowledge,Other,2023
canon_Other_02897,noisy labeling,Other,2023
canon_Other_02898,linked relationships,Other,2023
canon_Other_02900,KoPL),Other,2023
canon_Other_02901,graphical elements,Other,2023
canon_Other_02902,graphical operators,Other,2023
canon_Other_02903,knowledge operators,Other,2023
canon_Other_02904,operator,Other,2023
canon_Other_02905,knowledge base schema,Other,2023
canon_Other_02907,faithfulness scores,Other,2023
canon_Other_02908,automated alignment,Other,2023
canon_Other_02909,heterogeneous QA context,Other,2023
canon_Other_02910,subgraphs,Other,2023
canon_Other_02911,heterogeneous knowledge graph (,Other,2023
canon_Other_02912,dictionary vocabulary,Other,2023
canon_Other_02913,QA context,Other,2023
canon_Other_02914,task- or instance-level explanations,Other,2023
canon_Other_02915,solutions,Other,2023
canon_Other_02916,context-consistency,Other,2023
canon_Other_02917,explicit,Task,2022
canon_Other_02918,deduc,Task,2023
canon_Other_02919,event-centric structure,Other,2023
canon_Other_02920,event-associated structure,Other,2023
canon_Other_02921,implicit associations,Other,2023
canon_Other_02922,event-associated structure information,Other,2023
canon_Other_02923,near,Other,2023
canon_Other_02924,kernel,Other,2023
canon_Other_02925,aspect,Other,2023
canon_Other_02926,ly,Other,2023
canon_Other_02927,musical attributes,Other,2023
canon_Other_02928,Lyrics Generation,Task,2023
canon_Other_02929,lyric,Other,2023
canon_Other_02930,music score,Other,2023
canon_Other_02931,partial ly,Other,2023
canon_Other_02932,textual and musical information,Other,2023
canon_Other_02933,Structural,Task,2020
canon_Other_02934,Invariant Features,Other,2023
canon_Other_02935,pir,Other,2023
canon_Other_02936,encoder-decoder attention patterns,Other,2023
canon_Other_02937,Subjective Crowd Disagreements,Other,2023
canon_Other_02938,CrowdOpinion,Method,2023
canon_Other_02939,life,Other,2023
canon_Other_02940,annotator,Other,2023
canon_Other_02941,language features,Other,2023
canon_Other_02942,lexical access,Other,2023
canon_Other_02943,early semantic integration,Other,2023
canon_Other_02945,tokeniser,Other,2023
canon_Other_02946,typographical errors,Other,2023
canon_Other_02947,Pinyin input,Other,2023
canon_Other_02948,speech input,Other,2023
canon_Other_02949,keyboard noises,Other,2023
canon_Other_02950,speech noises,Other,2023
canon_Other_02951,spatial and temporal understanding,Other,2023
canon_Other_02952,user–assistant interactions,Other,2023
canon_Other_02953,object-centric multimodal dialog flows,Other,2023
canon_Other_02954,egocentric visual streams,Other,2023
canon_Other_02955,visually-grounded templates,Other,2023
canon_Other_02956,multimodal dependencies,Other,2023
canon_Other_02957,spatial-temporal dialog,Other,2023
canon_Other_02958,faith,Method,2023
canon_Other_02959,word-level,Other,2023
canon_Other_02960,Coarse Labels,Other,2023
canon_Other_02961,prediction layer,Other,2023
canon_Other_02962,CTC label space,Other,2023
canon_Other_02963,vocabulary labels,Other,2023
canon_Other_02964,truncation,Other,2023
canon_Other_02966,few-shot regimes,Other,2023
canon_Other_02967,Markov,Other,2023
canon_Other_02968,boolean,Other,2023
canon_Other_02969,human interactions,Other,2023
canon_Other_02970,CLIPScores,Other,2023
canon_Other_02972,CLIPScore features,Other,2023
canon_Other_02973,utterance-image relevance,Other,2023
canon_Other_02974,check,Other,2023
canon_Other_02975,first,Task,2023
canon_Other_02976,list-wise supervision signals,Other,2023
canon_Other_02977,annotated,Other,2023
canon_Other_02978,expectation steps,Other,2023
canon_Other_02980,syntax-semantics interface,Other,2023
canon_Other_02981,anaphoric and agreement relations,Other,2023
canon_Other_02982,syntax and semantics,Other,2023
canon_Other_02983,linearity,Other,2023
canon_Other_02984,linguistic generalizations,Other,2023
canon_Other_02985,space errors,Other,2023
canon_Other_02986,Decision,Other,2023
canon_Other_02987,teacher,Other,2023
canon_Other_02988,latent salient features,Other,2023
canon_Other_02989,composited loss,Other,2023
canon_Other_02990,extractive and abstractive sub-components,Other,2023
canon_Other_02991,semantic cues,Other,2023
canon_Other_02992,ranking-based loss,Other,2023
canon_Other_02993,NLI knowledge,Other,2023
canon_Other_02994,persona profiles,Other,2023
canon_Other_02995,Chain-of,Other,2023
canon_Other_02996,student chain-of-thoughts,Other,2023
canon_Other_02997,Data-Constrained Counterfactuals,Other,2023
canon_Other_02998,Semantic Relevance,Other,2023
canon_Other_02999,Logical Fallacies,Other,2023
canon_Other_03000,typicality,Other,2023
canon_Other_03001,cosine similarity,Other,2023
canon_Other_03002,typicality scores,Other,2023
canon_Other_03004,disambiguation,Other,2023
canon_Other_03005,image and web layout,Other,2023
canon_Other_03006,HTML structure of the web layout,Other,2023
canon_Other_03007,Structural attention patterns,Other,2023
canon_Other_03008,DOM nodes,Other,2023
canon_Other_03009,hierarchy information,Other,2023
canon_Other_03010,frequent neutral words,Other,2023
canon_Other_03011,hierarchies,Other,2023
canon_Other_03012,multi-level hypergraphs,Other,2023
canon_Other_03013,taxonomy level hyperedge,Other,2023
canon_Other_03014,patient hypergraphs,Other,2023
canon_Other_03015,multi-level knowledge,Other,2023
canon_Other_03016,note,Other,2023
canon_Other_03017,taxonomy levels,Other,2023
canon_Other_03018,receptive field,Other,2023
canon_Other_03019,length,Other,2023
canon_Other_03020,logarithmic decaying temporal bias pattern,Other,2023
canon_Other_03021,target-side representation differences,Other,2023
canon_Other_03022,Geometry of Information,Other,2023
canon_Other_03023,grammaticality judgment,Other,2023
canon_Other_03024,structural and contextual information,Other,2023
canon_Other_03025,Clarification,Other,2023
canon_Other_03026,natural language description,Other,2023
canon_Other_03027,synthetic clarification,Other,2023
canon_Other_03028,flexible noise,Other,2023
canon_Other_03029,pseudo text,Other,2023
canon_Other_03030,logical queries,Other,2023
canon_Other_03031,intersection operation,Other,2023
canon_Other_03032,logical negation operation,Other,2023
canon_Other_03033,entities query relations,Other,2023
canon_Other_03034,three-dimensional shapes,Other,2023
canon_Other_03035,first-order logic operations,Other,2023
canon_Other_03036,conjunctions,Other,2023
canon_Other_03037,negations,Other,2023
canon_Other_03038,Disjunctive Normal Form,Other,2023
canon_Other_03039,closure of complement,Other,2023
canon_Other_03040,inter-sentential dependencies,Other,2023
canon_Other_03041,Neural Context,Other,2023
canon_Other_03042,English and multilingual prompt,Other,2024
canon_Other_03043,Software Requirements,Other,2024
canon_Other_03044,time/space,Other,2024
canon_Other_03045,malicious queries,Other,2024
canon_Other_03046,jailbreak attacks,Other,2024
canon_Other_03047,noisy misdirection,Other,2024
canon_Other_03048,harmful feedback,Other,2024
canon_Other_03049,bi-directional contexts,Other,2024
canon_Other_03050,language-,Task,2023
canon_Other_03051,Multilingual Capabilities,Other,2024
canon_Other_03052,next-word prediction,Task,2019
canon_Other_03053,next-word,Other,2024
canon_Other_03054,multilingual commonsense knowledge,Other,2024
canon_Other_03055,selection sparsity,Other,2024
canon_Other_03056,table-query relevance,Other,2024
canon_Other_03057,table-table relevance,Other,2024
canon_Other_03058,decoding space,Other,2024
canon_Other_03059,dependency,Other,2024
canon_Other_03060,token- and sequence-level entropies,Other,2024
canon_Other_03061,surface form diversity,Other,2024
canon_Other_03062,Language Model Gradients,Other,2024
canon_Other_03063,weights,Other,2024
canon_Other_03064,backward pass and gradients,Other,2024
canon_Other_03065,gradient matrix,Other,2024
canon_Other_03066,low-rank linear combination,Other,2024
canon_Other_03067,conflict resolution,Other,2024
canon_Other_03070,Visual Ground,Other,2024
canon_Other_03071,Word Meanings,Other,2024
canon_Other_03072,perceptual or social context,Other,2024
canon_Other_03073,grounded supervision,Other,2024
canon_Other_03074,lexical relations,Other,2024
canon_Other_03075,word similarity,Task,2018
canon_Other_03076,visual supervision,Other,2024
canon_Other_03077,word co-,Other,2024
canon_Other_03078,internal,Other,2024
canon_Other_03079,layout information,Other,2024
canon_Other_03080,platform,Other,2024
canon_Other_03081,learning trajectory,Other,2024
canon_Other_03082,negative polarity item licensing,Other,2024
canon_Other_03083,filler–gap dependencies,Other,2024
canon_Other_03084,cultural nuance,Other,2024
canon_Other_03085,attribution,Task,2021
canon_Other_03086,Grad,Other,2024
canon_Other_03088,composition words,Other,2024
canon_Other_03089,Near-Distribution Weak Supervision,Other,2024
canon_Other_03091,near-distribution texts,Other,2024
canon_Other_03092,human-written edits,Other,2024
canon_Other_03093,language-agnostic or task-specific features,Other,2024
canon_Other_03094,mingling of embedding spaces,Other,2024
canon_Other_03095,language-independent information,Other,2024
canon_Other_03096,task- and surface-level knowledge,Other,2024
canon_Other_03097,logarithmic time complexities,Other,2024
canon_Other_03098,Directional,Other,2024
canon_Other_03099,Multi-Objective Rewards,Other,2024
canon_Other_03100,Human Feedback,Other,2024
canon_Other_03101,scalar rewards,Other,2024
canon_Other_03102,preference profiles,Other,2024
canon_Other_03103,user preferences,Other,2024
canon_Other_03104,reward space,Other,2024
canon_Other_03105,reward objectives,Other,2024
canon_Other_03106,event and topic timelines,Other,2024
canon_Other_03107,token gaps,Other,2024
canon_Other_03108,triplet,Other,2024
canon_Other_03109,triplet facts,Other,2024
canon_Other_03110,RHF,Other,2024
canon_Other_03111,Relation-Head-Facts,Other,2024
canon_Other_03112,n-,Other,2024
canon_Other_03113,compounding operations,Other,2024
canon_Other_03114,m-digit multiplication,Other,2024
canon_Other_03115,1-digit by 1-digit multiplication,Other,2024
canon_Other_03116,5,Other,2024
canon_Other_03118,template-based text prompts,Other,2024
canon_Other_03119,decoding probabilities,Other,2024
canon_Other_03120,zero-shot predictions,Other,2024
canon_Other_03121,class probabilities,Other,2024
canon_Other_03122,document-level phenomena,Other,2024
canon_Other_03123,discourse phenomena,Other,2024
canon_Other_03124,LLM safety threat,Other,2024
canon_Other_03125,safety disc,Other,2024
canon_Other_03126,GCG,Other,2024
canon_Other_03127,AutoDAN,Other,2024
canon_Other_03128,DeepInception,Other,2024
canon_Other_03130,Guanaco,Other,2024
canon_Other_03131,fal,Other,2024
canon_Other_03132,safety vulnerabilities,Other,2024
canon_Other_03133,harmlessness principles,Other,2024
canon_Other_03134,morality dimension,Other,2024
canon_Other_03135,Chinese values,Other,2024
canon_Other_03136,harmony,Other,2024
canon_Other_03137,adversarial prompt,Other,2024
canon_Other_03138,safety and,Other,2024
canon_Other_03140,continuous editing requirements,Other,2024
canon_Other_03141,knowledge statements,Other,2024
canon_Other_03142,Knowledge Sentinel,Other,2024
canon_Other_03143,dynamic threshold,Other,2024
canon_Other_03144,climate,Other,2024
canon_Other_03145,Frames of Communication,Other,2024
canon_Other_03146,articulation of frames,Other,2024
canon_Other_03147,sparse learning signals,Other,2024
canon_Other_03148,modalities,Other,2024
canon_Other_03149,tool utilization,Other,2024
canon_Other_03150,instruction following,Other,2024
canon_Other_03151,Anisotropy,Other,2024
canon_Other_03152,token-level frequency,Other,2024
canon_Other_03153,syntactic prior,Other,2024
canon_Other_03154,maximum likelihood objective function,Other,2024
canon_Other_03155,Parametric Memory,Other,2024
canon_Other_03156,global parameters,Other,2024
canon_Other_03157,parametric,Other,2024
canon_Other_03158,Real Label Noise,Other,2024
canon_Other_03159,simulated noise,Other,2024
canon_Other_03160,human error,Other,2024
canon_Other_03161,semi-automatic annotation,Other,2024
canon_Other_03162,expert errors,Other,2024
canon_Other_03163,crowdsourcing errors,Other,2024
canon_Other_03164,automatic annotation errors,Other,2024
canon_Other_03165,LLM errors,Other,2024
canon_Other_03166,home turf,Other,2024
canon_Other_03167,probabilistic languages,Other,2024
canon_Other_03168,hidden state size,Other,2024
canon_Other_03169,RLM rank,Other,2024
canon_Other_03170,domain structures,Other,2024
canon_Other_03171,objective measures,Method,2024
canon_Other_03172,economic indicators,Other,2024
canon_Other_03173,Syll,Other,2024
canon_Other_03174,syllogisms,Other,2024
canon_Other_03175,Temporal Patterns,Other,2024
canon_Other_03176,timeline visualization,Other,2024
canon_Other_03177,chron,Other,2024
canon_Other_03178,factual inconsistency,Other,2024
canon_Other_03179,natural language feedback,Other,2024
canon_Other_03180,inverse inference probability,Other,2024
canon_Other_03181,API,Other,2024
canon_Other_03182,task-level demonstration,Other,2024
canon_Other_03183,Automatic Speech,Task,2023
canon_Other_03184,noise patterns,Other,2024
canon_Other_03185,designs,Other,2024
canon_Other_03186,ASR noise,Other,2024
canon_Other_03188,Metaphorical,Other,2024
canon_Other_03189,figurative expressions,Other,2024
canon_Other_03190,quantified uncertainty values,Other,2024
canon_Other_03191,symptom information,Other,2024
canon_Other_03192,implicitly,Other,2024
canon_Other_03193,sparse computational subgraphs,Other,2024
canon_Other_03194,gradients,Other,2024
canon_Other_03195,Gradient Dissipation,Other,2024
canon_Other_03196,biometric information,Other,2024
canon_Other_03197,Coll,Other,2024
canon_Other_03198,RoPE),Other,2024
canon_Other_03199,vanilla self-attention,Other,2024
canon_Other_03200,collinear constraint,Other,2024
canon_Other_03201,RoPE,Other,2024
canon_Other_03202,self-attention,Task,2022
canon_Other_03203,long context window extrapolation,Other,2024
canon_Other_03204,context windows,Other,2024
canon_Other_03206,background noise,Other,2024
canon_Other_03207,STT mistranscriptions,Other,2024
canon_Other_03208,user flows,Other,2024
canon_Other_03209,uni-directional language modeling loss,Other,2024
canon_Other_03210,syntactic parse trees,Other,2024
canon_Other_03211,bi-directional language modeling loss,Other,2024
canon_Other_03212,culture dominance problem,Other,2024
canon_Other_03213,structured outputs,Other,2024
canon_Other_03214,grammatical errors,Other,2024
canon_Other_03215,argumentative aspects,Other,2024
canon_Other_03216,organizational coherence,Other,2024
canon_Other_03217,Rationales,Other,2024
canon_Other_03218,event clusters,Other,2024
canon_Other_03219,abductive free-text rationales (FTRs,Other,2024
canon_Other_03220,FTRs,Other,2024
canon_Other_03221,objective functions,Other,2024
canon_Other_03222,conditional semantic similarity between,Other,2024
canon_Other_03223,natural language expression,Other,2024
canon_Other_03224,cross-modal nature,Other,2024
canon_Other_03225,RIS,Task,2024
canon_Other_03226,image and text features,Other,2024
canon_Other_03227,alignment knowledge,Other,2024
canon_Other_03228,CLIP’,Other,2024
canon_Other_03229,image-text shared-embedding space,Other,2024
canon_Other_03230,natural language space,Other,2024
canon_Other_03231,learning objective,Other,2024
canon_Other_03232,model forwarding iterations,Other,2024
canon_Other_03233,sentence-level and paragraph-level corrections,Other,2024
canon_Other_03234,multif,Other,2024
canon_Other_03235,Logical Mir,Other,2024
canon_Other_03236,logical puzzle,Other,2024
canon_Other_03237,truth-,Other,2024
canon_Other_03238,puzzle,Other,2024
canon_Other_03239,compute,Other,2024
canon_Other_03240,LoRA,Method,2024
canon_Other_03241,Score,Other,2024
canon_Other_03242,quality dimensions,Other,2024
canon_Other_03243,causal perspective,Other,2024
canon_Other_03244,semantic correlations of textual phrases,Other,2024
canon_Other_03245,instrumental variable,Other,2024
canon_Other_03246,socio,Other,2024
canon_Other_03247,label inconsistencies,Other,2024
canon_Other_03248,data leakage,Other,2024
canon_Other_03249,valency frames,Other,2024
canon_Other_03250,word-internal properties,Other,2024
canon_Other_03251,communicative cost,Other,2024
canon_Other_03252,lexicon organization,Other,2024
canon_Other_03253,valency diversity,Other,2024
canon_Other_03254,average information content of,Other,2024
canon_Other_03255,frame selection,Other,2024
canon_Other_03256,factual claims,Other,2024
canon_Other_03257,veri,Other,2024
canon_Other_03258,expert supervision,Other,2024
canon_Other_03259,Entity Salience,Other,2024
canon_Other_03260,Wikification links,Other,2024
canon_Other_03261,full coreference resolution annotations,Other,2024
canon_Other_03262,item IDs,Other,2024
canon_Other_03263,codebook utilization,Other,2024
canon_Other_03264,membership functions,Other,2024
canon_Other_03265,continuous spaces,Other,2024
canon_Other_03266,product attribute mappings,Other,2024
canon_Other_03267,structured knowledge triples,Other,2024
canon_Other_03268,Harm Direction Removal,Other,2024
canon_Other_03269,open-world causal event relations,Other,2024
canon_Other_03270,visual prompt,Other,2024
canon_Other_03271,prior task-specific knowledge,Other,2024
canon_Other_03272,text-based prompt,Other,2024
canon_Other_03273,PDF reading behaviors,Other,2024
canon_Other_03274,PDF readers,Other,2024
canon_Other_03275,PDF annotations,Other,2024
canon_Other_03276,highlights,Other,2024
canon_Other_03277,page scroll,Other,2024
canon_Other_03278,text selections,Other,2024
canon_Other_03279,Long Contexts,Other,2024
canon_Other_03280,language proficiency levels,Other,2024
canon_Other_03281,training loss,Other,2024
canon_Other_03282,brand name mention,Other,2024
canon_Other_03283,contraceptive,Other,2024
canon_Other_03284,normal,Other,2024
canon_Other_03285,Dense Rewards,Other,2024
canon_Other_03286,intermediate,Other,2024
canon_Other_03287,token or span-level rewards,Other,2024
canon_Other_03288,artificial intrinsic rewards,Other,2024
canon_Other_03289,personalized,Other,2024
canon_Other_03290,implicit dimensions,Other,2024
canon_Other_03291,text + dimension,Other,2024
canon_Other_03292,Protein Structures,Other,2024
canon_Other_03293,chemical molecules,Other,2024
canon_Other_03294,Stereotypes,Other,2024
canon_Other_03295,document layout,Other,2024
canon_Other_03296,text layout,Other,2024
canon_Other_03297,heuristic,Other,2024
canon_Other_03298,layout,Other,2024
canon_Other_03299,rich text layouts,Other,2024
canon_Other_03300,transcription,Task,2022
canon_Other_03301,poisoning,Other,2024
canon_Other_03303,aspectual entailments,Other,2024
canon_Other_03304,GPU Hardware Accelerator,Other,2024
canon_Other_03305,parallel hardware accelerator,Other,2024
canon_Other_03306,factual hallucination,Other,2024
canon_Other_03307,writing,Other,2024
canon_Other_03308,language contamination,Other,2024
canon_Other_03309,implicit reasoning,Other,2024
canon_Other_03310,misogynistic comments,Other,2024
canon_Other_03311,token interaction information,Other,2024
canon_Other_03312,hidden layers,Other,2024
canon_Other_03313,late interaction layer,Other,2024
canon_Other_03315,answer consistency,Other,2024
canon_Other_03316,environmental dependency,Other,2024
canon_Other_03318,Data Contamination,Other,2024
canon_Other_03319,cross-lingual contamination,Other,2024
canon_Other_03320,Fine-Grained Traits,Other,2024
canon_Other_03321,P,Other,2024
canon_Other_03322,holistic scores,Other,2024
canon_Other_03323,trait-specific scores,Other,2024
canon_Other_03324,LLM weights,Other,2024
canon_Other_03325,memory bandwidth,Other,2024
canon_Other_03326,numerical representation limitations,Other,2024
canon_Other_03327,lookup tables,Other,2024
canon_Other_03328,structured contexts,Other,2024
canon_Other_03329,sequential text contexts,Other,2024
canon_Other_03330,row and column structure of,Other,2024
canon_Other_03331,row,Other,2024
canon_Other_03332,row and column contexts,Other,2024
canon_Other_03333,implicit relational dependencies,Other,2024
canon_Other_03334,categorical information,Other,2024
canon_Other_03335,mention embedding,Other,2024
canon_Other_03336,moral language,Other,2024
canon_Other_03338,moral words,Other,2024
canon_Other_03339,moral scenarios,Other,2024
canon_Other_03340,morality-bearing events,Other,2024
canon_Other_03341,prediction APIs,Other,2024
canon_Other_03342,Google Embedding APIs,Other,2024
canon_Other_03343,human language comprehension,Other,2024
canon_Other_03344,cognitive signals,Other,2024
canon_Other_03345,attitude scales,Other,2024
canon_Other_03346,Hallucinated translations,Other,2024
canon_Other_03347,end-user specifications,Other,2024
canon_Other_03348,target audience feedback,Other,2024
canon_Other_03349,reasoning skills,Other,2024
canon_Other_03350,ill,Other,2024
canon_Other_03351,Localization Specialist,Other,2024
canon_Other_03352,Noise-Resistant Training objective,Other,2024
canon_Other_03353,PHI leakage,Other,2024
canon_Other_03354,word probabilities,Other,2024
canon_Other_03355,confidence score function,Other,2024
canon_Other_03356,semantic and syntactic components,Other,2024
canon_Other_03357,L,Method,2021
canon_Other_03358,task-specific prompt,Other,2024
canon_Other_03359,scratch,Other,2024
canon_Other_03360,language membership,Other,2024
canon_Other_03361,dataset diversity,Other,2024
canon_Other_03362,decoding parameters,Other,2024
canon_Other_03363,compound,Other,2024
canon_Other_03364,white,Other,2024
canon_Other_03365,semantically relevant information,Other,2024
canon_Other_03366,Mixtral,Other,2024
canon_Other_03367,Optimus,Other,2024
canon_Other_03368,SUS-chat,Other,2024
canon_Other_03369,platypus,Other,2024
canon_Other_03370,NeuralHermes-,Other,2024
canon_Other_03371,Starling-LM-,Other,2024
canon_Other_03373,multimodal knowledge,Other,2024
canon_Other_03374,scene graph,Other,2024
canon_Other_03375,coupled concept graph,Other,2024
canon_Other_03376,inter-modal exchange,Other,2024
canon_Other_03377,"acoustic,",Other,2024
canon_Other_03378,"phonetic, phonological, syntactic and semantic levels",Other,2024
canon_Other_03379,speakercharacteristics,Other,2024
canon_Other_03380,segmental features,Other,2024
canon_Other_03381,suprasegmental phonology,Other,2024
canon_Other_03382,tone and,Other,2024
canon_Other_03383,stress patterns,Other,2024
canon_Other_03385,suprasegmental feature,Other,2024
canon_Other_03386,length and pronunciation constraints,Other,2024
canon_Other_03388,automatically,Other,2024
canon_Other_03389,sequence and,Other,2024
canon_Other_03390,unambiguous,Other,2024
canon_Other_03391,source citation,Other,2024
canon_Other_03392,distr,Other,2024
canon_Other_03393,cross-file context,Other,2024
canon_Other_03394,import relations,Other,2024
canon_Other_03395,text similarity,Other,2024
canon_Other_03396,low-rank adaptation matrices,Other,2024
canon_Other_03397,machines,Task,2019
canon_Other_03398,conceptual representations,Other,2024
canon_Other_03399,multimodal ToM capacity,Other,2024
canon_Other_03400,Financial Concepts,Other,2024
canon_Other_03401,markdown formatting,Other,2024
canon_Other_03402,hierarchical nature of,Other,2024
canon_Other_03403,entailment connections,Other,2024
canon_Other_03404,retraining,Method,2022
canon_Other_03405,GPU memory,Other,2024
canon_Other_03406,dual-task dependencies,Other,2024
canon_Other_03407,task-specific semantic differences,Other,2024
canon_Other_03408,Dual-task Inter-dependent Instructions,Other,2024
canon_Other_03409,dual-task inter-dependencies,Other,2024
canon_Other_03410,utterance semantics differences,Other,2024
canon_Other_03411,task-specific semantics,Other,2024
canon_Other_03412,global semantic structure of,Other,2024
canon_Other_03413,semantic mapping,Other,2024
canon_Other_03414,Euclidean counterparts,Other,2024
canon_Other_03415,acoustic speech information,Other,2024
canon_Other_03416,integration,Other,2024
canon_Other_03417,acoustic landmarks information,Other,2024
canon_Other_03418,Arabic Diacritics,Other,2024
canon_Other_03419,diacritical marks,Other,2024
canon_Other_03420,naturally,Other,2024
canon_Other_03421,hallucination issues,Other,2024
canon_Other_03422,red-teaming attacks,Other,2024
canon_Other_03423,preference diversity,Other,2024
canon_Other_03424,bilingual supervision,Other,2024
canon_Other_03425,language-general and language-specific neurons,Other,2024
canon_Other_03426,language-general and language-specific capacity,Other,2024
canon_Other_03427,translation signals,Other,2024
canon_Other_03428,translation knowledge,Other,2024
canon_Other_03429,consistency,Task,2020
canon_Other_03430,morphological patterns,Other,2024
canon_Other_03431,morpheme boundaries,Other,2024
canon_Other_03433,verbal inflection,Other,2024
canon_Other_03434,databases,Other,2024
canon_Other_03435,textual and visual modalities,Other,2024
canon_Other_03436,"text-based, visual and multimodal dimensions",Other,2024
canon_Task_00001,NLP,Task,2018
canon_Task_00002,NLG tasks,Task,2018
canon_Task_00003,NMT,Task,2018
canon_Task_00004,machine translation,Task,2018
canon_Task_00005,question answering task,Task,2019
canon_Task_00006,natural language processing,Task,2018
canon_Task_00007,KG inference,Task,2020
canon_Task_00008,summarization of,Task,2019
canon_Task_00009,text classification,Task,2018
canon_Task_00010,text generation,Task,2018
canon_Task_00011,language modeling,Task,2018
canon_Task_00012,named entity recognition,Task,2018
canon_Task_00013,sentiment analysis,Task,2018
canon_Task_00014,paraphrase generation,Task,2018
canon_Task_00015,extractive summarization,Task,2018
canon_Task_00016,natural language understanding,Task,2018
canon_Task_00017,translation of,Task,2019
canon_Task_00018,reading comprehension,Task,2018
canon_Task_00020,Open-Domain Question Answering,Task,2018
canon_Task_00021,classification,Task,2018
canon_Task_00022,natural language inference,Task,2018
canon_Task_00023,domain adaptation,Task,2018
canon_Task_00024,relation extraction,Task,2018
canon_Task_00025,dense retrieval,Task,2022
canon_Task_00026,information retrieval,Task,2018
canon_Task_00027,natural language generation,Task,2018
canon_Task_00028,Question Generation,Task,2018
canon_Task_00029,NMT),Task,2018
canon_Task_00030,text summarization,Task,2020
canon_Task_00032,IE,Task,2019
canon_Task_00033,in-context learning,Method,2022
canon_Task_00035,learning,Task,2018
canon_Task_00037,hate speech detection,Task,2018
canon_Task_00038,multi-hop reasoning,Task,2018
canon_Task_00039,entity alignment,Task,2019
canon_Task_00040,semantic parsing,Task,2018
canon_Task_00041,coreference resolution,Task,2018
canon_Task_00042,image captioning,Task,2018
canon_Task_00043,Visual Question Answering,Task,2018
canon_Task_00044,entity linking (,Task,2023
canon_Task_00045,Code Generation,Task,2020
canon_Task_00046,AMR-to-Text Generation,Task,2019
canon_Task_00047,Dialogue Summarization,Task,2020
canon_Task_00048,NLP applications,Task,2018
canon_Task_00049,Dialogue State Tracking,Task,2018
canon_Task_00050,Semantic Role Labeling,Task,2018
canon_Task_00052,GEC,Task,2018
canon_Task_00054,dependency parsing,Task,2018
canon_Task_00055,event extraction,Task,2018
canon_Task_00056,language understanding,Task,2018
canon_Task_00057,cross-,Task,2020
canon_Task_00059,part-of-speech tagging,Task,2018
canon_Task_00061,Multi-Document Summarization,Task,2018
canon_Task_00062,MT),Task,2018
canon_Task_00064,Question-Answering,Task,2019
canon_Task_00065,fact verification,Task,2019
canon_Task_00068,Cross-lingual Transfer,Task,2022
canon_Task_00070,sequence labeling,Task,2018
canon_Task_00071,representation learning,Method,2018
canon_Task_00073,machine learning,Method,2018
canon_Task_00074,computer vision,Task,2018
canon_Task_00075,textual entailment,Task,2018
canon_Task_00076,WSD,Task,2018
canon_Task_00077,sentiment classification,Task,2018
canon_Task_00078,link prediction,Task,2018
canon_Task_00079,text generation tasks,Task,2018
canon_Task_00080,response generation,Task,2019
canon_Task_00081,fact-checking,Task,2019
canon_Task_00083,statutory reasoning,Task,2021
canon_Task_00084,MSG tasks,Task,2021
canon_Task_00085,dialogue systems,Task,2018
canon_Task_00086,stance detection,Task,2022
canon_Task_00087,End-to-End Speech Translation,Task,2022
canon_Task_00089,task transfer,Task,2022
canon_Task_00090,data augmentation,Method,2018
canon_Task_00091,code search,Task,2022
canon_Task_00092,inductive reasoning,Task,2024
canon_Task_00093,relation classification,Task,2018
canon_Task_00094,event detection,Task,2018
canon_Task_00095,translation task,Task,2018
canon_Task_00096,supervised learning,Task,2018
canon_Task_00097,ranking,Task,2018
canon_Task_00098,Humor Recognition,Task,2018
canon_Task_00099,storyline generation,Task,2018
canon_Task_00101,argumentation mining,Task,2018
canon_Task_00103,indirect supervision,Task,2018
canon_Task_00104,text processing,Task,2018
canon_Task_00105,optimization problem,Task,2018
canon_Task_00106,summary generation,Task,2018
canon_Task_00108,dialogue generation,Task,2018
canon_Task_00109,text normalization,Task,2018
canon_Task_00110,document clustering,Task,2019
canon_Task_00111,decoding,Task,2019
canon_Task_00112,personal health mention detection,Task,2019
canon_Task_00113,downstream NLP tasks,Task,2018
canon_Task_00114,aspect term extraction,Task,2020
canon_Task_00115,Cross-Lingual Information Retrieval,Task,2019
canon_Task_00116,OOD generalization,Task,2020
canon_Task_00117,content moderation,Task,2020
canon_Task_00118,Graph-to-Text Generation,Task,2020
canon_Task_00120,language representation,Task,2020
canon_Task_00122,information propagation,Task,2020
canon_Task_00123,RE),Task,2021
canon_Task_00124,regression,Task,2021
canon_Task_00125,reading order detection,Task,2021
canon_Task_00127,Short Text Clustering,Task,2021
canon_Task_00128,political perspective detection,Task,2022
canon_Task_00129,Query Rewriting,Task,2022
canon_Task_00130,knowledge-intensive NLP tasks,Task,2021
canon_Task_00131,AES,Task,2019
canon_Task_00132,AES),Task,2022
canon_Task_00133,Intent Discovery,Task,2022
canon_Task_00134,argument extraction,Task,2018
canon_Task_00135,Knowledge Selection,Task,2022
canon_Task_00136,Arithmetic Tasks,Task,2023
canon_Task_00137,script normalization,Task,2023
canon_Task_00138,task planning,Task,2024
canon_Task_00139,legal passage retrieval,Task,2021
canon_Task_00140,emotion cause detection,Task,2018
canon_Task_00141,WSD),Task,2018
canon_Task_00142,speech recognition,Task,2018
canon_Task_00143,text simplification,Task,2018
canon_Task_00145,Sentence Pair Modeling,Task,2018
canon_Task_00146,paraphrase identification,Task,2018
canon_Task_00147,semantic textual similarity,Task,2018
canon_Task_00149,NLP research,Task,2018
canon_Task_00150,open-domain QA,Task,2018
canon_Task_00151,multi-label text classification,Task,2018
canon_Task_00152,detection,Task,2018
canon_Task_00153,passage completion,Task,2018
canon_Task_00154,machine reading comprehension (,Task,2018
canon_Task_00155,MRC),Task,2018
canon_Task_00156,unsupervised,Task,2018
canon_Task_00157,NLG),Task,2018
canon_Task_00159,NLI),Task,2018
canon_Task_00160,error analysis,Task,2018
canon_Task_00161,story understanding,Task,2018
canon_Task_00162,Emotion Prediction,Task,2018
canon_Task_00163,NLP),Task,2018
canon_Task_00164,Visual Language Grounding,Task,2018
canon_Task_00166,labeling,Task,2018
canon_Task_00168,Automatic rumor detection,Task,2018
canon_Task_00169,science journalism,Task,2018
canon_Task_00170,text modeling,Task,2018
canon_Task_00171,structured prediction,Task,2018
canon_Task_00172,few-shot relation classification,Task,2018
canon_Task_00173,fake news detection,Task,2019
canon_Task_00174,Knowledge Graph Reasoning,Task,2019
canon_Task_00175,multi-task learning,Method,2018
canon_Task_00176,Text Infilling,Task,2019
canon_Task_00177,Fine-grained Entity Typing,Task,2019
canon_Task_00178,slot filling,Task,2019
canon_Task_00179,Simultaneous Interpretation,Task,2019
canon_Task_00180,keyphrase extraction,Task,2019
canon_Task_00182,negative focus detection,Task,2019
canon_Task_00186,Semi-Supervised Text Classification,Task,2019
canon_Task_00187,Stock Movement Prediction,Task,2019
canon_Task_00189,controlled text generation,Task,2019
canon_Task_00190,domain transfer,Task,2019
canon_Task_00191,ASC-QA,Task,2019
canon_Task_00192,open-domain dialogue systems,Task,2019
canon_Task_00193,lexical substitution task,Task,2019
canon_Task_00194,Commonsense Inference,Task,2019
canon_Task_00195,RST parsing,Task,2019
canon_Task_00196,e-commerce,Task,2019
canon_Task_00197,Neural Text Generation,Task,2018
canon_Task_00198,ENASA,Task,2019
canon_Task_00199,Automatic Post-Editing,Task,2019
canon_Task_00200,CQG,Task,2019
canon_Task_00201,Cross-referencing,Task,2019
canon_Task_00202,Robust,Task,2019
canon_Task_00203,data scarcity problem,Task,2020
canon_Task_00204,query translation,Task,2020
canon_Task_00205,commonsense reasoning,Task,2019
canon_Task_00206,cross-lingual tasks,Task,2020
canon_Task_00207,Multi-hop Question Answering,Task,2019
canon_Task_00210,data selection,Task,2019
canon_Task_00211,few-,Task,2020
canon_Task_00212,semantic search,Task,2020
canon_Task_00213,zero-shot transfer,Task,2020
canon_Task_00214,cross-domain slot filling,Task,2020
canon_Task_00215,style transfer,Task,2020
canon_Task_00217,hierarchical text classification,Task,2021
canon_Task_00218,language generation,Task,2021
canon_Task_00219,NLG evaluation,Task,2021
canon_Task_00220,ABSA,Task,2021
canon_Task_00221,Dense Video Event Captioning,Task,2021
canon_Task_00222,Unsupervised Commonsense Question Answering,Task,2021
canon_Task_00223,Open Domain Question Answering,Task,2021
canon_Task_00224,image understanding,Task,2018
canon_Task_00225,Distantly Supervised Relation Extraction,Task,2021
canon_Task_00226,EL documentation,Task,2021
canon_Task_00227,Zero-shot Sequence Labeling,Task,2021
canon_Task_00228,bug fixing,Task,2021
canon_Task_00229,satire detection,Task,2021
canon_Task_00230,Speech Translation,Task,2022
canon_Task_00231,iterative text revisions,Task,2022
canon_Task_00232,CLS,Task,2022
canon_Task_00233,Document-Level Relation Extraction,Task,2022
canon_Task_00234,Multi-Label Intent Detection,Task,2022
canon_Task_00235,conversational AI,Task,2022
canon_Task_00237,content preservation,Task,2022
canon_Task_00238,Unsupervised Relation Extraction,Task,2022
canon_Task_00239,pairwise sentence scoring tasks,Task,2022
canon_Task_00240,answer generation,Task,2022
canon_Task_00241,misclassification detection,Task,2022
canon_Task_00242,spatiotemporal quantity extraction,Task,2022
canon_Task_00243,Empathetic Response Generation,Task,2022
canon_Task_00244,radiology report summarization,Task,2022
canon_Task_00245,end-to-end,Task,2018
canon_Task_00246,retrieval tasks,Task,2018
canon_Task_00248,OSD,Task,2022
canon_Task_00249,model understanding,Task,2022
canon_Task_00250,speech processing,Task,2022
canon_Task_00252,Cross-Domain Sentiment Analysis,Task,2022
canon_Task_00256,Explainable Recommendation,Task,2023
canon_Task_00257,CKBC,Task,2023
canon_Task_00258,parameter,Method,2021
canon_Task_00259,knowledge retrieval,Task,2023
canon_Task_00260,ODQA),Task,2023
canon_Task_00263,authorship attribution,Task,2023
canon_Task_00264,Clinical Prediction,Task,2023
canon_Task_00265,whitespace correction,Task,2023
canon_Task_00266,biomedical RE,Task,2021
canon_Task_00267,tool learning,Task,2024
canon_Task_00269,table retrieval,Task,2024
canon_Task_00270,rare word translation,Task,2020
canon_Task_00271,Retrieval-Augmented Generation,Task,2022
canon_Task_00272,suppositional reasoning,Task,2024
canon_Task_00273,computational story understanding,Task,2024
canon_Task_00274,prompt tuning,Task,2022
canon_Task_00278,Recognizing Textual Entailment (RTE),Task,2018
canon_Task_00279,Lexical Sememe Prediction,Task,2018
canon_Task_00280,Fine-grained Coordinated Cross-lingual Text Stream Alignment,Task,2018
canon_Task_00281,task-oriented dialogue systems,Task,2018
canon_Task_00282,Prevalence estimation,Task,2018
canon_Task_00283,Chinese word segmentation (,Task,2018
canon_Task_00284,cross-domain sentiment classification,Task,2018
canon_Task_00285,topic discovery,Task,2018
canon_Task_00286,simplification,Task,2018
canon_Task_00287,SLU,Task,2018
canon_Task_00288,essay scoring,Task,2018
canon_Task_00289,representations of sentences,Task,2018
canon_Task_00290,QG),Task,2018
canon_Task_00291,One-to-Many Multilingual Translation,Task,2018
canon_Task_00292,multilingual translation,Task,2018
canon_Task_00293,machine comprehension,Task,2018
canon_Task_00294,Coarse-to,Task,2018
canon_Task_00295,Language Production,Task,2018
canon_Task_00296,Frame Induction,Task,2018
canon_Task_00297,SRL),Task,2018
canon_Task_00298,predicting,Task,2018
canon_Task_00299,search problem,Task,2018
canon_Task_00300,Cross-lingual Morphological Tagging,Task,2018
canon_Task_00301,Morphological analysis,Task,2018
canon_Task_00302,morphological tagging,Task,2018
canon_Task_00304,Recognizing,Task,2018
canon_Task_00305,temporal relation classification,Task,2018
canon_Task_00306,Unsupervised and semi-supervised learning,Task,2018
canon_Task_00307,NLP education,Task,2018
canon_Task_00308,Artificial Intelligence,Task,2018
canon_Task_00309,Neural Image Captioning,Task,2018
canon_Task_00310,perception,Task,2018
canon_Task_00312,FETC,Task,2018
canon_Task_00315,User intent detection,Task,2018
canon_Task_00316,classification problem,Task,2018
canon_Task_00317,Cross-lingual Lexical Sememe Prediction,Task,2018
canon_Task_00318,entity typing,Task,2018
canon_Task_00319,math word problem solving,Task,2018
canon_Task_00320,speech applications,Task,2018
canon_Task_00321,semantic role,Task,2018
canon_Task_00322,predicate detection,Task,2018
canon_Task_00323,Noisy Entity Linking,Task,2018
canon_Task_00324,natural language processing applications,Task,2018
canon_Task_00325,error detection,Task,2018
canon_Task_00326,referring expression generation,Task,2018
canon_Task_00329,encoding,Task,2018
canon_Task_00330,paraphrase detection,Task,2018
canon_Task_00331,Document-level Evaluation,Task,2018
canon_Task_00332,answer,Task,2018
canon_Task_00333,Neural Relation Extraction,Task,2018
canon_Task_00335,early detection,Task,2018
canon_Task_00337,VQA),Task,2019
canon_Task_00338,NLP systems,Method,2019
canon_Task_00339,text infilling tasks,Task,2019
canon_Task_00340,translation process,Task,2019
canon_Task_00341,Text Spotting,Task,2019
canon_Task_00342,correction,Task,2019
canon_Task_00343,bilingual lexicon induction,Task,2019
canon_Task_00344,formality transfer,Task,2019
canon_Task_00345,automatic extraction of,Task,2019
canon_Task_00346,dialog response generation,Task,2018
canon_Task_00347,drug repurposing,Task,2019
canon_Task_00348,generative tasks,Task,2019
canon_Task_00349,Task-Oriented Dialogue,Task,2019
canon_Task_00350,subgraph selection,Task,2019
canon_Task_00351,Entity resolution (,Task,2019
canon_Task_00352,ER),Task,2019
canon_Task_00353,text mining,Task,2019
canon_Task_00354,Learning Discourse Structure,Task,2019
canon_Task_00355,Implicit Discourse Relation Classification,Task,2019
canon_Task_00357,ED),Task,2019
canon_Task_00358,Evaluating,Task,2019
canon_Task_00359,generation task,Task,2019
canon_Task_00360,task-oriented conversational systems,Task,2019
canon_Task_00361,Unsupervised Abstractive Sentence Compression,Task,2019
canon_Task_00362,NLP problems,Task,2019
canon_Task_00363,tokenization,Method,2019
canon_Task_00364,Unsupervised Text Style Transfer,Task,2019
canon_Task_00365,VA identification,Task,2019
canon_Task_00366,SU segmentation,Task,2021
canon_Task_00367,Query-Based Text Summarization,Task,2019
canon_Task_00368,Simultaneous Machine Translation,Task,2019
canon_Task_00369,sequence prediction,Task,2019
canon_Task_00370,multilingual parsing,Task,2019
canon_Task_00371,language identification,Task,2019
canon_Task_00372,ASP,Task,2019
canon_Task_00373,Sentence-Level Propaganda Detection,Task,2019
canon_Task_00374,grammar induction,Task,2019
canon_Task_00375,Integrated Writing Assistance Environments,Task,2019
canon_Task_00376,PASA,Task,2019
canon_Task_00377,Conversational Question Generation,Task,2019
canon_Task_00378,Multilingual Evaluation,Task,2019
canon_Task_00379,Concept Map-based Multi-Document Summarization,Task,2019
canon_Task_00380,summarization task,Task,2019
canon_Task_00381,Document Analysis,Task,2019
canon_Task_00382,historical text normalization,Task,2019
canon_Task_00383,deep learning,Method,2018
canon_Task_00385,online persuasion,Task,2019
canon_Task_00386,Unsupervised Anomaly Detection,Task,2019
canon_Task_00387,semantic tasks,Task,2020
canon_Task_00388,Contextualized Number Prediction,Task,2020
canon_Task_00390,schema linking,Task,2020
canon_Task_00391,Document Translation,Task,2020
canon_Task_00392,VQA-CP,Task,2020
canon_Task_00393,Multimodal Summarization,Task,2020
canon_Task_00394,multimodal tasks,Task,2020
canon_Task_00395,Temporal Dependency Parsing,Task,2020
canon_Task_00396,Cross-lingual Pre-training,Task,2020
canon_Task_00397,Stock forecasting,Task,2020
canon_Task_00398,analysis,Task,2020
canon_Task_00399,Fine-grained Fact Verification,Task,2020
canon_Task_00402,stance polarity and intensity prediction,Task,2020
canon_Task_00403,Monotonicity Inference,Task,2020
canon_Task_00405,BLI),Task,2020
canon_Task_00406,phonetic typology,Task,2020
canon_Task_00407,Emotion-Cause Pair Extraction,Task,2020
canon_Task_00409,lexically-constrained generation,Task,2020
canon_Task_00410,sequence-to-sequence problems,Task,2020
canon_Task_00411,slot-filling,Task,2020
canon_Task_00412,Recipe Generation,Task,2020
canon_Task_00413,Fine-Grained Propaganda Detection,Task,2020
canon_Task_00414,results extraction,Task,2020
canon_Task_00415,Machine reading,Task,2020
canon_Task_00416,Operational Risk Classification,Task,2020
canon_Task_00417,unsupervised machine translation,Task,2020
canon_Task_00418,language representation learning,Task,2020
canon_Task_00419,Unsupervised Morphological Paradigm Completion,Task,2020
canon_Task_00420,Open attribute value extraction,Task,2020
canon_Task_00421,Synonym Discovery,Task,2020
canon_Task_00422,People Tracking,Task,2020
canon_Task_00423,sentence fusion,Task,2020
canon_Task_00424,Context-aware Lexical Semantics,Task,2020
canon_Task_00425,Image Captioning Evaluation,Task,2020
canon_Task_00426,CapWAP,Task,2020
canon_Task_00427,CWS),Task,2020
canon_Task_00428,Reading,Task,2020
canon_Task_00429,CbR,Task,2020
canon_Task_00431,Semi-Open Relation Extraction,Task,2020
canon_Task_00432,speaker attribution,Task,2020
canon_Task_00433,Text-based Games,Task,2020
canon_Task_00434,Explainable Cyberbullying Detection,Task,2020
canon_Task_00435,Sarcasm detection,Task,2020
canon_Task_00436,video-and-language tasks,Task,2021
canon_Task_00437,verification,Task,2021
canon_Task_00438,exposure bias problem,Task,2021
canon_Task_00439,Style transfer tasks,Task,2021
canon_Task_00440,multilingual text-to-video search,Task,2021
canon_Task_00441,temporal reasoning,Task,2021
canon_Task_00442,supervised tasks,Task,2018
canon_Task_00443,Material science synthesis procedures,Task,2021
canon_Task_00444,few-shot transfer,Task,2021
canon_Task_00445,syntactically controlled paraphrase generation,Task,2021
canon_Task_00446,ABSA task,Task,2021
canon_Task_00447,downstream dialogue tasks,Task,2021
canon_Task_00448,Temporal Language Grounding,Task,2021
canon_Task_00449,hate speech classification task,Task,2020
canon_Task_00450,Sequence Generation,Task,2021
canon_Task_00451,Event-Event Temporal Relation Extraction,Task,2021
canon_Task_00452,data generation,Task,2021
canon_Task_00453,supervised and,Task,2021
canon_Task_00454,knowledge graph construction,Task,2021
canon_Task_00455,Image Search,Task,2021
canon_Task_00456,Argument Reframing,Task,2021
canon_Task_00457,QFS,Task,2021
canon_Task_00458,News Recommendation,Task,2021
canon_Task_00461,Dialogue Modeling,Task,2021
canon_Task_00462,argument quality,Task,2021
canon_Task_00463,readability assessment,Task,2021
canon_Task_00464,joint reasoning,Task,2021
canon_Task_00465,ZS-MTC task,Task,2021
canon_Task_00466,transfer learning,Method,2018
canon_Task_00467,Passage Re-ranking,Task,2021
canon_Task_00468,fact checking,Task,2021
canon_Task_00470,WordPiece Tokenization,Task,2021
canon_Task_00471,Multi-dataset Question Answering,Task,2021
canon_Task_00472,fine-tuning,Method,2021
canon_Task_00473,Task-oriented Semantic Parsing,Task,2021
canon_Task_00474,Knowledge Graph Completion,Task,2018
canon_Task_00475,KG completion,Task,2021
canon_Task_00477,APE task,Task,2021
canon_Task_00478,Metaphor Understanding,Task,2021
canon_Task_00479,Ultra-Fine Entity Typing,Task,2021
canon_Task_00480,candidate generation,Task,2021
canon_Task_00481,product search,Task,2021
canon_Task_00482,Entity-Centric Information Extraction,Task,2021
canon_Task_00483,NLU),Task,2021
canon_Task_00484,text revision tasks,Task,2022
canon_Task_00485,QA tasks,Task,2019
canon_Task_00487,topical segmentation,Task,2022
canon_Task_00488,CLS task,Task,2022
canon_Task_00489,infectious disease modelling,Task,2022
canon_Task_00490,DocRE,Task,2022
canon_Task_00491,Incomplete Utterance Rewriting,Task,2022
canon_Task_00492,Multimodal Ideology Prediction,Task,2022
canon_Task_00493,lightweight,Method,2019
canon_Task_00494,Text-Image Retrieval,Task,2022
canon_Task_00495,task-specific distillation,Task,2022
canon_Task_00496,planning,Task,2022
canon_Task_00497,Knowledge Base Question Answering,Task,2022
canon_Task_00498,Uncertainty estimation,Task,2022
canon_Task_00499,zero-shot,Task,2022
canon_Task_00500,Multi-Task Reading Comprehension,Task,2020
canon_Task_00501,Multilingual Dense Passage Retrieval,Task,2022
canon_Task_00502,Conversational Dialogue Systems,Task,2022
canon_Task_00503,Offensive Span Detection,Task,2022
canon_Task_00504,New,Task,2022
canon_Task_00505,Controllable Summarization,Task,2022
canon_Task_00506,sentence-level relation extraction (,Task,2022
canon_Task_00507,Chapter Ordering,Task,2022
canon_Task_00508,Few-Sample Task Transfer,Task,2022
canon_Task_00509,multi-source domain adaptation,Task,2022
canon_Task_00511,Patent Landscaping,Task,2022
canon_Task_00512,PLS-oriented classification tasks,Task,2022
canon_Task_00513,Constrained Unsupervised Text Style Transfer,Task,2022
canon_Task_00514,zero-shot cross-lingual transfer,Task,2022
canon_Task_00515,ZRE,Task,2023
canon_Task_00516,IE tasks,Task,2023
canon_Task_00517,Multimodal Entity and Relation Extraction,Task,2023
canon_Task_00518,taxonomy completion,Task,2023
canon_Task_00519,Word sense extension,Task,2023
canon_Task_00520,aspect-level sentiment analysis,Task,2018
canon_Task_00521,mathematical reasoning,Task,2023
canon_Task_00522,Multi-modal Fake News Detection,Task,2023
canon_Task_00523,Consistent Text Categorization,Task,2023
canon_Task_00524,VL tasks,Task,2023
canon_Task_00525,Meeting Summarization,Task,2023
canon_Task_00526,Environmental Claim Detection,Task,2023
canon_Task_00527,Clinical Health-Aware Reasoning,Task,2023
canon_Task_00528,Low-Resource Complex NER,Task,2023
canon_Task_00529,cross-modal retrieval,Task,2023
canon_Task_00530,Clinical Note Generation,Task,2023
canon_Task_00531,quotation attribution,Task,2023
canon_Task_00532,Long Document Understanding,Task,2023
canon_Task_00533,Constrained Language Planning,Task,2023
canon_Task_00534,Second Language Acquisition,Task,2023
canon_Task_00535,E-Commerce Image-Text Retrieval,Task,2023
canon_Task_00536,Unsupervised Sentence Representation,Task,2023
canon_Task_00538,Code-Switched NLP,Task,2023
canon_Task_00539,Bias Removal,Task,2023
canon_Task_00540,Human Evaluation of Faithfulness,Task,2023
canon_Task_00541,Long-form Summarization,Task,2023
canon_Task_00542,Commonsense Question Answering,Task,2023
canon_Task_00543,Immunotherapy,Task,2023
canon_Task_00544,prognostic prediction,Task,2023
canon_Task_00545,Category Structure,Task,2023
canon_Task_00546,syntactic generalization,Task,2023
canon_Task_00547,document-level neural machine translation (NMT),Task,2020
canon_Task_00548,Zero-Shot Cross-Lingual Alignment,Task,2024
canon_Task_00549,Supernet training,Task,2024
canon_Task_00550,word learning,Task,2024
canon_Task_00551,Metaphor Detection,Task,2024
canon_Task_00552,Document Question-Answering,Task,2024
canon_Task_00553,Nearest-neighbor Lookup (,Task,2024
canon_Task_00554,FERN),Task,2024
canon_Task_00555,vector retrieval,Task,2024
canon_Task_00556,Language Model Pretraining,Task,2024
canon_Task_00558,multilingual applications,Task,2024
canon_Task_00559,text-to-table task,Task,2024
canon_Task_00560,syllogistic reasoning,Task,2024
canon_Task_00561,Qualitative Data Analysis,Task,2024
canon_Task_00563,Few-Shot Relation Learning,Task,2024
canon_Task_00564,CDCR,Task,2024
canon_Task_00567,large-scale VLMs,Task,2024
canon_Task_00568,metric optimization,Task,2024
canon_Task_00569,Scientific Discovery,Task,2024
canon_Task_00570,Computational Argument Quality Assessment,Task,2021
canon_Task_00571,CSS,Task,2024
canon_Task_00572,IR),Task,2024
canon_Task_00573,generative retrieval,Task,2024
canon_Task_00575,assessment of,Task,2024
canon_Task_00576,sentence similarity,Task,2024
canon_Task_00577,sensory tasks,Task,2024
canon_Task_00578,lengthy retrieval,Task,2024
canon_Task_00579,instruction-based retrieval,Task,2024
canon_Task_00580,review recommendation,Task,2024
canon_Task_00581,Emotional Support,Task,2024
canon_Task_00582,real-time predictions,Task,2023
canon_Task_00583,large language models,Method,2020
canon_Task_00584,entity linking problem,Task,2018
canon_Task_00585,machine translation systems,Method,2019
canon_Task_00586,Conversational Understanding,Task,2024
canon_Task_00587,KVQA,Task,2024
canon_Task_00589,Repository-Level Code Completion,Task,2024
canon_Task_00590,Depression Detection,Task,2024
canon_Task_00591,affected package identification,Task,2024
canon_Task_00592,representation of short,Task,2018
canon_Task_00593,emotion analysis,Task,2018
canon_Task_00594,resource curation,Task,2018
canon_Task_00595,political and social science,Task,2018
canon_Task_00596,Personalized Domain Classification,Task,2018
canon_Task_00597,large-scale domain classification,Task,2018
canon_Task_00598,lexical simplification,Task,2018
canon_Task_00599,zero-shot specialization,Task,2018
canon_Task_00600,re-scoring of,Task,2018
canon_Task_00601,privacy protection,Task,2018
canon_Task_00602,Acquisition of Phrase Correspondences,Task,2018
canon_Task_00603,RTE tasks,Task,2018
canon_Task_00604,automated fact-checking,Task,2018
canon_Task_00605,evidence-aware credibility assessment of,Task,2018
canon_Task_00606,Unsupervised Word-by-Word Translation,Task,2018
canon_Task_00607,word-by-word translation of cross-,Task,2018
canon_Task_00608,context-aware search,Task,2018
canon_Task_00609,Contextual sequence mapping,Task,2018
canon_Task_00610,Endless Language Knowledge Acquisition,Task,2018
canon_Task_00611,text stream alignment,Task,2018
canon_Task_00612,bilingual lexicon extraction,Task,2018
canon_Task_00613,endless language knowledge mining,Task,2018
canon_Task_00614,automatic language knowledge acquisition,Task,2018
canon_Task_00615,tracking of,Task,2018
canon_Task_00616,WoZ state tracking task,Task,2018
canon_Task_00617,DSTC2,Task,2018
canon_Task_00618,inferring,Task,2018
canon_Task_00619,document class prevalence,Task,2018
canon_Task_00620,group,Task,2018
canon_Task_00621,Chinese Word,Task,2018
canon_Task_00622,personality psychology,Task,2018
canon_Task_00623,RC) tasks,Task,2018
canon_Task_00624,Embedding Syntax and,Task,2018
canon_Task_00625,automatic processing of,Task,2018
canon_Task_00626,prepositional attachment and preposition selection problems,Task,2018
canon_Task_00627,preposition selection,Task,2018
canon_Task_00628,prepositional attachment disambiguation,Task,2018
canon_Task_00629,combined,Task,2018
canon_Task_00630,lexical and structural simplification,Task,2018
canon_Task_00631,Goal-Oriented Dialogue Research,Task,2018
canon_Task_00632,SLU),Task,2018
canon_Task_00633,intent determination,Task,2018
canon_Task_00634,spoken dialogue systems,Task,2018
canon_Task_00635,dependency SRL,Task,2018
canon_Task_00636,neural SR,Task,2018
canon_Task_00637,Task-Oriented Dialogue Modelling,Task,2018
canon_Task_00638,belief tracking,Task,2018
canon_Task_00639,Educational Applications,Task,2018
canon_Task_00640,large-scale educational assessments,Task,2018
canon_Task_00641,speech scoring,Task,2018
canon_Task_00642,assessment of language proficiency,Task,2018
canon_Task_00644,character-to-word representations,Task,2018
canon_Task_00645,word and sentence representations,Task,2018
canon_Task_00647,part,Task,2018
canon_Task_00648,syntactic chunking,Task,2018
canon_Task_00649,Cross-language Cross-domain Transfer,Task,2018
canon_Task_00650,compositional questions,Task,2018
canon_Task_00651,Time Anchor Annotation,Task,2018
canon_Task_00652,temporal relation annotation,Task,2018
canon_Task_00653,downstream time anchor prediction task,Task,2018
canon_Task_00654,Longer Sentence Compression,Task,2018
canon_Task_00655,paraphrase detection and language inference tasks,Task,2018
canon_Task_00656,one-to-many translation,Task,2018
canon_Task_00657,human communication,Task,2018
canon_Task_00658,classifying low-frequency labels,Task,2018
canon_Task_00659,Community Social Media Prediction Tasks,Task,2018
canon_Task_00660,community prediction tasks,Task,2018
canon_Task_00661,community-level predictive tasks,Task,2018
canon_Task_00662,community-level outcome predictions,Task,2018
canon_Task_00663,Detection of Clinical Conditions,Task,2018
canon_Task_00664,Verbal Fluency Tasks,Task,2018
canon_Task_00665,downstream prediction tasks,Task,2018
canon_Task_00666,automated Grammatical Error Correction,Task,2018
canon_Task_00667,Word Formation,Task,2018
canon_Task_00668,Higher-Order Coreference Resolution,Task,2018
canon_Task_00669,higher-order inference,Task,2018
canon_Task_00671,statistical machine translation,Task,2018
canon_Task_00672,Reading Comprehension Questions,Task,2018
canon_Task_00673,Cross-topic Argument Mining,Task,2018
canon_Task_00674,argument search,Task,2018
canon_Task_00675,constituency parsing,Task,2018
canon_Task_00677,Neural Domain Adaptation,Task,2018
canon_Task_00678,Interpretable Neural Dialog Generation,Task,2018
canon_Task_00679,interpretable response generation,Task,2018
canon_Task_00680,interpretable generation,Task,2018
canon_Task_00681,high-level semantic analysis tasks,Task,2018
canon_Task_00682,Computer Assisted Coding,Task,2018
canon_Task_00684,automatic generation,Task,2018
canon_Task_00685,Learning End-to-End Goal-Oriented Dialog,Task,2018
canon_Task_00686,permut,Task,2018
canon_Task_00687,end-to-end goal-,Task,2018
canon_Task_00688,score prediction,Task,2018
canon_Task_00689,IMEs,Method,2018
canon_Task_00690,Reasoning over Multiple,Task,2018
canon_Task_00691,bAb,Task,2018
canon_Task_00692,Temporal Event Knowledge Acquisition,Task,2018
canon_Task_00693,narrative cloze task,Task,2018
canon_Task_00694,English-,Task,2018
canon_Task_00695,domain-specific NLP application,Task,2018
canon_Task_00696,linguistic annotation,Task,2018
canon_Task_00697,evaluation or,Task,2018
canon_Task_00698,language generation and interpretation,Task,2018
canon_Task_00699,Corpus Creation,Task,2018
canon_Task_00700,emotion identification,Task,2018
canon_Task_00701,Prerequisite Chains,Task,2018
canon_Task_00702,Survey Extraction,Task,2018
canon_Task_00703,Resource Recommendation,Task,2018
canon_Task_00704,user profiling,Task,2018
canon_Task_00705,image feature extraction,Task,2018
canon_Task_00706,language caption generation,Task,2018
canon_Task_00707,language grounding,Task,2018
canon_Task_00708,machine vision,Task,2018
canon_Task_00709,neural image,Task,2018
canon_Task_00710,Distantly-,Task,2018
canon_Task_00711,Automatic generation of paraphrases,Task,2018
canon_Task_00712,English-AMR Alignment,Task,2018
canon_Task_00713,AMR-to-string alignment,Task,2018
canon_Task_00714,AMR parsing,Task,2018
canon_Task_00715,Rhetorical Analysis of Scientific,Task,2018
canon_Task_00716,automatic analysis of rhetorical aspects of scientific,Task,2018
canon_Task_00717,rhetorical classification tasks,Task,2018
canon_Task_00718,rhetorical analysis tasks,Task,2018
canon_Task_00719,Language Recognition,Task,2018
canon_Task_00720,Neural Fine-Grained Entity Type Classification,Task,2018
canon_Task_00721,Type-Sensitive Knowledge Base Inference,Task,2018
canon_Task_00723,model inferencing,Task,2018
canon_Task_00724,feedforward evaluation,Task,2018
canon_Task_00726,post-processing,Task,2018
canon_Task_00727,visual question-answering,Task,2018
canon_Task_00728,Annotation of Low-resource ENtities,Task,2018
canon_Task_00729,named entity annotation,Task,2018
canon_Task_00731,partisanship detection,Task,2018
canon_Task_00732,pre-screening,Task,2018
canon_Task_00733,semi-automatic fake news detection,Task,2018
canon_Task_00734,computer vision problems,Task,2018
canon_Task_00736,biomedical machine reading,Task,2018
canon_Task_00737,Zero-shot User Intent Detection,Task,2018
canon_Task_00738,question-answering and dialog systems,Task,2018
canon_Task_00739,extraction of synonyms,Task,2018
canon_Task_00740,acquiring,Task,2018
canon_Task_00741,sememe prediction,Task,2018
canon_Task_00742,Unsupervised Disambiguation of Syncretism,Task,2018
canon_Task_00743,Multilingual and Multi-Representation Entity Typing,Task,2018
canon_Task_00744,single-document extractive summarization,Task,2018
canon_Task_00745,contextual bandit (CB) problem,Task,2018
canon_Task_00746,Opinion Role Labeling,Task,2018
canon_Task_00747,ORL),Task,2018
canon_Task_00748,sentence clustering,Task,2018
canon_Task_00749,thematic clustering of sentences,Task,2018
canon_Task_00750,sentence semantic similarity prediction,Task,2018
canon_Task_00751,ontology classification,Task,2018
canon_Task_00752,answer sentence selection,Task,2018
canon_Task_00753,Math Word Problem,Task,2018
canon_Task_00754,automatic math word problem solving,Task,2018
canon_Task_00755,analogical reasoning,Method,2018
canon_Task_00756,Chinese word embeddings,Task,2018
canon_Task_00757,Cloze-style Reading Comprehension,Task,2018
canon_Task_00758,real-world query auto completion,Task,2018
canon_Task_00759,QAC task,Task,2018
canon_Task_00760,On-Device Short Text Classification,Task,2018
canon_Task_00761,dialog act classification,Task,2018
canon_Task_00762,low-,Task,2018
canon_Task_00763,SRL decoding,Task,2018
canon_Task_00764,role labeling,Task,2018
canon_Task_00765,Low-resource Sequence Labeling,Task,2018
canon_Task_00766,Name Tagging,Task,2018
canon_Task_00767,Noun–Noun Compound Interpretation,Task,2018
canon_Task_00768,semantic interpretation of noun–noun compounds,Task,2018
canon_Task_00769,supervised extractive text summarization,Task,2018
canon_Task_00770,latency-sensitive,Task,2018
canon_Task_00772,phrase-based translation,Task,2018
canon_Task_00773,detecting rumors,Task,2018
canon_Task_00775,Word-Level Prediction,Task,2018
canon_Task_00776,semantic feature extraction,Task,2018
canon_Task_00777,move recommendation,Task,2018
canon_Task_00778,move description,Task,2018
canon_Task_00780,Unsupervised Linguistic Typology,Task,2018
canon_Task_00781,grapheme-to-phoneme prediction,Task,2018
canon_Task_00782,phonological task,Task,2018
canon_Task_00783,Training of,Task,2018
canon_Task_00784,NMT training,Task,2018
canon_Task_00785,result exploration,Task,2018
canon_Task_00786,artificial,Task,2018
canon_Task_00787,semantic relatedness tasks,Task,2018
canon_Task_00788,semantic relatedness scoring,Task,2018
canon_Task_00789,Automatic Stance Detection,Task,2018
canon_Task_00790,syntactic analogy,Task,2018
canon_Task_00791,syntactic analogy and text classification tasks,Task,2018
canon_Task_00792,single-label,Task,2018
canon_Task_00793,Search-based Structured Prediction,Task,2018
canon_Task_00794,transition-based dependency parsing,Task,2018
canon_Task_00795,Tell,Task,2018
canon_Task_00796,summarization evaluation,Task,2018
canon_Task_00797,Duplicate Question Detection,Task,2018
canon_Task_00798,Automated ICD Coding,Task,2018
canon_Task_00799,Medical coding,Task,2018
canon_Task_00800,Manual coding,Task,2018
canon_Task_00801,Neural Conversation Generation,Task,2018
canon_Task_00802,real-world KGs,Task,2018
canon_Task_00803,knowledge base completion,Task,2018
canon_Task_00804,construction,Task,2018
canon_Task_00805,measuring,Task,2018
canon_Task_00806,Natural Language to Structured Query Generation,Task,2018
canon_Task_00807,learning problem,Task,2018
canon_Task_00808,multilingual NLP,Task,2018
canon_Task_00809,computational narrative analysis,Task,2018
canon_Task_00810,personalized dialogue generation,Task,2018
canon_Task_00811,supervised character trope classification task,Task,2018
canon_Task_00812,multiple translation tasks,Task,2018
canon_Task_00813,Complex Plagiarism Detection,Task,2018
canon_Task_00814,plagiarim detection,Task,2018
canon_Task_00815,assessing dementia,Task,2018
canon_Task_00816,AD assessment,Task,2018
canon_Task_00817,identifying AD,Task,2018
canon_Task_00818,predicting clinical scores,Task,2018
canon_Task_00819,regression task,Task,2018
canon_Task_00820,comparative,Task,2018
canon_Task_00821,business intelligence,Task,2018
canon_Task_00822,opinion leader finding,Task,2018
canon_Task_00823,statistical data-to-text generation,Task,2018
canon_Task_00824,temporally focused information extraction,Task,2018
canon_Task_00825,Linguistic Development,Task,2019
canon_Task_00826,Mental health counseling,Task,2019
canon_Task_00827,peer review process,Task,2019
canon_Task_00828,linguistically,Task,2019
canon_Task_00829,path-finding,Task,2019
canon_Task_00830,path-finding process,Task,2019
canon_Task_00831,MTL),Task,2019
canon_Task_00832,textual inference,Task,2019
canon_Task_00833,real-world natural language generation scenarios,Task,2019
canon_Task_00834,GAN discrimination,Task,2019
canon_Task_00835,DROP,Task,2019
canon_Task_00836,Zero-shot Reading Comprehension,Task,2019
canon_Task_00837,Reward Estimation,Task,2019
canon_Task_00838,policy optimization,Task,2019
canon_Task_00839,multi-domain task-oriented dialog,Task,2019
canon_Task_00840,Document Retrieval,Task,2019
canon_Task_00841,ad hoc document retrieval,Task,2019
canon_Task_00842,Joint Detection and Location of English,Task,2019
canon_Task_00843,pun detection,Task,2019
canon_Task_00844,pun location,Task,2019
canon_Task_00845,Neural Text Classification,Task,2019
canon_Task_00846,unsupervised tokenization,Task,2019
canon_Task_00847,Opinion Summarization,Task,2019
canon_Task_00848,balanced opinion summarization of,Task,2019
canon_Task_00849,Interpretation,Task,2019
canon_Task_00850,Incremental processing,Task,2019
canon_Task_00851,common-sense-enabled systems,Task,2019
canon_Task_00852,Local Convolution,Task,2019
canon_Task_00853,supervised classification,Task,2019
canon_Task_00855,semantic-based text generalization,Task,2019
canon_Task_00856,open-domain multi-hop QA,Task,2019
canon_Task_00857,Bilingual Word Embedding,Task,2019
canon_Task_00858,cross-lingual word embedding,Task,2019
canon_Task_00859,AMR generation,Task,2019
canon_Task_00860,knowledge acquisition,Task,2019
canon_Task_00861,source-target translation,Task,2019
canon_Task_00862,non-factoid question answering (QA),Task,2019
canon_Task_00863,Neural Response Generation,Task,2019
canon_Task_00864,physical plausibility task,Task,2019
canon_Task_00865,dependency-based SRL,Task,2019
canon_Task_00866,syntax-agnostic setting,Task,2019
canon_Task_00867,bilingual machine translation,Task,2019
canon_Task_00868,Visually Attacking,Task,2019
canon_Task_00869,"character-, word-, and sentence-level tasks",Task,2019
canon_Task_00870,Text-Image Matching,Task,2019
canon_Task_00871,text-image embeddings,Task,2019
canon_Task_00872,Extraction of Vossian Antonomas,Task,2019
canon_Task_00873,stylistics,Task,2019
canon_Task_00874,relation and,Task,2019
canon_Task_00875,fact extraction,Task,2019
canon_Task_00876,extraction of VAs,Task,2019
canon_Task_00877,Visual Story Post-Editing,Task,2019
canon_Task_00878,RL-,Task,2019
canon_Task_00879,user simulator study,Task,2019
canon_Task_00880,opinion formation,Task,2019
canon_Task_00881,re-entry prediction,Task,2019
canon_Task_00882,Visually Situated Neural Language Acquisition,Task,2019
canon_Task_00884,cross-lingual entity alignment,Task,2019
canon_Task_00885,Low-Resource Machine Translation,Task,2019
canon_Task_00886,text-based stock movement prediction,Task,2019
canon_Task_00887,stock prediction,Task,2019
canon_Task_00888,CRA,Task,2019
canon_Task_00889,FT Structural Annotation task,Task,2019
canon_Task_00890,CoNLL tasks,Task,2019
canon_Task_00891,parsing Universal Dependencies,Task,2019
canon_Task_00892,Data-Imbalanced Multi-Label Diagnostic Text Understanding,Task,2019
canon_Task_00893,knowledge discovery,Task,2019
canon_Task_00894,thematic relation extraction,Task,2019
canon_Task_00895,latent topic annotation,Task,2019
canon_Task_00896,likelihood approximation,Task,2019
canon_Task_00897,retrofitting,Method,2018
canon_Task_00898,sentence classification and inference tasks,Task,2019
canon_Task_00899,Zero-resource Cross-lingual Classification and NER,Task,2019
canon_Task_00900,multilingual MLDoc text classification and CoNLL 2002,Task,2019
canon_Task_00901,Healthcare Question Answering,Task,2019
canon_Task_00902,Unsupervised part of speech (POS) tagging,Task,2019
canon_Task_00903,clustering problem,Task,2019
canon_Task_00904,low-resource unsupervised POS tagging,Task,2019
canon_Task_00905,Recognition of Pharmacological Substances,Task,2019
canon_Task_00906,concept normalization,Task,2019
canon_Task_00907,Concept indexing task,Task,2019
canon_Task_00908,Neural NLG,Task,2019
canon_Task_00909,character level language modeling,Task,2019
canon_Task_00910,Non-Autoregressive Neural Machine Translation,Task,2019
canon_Task_00911,Restaurant Search and Booking,Task,2019
canon_Task_00912,open-domain response generation,Task,2019
canon_Task_00913,Cross-Sentence Inference,Task,2019
canon_Task_00914,cross-sentence inference problems,Task,2019
canon_Task_00915,sequence modeling,Method,2018
canon_Task_00916,word reordering detection task,Task,2019
canon_Task_00917,Generative Visual Dialog,Task,2019
canon_Task_00918,Grounding learning of modifier dynamics,Task,2019
canon_Task_00919,color naming,Task,2019
canon_Task_00920,Grounding,Task,2019
canon_Task_00921,Categorization,Task,2019
canon_Task_00922,error correction,Task,2019
canon_Task_00923,Simple Question Answering,Task,2019
canon_Task_00924,Knowledge graph based simple question answering (KBSQA),Task,2019
canon_Task_00925,biased text generation,Task,2019
canon_Task_00926,Low-resource Deep Entity Resolution,Task,2019
canon_Task_00927,ER applications,Task,2019
canon_Task_00928,Contextualized Extractive Summarization,Task,2019
canon_Task_00929,computational systems,Task,2019
canon_Task_00930,long-term dependency problem,Task,2019
canon_Task_00931,discourse attachment,Task,2019
canon_Task_00932,attachment problem,Task,2019
canon_Task_00933,face recognition,Task,2019
canon_Task_00934,Bacteria Biot,Task,2019
canon_Task_00935,microbiology,Task,2019
canon_Task_00936,Next Sentence Prediction,Task,2019
canon_Task_00937,discourse parsing,Task,2019
canon_Task_00938,next-sentence prediction task,Task,2019
canon_Task_00939,trigger classification,Task,2019
canon_Task_00940,Low-Resource Unsupervised Duplicate Question Detection,Task,2019
canon_Task_00941,DQD),Task,2019
canon_Task_00942,Question Answering Evaluation,Task,2019
canon_Task_00944,free-form answer generation,Task,2019
canon_Task_00945,generative QA,Task,2019
canon_Task_00946,span-based QA,Task,2019
canon_Task_00947,extractive QA tasks,Task,2019
canon_Task_00948,free-form QA,Task,2019
canon_Task_00949,typographic analysis,Task,2019
canon_Task_00951,Online Review Generation,Task,2019
canon_Task_00952,Entity-,Task,2019
canon_Task_00953,social-oriented tasks,Task,2019
canon_Task_00954,in-domain analyses,Task,2019
canon_Task_00955,multimodal language processing,Task,2019
canon_Task_00956,multimodal dialog,Task,2019
canon_Task_00957,information retrieval style evaluations,Task,2019
canon_Task_00958,response prediction,Task,2019
canon_Task_00959,predicting dialog responses,Task,2019
canon_Task_00960,Data-to-Document Generation and Translation,Task,2019
canon_Task_00961,Document-Level Generation and Translation,Task,2019
canon_Task_00962,sentence planning,Task,2019
canon_Task_00963,discourse-level structuring,Task,2019
canon_Task_00965,Surface Realization Shared,Task,2019
canon_Task_00966,unsupervised sentence compression,Task,2019
canon_Task_00967,Unsupervised Question Answering,Task,2019
canon_Task_00968,natural language tasks,Task,2019
canon_Task_00969,Cloze-task,Task,2019
canon_Task_00970,ASC),Task,2019
canon_Task_00971,ASC-QA),Task,2019
canon_Task_00972,Low Resource Ad-hoc Cross-lingual Information Retrieval,Task,2019
canon_Task_00973,Ad-hoc Cross-lingual Information Retrieval (CLIR),Task,2019
canon_Task_00974,machine translation-based CLIR,Task,2019
canon_Task_00976,automated labelling,Task,2019
canon_Task_00977,Argument Classification,Task,2019
canon_Task_00978,trustworthiness estimation,Task,2019
canon_Task_00979,political ideology detection,Task,2019
canon_Task_00980,model selection,Task,2019
canon_Task_00981,downstream analysis,Task,2019
canon_Task_00982,part of speech tagging,Task,2019
canon_Task_00983,Rapid Document Triage,Task,2019
canon_Task_00984,Implicit Discourse Relation Identification,Task,2019
canon_Task_00985,Search Results,Task,2019
canon_Task_00986,Text retrieval systems,Task,2019
canon_Task_00988,shallow surface realization task,Task,2019
canon_Task_00989,Transfer Learning-Based Sentiment Analysis,Task,2019
canon_Task_00990,binary and multi-class sentiment classification,Task,2019
canon_Task_00991,Negation scope detection,Task,2019
canon_Task_00992,Entity Tracking,Task,2018
canon_Task_00993,entity tracking tasks,Task,2019
canon_Task_00995,ingredient detection,Task,2019
canon_Task_00996,QA over scientific,Task,2019
canon_Task_00997,Dependency-based and Semantic Annotation of Collo,Task,2019
canon_Task_00998,semantic annotation of,Task,2019
canon_Task_00999,collocation identification,Task,2019
canon_Task_01001,Neural Chinese Address Parsing,Task,2019
canon_Task_01002,document-level MT,Task,2019
canon_Task_01003,NLG and,Task,2019
canon_Task_01004,individual named entity identification,Task,2019
canon_Task_01005,named entity linking (,Task,2019
canon_Task_01006,NEL) problem,Task,2019
canon_Task_01007,individual identification,Task,2019
canon_Task_01008,SRL problem,Task,2019
canon_Task_01009,BLCU-NLP,Task,2019
canon_Task_01010,COIN-Shared Task,Task,2019
canon_Task_01011,context- and knowledge-aware predictions,Task,2019
canon_Task_01012,Movie Plot Analysis,Task,2019
canon_Task_01013,Turning Point Identification,Method,2019
canon_Task_01014,Multilingual Delexicalised Dependency Parsing,Task,2019
canon_Task_01015,multilingual dependency parsing,Task,2019
canon_Task_01016,Argumentation Structure Parsing,Task,2019
canon_Task_01017,ASP),Task,2019
canon_Task_01018,sentencelevel propaganda classification problem,Task,2019
canon_Task_01019,document classification,Task,2019
canon_Task_01020,grammar induction problem,Task,2019
canon_Task_01021,holistic scoring,Task,2019
canon_Task_01022,dimension-specific essay scoring,Task,2019
canon_Task_01023,Private-Attribute Inference,Task,2019
canon_Task_01024,user behavioral modeling tasks,Task,2019
canon_Task_01025,textual data anonymization,Task,2019
canon_Task_01026,relation prediction,Task,2019
canon_Task_01027,persuasive argument construction,Task,2019
canon_Task_01028,paragraph generation,Task,2019
canon_Task_01029,abstract generation,Task,2019
canon_Task_01030,Japanese Predicate Argument Structure Analysis,Task,2019
canon_Task_01031,event-noun argument structure analysis (,Task,2019
canon_Task_01032,syntactically-controlled sentence generation,Task,2019
canon_Task_01033,unsupervised paraphrasing,Task,2019
canon_Task_01034,hatesp,Task,2019
canon_Task_01035,Textual Network Embedding,Task,2019
canon_Task_01036,network analysis,Task,2019
canon_Task_01037,context-aware network embeddings,Task,2019
canon_Task_01038,network embedding problem,Task,2019
canon_Task_01039,copying,Task,2019
canon_Task_01040,question-answering style conversations,Task,2019
canon_Task_01041,Sequence Tagging,Task,2019
canon_Task_01042,multilingual named entity recognition,Task,2019
canon_Task_01043,COIN,Task,2019
canon_Task_01044,Machine Reading Tasks,Task,2019
canon_Task_01045,text matching,Task,2019
canon_Task_01046,patient question answering,Task,2019
canon_Task_01047,Consultation,Task,2019
canon_Task_01048,Law Searching,Task,2019
canon_Task_01049,text categorization,Task,2019
canon_Task_01050,legal consulting,Task,2019
canon_Task_01051,multi-way law searching,Task,2019
canon_Task_01052,content deletion,Task,2019
canon_Task_01053,Domain-agnostic Question-Answering,Task,2019
canon_Task_01054,MRQA Shared,Task,2019
canon_Task_01055,online persu,Task,2019
canon_Task_01056,contextual anomaly detection,Task,2019
canon_Task_01057,Hypernym Discovery,Task,2019
canon_Task_01058,domain-specific English hypernym discovery tasks,Task,2019
canon_Task_01059,general English hypernym discovery task,Task,2019
canon_Task_01060,Chemical Named Entity Recognition,Task,2019
canon_Task_01061,BioCreative IV,Task,2019
canon_Task_01062,chemi- cal NER,Task,2019
canon_Task_01063,Minimally,Task,2019
canon_Task_01064,Word Alignment Induction,Task,2020
canon_Task_01065,Automatic evaluation of open-domain dialogue response generation,Task,2020
canon_Task_01067,Extrapolation,Task,2020
canon_Task_01068,Lookup Table task,Task,2020
canon_Task_01069,Code-Switched Speech Recognition,Task,2020
canon_Task_01070,speech recognition and language modeling tasks,Task,2020
canon_Task_01071,masked number prediction,Task,2020
canon_Task_01072,numerical anomaly detection,Task,2020
canon_Task_01073,numerical pre-diction,Task,2020
canon_Task_01074,anomaly detection,Task,2020
canon_Task_01075,semi-supervised policy learning,Task,2020
canon_Task_01076,Sentence Encoder Pre-training,Task,2020
canon_Task_01077,large-scale NLP tasks,Task,2020
canon_Task_01078,Intrinsic,Task,2020
canon_Task_01079,large-scale evaluation of,Task,2020
canon_Task_01080,schema encoding,Task,2020
canon_Task_01081,Language Model Adaptation,Task,2020
canon_Task_01082,self-supervised pre-training,Task,2020
canon_Task_01083,word attribute transfer,Task,2020
canon_Task_01084,Diverse Generation,Task,2020
canon_Task_01085,one-to-many sequence generation tasks,Task,2020
canon_Task_01086,causal generation,Task,2020
canon_Task_01087,chained,Task,2020
canon_Task_01088,video-grounded dialogue tasks,Task,2020
canon_Task_01089,sequence-to-sequence task,Task,2020
canon_Task_01090,conditional generation,Task,2020
canon_Task_01091,conditional augmentation of,Task,2020
canon_Task_01092,Discriminative,Task,2020
canon_Task_01093,goal-oriented dialog systems,Task,2020
canon_Task_01094,large-scale multi-domain intent detection task,Task,2020
canon_Task_01096,Conversation disentanglement,Method,2020
canon_Task_01097,disentanglement,Task,2020
canon_Task_01098,pointing problem,Task,2020
canon_Task_01099,link and conversation prediction tasks,Task,2020
canon_Task_01100,Outline-Conditioned Generation,Task,2020
canon_Task_01101,Video+Language Omni-representation Pre-training,Task,2020
canon_Task_01102,large-scale video+language omni-representation learning,Task,2020
canon_Task_01103,Pre-training,Method,2020
canon_Task_01104,Video-Subtitle Matching,Task,2020
canon_Task_01105,Text-based Video/Video-moment Retrieval,Task,2020
canon_Task_01106,Video Question Answering (QA),Task,2020
canon_Task_01107,Video-and-language Inference,Task,2020
canon_Task_01108,Video Captioning tasks,Task,2020
canon_Task_01109,How2QA,Task,2020
canon_Task_01110,How2R,Task,2020
canon_Task_01111,Video QA and Retrieval,Task,2020
canon_Task_01112,Unsupervised Natural Language Inference,Task,2020
canon_Task_01113,plain text inference,Task,2020
canon_Task_01114,industrial maintenance,Task,2020
canon_Task_01115,Clinical Reading Comprehension,Task,2020
canon_Task_01116,CliniRC) task,Task,2020
canon_Task_01117,Out-of-Distribution Generalization,Task,2020
canon_Task_01118,information elicitation,Task,2020
canon_Task_01119,Controversy Detection,Task,2020
canon_Task_01120,mining public sentiment,Task,2020
canon_Task_01121,reply relationship modeling,Task,2020
canon_Task_01122,post-level controversy detection,Task,2020
canon_Task_01123,Multimodal Machine Translation,Task,2020
canon_Task_01124,MMT),Task,2020
canon_Task_01125,Text Segmentation,Task,2020
canon_Task_01126,Document and discourse segmentation,Task,2020
canon_Task_01127,DQG),Task,2020
canon_Task_01128,joint training,Task,2020
canon_Task_01129,question decoding,Task,2020
canon_Task_01132,constructing event timelines,Task,2020
canon_Task_01133,time-related question answering,Task,2020
canon_Task_01134,natural language understanding and generation scenarios,Task,2020
canon_Task_01135,understanding and generation tasks,Task,2020
canon_Task_01136,risk modeling,Task,2020
canon_Task_01137,profit generation,Task,2020
canon_Task_01138,investment decision making,Task,2020
canon_Task_01139,Short Answer Scoring,Task,2020
canon_Task_01141,alignment task,Task,2020
canon_Task_01142,DRS-based Semantic Parsing,Task,2020
canon_Task_01143,Discourse Representation Structure parsing,Task,2020
canon_Task_01144,text manipulation,Task,2020
canon_Task_01145,masked word recovery,Task,2020
canon_Task_01146,misspelling correction,Task,2020
canon_Task_01148,Unsupervised Semantic Textual Similarity,Task,2020
canon_Task_01149,STS),Task,2020
canon_Task_01150,support identification,Task,2020
canon_Task_01151,extracting structured information,Task,2020
canon_Task_01152,extraction task,Task,2020
canon_Task_01153,collaborative computational research,Task,2020
canon_Task_01154,clinical NLP tasks,Task,2020
canon_Task_01155,discovering,Task,2020
canon_Task_01157,Agreement Prediction of Arguments,Task,2020
canon_Task_01158,Cyber,Task,2020
canon_Task_01159,Cyber argumentation,Task,2020
canon_Task_01160,discussion analysis,Task,2020
canon_Task_01161,Interpreting,Task,2020
canon_Task_01162,Amazon,Task,2020
canon_Task_01163,Open-domain code generation,Task,2020
canon_Task_01164,NL-to-code generation,Task,2020
canon_Task_01165,transfer learning applications,Task,2020
canon_Task_01166,weighted clustering,Task,2020
canon_Task_01168,beam search problem,Task,2020
canon_Task_01169,Conversational Semantic Parsing,Task,2020
canon_Task_01170,task-oriented assistant systems,Task,2020
canon_Task_01171,Dialog State Tracking Challenges,Task,2020
canon_Task_01172,session-based parsing above,Task,2020
canon_Task_01173,NLP Workflows,Task,2020
canon_Task_01174,data ingestion,Task,2020
canon_Task_01176,text retrieval,Task,2020
canon_Task_01177,user interaction,Task,2020
canon_Task_01178,Multi-Task Cross-Lingual Transfer,Task,2020
canon_Task_01179,Large-Scale Phonetic Typology,Task,2020
canon_Task_01180,typology,Task,2020
canon_Task_01181,coreferential reasoning,Task,2020
canon_Task_01182,common NLP tasks,Task,2020
canon_Task_01183,Multi-Domain Text Mining,Task,2020
canon_Task_01184,text representation,Task,2020
canon_Task_01185,single- and multi-label classifications,Task,2020
canon_Task_01186,sentence and document classifications,Task,2020
canon_Task_01187,classifications,Task,2020
canon_Task_01188,sentence-pair tasks,Task,2020
canon_Task_01189,common semantic textual similarity (STS) tasks,Task,2020
canon_Task_01190,downstream supervised tasks,Task,2020
canon_Task_01191,Vision-and-Language Navigation,Task,2020
canon_Task_01192,navigation tasks,Task,2020
canon_Task_01193,Neural Semantic Parsing,Task,2020
canon_Task_01194,summarization and reconstruction tasks,Task,2020
canon_Task_01195,NLP Curriculum,Task,2020
canon_Task_01196,ethical NLP,Task,2020
canon_Task_01197,Context-Aware Neural Machine Translation,Task,2020
canon_Task_01198,context-aware translation,Task,2020
canon_Task_01199,IWSLT Fr-En task,Task,2020
canon_Task_01200,Law Article Prediction,Task,2020
canon_Task_01201,Legal Judgment Prediction,Task,2020
canon_Task_01202,Lexically constrained generation,Task,2020
canon_Task_01203,unsupervised gradient-guided optimization problem,Task,2020
canon_Task_01204,keyword-to-sentence generation,Task,2020
canon_Task_01205,unsupervised paraphrase generation,Task,2020
canon_Task_01206,Unsupervised Domain Adaptation,Task,2020
canon_Task_01207,combinatorial optimisation problem,Task,2020
canon_Task_01208,Abstractive Dialogue Summarization,Task,2020
canon_Task_01209,human-human/machine interaction,Task,2020
canon_Task_01210,SCAN,Task,2020
canon_Task_01211,Constraint-Based Data Collection,Task,2020
canon_Task_01212,dialog tasks,Task,2020
canon_Task_01213,Agglutinative Language Translation,Task,2020
canon_Task_01214,bi-directional translation,Task,2020
canon_Task_01215,dictionary,Task,2020
canon_Task_01216,end-to-end neural information retrieval,Task,2020
canon_Task_01217,single-,Task,2020
canon_Task_01218,mix-,Task,2020
canon_Task_01219,detection of propagandistic,Task,2020
canon_Task_01220,Joint Zero Pronoun Recovery,Task,2020
canon_Task_01221,resolution,Task,2020
canon_Task_01222,zero pronoun resolution,Task,2020
canon_Task_01223,AI applications,Task,2020
canon_Task_01224,reasoning tasks,Task,2020
canon_Task_01225,semi-automated results extraction,Task,2020
canon_Task_01226,clinical automation,Task,2020
canon_Task_01227,data annotation,Task,2020
canon_Task_01228,Machine Reading of Historical Events,Task,2020
canon_Task_01229,historical event ordering task,Task,2020
canon_Task_01230,event focus time task,Task,2020
canon_Task_01231,Detecting Word Sense Disambiguation Biases,Task,2020
canon_Task_01233,prediction of disambiguation errors,Task,2020
canon_Task_01234,cross-domain named entity recognition task,Task,2020
canon_Task_01235,Interpretable Operational Risk Classification,Task,2020
canon_Task_01236,Operational risk management,Task,2020
canon_Task_01237,automatic operational risk prediction,Task,2020
canon_Task_01238,Chinese NER,Task,2020
canon_Task_01239,Unsupervised Discovery of Implicit Gender Bias,Task,2020
canon_Task_01240,task-oriented evaluation,Task,2020
canon_Task_01241,Multilingual Multi-Task Gender Bias,Task,2020
canon_Task_01243,multilingual entity linking,Task,2020
canon_Task_01244,auxiliary entity-pairing task,Task,2020
canon_Task_01245,cross-lingual linking task,Task,2020
canon_Task_01246,zero- and,Task,2020
canon_Task_01248,unsupervised task,Task,2020
canon_Task_01252,label de-noising,Task,2020
canon_Task_01253,Low Resource Sequence Tagging,Task,2020
canon_Task_01254,Sentence Reconstruction,Method,2020
canon_Task_01255,Knowledge-guided Open Attribute Value Extraction,Task,2020
canon_Task_01256,question-answering (QA) task,Task,2020
canon_Task_01257,Abstractive Multi-Document Summarization,Task,2020
canon_Task_01258,Joint Entity Set Expansion,Task,2020
canon_Task_01259,people,Task,2020
canon_Task_01260,Parallel Corpus Mining,Task,2020
canon_Task_01261,Diverse,Task,2020
canon_Task_01262,textual sarcasm detection,Task,2020
canon_Task_01263,Supervised Graph,Task,2020
canon_Task_01264,Hindi grapheme-to-phoneme (G2,Task,2020
canon_Task_01265,Unsupervised Text,Task,2020
canon_Task_01266,sentiment transfer,Task,2020
canon_Task_01267,Boundary,Task,2020
canon_Task_01268,Arbitrary-Order Sequence Labeling,Task,2020
canon_Task_01269,medical care systems,Task,2020
canon_Task_01270,Incremental,Task,2020
canon_Task_01271,Incremental NLU,Task,2020
canon_Task_01272,interactive systems,Task,2020
canon_Task_01273,News Timeline Summarization,Task,2020
canon_Task_01274,automatic news timeline summarization (TLS),Task,2020
canon_Task_01275,TLS task,Task,2020
canon_Task_01276,system-level tasks,Task,2020
canon_Task_01277,Captioning,Task,2020
canon_Task_01278,post-inference evaluation,Task,2020
canon_Task_01280,script induction,Task,2020
canon_Task_01282,Implicit Event Argument Detection,Task,2020
canon_Task_01283,argument head-word detection,Task,2020
canon_Task_01284,head-to-span expansion,Task,2020
canon_Task_01285,greedy,Task,2020
canon_Task_01286,query focused multi-document summarization,Task,2020
canon_Task_01287,projection-based cross-lingual word embeddings,Task,2020
canon_Task_01289,graph inspection,Task,2020
canon_Task_01290,On-Demand Knowledge Integration,Task,2020
canon_Task_01291,CbR task,Task,2020
canon_Task_01292,text and,Task,2020
canon_Task_01293,automatically structuring,Task,2020
canon_Task_01294,dialog generation task,Task,2020
canon_Task_01295,coarse,Task,2020
canon_Task_01296,chest x-ray report generation,Task,2020
canon_Task_01298,probing task,Task,2020
canon_Task_01299,entity type related probing tasks,Task,2020
canon_Task_01300,automatic KB construction/expansion,Task,2020
canon_Task_01301,KB conversion,Task,2020
canon_Task_01302,"computational modeling of language, vision",Task,2020
canon_Task_01303,Cross-modal Language Generation,Task,2020
canon_Task_01305,TBGs),Task,2020
canon_Task_01306,unse,Task,2020
canon_Task_01307,MWE translation,Task,2020
canon_Task_01308,MeSH Indexing,Task,2020
canon_Task_01309,Medical subject headings (MeSH) indexing,Task,2020
canon_Task_01310,prediction problem,Task,2020
canon_Task_01311,extreme multi-label classification problem,Task,2020
canon_Task_01312,Subword,Task,2020
canon_Task_01313,open vocabulary problem,Task,2020
canon_Task_01314,subword segmentation,Method,2020
canon_Task_01315,automated commonsense understanding,Task,2020
canon_Task_01316,Multi-Domain Dialogue State Generation,Task,2020
canon_Task_01318,computational detection of cyberbullying,Task,2020
canon_Task_01319,affective computing,Task,2020
canon_Task_01320,automated text creation,Task,2020
canon_Task_01321,low resources tasks,Task,2020
canon_Task_01322,Syntactic Search,Task,2020
canon_Task_01323,predicting part-of-,Task,2021
canon_Task_01324,Human Sentence Processing,Task,2021
canon_Task_01325,computational linguistics,Task,2021
canon_Task_01326,sports question-answering (QA) system,Task,2021
canon_Task_01327,recognition,Task,2021
canon_Task_01328,Document-level Event Entity Extraction,Task,2021
canon_Task_01329,document-level role-filler entity extraction (,Task,2021
canon_Task_01330,REE),Task,2021
canon_Task_01331,template filling,Task,2021
canon_Task_01332,latent variable modeling of text,Task,2021
canon_Task_01333,text-to-SQL parsing,Task,2021
canon_Task_01334,neural predictions,Task,2021
canon_Task_01335,one-class text learning,Task,2021
canon_Task_01336,Medical Query Understanding,Task,2021
canon_Task_01337,online question-answering,Task,2021
canon_Task_01338,question matching,Task,2021
canon_Task_01339,medical NLI tasks,Task,2021
canon_Task_01340,text-to-video retrieval,Task,2021
canon_Task_01341,video captioning,Task,2021
canon_Task_01342,corpus collection,Task,2021
canon_Task_01343,Large-Scale Conversational AI Systems,Task,2021
canon_Task_01344,semantic understanding of,Task,2021
canon_Task_01345,large-scale production system,Task,2021
canon_Task_01346,Natural Language Premise Selection,Task,2021
canon_Task_01347,Controllable Open-ended Question Generation,Task,2021
canon_Task_01348,Open Fact Checking,Task,2021
canon_Task_01349,automatic verification of factual claims,Task,2021
canon_Task_01350,Bag-level Relation Extraction,Task,2021
canon_Task_01351,Neural Morphological Inflection,Task,2021
canon_Task_01352,word-level tasks,Task,2021
canon_Task_01353,large-scale WMT tasks,Task,2021
canon_Task_01354,Multi-Label Problem,Task,2021
canon_Task_01355,Model-Agnostic Knowledge Integration,Task,2021
canon_Task_01356,single-label classification problem,Task,2021
canon_Task_01358,Sequence-to-Sequence Dialogue State Tracking,Task,2021
canon_Task_01359,video search,Task,2021
canon_Task_01360,image processing field,Task,2021
canon_Task_01362,Contextualized Temporal Graph Generation,Task,2021
canon_Task_01363,graph generation task,Task,2021
canon_Task_01364,Neural Entity Alignment,Task,2021
canon_Task_01365,KG fusion,Task,2021
canon_Task_01366,neural EA,Task,2021
canon_Task_01367,Multilingual Translationese Classification,Task,2021
canon_Task_01368,Semi,Task,2021
canon_Task_01369,PoS tagging,Task,2021
canon_Task_01370,dependency and constituency parsing,Task,2021
canon_Task_01371,semantics-related tasks,Task,2021
canon_Task_01372,scientific NLP,Task,2021
canon_Task_01374,real-world applications,Task,2021
canon_Task_01375,NLP robustness,Task,2021
canon_Task_01376,Suicide Ideation Detection,Task,2021
canon_Task_01378,Cross-Lingual NLI,Task,2021
canon_Task_01379,cross-lingual natural language inference,Task,2021
canon_Task_01380,cross-lingual inference,Task,2021
canon_Task_01382,Source code processing,Task,2021
canon_Task_01383,code completion and bug fixing tasks,Task,2021
canon_Task_01384,Language Understanding and Generation,Task,2021
canon_Task_01385,search engines,Task,2021
canon_Task_01386,cross-lingual dialogue state tracking task,Task,2021
canon_Task_01387,QA evaluation,Task,2021
canon_Task_01389,boundary regression task,Task,2021
canon_Task_01390,Text Transformers,Task,2021
canon_Task_01393,downstream code-switched natural language inference task,Task,2021
canon_Task_01394,synthetic,Task,2021
canon_Task_01395,stylometric organic,Task,2021
canon_Task_01396,human written) authorship attribution,Task,2021
canon_Task_01398,Paragraph-level Simplification of,Task,2021
canon_Task_01399,manual simplification,Task,2021
canon_Task_01400,Black-Box Neural Machine Translation,Task,2021
canon_Task_01401,black-box neural MT (,Task,2021
canon_Task_01402,black-box NMT,Task,2021
canon_Task_01403,Language Understanding Challenges,Task,2021
canon_Task_01404,monolith,Task,2021
canon_Task_01405,language-understanding challenge problems,Task,2021
canon_Task_01406,automated hate speech classification,Task,2021
canon_Task_01407,Multi-source sequence generation (,Task,2021
canon_Task_01408,MSG),Task,2021
canon_Task_01409,multi-source translation,Task,2021
canon_Task_01410,low-resource downstream tasks,Task,2021
canon_Task_01412,text classification and entailment tasks,Task,2021
canon_Task_01413,Chinese Spelling Check (CSC),Task,2021
canon_Task_01414,Discourse-Level Processing,Task,2021
canon_Task_01415,sentence-level tasks,Task,2021
canon_Task_01416,Local Word Discovery,Task,2021
canon_Task_01417,Interactive Transcription,Task,2021
canon_Task_01418,Multi-Source Weakly Supervised Named Entity Recognition,Task,2021
canon_Task_01419,language-independent entity prediction task,Task,2021
canon_Task_01420,event-event temporal relation classification,Task,2021
canon_Task_01421,relative event time prediction,Task,2021
canon_Task_01423,sentences-sequence compression,Task,2021
canon_Task_01424,Knapsack problem,Task,2021
canon_Task_01426,Scalar Adjective Identification,Task,2021
canon_Task_01427,scalar adjective ranking,Task,2021
canon_Task_01428,binary classification task,Task,2021
canon_Task_01429,graph extension problem,Task,2021
canon_Task_01430,Cross-lingual Aspect-based Sentiment Analysis,Task,2021
canon_Task_01431,ABSA problem,Task,2021
canon_Task_01432,Complaints Investigation,Task,2021
canon_Task_01433,Internet search,Method,2018
canon_Task_01434,Annotating,Task,2021
canon_Task_01435,personalized search,Task,2021
canon_Task_01436,multi-label prediction of fine-grained relationships,Task,2021
canon_Task_01437,Query Focused Summaries,Task,2021
canon_Task_01438,query focused summarization (,Task,2021
canon_Task_01439,cross-corpus news recommendation,Task,2021
canon_Task_01440,Language Model Compression,Task,2021
canon_Task_01441,knowledge dist,Task,2021
canon_Task_01442,Neural Argument Generation,Task,2021
canon_Task_01443,writing assistants,Task,2021
canon_Task_01444,argument,Task,2021
canon_Task_01445,general text generation tasks,Task,2021
canon_Task_01446,Personalization,Task,2021
canon_Task_01447,dialogue response,Task,2021
canon_Task_01448,user-oriented text-generating tasks,Task,2021
canon_Task_01449,Multi- and Cross-lingual Tasks,Task,2021
canon_Task_01450,mono-,Task,2021
canon_Task_01451,argument delivery,Task,2021
canon_Task_01452,argument quality assessment,Task,2021
canon_Task_01454,argument quality prediction task,Task,2021
canon_Task_01456,multi-task fine-tuning,Task,2021
canon_Task_01457,Case-based Reasoning,Task,2021
canon_Task_01458,masked segment prediction task,Task,2021
canon_Task_01459,KB-Text Embedding Alignment,Task,2021
canon_Task_01460,few-shot link prediction,Task,2021
canon_Task_01461,Interactive Plot Manipulation,Task,2021
canon_Task_01462,slot-based task-oriented dialog problem,Task,2021
canon_Task_01463,data-driven fields,Task,2021
canon_Task_01464,reading order prediction,Task,2021
canon_Task_01465,ZS-MTC) problem,Task,2021
canon_Task_01466,text editors,Task,2021
canon_Task_01468,Computational Modelling of,Task,2021
canon_Task_01469,Indonesian NLI,Task,2021
canon_Task_01470,unsupervised translation tasks,Task,2021
canon_Task_01471,Multi-Task Retrieval,Task,2021
canon_Task_01472,hypothesis generation,Task,2021
canon_Task_01473,Discourse Understanding,Task,2021
canon_Task_01474,Finnish Dialect Identification,Task,2021
canon_Task_01475,outbound translation,Task,2021
canon_Task_01476,preprocessing,Task,2021
canon_Task_01477,single-word tokenization,Task,2021
canon_Task_01478,sentence) tokenization,Task,2021
canon_Task_01479,general text tokenization,Task,2021
canon_Task_01481,factual error correction,Task,2021
canon_Task_01482,Unified-Modal Understanding and Generation,Task,2021
canon_Task_01483,single-modal and multi-modal understanding and generation tasks,Task,2021
canon_Task_01484,visual and textual understanding,Task,2021
canon_Task_01485,single-modal and multi-modal downstream tasks,Task,2021
canon_Task_01486,Entity Relation Extraction,Task,2021
canon_Task_01487,Paired Evaluation of NLP systems,Task,2021
canon_Task_01488,pairwise evaluation,Task,2021
canon_Task_01489,Manual Correction of NLP,Task,2021
canon_Task_01490,linguistic ste,Task,2021
canon_Task_01491,E-commerce query NER,Task,2021
canon_Task_01492,biomedical factual probing,Task,2021
canon_Task_01493,novice transcription correction task,Task,2021
canon_Task_01494,OpenQA) tasks,Task,2021
canon_Task_01495,retrieval question answering (ReQA),Task,2021
canon_Task_01496,automatic question generation,Task,2021
canon_Task_01497,Coherent,Task,2021
canon_Task_01498,Radiology Report Generation,Task,2021
canon_Task_01499,Context-,Task,2021
canon_Task_01500,Sampling,Task,2021
canon_Task_01501,neural machine translation distillation or stealing scenarios,Task,2021
canon_Task_01502,Lexical Inference,Task,2021
canon_Task_01503,predicate entailment,Task,2021
canon_Task_01505,key,Task,2021
canon_Task_01506,Weakly-,Task,2021
canon_Task_01507,topic labeling,Task,2021
canon_Task_01508,Adaptation of,Task,2021
canon_Task_01509,back-translation,Method,2020
canon_Task_01510,Synthetic Data Generation,Task,2021
canon_Task_01511,APE),Task,2021
canon_Task_01512,sentence-level downstream tasks,Task,2021
canon_Task_01513,Fact-based Visual Spoken-Question Answering,Task,2021
canon_Task_01514,FVSQA),Task,2021
canon_Task_01516,automatically bug fixing,Task,2021
canon_Task_01517,Emotion Controlled Dialog Generation,Task,2021
canon_Task_01518,metaphor processing,Task,2021
canon_Task_01519,automatic metaphor understanding,Task,2021
canon_Task_01520,educational,Task,2021
canon_Task_01521,Parallel sentences mining,Task,2021
canon_Task_01522,Automatic Creation of Meeting Minutes,Task,2021
canon_Task_01523,automatic minuting,Task,2021
canon_Task_01524,Automatic Short Answer Grading,Task,2021
canon_Task_01525,ASAG),Task,2021
canon_Task_01526,multi-class ASAG tasks,Task,2021
canon_Task_01527,Unsupervised clustering,Task,2021
canon_Task_01528,distance-,Task,2021
canon_Task_01529,judicial decision-making,Task,2021
canon_Task_01531,trigger detection,Task,2021
canon_Task_01532,entity coreference,Task,2021
canon_Task_01533,anaphoricity determination,Task,2021
canon_Task_01534,realis detection,Task,2021
canon_Task_01535,accurate,Task,2021
canon_Task_01536,reranking,Task,2021
canon_Task_01537,Cross-Lingual Biomedical Entity Linking,Task,2021
canon_Task_01538,biomedical entity linking (,Task,2021
canon_Task_01539,BEL),Task,2021
canon_Task_01540,XL-BEL task,Task,2021
canon_Task_01541,eCommerce,Task,2021
canon_Task_01542,Prosodic segmentation,Task,2021
canon_Task_01543,syntactic evaluation of subject-verb number agreement in,Task,2021
canon_Task_01544,sentiment-topic extraction,Task,2021
canon_Task_01545,brand ranking,Task,2021
canon_Task_01546,next-utterance prediction (,Task,2021
canon_Task_01547,NUP) task,Task,2021
canon_Task_01548,Lexical Translation,Task,2021
canon_Task_01549,Reordering,Task,2021
canon_Task_01550,word-by-,Task,2021
canon_Task_01551,psychology,Task,2022
canon_Task_01552,cognitive science,Method,2020
canon_Task_01553,multi-document tasks,Task,2022
canon_Task_01554,CV),Task,2022
canon_Task_01556,Imagination-Augmented Natural Language Understanding,Task,2022
canon_Task_01557,imag,Task,2022
canon_Task_01558,Logical,Task,2022
canon_Task_01559,ST),Task,2022
canon_Task_01560,Crossword-Solving,Task,2022
canon_Task_01561,solving,Task,2022
canon_Task_01563,masked language modeling,Task,2022
canon_Task_01564,Multilingual Knowledge Base Construction,Task,2022
canon_Task_01565,multilingual KB construction,Task,2022
canon_Task_01566,natural language deep learning applications,Task,2022
canon_Task_01567,generalized,Task,2022
canon_Task_01568,Revision Tasks,Task,2022
canon_Task_01569,iterative revision process,Task,2022
canon_Task_01570,text editing NLP tasks,Task,2022
canon_Task_01571,iterative text refinement,Task,2022
canon_Task_01572,explainable NLP,Task,2022
canon_Task_01573,Unified Question Answering,Task,2022
canon_Task_01574,QA),Task,2022
canon_Task_01575,full data fine-tuning,Task,2022
canon_Task_01576,zero-shot testing,Task,2022
canon_Task_01577,counterfactual reasoning,Task,2022
canon_Task_01578,segmenting running,Task,2022
canon_Task_01579,Holocaust research,Task,2022
canon_Task_01580,SpeechNet,Task,2022
canon_Task_01581,"Weakly Supervised, End-to-End Speech Recognition",Task,2022
canon_Task_01582,Neural Cross-Lingual Summarization,Task,2022
canon_Task_01583,monolingual summarization (MS,Task,2022
canon_Task_01584,Forecasting,Task,2022
canon_Task_01585,threshold-classification task,Task,2022
canon_Task_01586,time-series forecasting task,Task,2022
canon_Task_01587,Knowledge extraction,Task,2022
canon_Task_01588,criticality prediction,Task,2022
canon_Task_01589,Airlang,Task,2022
canon_Task_01591,DocRE),Task,2022
canon_Task_01592,mID),Task,2022
canon_Task_01593,single-label intent detection,Task,2022
canon_Task_01594,ICL),Method,2022
canon_Task_01597,Translation Suggestion,Task,2022
canon_Task_01598,post-editing (,Task,2022
canon_Task_01599,Extreme Hierarchical Multi-label Classification,Task,2022
canon_Task_01600,computational neuroscience,Task,2022
canon_Task_01601,visual Taskonomy,Task,2022
canon_Task_01602,ideology prediction,Task,2022
canon_Task_01603,Operations Research,Task,2022
canon_Task_01604,linear programming,Task,2022
canon_Task_01605,Cutting-Edge Natural Language Processing,Task,2022
canon_Task_01607,offensive language identification,Task,2022
canon_Task_01608,social media analysis,Task,2022
canon_Task_01610,Language Model Generalization,Task,2022
canon_Task_01611,medical triage,Task,2022
canon_Task_01612,image-text drug recommendation,Task,2022
canon_Task_01613,Political Conflict and Violence,Task,2022
canon_Task_01614,political science,Task,2022
canon_Task_01615,conflict research,Task,2022
canon_Task_01617,mobile image search application,Task,2022
canon_Task_01618,Conversational agents,Task,2018
canon_Task_01619,QR),Task,2022
canon_Task_01620,Detection of Far-,Task,2022
canon_Task_01621,adversary,Task,2022
canon_Task_01622,regular and FB adversarial example detection,Task,2022
canon_Task_01623,BLI task,Task,2022
canon_Task_01624,Evasion,Task,2022
canon_Task_01625,Misattribution,Task,2022
canon_Task_01626,evasion detection,Task,2022
canon_Task_01627,content-preservation,Task,2022
canon_Task_01628,cross-topic authorship identification,Task,2022
canon_Task_01629,Contract Clause Extraction,Task,2022
canon_Task_01630,automatic Contract Clause Extraction (,Task,2022
canon_Task_01631,CCE),Task,2022
canon_Task_01632,contract understanding,Task,2022
canon_Task_01633,CCE tasks,Task,2022
canon_Task_01634,relation representation,Task,2022
canon_Task_01635,"non-linear, persona-based document consumption",Task,2022
canon_Task_01636,Automatic Detection of Entity-Manipulated Text,Task,2022
canon_Task_01637,manipulated,Task,2022
canon_Task_01638,satisfiability problem,Task,2022
canon_Task_01639,cognitive modeling,Task,2022
canon_Task_01640,engineering,Task,2022
canon_Task_01641,Retrieval-Based Generation of Women Biographies,Task,2022
canon_Task_01642,long-,Task,2022
canon_Task_01643,Single Sequence Prediction,Task,2022
canon_Task_01644,single-hop QA,Task,2022
canon_Task_01645,multi-hop QA,Task,2022
canon_Task_01646,Task-Specific Knowledge Distillation,Task,2022
canon_Task_01648,relevance-based text retrieval,Task,2022
canon_Task_01649,dialogue-oriented tasks,Task,2022
canon_Task_01650,dialogue representation,Task,2022
canon_Task_01651,Cross-lingual Product Review Summarization,Task,2022
canon_Task_01652,product review summarization,Task,2022
canon_Task_01653,Skill Induction,Task,2022
canon_Task_01654,autonomous decision-making,Task,2022
canon_Task_01655,computational political science,Task,2022
canon_Task_01656,holistic ideological analysis,Task,2022
canon_Task_01657,political text understanding,Task,2022
canon_Task_01658,roll call vote prediction,Task,2022
canon_Task_01659,Complex,Task,2022
canon_Task_01660,Question-to-Action and,Task,2022
canon_Task_01661,Question-to-Question Alignment,Task,2022
canon_Task_01663,active learning,Method,2019
canon_Task_01664,adversarial attack detection,Task,2022
canon_Task_01665,out-of-distribution detection,Task,2022
canon_Task_01666,named entity recognition and text classification tasks,Task,2022
canon_Task_01667,data programming,Method,2019
canon_Task_01668,Automated Grammar Reading Exercises,Task,2022
canon_Task_01669,Multi-task Stance Detection,Task,2022
canon_Task_01670,sentiment tasks,Task,2022
canon_Task_01671,Multi-Step Radiology Report Summarization,Task,2022
canon_Task_01672,salient content acquisition,Task,2022
canon_Task_01673,DST tasks,Task,2022
canon_Task_01674,Flowchart Grounded Dialog Response Generation,Task,2022
canon_Task_01675,Prompt Engineering,Task,2022
canon_Task_01676,zero-shot learning,Method,2018
canon_Task_01677,Definition Modeling,Task,2022
canon_Task_01678,jargon definition modeling,Task,2022
canon_Task_01679,E2E-ST systems,Task,2022
canon_Task_01680,text and speech translation tasks,Task,2022
canon_Task_01682,Machine-Paraphrase Plagiarism,Task,2022
canon_Task_01683,machine-paraphrase generation,Task,2022
canon_Task_01684,few-shot NER,Task,2022
canon_Task_01685,Verb Agreement Tasks,Task,2022
canon_Task_01686,Extremely Weakly Supervised Multi-label Aspect Based Sentiment Analysis,Task,2022
canon_Task_01688,probing,Method,2020
canon_Task_01689,long-text tasks,Task,2022
canon_Task_01691,"large-scale machine translation,",Task,2022
canon_Task_01692,software development,Task,2022
canon_Task_01693,automatic commit message generation,Task,2022
canon_Task_01694,commit message generation,Task,2022
canon_Task_01695,content management system,Task,2022
canon_Task_01696,knowledge-intensive cross-lingual tasks,Task,2022
canon_Task_01697,factual knowledge retrieval,Task,2022
canon_Task_01698,Dense,Task,2022
canon_Task_01699,monolingual IR,Task,2022
canon_Task_01700,Implicitly Abusive Language Detection,Task,2022
canon_Task_01701,image processing systems,Task,2022
canon_Task_01702,Cross-lingual natural language processing,Task,2022
canon_Task_01703,dialog system building,Task,2022
canon_Task_01704,Bilingual Tabular Inference,Task,2022
canon_Task_01705,bTNLI,Task,2022
canon_Task_01707,differentially-private learning,Task,2022
canon_Task_01708,Relation Modeling,Task,2022
canon_Task_01709,DEE) task,Task,2022
canon_Task_01710,event relation prediction task,Task,2022
canon_Task_01711,Text-based,Task,2022
canon_Task_01713,program language processing,Task,2022
canon_Task_01714,NL code search classification,Task,2022
canon_Task_01715,Open-Domain Dense Retrieval,Task,2022
canon_Task_01716,first-stage retrieval,Task,2022
canon_Task_01717,semantic mismatch problem,Task,2022
canon_Task_01718,SimCLR,Task,2022
canon_Task_01719,Chinese ASR error correction,Task,2022
canon_Task_01720,sequential prediction problem,Task,2022
canon_Task_01721,fully supervised,Task,2022
canon_Task_01722,Structure-controlled summarization,Task,2022
canon_Task_01723,inductive text classification,Task,2022
canon_Task_01724,Neuro-Symbolic Language Modeling,Task,2022
canon_Task_01725,multi-skill dialogue systems,Task,2022
canon_Task_01726,bias mitigation,Method,2022
canon_Task_01727,text revision,Task,2022
canon_Task_01728,text revision process,Task,2022
canon_Task_01730,zero-shot cross-lingual transfer of syntactic,Task,2022
canon_Task_01731,real-time inference,Task,2022
canon_Task_01732,visual navigation,Task,2022
canon_Task_01733,visual product selection,Task,2022
canon_Task_01735,sentence ordering task,Task,2022
canon_Task_01736,constraint solving problem,Task,2022
canon_Task_01737,character occurrences,Task,2022
canon_Task_01738,chapter boundary detection,Task,2022
canon_Task_01739,Dynamic AI Benchmark Tasks,Task,2022
canon_Task_01740,benchmarking,Task,2022
canon_Task_01741,loop,Task,2022
canon_Task_01742,Cross-lingual Named Entity Recognition,Task,2022
canon_Task_01743,conversational task transfer,Task,2022
canon_Task_01744,intra-dataset task transfer,Task,2022
canon_Task_01745,continual and multi,Task,2022
canon_Task_01746,code modeling tasks,Task,2022
canon_Task_01747,software vulnerability,Task,2022
canon_Task_01748,code clone detection,Task,2022
canon_Task_01749,syntactic priming,Task,2022
canon_Task_01750,Vietnamese Language Generation,Task,2022
canon_Task_01751,downstream text generation tasks,Task,2022
canon_Task_01752,Vietnamese Abstractive Summarization,Task,2022
canon_Task_01753,Vietnamese Text Summarization,Task,2022
canon_Task_01754,annotation tasks,Task,2022
canon_Task_01755,KBQA),Task,2022
canon_Task_01756,semantic modeling,Task,2022
canon_Task_01758,Zero-Shot Multi-Lingual Extractive Summarization,Task,2022
canon_Task_01759,Word-by-Word Question Answering,Task,2022
canon_Task_01760,Diversifying Neural Dialogue Generation,Task,2022
canon_Task_01761,generic response problem,Task,2022
canon_Task_01762,knowledge fusion,Task,2022
canon_Task_01763,entity matching,Task,2022
canon_Task_01764,sentence ranking or classification problem,Task,2022
canon_Task_01765,sentence-level knowledge selection,Task,2022
canon_Task_01766,concept-level knowledge selection,Task,2022
canon_Task_01767,sentence-level selection,Task,2022
canon_Task_01768,end-to-end response generation task,Task,2022
canon_Task_01769,Fully-Semantic Parsing and Generation,Task,2022
canon_Task_01770,meaning,Task,2022
canon_Task_01772,routing fluctuation problem,Task,2022
canon_Task_01773,toxicity avoidance,Task,2022
canon_Task_01774,keyword-guided generation,Task,2022
canon_Task_01775,semi-supervised cross-domain dependency parsing,Task,2022
canon_Task_01776,Document Structure Identification,Task,2022
canon_Task_01778,distantly-supervised relation extraction,Task,2022
canon_Task_01779,intellectual property management,Task,2022
canon_Task_01780,real-,Task,2022
canon_Task_01781,PLSs),Task,2022
canon_Task_01782,question-asking,Task,2022
canon_Task_01783,social chitchat,Task,2022
canon_Task_01784,crowd-,Task,2022
canon_Task_01785,computational analysis,Method,2018
canon_Task_01786,Automatic transfer of text,Task,2022
canon_Task_01787,debiasing,Task,2022
canon_Task_01789,sentence representation learning,Task,2022
canon_Task_01790,Comprehension,Task,2022
canon_Task_01791,classification or regression task,Task,2022
canon_Task_01792,few-shot tasks,Task,2022
canon_Task_01793,language model problem,Task,2022
canon_Task_01794,e-commerce applications,Task,2022
canon_Task_01795,Visual Entailment,Task,2022
canon_Task_01796,vision tasks,Task,2022
canon_Task_01797,vision-language tasks,Task,2022
canon_Task_01798,vqa task,Task,2022
canon_Task_01799,visual question answering and visual entailment tasks,Task,2022
canon_Task_01800,topic modeling,Method,2021
canon_Task_01801,Data Capture,Task,2022
canon_Task_01802,low resource language technology,Task,2022
canon_Task_01804,language data collection,Task,2022
canon_Task_01807,human reasoning,Task,2022
canon_Task_01808,zero-shot cross-lingual setting,Task,2022
canon_Task_01809,Multilingual NLG Benchmarking,Task,2022
canon_Task_01810,search,Method,2018
canon_Task_01811,Unsupervised Sentence Summarization,Task,2022
canon_Task_01812,length-control decoding,Task,2022
canon_Task_01814,length-transfer summary generation,Task,2022
canon_Task_01815,Align,Task,2022
canon_Task_01816,cross-lingual retrieval and multilingual STS tasks,Task,2022
canon_Task_01817,retrieving,Task,2022
canon_Task_01818,unsupervised detection,Task,2022
canon_Task_01819,Native Language Prediction,Task,2023
canon_Task_01821,manual fact,Task,2023
canon_Task_01822,automatic detection of misinformation,Task,2023
canon_Task_01823,Citational,Task,2023
canon_Task_01824,Weakly-Supervised Questions,Task,2023
canon_Task_01825,Zero-Shot Relation Extraction,Task,2023
canon_Task_01826,tail entity extraction,Task,2023
canon_Task_01827,Vision-Language Representation Learning,Task,2023
canon_Task_01828,cross-modal alignment,Task,2023
canon_Task_01829,Chinese Spelling Correction,Task,2023
canon_Task_01830,conditional,Method,2021
canon_Task_01831,universal information extraction (,Task,2023
canon_Task_01832,IE),Task,2023
canon_Task_01833,text-based IE tasks,Task,2023
canon_Task_01834,token-pair problem,Task,2023
canon_Task_01835,joint span detection,Task,2023
canon_Task_01836,classification and association problems,Task,2023
canon_Task_01837,misalignment issue,Task,2023
canon_Task_01838,cross-lingual divergence issue,Task,2023
canon_Task_01839,entity and relation extraction tasks,Task,2023
canon_Task_01840,knowledge systems,Task,2023
canon_Task_01841,hypernym/hyponymy recognition,Task,2023
canon_Task_01842,extension tasks,Task,2023
canon_Task_01843,email thread summarization,Task,2023
canon_Task_01844,meeting minutes draft,Task,2023
canon_Task_01845,downstream summarization task,Task,2023
canon_Task_01846,Aspect Sentiment Tuple Prediction,Task,2023
canon_Task_01847,ABS,Method,2021
canon_Task_01848,syntactic transformation tasks,Task,2023
canon_Task_01849,question formation,Task,2023
canon_Task_01850,hierarchical,Method,2022
canon_Task_01851,MDS),Task,2023
canon_Task_01852,detecting,Task,2023
canon_Task_01853,automatic systems,Method,2018
canon_Task_01854,implicit HS,Task,2023
canon_Task_01855,subtle HS message classification,Task,2023
canon_Task_01856,MWP),Task,2023
canon_Task_01857,Modular Control,Task,2023
canon_Task_01858,knowledge-driven NLP tasks,Task,2023
canon_Task_01859,Chain-of-,Task,2023
canon_Task_01860,CoT,Method,2023
canon_Task_01861,Social Influence Tasks,Task,2023
canon_Task_01863,downstream recommendation or search applications,Task,2023
canon_Task_01864,Weakly Supervised Multilingual Vision-Language Pre-training,Task,2023
canon_Task_01865,Multilingual Vision-Language Pre-training (,Task,2023
canon_Task_01866,VLP),Task,2023
canon_Task_01869,Low-Resource Automatic Speech Recognition,Task,2023
canon_Task_01870,low-resource ASR,Task,2023
canon_Task_01871,Mental Disorder Detection,Task,2023
canon_Task_01872,Zero-shot Dialogue State Tracking,Task,2023
canon_Task_01873,zero-shot DST,Task,2023
canon_Task_01874,NLP community,Task,2023
canon_Task_01875,Relation Search,Task,2023
canon_Task_01876,Collaborative Story Understanding and Generation,Task,2023
canon_Task_01877,story-related tasks,Task,2023
canon_Task_01878,fully-supervised tasks,Task,2023
canon_Task_01880,Citizen,Method,2023
canon_Task_01881,Stylized Visual Storytelling,Task,2023
canon_Task_01882,stylized image captioning,Task,2023
canon_Task_01883,SVST),Task,2023
canon_Task_01884,math problems,Task,2023
canon_Task_01885,mental health,Task,2023
canon_Task_01886,depression disorder,Task,2023
canon_Task_01887,Mixed-Type Dialogues,Task,2023
canon_Task_01888,Medical Consultation,Task,2023
canon_Task_01890,recommendation,Task,2023
canon_Task_01891,chitc,Task,2023
canon_Task_01892,Matching,Task,2023
canon_Task_01894,BEI,Task,2023
canon_Task_01895,pairwise,Method,2018
canon_Task_01896,Text Summarization and Controlled Generation tasks,Task,2023
canon_Task_01897,Personalized Review Retrieval,Task,2023
canon_Task_01898,prediction and generation tasks,Task,2023
canon_Task_01899,personalized Review,Task,2023
canon_Task_01900,End-to-End Style-conditioned Poetry Generation,Task,2023
canon_Task_01901,end-to-end poetry generation,Task,2023
canon_Task_01902,intractability problem,Task,2023
canon_Task_01903,exact high-order inference,Task,2023
canon_Task_01904,Fact-Checking Complex,Task,2023
canon_Task_01905,Human-Machine Collaborative Writing,Task,2023
canon_Task_01906,Span-based Named Entity Recognition,Task,2023
canon_Task_01907,Measurement of,Task,2023
canon_Task_01908,large-scale spoken dialog systems,Task,2023
canon_Task_01909,dialog quality estimation,Task,2023
canon_Task_01910,E2E ST),Task,2023
canon_Task_01911,extremely low-resource speech-to-text translation,Task,2023
canon_Task_01912,Target-oriented Opinion Words Extraction,Task,2023
canon_Task_01913,Aspect Enhancement,Task,2023
canon_Task_01914,Relational Structure Extraction,Task,2023
canon_Task_01915,Commonsense Knowledge Base Completion,Task,2023
canon_Task_01916,CKBC) tasks,Task,2023
canon_Task_01917,CKBC task,Task,2023
canon_Task_01918,Case,Task,2023
canon_Task_01919,Explainable Extrapolation Reasoning,Task,2023
canon_Task_01920,Extrapolation reasoning,Task,2023
canon_Task_01921,Unsupervised Discontinuous Constituency Parsing,Task,2023
canon_Task_01922,unsupervised discontinuous parsing,Task,2023
canon_Task_01923,parameter estimation,Task,2023
canon_Task_01924,Streaming Voice Search,Task,2023
canon_Task_01926,voice-based application,Task,2023
canon_Task_01927,Voice Search,Task,2023
canon_Task_01928,low latency streaming applications,Task,2023
canon_Task_01930,Cultural Bias Discovery,Task,2023
canon_Task_01931,social impact,Task,2023
canon_Task_01932,decision making,Task,2023
canon_Task_01933,interpretable commonsense reasoning,Task,2023
canon_Task_01934,social tasks,Task,2023
canon_Task_01935,perceived value detection,Task,2023
canon_Task_01937,safe generation,Task,2023
canon_Task_01938,contradiction avoidance,Task,2023
canon_Task_01939,Constrained Tuple Extraction,Task,2023
canon_Task_01940,Tuples extraction,Task,2023
canon_Task_01941,CTE) task,Task,2023
canon_Task_01942,Robust Learning,Task,2023
canon_Task_01943,open-domain dialogue modeling,Task,2023
canon_Task_01944,multilingual or cross-lingual transfer learning,Task,2023
canon_Task_01945,multilingual and cross-lingual open-domain dialog,Task,2023
canon_Task_01946,unified response retrieval,Task,2023
canon_Task_01947,victim count extraction,Task,2023
canon_Task_01948,Plan-based Conditional Generation,Task,2023
canon_Task_01949,Multi-Lingual and Cross-Lingual Summarization,Task,2023
canon_Task_01950,Explainable Meeting Summarization,Task,2023
canon_Task_01951,explainability-aware task,Task,2023
canon_Task_01952,Explainable Evidence Extraction,Task,2023
canon_Task_01953,E3,Task,2023
canon_Task_01954,E3 task,Task,2023
canon_Task_01955,Substitution-based Semantic Change Detection,Task,2023
canon_Task_01957,text reconstruction or denoising task,Task,2023
canon_Task_01958,computer vision field,Task,2023
canon_Task_01960,Joint Modeling Answer Selection,Task,2023
canon_Task_01961,AS2),Task,2023
canon_Task_01962,retrieval-based Question Answering (QA) systems,Task,2023
canon_Task_01963,AS2 task,Task,2023
canon_Task_01964,Offensive Language Error Analysis,Task,2023
canon_Task_01965,Phrase Understanding,Task,2023
canon_Task_01966,machine understanding of phrase semantics,Task,2023
canon_Task_01967,data wrangling and analytic tasks,Task,2023
canon_Task_01968,code generation problems,Task,2023
canon_Task_01969,NL-to-code problems,Task,2023
canon_Task_01970,Chinese Simile Generation,Task,2023
canon_Task_01971,simile generation,Task,2023
canon_Task_01972,context-free generation task,Task,2023
canon_Task_01973,controllable,Task,2023
canon_Task_01974,Pathway,Task,2023
canon_Task_01975,candidate ranking,Task,2023
canon_Task_01976,EL) or,Task,2023
canon_Task_01977,EE) tasks,Task,2023
canon_Task_01978,neural NER,Task,2023
canon_Task_01979,"EL,",Task,2023
canon_Task_01980,automatic summarization of,Task,2023
canon_Task_01981,fine-grained,Task,2023
canon_Task_01982,segmentation tasks,Task,2023
canon_Task_01983,real-world knowledge-intensive tasks,Task,2023
canon_Task_01984,Automatic Quotation Attribution,Task,2023
canon_Task_01985,character identification,Task,2023
canon_Task_01986,quotation identification,Task,2023
canon_Task_01987,signal-highlighting task,Task,2023
canon_Task_01988,E-commerce Product Search,Task,2023
canon_Task_01989,relevance prediction,Task,2023
canon_Task_01990,bi-lingual relevance prediction task,Task,2023
canon_Task_01991,low-resource summarization tasks,Task,2023
canon_Task_01992,grounded text generation,Task,2023
canon_Task_01993,Transformer-,Task,2023
canon_Task_01994,Crosslingual Generalization,Task,2023
canon_Task_01995,task genrealization,Task,2023
canon_Task_01997,Acronym Disambiguation (AD),Task,2023
canon_Task_01998,general acronym disambiguation,Task,2023
canon_Task_01999,Rationalization,Method,2022
canon_Task_02000,selective rationalization,Task,2023
canon_Task_02001,counterfactual text generation,Task,2023
canon_Task_02002,Chinese modern poetry generation,Task,2023
canon_Task_02003,sequential second language acquisition,Task,2023
canon_Task_02004,English language acquisition,Task,2023
canon_Task_02006,sparse retrieval,Task,2023
canon_Task_02007,dense retrievers,Task,2023
canon_Task_02008,omission problem,Task,2023
canon_Task_02009,omission mitigation,Task,2023
canon_Task_02010,omission detection task,Task,2023
canon_Task_02011,Faithful Dialogues,Task,2023
canon_Task_02012,knowledge-grounded dialogue systems,Task,2023
canon_Task_02013,human-in-the-loop,Method,2021
canon_Task_02014,Image-text retrieval,Task,2023
canon_Task_02015,Cross-prompt Automated Essay Scoring,Task,2023
canon_Task_02016,Over-smoothing,Task,2023
canon_Task_02017,normative reasoning,Task,2023
canon_Task_02018,interactive,Task,2023
canon_Task_02019,Multilingual Transformers,Task,2023
canon_Task_02020,Low-resource Named Entity Recognition,Task,2023
canon_Task_02021,low-resource NER,Task,2023
canon_Task_02022,Instruction,Task,2023
canon_Task_02023,instruction induction challenge,Task,2023
canon_Task_02024,language knowledge transfer,Task,2023
canon_Task_02025,multi-table QA setting,Task,2023
canon_Task_02026,empathetic dialogue generation,Task,2023
canon_Task_02027,Prompt-Aware Essay Scoring,Task,2023
canon_Task_02028,faithful text generation,Task,2023
canon_Task_02030,table reasoning tasks,Task,2023
canon_Task_02031,toxicity detection,Task,2023
canon_Task_02032,sentiment classification and occupation classification tasks,Task,2023
canon_Task_02033,Multi-hop Text-Table Hybrid Question Answering,Task,2023
canon_Task_02034,TextTableQA,Task,2023
canon_Task_02035,noisy labeling problem,Task,2023
canon_Task_02036,Interactive Knowledge Base Question Answering,Task,2023
canon_Task_02037,Interactive Explanation-Based Debugging of NLP,Task,2023
canon_Task_02038,Explanation-based model debugging,Method,2023
canon_Task_02039,Outside-Knowledge VQA,Task,2023
canon_Task_02040,Outside-knowledge visual question answering,Task,2023
canon_Task_02041,Human Evaluation of,Task,2023
canon_Task_02042,Counselling Reflection Generation,Task,2023
canon_Task_02044,Lay,Task,2023
canon_Task_02046,deductive tasks,Task,2023
canon_Task_02047,Semantic Structure Enhanced Event Causality Identification,Task,2023
canon_Task_02048,Event Causality Identification (,Task,2023
canon_Task_02049,ECI),Task,2023
canon_Task_02050,ECI task,Task,2023
canon_Task_02051,privacy preservation,Task,2023
canon_Task_02052,long-document tasks,Task,2023
canon_Task_02053,long-sequence language tasks,Task,2023
canon_Task_02054,token generation,Task,2023
canon_Task_02056,copyright protection,Task,2023
canon_Task_02057,leakage tracing,Task,2023
canon_Task_02058,ownership identification,Task,2023
canon_Task_02059,image watermarking,Task,2023
canon_Task_02060,Unsupervised Hallucination Detection,Task,2023
canon_Task_02061,hallucination detection,Task,2023
canon_Task_02062,cross-lingual sentence similarity,Task,2023
canon_Task_02063,AI systems,Task,2023
canon_Task_02064,label distribution prediction task,Task,2023
canon_Task_02065,Human Reading Times,Task,2023
canon_Task_02066,multilingual language representation,Task,2023
canon_Task_02067,Reference-Free Evaluation of,Task,2023
canon_Task_02068,machine translation evaluation,Task,2023
canon_Task_02070,CTC regularization,Task,2023
canon_Task_02071,predicting rare disease areas,Task,2023
canon_Task_02072,clinical research,Task,2023
canon_Task_02073,Natural Language Visual Reasoning,Task,2023
canon_Task_02075,exact reward computation,Task,2023
canon_Task_02076,Answer-unaware Conversational Question Generation,Task,2023
canon_Task_02077,Interactive Post-Editing Research,Task,2023
canon_Task_02078,interactive post-editing,Task,2023
canon_Task_02079,post-editing task,Task,2023
canon_Task_02080,predictive task,Task,2023
canon_Task_02081,Low-Resource Fine-Tuning,Task,2023
canon_Task_02082,Early Misinformation Detection,Task,2023
canon_Task_02083,human-in-the-loop fact-checking,Task,2023
canon_Task_02084,Dialogue Response Selection,Task,2023
canon_Task_02085,Multi-party Dialogue Response Generation,Task,2023
canon_Task_02086,two-party dialogue response generation,Task,2023
canon_Task_02087,Dependency resolution,Task,2023
canon_Task_02088,root-finding problem,Task,2023
canon_Task_02089,joint evidence extraction,Task,2023
canon_Task_02090,Low-resource Biomedical Relation Extraction,Task,2023
canon_Task_02091,biomedical relation extraction (RE),Task,2023
canon_Task_02092,natural language inference formulation,Task,2023
canon_Task_02093,response modeling,Task,2023
canon_Task_02094,addressee recognition,Task,2023
canon_Task_02095,machine learning tasks,Task,2023
canon_Task_02096,Explainable Hate Speech Detection,Task,2023
canon_Task_02097,textual content moderation,Task,2023
canon_Task_02098,Visual Interactive Diagnosis,Task,2023
canon_Task_02099,lexical entailment,Task,2023
canon_Task_02100,out-of-domain (OOD) generalization,Task,2023
canon_Task_02101,end-to-end domain shift evaluation,Task,2023
canon_Task_02102,Patient-Level Representation Learning,Task,2023
canon_Task_02104,in-hospital-mortality prediction,Task,2023
canon_Task_02105,In-context Compositional Generalization,Task,2023
canon_Task_02106,inducing,Task,2023
canon_Task_02107,Python Code Generation,Task,2023
canon_Task_02108,Search Query Spell Correction,Task,2023
canon_Task_02109,contextual spell correction,Task,2023
canon_Task_02110,Semi-Supervised Controllable Text Generation,Task,2023
canon_Task_02111,attribute-controllable language generation,Task,2023
canon_Task_02113,KGC),Task,2023
canon_Task_02114,KG research,Task,2023
canon_Task_02115,KGC tasks,Task,2023
canon_Task_02116,monolingual and cross-lingual generation,Task,2024
canon_Task_02117,tool learning safety,Task,2024
canon_Task_02118,open-ended dialog generation,Task,2024
canon_Task_02119,expert,Task,2024
canon_Task_02120,Join-Aware Multi-Table Retrieval,Task,2024
canon_Task_02121,open-domain question-answering (QA) systems,Task,2024
canon_Task_02122,evaluation of natural language generation (NLG) tasks,Task,2024
canon_Task_02123,Knowledge-grounded dialogue generation,Task,2024
canon_Task_02124,collaborative development,Task,2024
canon_Task_02126,indoor assistance,Task,2024
canon_Task_02127,human-computer interaction,Task,2024
canon_Task_02128,human sentence production and comprehension,Task,2024
canon_Task_02129,language learning,Task,2024
canon_Task_02130,CITATION,Method,2019
canon_Task_02131,parallel entity extraction,Task,2024
canon_Task_02132,Medical Adaptation,Task,2024
canon_Task_02133,medical applications,Task,2024
canon_Task_02134,answering,Task,2024
canon_Task_02135,model training,Task,2024
canon_Task_02136,annotations,Task,2024
canon_Task_02137,linguistic tasks,Task,2024
canon_Task_02138,psycholinguistic research,Task,2024
canon_Task_02139,model interpretability,Task,2024
canon_Task_02140,automatic data adaptation,Task,2024
canon_Task_02141,Visio-linguistic Compositional Understanding,Task,2024
canon_Task_02142,vision and,Task,2024
canon_Task_02143,compositional reasoning,Task,2024
canon_Task_02144,composition,Task,2024
canon_Task_02145,extremely weak-supervised text classification,Task,2024
canon_Task_02146,Multi-Source Language Training,Task,2024
canon_Task_02147,Cross-Lingual Knowledge Transfer,Task,2024
canon_Task_02149,Fast Exact Retrieval,Task,2024
canon_Task_02150,Exact nearest neighbor search,Task,2024
canon_Task_02151,Exact nearest neighbor retrieval,Task,2024
canon_Task_02152,binary search problems,Task,2024
canon_Task_02153,logarithmic Fast Exact Retrieval,Task,2024
canon_Task_02154,user-dependent preference control,Task,2024
canon_Task_02155,Incremental Timeline Summarization,Task,2024
canon_Task_02156,event or topic timeline summarization,Task,2024
canon_Task_02157,incremental event clustering,Task,2024
canon_Task_02158,Thai Coreference and Zero Pronoun Resolution,Task,2024
canon_Task_02159,ZPR tasks,Task,2024
canon_Task_02160,zero-pronoun resolution,Task,2024
canon_Task_02161,IE) purposes,Task,2024
canon_Task_02162,SentRE) tasks,Task,2024
canon_Task_02163,DocRE) tasks,Task,2024
canon_Task_02164,Explainable Critical Error Detection,Task,2024
canon_Task_02165,Critical error detection (,Task,2024
canon_Task_02166,CED),Task,2024
canon_Task_02167,data construction,Task,2024
canon_Task_02168,zero-shot audio classification,Task,2024
canon_Task_02170,large-scale data curation,Task,2024
canon_Task_02171,chatbot assistance,Task,2024
canon_Task_02172,Value Alignment of LL,Task,2024
canon_Task_02173,sentence-classification tasks,Task,2024
canon_Task_02174,Lifelong Knowledge Editing,Task,2024
canon_Task_02175,Lifelong model editing,Task,2024
canon_Task_02176,single or batch editing,Task,2024
canon_Task_02177,lifelong editing,Task,2024
canon_Task_02178,Personalized Dialogue,Task,2024
canon_Task_02179,domain-specific information retrieval,Task,2024
canon_Task_02180,sustainability analyst,Task,2024
canon_Task_02181,Direct Speech Translation,Task,2024
canon_Task_02182,pre-translation,Method,2024
canon_Task_02184,understanding,Task,2024
canon_Task_02186,Learning Probabilistic Regular Languages,Task,2024
canon_Task_02188,text-to-table,Task,2024
canon_Task_02189,table-to-text tasks,Task,2024
canon_Task_02190,statistical analysis,Task,2024
canon_Task_02191,long text-processing tasks,Task,2024
canon_Task_02192,frame prediction,Task,2024
canon_Task_02193,Semi-Supervised Sequence Generation,Task,2024
canon_Task_02194,Contextualizing Argument Quality Assessment,Task,2024
canon_Task_02195,Automatic assessment of the quality of arguments,Task,2024
canon_Task_02196,logic,Task,2024
canon_Task_02197,cognitive psychology,Task,2024
canon_Task_02198,information-seeking,Task,2024
canon_Task_02199,Bing Chat,Task,2024
canon_Task_02200,Boosting Task Planning,Task,2024
canon_Task_02201,API calling,Task,2024
canon_Task_02202,Optimizing,Task,2024
canon_Task_02203,voice-based dialog systems,Task,2024
canon_Task_02204,online retrieval,Task,2024
canon_Task_02205,knowledge graph expansion,Task,2024
canon_Task_02206,online entity retrieval,Task,2024
canon_Task_02207,Context- and Uncertainty-Aware Mental Disorder Detection,Task,2024
canon_Task_02208,disorder detection,Task,2024
canon_Task_02209,symptom identification,Task,2024
canon_Task_02210,Social Meaning Detection,Task,2024
canon_Task_02211,in-domain classification,Task,2024
canon_Task_02212,"zero-shot, and few-shot domain transfer",Task,2024
canon_Task_02215,meta-learning,Method,2018
canon_Task_02216,human intelligence,Task,2024
canon_Task_02217,Privacy-Aware Sign Language Translation,Task,2024
canon_Task_02218,sign language translation (,Task,2024
canon_Task_02219,SLT),Task,2024
canon_Task_02220,privacy-aware SLT,Task,2024
canon_Task_02222,conversational AI systems,Task,2024
canon_Task_02223,left-to-right grammar induction,Task,2024
canon_Task_02224,automated feedback generation,Task,2024
canon_Task_02225,personalized feedback,Task,2024
canon_Task_02226,automated essay evaluation,Task,2024
canon_Task_02227,cross-document coreference (,Task,2024
canon_Task_02228,CDCR) of events,Task,2024
canon_Task_02229,event coreference scoring,Task,2024
canon_Task_02230,Zero-shot Text Classification,Task,2024
canon_Task_02231,zero-shot language understanding,Task,2024
canon_Task_02232,large-scale inference,Task,2024
canon_Task_02233,domain-specific fine-tuning,Task,2024
canon_Task_02234,knowledge distillation,Method,2021
canon_Task_02235,sequence-level Knowledge Distillation,Method,2021
canon_Task_02236,fine-grained semantic representation of text,Task,2024
canon_Task_02237,fine-grained text attribution,Task,2024
canon_Task_02238,CLIP’s Image-Text Alignment,Task,2024
canon_Task_02239,Referring Image Segmentation,Task,2024
canon_Task_02240,RIS),Task,2024
canon_Task_02241,cross-modal task,Task,2024
canon_Task_02243,VQA problems,Task,2024
canon_Task_02244,scientific discovery process,Task,2024
canon_Task_02245,socially intelligent agents,Task,2024
canon_Task_02249,large neural models,Task,2024
canon_Task_02250,Conditional Image Synthesis Evaluation,Task,2024
canon_Task_02251,conditional image generation research,Task,2024
canon_Task_02252,conditional image tasks,Task,2024
canon_Task_02253,editing tasks,Task,2024
canon_Task_02254,image synthesis tasks,Task,2024
canon_Task_02255,non-English NLP,Task,2024
canon_Task_02256,Aligning as Debiasing,Task,2024
canon_Task_02257,Causality-Aware Alignment,Task,2024
canon_Task_02258,LLM debiasing,Task,2024
canon_Task_02259,reh,Task,2024
canon_Task_02260,Computational Social Science,Task,2024
canon_Task_02261,dataset development,Task,2024
canon_Task_02262,Annotation of Factual Claim Detection,Task,2024
canon_Task_02263,factual claim detection,Task,2024
canon_Task_02264,annotation of factual claims,Task,2024
canon_Task_02265,entity hallucination problem,Task,2024
canon_Task_02266,search and recommender systems,Task,2024
canon_Task_02267,e-commerce scenarios,Task,2024
canon_Task_02268,likelihood computation,Task,2024
canon_Task_02269,scoring of sequences,Task,2024
canon_Task_02270,Automatic Schema Matching,Task,2024
canon_Task_02271,schema matching problem,Task,2024
canon_Task_02272,information processing,Task,2024
canon_Task_02273,Test-time Safety Alignment,Task,2024
canon_Task_02274,safe content generation,Task,2024
canon_Task_02275,symbolic AI,Task,2024
canon_Task_02276,causal event relation identification,Task,2024
canon_Task_02277,downstream story quality evaluation task,Task,2024
canon_Task_02278,multimodal story video-text alignment task,Task,2024
canon_Task_02279,ubiquitous sensing applications,Task,2024
canon_Task_02280,PDF-centric Human Interaction Data Collection,Task,2024
canon_Task_02281,data collection tasks,Task,2024
canon_Task_02282,data collection,Task,2024
canon_Task_02283,reading behavior analytics,Task,2024
canon_Task_02284,AI Assisted Writing,Task,2024
canon_Task_02285,AI-mediated communication,Task,2024
canon_Task_02286,text generation process,Task,2024
canon_Task_02287,long document question answering,Task,2024
canon_Task_02288,long context processing,Task,2024
canon_Task_02289,Citation Text Generation,Task,2024
canon_Task_02290,automatic related,Task,2024
canon_Task_02291,RWG task,Task,2024
canon_Task_02292,Target-level Sentence Simplification,Task,2024
canon_Task_02293,Multi-level sentence simplification,Task,2024
canon_Task_02294,adverse drug reaction identification,Task,2024
canon_Task_02295,pharmacoepidemiology,Task,2024
canon_Task_02296,birth control,Task,2024
canon_Task_02297,Next-Gen Dense Retrieval,Task,2024
canon_Task_02299,Procedural,Task,2024
canon_Task_02300,procedural planning,Task,2024
canon_Task_02301,embodied AI tasks,Task,2024
canon_Task_02303,Reinforcement,Task,2024
canon_Task_02304,RL training,Method,2018
canon_Task_02305,language model detoxification,Task,2024
canon_Task_02306,Personalized Review Recommendation,Task,2024
canon_Task_02307,computational biology,Task,2024
canon_Task_02308,Holistic,Method,2022
canon_Task_02309,practice-oriented legal retrieval and reasoning task,Task,2024
canon_Task_02310,practice-oriented NLP task,Task,2024
canon_Task_02311,translating,Task,2024
canon_Task_02312,Multidialectal Arabic Speech Recognition,Task,2024
canon_Task_02313,Human Temporal Inferences,Task,2024
canon_Task_02314,automatic speech recognition and summarization tasks,Task,2024
canon_Task_02315,problem-solving,Task,2024
canon_Task_02317,corpus construction,Task,2024
canon_Task_02318,misogyny detection,Task,2024
canon_Task_02319,Argumentative Reasoning task,Task,2024
canon_Task_02320,text ranking,Task,2024
canon_Task_02321,Automatic Prompt Tuning,Task,2024
canon_Task_02323,Holistic Essay Scoring,Task,2024
canon_Task_02324,AES problems,Task,2024
canon_Task_02325,multi-trait scoring,Task,2024
canon_Task_02326,cross-prompt scoring,Task,2024
canon_Task_02327,real-time tasks,Task,2024
canon_Task_02328,composition assistance,Task,2024
canon_Task_02329,extremely low-bit model quantization,Task,2024
canon_Task_02330,residual,Task,2024
canon_Task_02331,entity disambiguation,Task,2024
canon_Task_02332,Moral Event Extraction,Task,2024
canon_Task_02333,moral event understanding tasks,Task,2024
canon_Task_02335,human language processing,Task,2024
canon_Task_02336,medical text processing,Task,2024
canon_Task_02337,enhanced,Method,2018
canon_Task_02339,document-to-slides generation,Task,2024
canon_Task_02340,textual understanding,Task,2024
canon_Task_02341,knowledge-grounded abductive and conceptual reasoning,Task,2024
canon_Task_02342,argeted information retrieval,Task,2024
canon_Task_02343,pattern matching,Task,2024
canon_Task_02344,data retrieval,Task,2024
canon_Task_02345,higher-order reasoning,Task,2024
canon_Task_02346,GEC),Method,2019
canon_Task_02347,syntax-oriented task,Task,2024
canon_Task_02348,Slot-,Task,2024
canon_Task_02350,Low-Resource Sentiment Classification,Task,2024
canon_Task_02351,SC),Task,2024
canon_Task_02352,DA),Task,2024
canon_Task_02353,clinical data management,Task,2024
canon_Task_02354,linguistics research,Task,2024
canon_Task_02355,lexical optimisation analyses,Task,2024
canon_Task_02356,LCG),Task,2024
canon_Task_02357,software engineering process,Task,2024
canon_Task_02358,natural language queries,Task,2024
canon_Task_02359,database queries,Task,2024
canon_Task_02360,Knowledge-Based Visual Question Answering,Task,2024
canon_Task_02361,multimodal fusion,Method,2020
canon_Task_02362,Encoding of,Task,2024
canon_Task_02363,model serving,Task,2024
canon_Task_02364,faithfulness evaluation,Task,2024
canon_Task_02365,Offline Evaluation of Information Retrieval Systems,Task,2024
canon_Task_02366,computer vision tasks,Task,2024
canon_Task_02367,text-to-image generation systems,Task,2024
canon_Task_02368,generative IR systems,Task,2024
canon_Task_02369,calibration,Method,2021
canon_Task_02370,extractive question answering (QA) setup,Task,2024
canon_Task_02372,code intelligence tasks,Task,2024
canon_Task_02373,code completion,Task,2024
canon_Task_02374,multimodal instruction tuning,Method,2024
canon_Task_02375,scalable Bayesian inverse planning,Task,2024
canon_Task_02377,Conceptual Understanding,Task,2024
canon_Task_02378,entity conceptualization,Task,2024
canon_Task_02379,abstract detection tasks,Task,2024
canon_Task_02381,Generative Multi-intent Spoken Language Understanding,Task,2024
canon_Task_02382,dialogue language understanding and reasoning,Task,2024
canon_Task_02383,Model-,Task,2024
canon_Task_02384,zero-shot prediction,Task,2024
canon_Task_02385,healthcare applications,Task,2024
canon_Task_02386,automatic depression detection,Task,2024
canon_Task_02388,Arabic NLP,Task,2024
canon_Task_02389,Vision-Language Models Alignment,Task,2024
canon_Task_02390,perception and cognition tasks,Task,2024
canon_Task_02391,MT tasks,Task,2024
canon_Task_02392,production text classification applications,Task,2024
canon_Task_02393,image-text multimodal summarization,Task,2024
canon_Task_02394,multimodal summarization research,Task,2024
