entity_id,dim_0,dim_1,dim_2,dim_3,dim_4,dim_5,dim_6,dim_7,dim_8,dim_9,dim_10,dim_11,dim_12,dim_13,dim_14,dim_15,dim_16,dim_17,dim_18,dim_19,dim_20,dim_21,dim_22,dim_23,dim_24,dim_25,dim_26,dim_27,dim_28,dim_29,dim_30,dim_31,dim_32,dim_33,dim_34,dim_35,dim_36,dim_37,dim_38,dim_39,dim_40,dim_41,dim_42,dim_43,dim_44,dim_45,dim_46,dim_47,dim_48,dim_49,dim_50,dim_51,dim_52,dim_53,dim_54,dim_55,dim_56,dim_57,dim_58,dim_59,dim_60,dim_61,dim_62,dim_63,dim_64,dim_65,dim_66,dim_67,dim_68,dim_69,dim_70,dim_71,dim_72,dim_73,dim_74,dim_75,dim_76,dim_77,dim_78,dim_79,dim_80,dim_81,dim_82,dim_83,dim_84,dim_85,dim_86,dim_87,dim_88,dim_89,dim_90,dim_91,dim_92,dim_93,dim_94,dim_95,dim_96,dim_97,dim_98,dim_99,dim_100,dim_101,dim_102,dim_103,dim_104,dim_105,dim_106,dim_107,dim_108,dim_109,dim_110,dim_111,dim_112,dim_113,dim_114,dim_115,dim_116,dim_117,dim_118,dim_119,dim_120,dim_121,dim_122,dim_123,dim_124,dim_125,dim_126,dim_127
canon_Material_00001,0.107632,-0.003981,-0.012354,-0.015182,-0.055764,-0.024799,0.099084,0.032125,0.057174,0.024006,0.001998,0.015889,0.020984,0.091148,0.08341,-0.033347,0.041393,0.046969,-0.050403,-0.018937,0.106738,0.018895,-0.107901,-0.035435,-0.127307,0.073613,-0.018575,-0.002699,0.073029,0.014365,0.040738,0.027485,0.010465,0.041048,-0.050751,-0.056823,-0.015015,-0.001336,0.017559,0.049829,-0.106628,0.099588,-0.053385,-0.021977,0.048169,-0.034583,-0.013381,0.053559,-0.019316,-0.002545,-0.108779,0.004377,0.18164,0.105226,0.07777,0.055475,-0.036569,0.038834,-0.024566,-0.008193,0.016286,-0.064647,-0.119534,0.102048,0.167153,-0.084062,-0.060129,-0.022423,-0.082115,-0.139475,0.009472,-0.029423,-0.02584,-0.049668,0.054439,-0.015322,-0.053381,0.010759,-0.061162,-0.035726,0.028081,-0.135752,-0.000784,0.026099,0.017294,-0.033949,0.036217,-0.073079,0.081336,0.008819,-0.040911,-0.00106,-0.096177,0.021135,0.054421,-0.035955,0.053688,-0.059199,-0.033984,-0.066124,-0.106645,-0.130716,0.035024,-0.049746,-0.077947,0.054623,-0.042772,-0.058396,0.068813,0.025241,0.021536,0.040622,0.06151,0.059056,-0.031326,0.124864,-0.174272,-0.017893,0.03638,-0.010169,-0.036925,-0.06256,0.071406,0.105575,-0.092635,-0.122675,0.166509,-0.091589
canon_Material_00002,0.155317,0.031938,0.030095,-0.114718,0.000296,0.049118,0.017969,0.023081,-0.033358,-0.11905,-0.010104,-0.037256,-0.069564,0.128233,0.074854,-0.179742,0.148178,-0.001838,-0.074991,-0.172403,0.033021,0.054293,-0.147394,-0.010363,-0.076523,0.145251,0.042804,0.100557,0.112542,0.042204,-0.036623,0.080398,-0.056576,-0.051209,-0.081632,-0.184704,-0.079849,0.041941,-0.131714,0.054004,-0.082967,0.046605,-0.053719,0.062989,0.020941,-0.103558,0.012415,-0.060525,0.021113,-0.087819,-0.214417,0.060843,0.195246,0.184786,-0.014452,0.086228,-0.096792,0.114344,-0.080461,-0.017187,0.185654,-0.069503,0.026597,0.249771,0.165477,-0.049744,-0.185945,0.030769,-0.161162,-0.225251,0.010699,-0.099125,-0.151591,-0.05541,0.026467,0.018824,-0.091271,-0.008227,-0.08626,-0.103891,0.032667,-0.181177,0.033593,0.072603,-0.084403,0.035878,0.047774,-0.115348,0.028963,0.071539,-0.162221,0.023009,-0.143144,0.151101,0.059545,0.031541,0.060963,-0.086419,0.027841,-0.076569,-0.100386,-0.108556,-0.035244,0.058949,-0.194762,0.092341,-0.079065,-0.081971,0.054167,0.073928,0.1259,0.016903,0.076144,0.14974,-0.004107,0.019935,-0.032247,-0.126754,0.136562,-0.02616,0.047058,-0.105773,0.093853,0.051727,-0.026592,-0.196601,0.108637,-0.158307
canon_Material_00003,0.47575,0.224871,0.083494,0.104738,-0.107008,0.21171,0.287983,-0.014516,0.377907,-0.074802,0.093534,0.021612,-0.073766,-0.014731,0.574103,0.130494,0.104655,-0.200734,0.040279,-0.121452,0.19919,0.456288,-0.17767,-0.230443,0.049698,0.442732,-0.317304,0.322345,-0.165358,0.192712,0.134268,-0.207804,0.100449,-0.082915,-0.240131,-0.288122,-0.221892,-0.093869,0.083637,0.330311,-0.528763,0.00303,0.163687,-0.123294,-0.121972,0.016583,-0.312369,0.000606,-0.058403,-0.19859,-0.209109,0.21468,0.154868,0.08756,-0.017647,0.323014,-0.053974,0.357065,-0.034762,0.023596,0.073509,-0.207642,-0.339221,0.458343,0.153031,-0.02929,-0.202202,0.194864,-0.494232,-0.001869,-0.053975,-0.250981,-0.19585,-0.208423,0.132895,-0.288601,-0.065456,0.163597,0.040921,-0.250325,0.060741,-0.261636,-0.253743,0.01685,-0.334673,-0.195126,-0.150963,-0.334976,0.007117,0.168908,-0.066646,-0.160055,0.025364,0.110869,0.008571,-0.0734,-0.053012,-0.079157,-0.152832,-0.069569,-0.265591,-0.454119,0.172541,0.029862,-0.401588,0.08483,-0.021344,-0.152392,0.026572,-0.133854,0.14458,-0.023833,0.124911,0.120708,0.011747,0.132328,-0.257798,0.112291,0.426096,-0.512652,-0.06585,-0.183789,-0.086835,0.022539,-0.235966,-0.374257,0.393923,-0.30192
canon_Material_00004,0.061821,-0.020668,-0.003423,-0.042389,-0.045969,-0.023328,0.04415,0.050837,0.039512,-0.020189,0.023664,0.019297,0.001581,0.109741,0.127684,-0.068194,0.017735,0.018013,-0.090343,-0.015904,0.082657,0.035704,-0.1234,-0.00868,-0.121057,0.075391,-0.027912,0.013393,0.084225,-0.018837,-0.027139,-0.017561,-0.035072,0.015582,-0.035161,-0.025089,-0.005864,0.010861,0.038151,0.069834,-0.064964,0.083084,-0.035751,0.028169,0.033164,-0.002593,0.00062,0.016501,-0.012399,-0.00787,-0.10003,0.021612,0.136277,0.093575,0.096762,0.041334,-0.049628,0.026919,-0.040408,-0.043849,0.069265,-0.052813,-0.073497,0.115949,0.170219,-0.072471,-0.075404,0.012027,-0.059759,-0.16397,0.025495,-0.05191,-0.076373,-0.062828,0.059155,-0.008705,-0.065272,0.051891,-0.029082,-0.012111,0.013601,-0.112551,0.05579,0.036949,0.01016,0.007976,0.010347,-0.067788,0.089601,0.007648,-0.071531,0.047993,-0.132778,0.047802,0.073189,-0.020965,0.0079,-0.078172,-0.031286,-0.06475,-0.101666,-0.070805,0.021656,-0.033828,-0.095203,0.063694,-0.041493,-0.106831,0.099093,0.035283,0.045939,0.034454,0.043931,0.053689,-0.029326,0.099397,-0.175034,-0.043394,0.0407,-0.034201,-0.019144,-0.018565,0.030723,0.11935,-0.099904,-0.110746,0.106516,-0.054767
canon_Material_00008,0.69328,0.335052,0.098822,0.031038,-0.311459,0.418361,0.397422,-0.019374,0.337723,0.018094,0.147453,0.050346,-0.143994,0.020501,0.410623,0.093057,0.227984,-0.216179,-0.049375,-0.493771,0.205801,0.509476,-0.136225,-0.198287,-0.027063,0.479781,-0.411559,0.156004,-0.131245,0.207681,0.20959,-0.21025,0.217818,0.095299,-0.615422,-0.252779,-0.119738,-0.131863,-0.073939,0.458858,-0.633878,-0.041717,0.023812,-0.136327,-0.398968,-0.121567,-0.353997,-0.112432,-0.30258,-0.263125,-0.327064,0.076695,0.273714,0.212841,0.109993,0.274952,-0.126637,0.316089,-0.170712,0.167962,0.306275,-0.225914,-0.355954,0.574685,0.095686,-0.148131,-0.120513,0.144837,-0.802726,-0.383845,-0.095045,-0.344051,-0.203736,-0.28752,0.120298,-0.112657,-0.1966,0.25948,-0.017461,-0.238858,0.041065,-0.255509,-0.25681,0.132478,-0.53213,-0.259229,-0.226819,-0.53816,0.061336,-0.008253,-0.22748,-0.100908,0.286158,0.094034,0.220107,-0.283255,0.000336,-0.163452,-0.117584,0.043428,-0.192188,-0.560796,0.219708,-0.058028,-0.557235,0.107863,0.079201,-0.047442,0.292662,-0.029143,0.133044,0.014834,0.301635,0.161306,-0.050857,0.217766,-0.317457,0.105086,0.555659,-0.499565,0.018024,-0.346772,-0.21851,0.035568,-0.477681,-0.391412,0.384528,-0.4138
canon_Material_00015,0.070456,0.042708,-0.096213,-0.218816,-0.117535,0.120436,-0.067431,0.011052,0.362521,0.229172,-0.040947,-0.050253,-0.054517,0.318287,0.312012,-0.027502,0.135538,-0.01719,-0.511075,0.502403,0.055558,-0.127299,-0.47592,0.067317,-0.607661,0.38554,-0.243771,-0.391761,-0.14388,0.039563,-0.088002,-0.085394,-0.176716,0.105116,0.044929,0.165433,-0.130629,-0.025648,0.172855,0.329925,-0.701272,0.349348,-0.011827,-0.136511,0.101155,-0.133448,0.029529,0.331677,-0.180267,-0.033198,-0.046694,0.150502,0.668382,-0.207481,0.113609,0.617184,0.134318,0.31914,0.055028,0.044806,-0.21411,-0.026792,-0.735471,0.238206,0.583741,-0.037809,0.196469,-0.231979,-0.306899,-0.196243,-0.01894,0.014565,0.043481,-0.09309,0.244337,-0.028427,0.026266,0.478302,-0.019106,0.250039,-0.026103,-0.463085,0.114296,0.100004,-0.343297,-0.245838,0.087827,0.107853,0.187035,0.030488,0.030382,0.014338,-0.556853,-0.128399,0.271691,-0.036704,-0.443698,-0.283051,-0.036151,-0.422246,-0.305985,-0.586076,0.143512,0.065486,0.028967,0.197765,0.013601,-0.431726,0.103359,0.130306,0.158557,0.202099,0.295061,0.105638,-0.248613,0.145887,-1.002617,-0.191377,0.155601,0.258545,0.085644,-0.17004,0.275141,0.289336,-0.225255,-0.062694,0.379647,-0.189977
canon_Material_00016,0.772969,0.005426,0.320394,0.19332,-0.405055,0.234218,0.248404,0.921245,0.349792,0.501912,-0.289403,0.560383,0.43769,0.942217,0.273335,-0.154933,-0.479089,0.329183,-0.251081,0.310361,0.357067,0.241689,-0.318249,0.110376,-0.54933,0.653143,0.277243,-0.343758,0.679307,0.103963,0.335357,0.809829,-0.177626,-0.042061,-0.167691,-0.096115,0.375177,0.165948,-0.176443,0.425332,-0.664572,1.090219,0.029849,0.508701,0.106386,-0.060484,-0.690161,0.306545,0.043413,-0.142594,-0.266045,0.313735,0.455797,0.081086,0.298579,0.285538,-0.659883,-0.065522,0.135907,0.117232,-0.054816,-0.436624,-0.83364,0.96744,0.790407,-0.928811,-0.429086,-0.699231,-0.42762,-0.758211,0.053873,0.217732,-0.290343,-0.012237,0.519547,0.117836,-0.273483,0.638335,-0.194613,0.141795,0.472889,-0.3629,0.184263,0.043823,-0.010867,0.290667,0.215524,0.03829,0.615489,-0.31931,-0.04864,0.249725,-0.067829,-0.256568,0.560387,-0.207752,0.168511,-0.825292,0.340394,-0.320888,-0.780693,-0.187691,0.817564,-0.184107,-0.788449,0.337453,0.029728,0.099541,0.439538,0.56003,0.066114,0.193861,0.507976,0.277166,-0.514274,0.785688,-1.063628,0.093699,-0.021954,0.280204,0.204751,-0.307497,0.159426,0.76297,-0.852134,-0.405932,0.271186,-0.645085
canon_Material_00017,0.152495,-0.19564,0.076466,0.114667,-0.318614,-0.184538,0.201592,0.011323,0.026426,0.206302,0.203389,0.30061,-0.066864,0.432588,0.119319,-0.035024,-0.170286,-0.029027,-0.08805,0.038682,0.106951,0.1816,-0.089115,-0.103948,-0.239839,0.248167,-0.187469,0.167768,-0.071135,-0.074441,0.111831,0.045208,0.094593,-0.144036,0.290343,-0.471746,-0.003119,-0.069306,-0.289362,0.28012,-0.17107,0.011323,-0.007559,-0.109777,-0.037831,0.059677,0.112182,0.144625,0.224009,0.439282,-0.367385,0.222664,0.552778,0.116873,0.13315,0.268479,-0.053896,0.25431,-0.089745,0.377284,-0.125835,-0.300814,0.005973,0.345326,0.563078,-0.248758,-0.091329,-0.179552,-0.012969,-0.22598,0.180059,-0.157863,-0.11188,-0.445489,-0.050357,-0.111795,-0.190915,0.25061,-0.03728,-0.092972,0.169953,-0.269992,0.058189,0.287624,0.014477,0.081062,0.287958,-0.161546,0.111677,0.263696,0.143327,0.211867,0.015831,0.315278,0.241326,-0.13852,0.203278,-0.313501,0.15037,-0.271631,-0.264373,-0.034608,-0.206194,-0.15903,-0.376808,0.296635,0.202922,0.139003,0.130724,0.001007,0.343542,-0.16188,-0.01572,0.021251,-0.222147,0.169101,-0.256705,-0.257857,0.201948,0.119894,-0.272129,-0.524776,0.333425,-0.064393,-0.24928,-0.184288,0.055131,-0.042116
canon_Material_00018,-0.004022,-0.667334,0.451289,-0.089135,-0.12077,0.516779,0.084197,0.218403,0.749188,-0.457555,0.064603,0.428203,0.622352,0.004654,0.548868,-0.521691,0.288663,-0.116158,-0.276561,-0.09724,0.106829,-0.006257,0.08418,0.329665,-0.819199,0.617792,-0.151639,-0.508789,0.682677,-0.528981,0.323439,-0.098412,0.241058,-0.290538,-0.397704,0.200998,0.958884,-0.563151,-0.055479,0.278914,-0.839592,0.300368,0.155737,0.008408,0.178101,-0.00145,0.284039,-0.371307,0.046236,0.050797,-0.67603,0.036034,0.624424,0.505882,-0.0425,0.240295,-0.373613,0.038698,0.003102,-0.499311,0.769591,-0.434566,-0.416499,0.710036,1.101609,-0.484893,0.319135,-0.131117,0.161826,-1.012193,0.898721,-0.138694,-0.599009,-0.10765,0.439231,0.338478,-0.464034,0.331201,0.491135,-0.363538,0.355276,-0.7781,0.542324,0.214217,-0.213222,0.313333,-0.176423,-0.6995,0.512133,-0.252438,-0.070009,0.976856,-0.504382,0.289031,0.295319,-0.483515,0.362549,-0.438488,-0.204454,0.062057,0.166691,0.064371,-0.057389,-0.952135,-0.406545,0.626297,0.003075,0.079173,1.252915,0.54675,0.45207,0.364035,0.476502,0.331058,-0.125743,0.591082,-1.090629,-0.488975,0.27029,-0.252467,0.25936,-0.467517,0.334229,0.573515,-0.913192,-0.51439,0.416942,-0.369471
canon_Material_00021,0.638806,0.343028,0.090104,0.001452,-0.289427,0.391142,0.357478,0.003709,0.313259,0.030381,0.148616,0.048569,-0.152323,0.037626,0.388589,0.084248,0.191383,-0.205838,-0.046159,-0.481782,0.180711,0.472799,-0.124569,-0.181915,-0.021257,0.497367,-0.374326,0.181448,-0.124459,0.207521,0.20546,-0.216972,0.194842,0.065334,-0.584879,-0.258483,-0.124201,-0.114699,-0.05053,0.445915,-0.576226,-0.008801,-0.013801,-0.157773,-0.398321,-0.112288,-0.321937,-0.103925,-0.278776,-0.269616,-0.326032,0.094897,0.275188,0.204895,0.128156,0.277139,-0.139593,0.298278,-0.165234,0.152305,0.311523,-0.202549,-0.345337,0.578566,0.109561,-0.161993,-0.139796,0.1637,-0.77044,-0.375679,-0.075456,-0.340641,-0.166553,-0.281553,0.102179,-0.095147,-0.166371,0.257118,-0.012366,-0.227077,0.035178,-0.227403,-0.265811,0.11894,-0.520854,-0.247824,-0.217802,-0.526625,0.054482,-0.005051,-0.213282,-0.070781,0.260515,0.096489,0.213408,-0.250779,-0.045661,-0.21018,-0.072614,0.008719,-0.213508,-0.528416,0.229873,-0.014455,-0.511394,0.107397,0.061172,-0.057142,0.293123,-0.020166,0.135563,0.002305,0.281132,0.174039,-0.021942,0.224055,-0.312481,0.113094,0.567991,-0.464649,-0.01117,-0.314971,-0.206759,0.034167,-0.457759,-0.403577,0.354663,-0.400885
canon_Material_00023,0.120468,0.010558,0.024848,-0.120995,-0.392836,-0.197053,0.209246,0.063918,0.319022,0.277028,0.296697,0.432612,0.02533,0.32615,0.174653,-0.012509,-0.089436,-0.246065,-0.236686,-0.174763,0.007554,0.387876,-0.137398,-0.327813,-0.353877,0.469281,-0.188376,0.148091,0.003089,-0.033174,0.078459,-0.241824,-0.046946,-0.308798,0.204897,-0.473084,-0.150185,0.16592,-0.159593,0.317815,-0.151313,0.080341,-0.210576,-0.107435,-0.11522,-0.053488,0.009793,0.066398,0.064115,0.362478,-0.469081,0.355597,0.446214,0.263937,0.277878,0.300414,-0.183009,0.402121,-0.153814,0.378188,-0.261858,-0.14804,-0.161549,0.438642,0.70035,-0.397132,-0.082611,-0.176722,-0.095199,-0.295937,0.290244,-0.209775,-0.213743,-0.426489,-0.061764,0.049723,-0.099201,0.547755,0.002322,-0.05703,0.14157,-0.247241,-0.028469,0.404176,-0.023264,0.073393,0.146062,-0.323932,0.12519,0.507853,-0.069494,0.629297,-0.170317,0.428228,0.396975,-0.175021,0.110392,-0.379716,0.133841,-0.444885,-0.153283,-0.174446,-0.264121,-0.292839,-0.247844,0.221072,0.374225,-0.067466,0.220268,0.171973,0.483629,-0.123827,0.046122,-0.018429,-0.18382,0.319535,-0.506317,-0.499115,0.393472,0.245454,-0.149851,-0.53843,0.357037,-0.307559,-0.377785,-0.306754,0.184903,-0.155181
canon_Material_00024,0.203538,-0.392689,0.169344,-0.077175,0.030915,-0.45482,0.049012,0.104291,-0.232751,0.061521,0.537728,0.066394,-0.201087,0.246228,0.486989,-0.099545,0.012228,-0.056754,-0.407041,0.22813,0.621286,0.327292,-0.633017,-0.277704,-0.437495,0.083691,-0.392306,-0.056374,-0.037481,-0.451697,-0.032125,-0.534502,-0.000311,0.593108,-0.026779,-0.023947,-0.016461,-0.668358,0.508483,1.040977,-0.186095,0.045016,0.231186,0.243204,-0.435486,0.338942,0.109867,0.135838,0.211188,-0.628436,-0.20978,-0.033203,0.604922,0.205864,0.702729,0.27807,0.085686,-0.203798,-0.294792,-0.267647,0.890448,-0.794422,-0.445342,0.707934,0.847352,-0.577091,0.333347,0.427245,-0.167811,-0.494078,0.280981,-0.438906,-0.463549,-0.525404,0.224528,-0.33562,-0.485972,-0.478883,0.162912,0.262883,0.138804,-0.733162,0.291919,0.965979,0.098599,0.423343,-0.145359,0.039411,0.407162,0.285776,0.103261,0.143668,-0.593287,0.61983,0.469341,-0.110225,-0.461539,-0.494288,-0.31045,-0.290516,0.131175,-0.462419,0.463909,-0.275468,-0.400183,0.179158,0.193624,-0.589699,0.749004,-0.192799,0.051017,0.114391,0.585068,-0.22169,0.210204,0.398068,-0.791372,0.275501,-0.082859,-0.687813,-0.407701,0.247978,0.269385,0.64023,-0.917261,-0.256566,0.703176,-0.222341
canon_Material_00027,0.45528,-0.180442,-0.294511,0.29612,-0.292745,-0.271483,0.362982,0.442723,0.620204,0.247852,-0.347849,-0.798523,0.540834,0.253842,0.533129,-0.582928,0.709944,-0.130162,-0.698635,-0.166316,0.256769,0.16519,-0.171071,0.20854,-0.581438,0.265403,-0.046489,-0.20795,1.133157,0.095018,-0.296515,0.565982,-0.642216,0.546482,-0.43623,-0.060497,0.4715,0.336233,0.731773,0.467283,-0.356136,0.015102,0.430433,-0.172782,0.075485,-0.286667,-0.408358,-0.027455,0.286406,-0.151413,-0.349007,-0.604865,0.995175,0.501332,0.232805,0.260752,-0.053076,-0.111668,-0.29906,-0.431384,0.472144,-0.151685,-0.245063,0.373251,1.095347,-0.834166,-0.313998,-0.384007,0.029769,-1.089455,0.514245,0.573857,-0.65275,0.183405,0.386402,-0.461594,-0.110094,0.317154,0.020024,0.178647,-0.259839,-0.743659,-0.00598,-0.425319,0.325487,0.180882,0.304425,0.299665,0.5409,0.033181,0.547568,-0.312281,-0.703336,-0.00592,0.552108,-0.201159,0.060994,-0.520364,-0.410989,0.013937,0.086676,-0.373901,0.001602,-0.16341,0.051434,-0.306912,-0.47051,-0.56597,0.680196,0.849469,0.403232,0.482722,0.606864,0.588752,-0.21696,0.768677,-0.851453,0.173766,0.194334,-0.090399,-0.040386,-0.222085,0.23758,0.78402,-0.013195,-0.372469,0.743604,-0.238405
canon_Material_00030,0.700652,-0.041063,0.22871,0.202296,-0.338606,0.231176,0.193053,0.830651,0.307387,0.445212,-0.24398,0.577414,0.401704,0.900696,0.285411,-0.145325,-0.508508,0.294384,-0.233258,0.21956,0.323504,0.209358,-0.264211,0.14136,-0.445243,0.632672,0.284045,-0.281867,0.632323,0.050937,0.335956,0.686606,-0.104638,-0.059354,-0.148562,-0.094235,0.306409,0.071432,-0.184426,0.425035,-0.645559,0.982056,-0.00786,0.434699,0.063535,-0.054918,-0.626905,0.297375,0.051286,-0.120101,-0.270899,0.305091,0.383365,0.068881,0.25456,0.205387,-0.602867,-0.127671,0.134081,0.096416,0.009324,-0.405435,-0.747115,0.917089,0.736728,-0.843158,-0.323233,-0.587086,-0.343381,-0.703171,0.04923,0.207853,-0.259065,-0.034825,0.470983,0.126573,-0.264384,0.673517,-0.188522,0.064,0.426592,-0.33354,0.192822,0.028224,-0.030866,0.258136,0.176259,-0.010482,0.55373,-0.301715,0.008938,0.291318,-0.060798,-0.234288,0.508652,-0.276556,0.185001,-0.78625,0.350163,-0.288955,-0.677099,-0.169504,0.690488,-0.217402,-0.750271,0.303552,0.026059,0.146174,0.476233,0.514816,0.081406,0.184128,0.470109,0.245161,-0.450253,0.760862,-1.003789,0.062615,-0.027738,0.236467,0.175396,-0.262673,0.146446,0.709767,-0.800843,-0.36521,0.207627,-0.573399
canon_Material_00031,0.053143,-0.024611,0.005676,-0.039982,-0.053017,-0.009515,0.056861,0.02486,0.065287,-0.004365,-0.00505,0.002574,0.008978,0.100293,0.153194,-0.047013,0.075269,-0.009997,-0.064463,-0.042582,0.05245,0.040337,-0.147733,-0.040173,-0.137784,0.082333,-0.036298,-0.020038,0.070889,-0.033595,-0.011101,-0.06012,0.006804,0.035128,-0.044255,-0.029553,-0.043605,-0.022914,0.016516,0.064736,-0.087435,0.061843,-0.025249,0.032557,0.007851,-0.00893,-0.01237,0.022617,-0.011608,-0.019299,-0.103436,0.029726,0.171171,0.071466,0.04944,0.06766,-0.056222,0.071498,-0.043561,-0.016359,0.071579,-0.041187,-0.117811,0.137648,0.191067,-0.090998,-0.075448,-0.029823,-0.056686,-0.173893,0.020334,-0.066519,-0.091445,-0.077153,0.080224,-0.009196,-0.067259,0.03063,-0.027797,0.002389,0.000614,-0.124445,0.040091,0.04055,0.011499,-0.036005,-0.007745,-0.067512,0.093072,-0.001651,-0.074638,0.047891,-0.120682,0.091519,0.055279,0.009524,0.003581,-0.040729,-0.053085,-0.075841,-0.040421,-0.13487,0.029481,-0.060962,-0.081825,0.041818,-0.015797,-0.082935,0.116405,0.052161,0.05342,0.055862,0.079864,0.051309,-0.055136,0.124222,-0.226063,-0.066102,0.049347,-0.042837,-0.021214,-0.039265,0.052171,0.105082,-0.110607,-0.101423,0.164051,-0.075377
canon_Material_00038,0.08855,-0.033393,-0.022206,-0.031639,-0.063052,-0.032108,0.061925,0.077659,0.01304,0.022894,0.01766,0.001444,-0.011111,0.127228,0.108982,-0.053187,0.03952,0.043907,-0.083025,-0.01987,0.085882,0.041282,-0.117687,-0.024363,-0.090279,0.072492,-0.001308,-0.005972,0.106879,0.002779,0.000603,0.00885,-0.029024,0.052662,-0.036539,-0.054364,-0.005279,-0.004733,0.045346,0.080108,-0.067953,0.052689,-0.031827,-0.004177,0.033128,-0.011431,-0.049309,0.046087,0.003581,-0.006667,-0.079465,0.018293,0.152701,0.102673,0.099301,0.034479,-0.007674,-0.000889,-0.036815,-0.019036,0.082521,-0.067191,-0.088288,0.106929,0.173774,-0.107384,-0.071198,-5.7e-05,-0.065892,-0.155049,0.01377,-0.013897,-0.052899,-0.05068,0.068772,-0.026456,-0.071104,0.046591,-0.041509,-0.01722,-0.012016,-0.108234,0.022566,0.039765,0.061014,0.010243,0.027808,-0.034528,0.081608,0.017309,-0.035652,0.00435,-0.116653,0.053571,0.076539,-0.010512,0.020229,-0.073129,-0.01542,-0.07418,-0.078387,-0.091542,0.015473,-0.037889,-0.08663,0.035128,-0.073572,-0.080979,0.084974,0.052813,0.057269,0.051379,0.047254,0.077222,-0.034459,0.142144,-0.177517,-0.012322,0.028231,-0.027794,-0.045559,-0.029428,0.050589,0.122725,-0.080112,-0.118163,0.123141,-0.036381
canon_Material_00042,0.102403,-0.010913,0.003113,-0.041042,-0.05387,-0.02378,0.008274,0.086718,0.055697,0.00505,0.029469,0.075745,-0.042551,0.12265,0.134419,-0.046637,-0.037927,-0.027689,-0.047402,-0.040401,0.087277,0.020437,-0.111856,-0.061515,-0.121193,0.122093,-0.071047,0.020529,0.036718,-0.051951,0.004276,-0.063968,0.022857,0.038293,-0.032916,-0.047592,-0.034978,-0.071803,-0.065073,0.086779,-0.124828,0.16272,-0.079572,0.002411,-0.021933,-0.027066,0.00623,0.000512,-0.048376,-0.068083,-0.192307,0.070725,0.145885,0.068748,0.140542,0.10048,-0.104308,0.064609,-0.034959,0.033722,0.109428,-0.097294,-0.096961,0.238486,0.139057,-0.010439,0.019906,-0.057658,-0.105686,-0.215992,-0.078845,-0.126491,-0.057658,-0.058251,0.065158,-0.022333,-0.055819,0.044039,-0.035091,-0.002086,-0.015449,-0.167175,0.024704,0.073611,-0.045043,-0.079937,0.050624,-0.018757,0.153885,-0.029165,-0.124716,0.059123,-0.075826,0.082906,0.065442,-0.084039,-0.062688,-0.154259,0.023466,-0.041002,-0.068809,-0.133807,0.059494,-0.00283,-0.170487,0.085511,0.036571,-0.036156,0.092541,-0.03008,0.028839,-0.017211,0.130531,-0.011876,-0.00062,0.125056,-0.175554,-0.052503,0.118239,-0.033038,-0.042141,-0.095474,0.088545,0.119745,-0.134741,-0.116314,0.161537,-0.153782
canon_Material_00043,0.072143,0.027935,-0.01892,-0.03393,-0.129697,-0.045074,0.025735,0.034027,0.01855,-0.026078,0.050612,-0.046455,-0.050417,0.162432,0.16167,-0.092803,-0.050483,-0.051712,-0.088961,-0.019273,0.195808,0.0306,-0.159043,-0.029264,-0.139651,0.052224,-0.066375,0.04821,0.065285,-0.019198,0.003909,-0.022867,-0.015911,0.038168,-0.006964,-0.065404,0.027307,0.033939,0.112606,0.104301,-0.097038,0.137488,0.013472,0.019372,0.041393,0.033139,0.047314,0.070413,0.001013,0.097721,-0.094104,0.088411,0.137715,0.118716,0.08914,0.083275,-0.06884,0.022125,-0.091628,0.04111,0.044376,-0.05564,-0.118558,0.07042,0.137354,-0.075096,-0.089686,0.034831,-0.086631,-0.202043,-0.022241,-0.156798,-0.088206,-0.122092,0.112033,0.014114,-0.049289,-0.015024,-0.066901,-0.002948,0.002226,-0.109908,0.051745,0.049405,-0.025329,-0.018259,0.075293,-0.05621,0.11358,-0.037681,-0.111226,0.008317,-0.164702,-0.034513,0.100624,-0.022264,0.087324,-0.093145,-0.057687,-0.088609,-0.192652,-0.067071,0.038443,0.023193,-0.158914,0.067085,0.045205,-0.120068,-0.007758,-0.032121,0.023318,0.051747,0.002948,0.033842,-0.042102,0.074565,-0.22171,-0.035811,0.098585,-0.046101,-0.079214,-0.008138,0.014681,0.127103,-0.093792,-0.125447,0.126551,-0.141708
canon_Material_00045,0.095722,-0.031995,-0.138597,-0.455232,-0.264598,0.255415,-0.06968,0.060286,0.660133,0.490151,-0.219224,-0.12002,-0.029163,0.593681,0.619418,-0.151599,0.392724,-0.034366,-0.950834,0.941397,0.007328,-0.24435,-0.902143,0.111012,-1.096757,0.674394,-0.372969,-0.786471,-0.162317,0.004779,-0.134872,-0.098965,-0.400387,0.268583,-0.002636,0.342133,-0.266581,-0.155099,0.302491,0.590188,-1.235517,0.586417,-0.032882,-0.17868,0.210386,-0.278317,0.021688,0.629778,-0.25147,-0.095541,-0.123765,0.204055,1.267521,-0.394752,0.205976,1.109169,0.178788,0.621756,0.207835,0.054518,-0.339835,-0.052664,-1.364433,0.475249,1.145284,-0.130784,0.272658,-0.515148,-0.524089,-0.503994,0.006541,0.057626,0.01771,-0.1876,0.481362,-0.095173,0.041929,0.840216,0.022031,0.493874,-0.091503,-0.836172,0.254115,0.185516,-0.570213,-0.428645,0.156408,0.21629,0.441487,0.069677,0.077328,0.048331,-0.982779,-0.207613,0.497642,0.030139,-0.797143,-0.460706,-0.114168,-0.730253,-0.401559,-1.064249,0.235023,0.031987,0.049506,0.394093,-0.104808,-0.786283,0.298981,0.368595,0.24238,0.403351,0.629057,0.231437,-0.581415,0.359065,-1.861822,-0.40099,0.230915,0.480053,0.181572,-0.351947,0.522318,0.589745,-0.498099,-0.118162,0.739085,-0.358041
canon_Material_00056,0.171181,0.345484,-0.060971,-0.305202,-0.003064,0.042672,0.110247,0.064986,0.004987,-0.093273,-0.133057,0.419725,0.096158,0.397358,0.102002,-0.147227,0.235326,0.386158,-0.275622,-0.639819,0.195464,0.091016,-0.226699,-0.183173,-0.043343,0.044091,-0.098786,0.208207,0.342666,-0.022058,0.056228,0.011083,-0.167621,0.207109,-0.421855,-0.02332,-0.275883,0.207058,0.163757,0.03979,-0.146182,0.128032,-0.208607,0.087475,-0.281242,-0.274377,-0.220754,0.116204,-0.045754,-0.136104,-0.140025,0.275588,0.317208,0.305045,0.121874,0.125632,-0.204769,0.30472,-0.212358,0.299226,0.08827,-0.036569,-0.176346,0.041876,0.237021,-0.098497,-0.406604,0.276302,-0.330547,-0.386518,-0.046168,-0.203012,0.071084,-0.273796,0.284224,0.333587,-0.01792,-0.034016,-0.162935,0.055306,-0.179602,0.1774,-0.12082,0.089852,0.029917,0.167809,0.043712,-0.292542,-0.074246,0.184677,-0.476486,0.209643,0.052215,-0.087584,0.257923,-0.087036,0.070895,-0.358136,0.05756,-0.262737,-0.253179,-0.328128,0.056425,0.12508,-0.40956,-0.001293,-0.076027,0.027375,0.175516,0.272913,0.161452,-0.305397,-0.086604,0.368273,-0.31406,0.192225,-0.184776,-0.017971,0.328196,-0.155971,-0.095818,0.038498,0.162892,0.091279,-0.1609,-0.218483,-0.119921,0.092068
canon_Material_00058,0.369389,0.157136,0.048037,0.068621,-0.08956,0.148437,0.232166,0.003094,0.256447,-0.055135,0.060756,0.020901,-0.08323,0.017131,0.399386,0.086389,0.090648,-0.097598,0.005423,-0.119276,0.176988,0.320439,-0.154932,-0.205696,0.006916,0.341039,-0.23755,0.244367,-0.095078,0.148587,0.102667,-0.153365,0.07141,-0.042825,-0.202119,-0.211593,-0.163187,-0.047939,0.062139,0.248615,-0.384797,0.033583,0.111276,-0.114353,-0.077661,0.003383,-0.209581,0.018549,-0.083487,-0.158845,-0.161335,0.112494,0.158664,0.109337,0.032255,0.227755,-0.017124,0.264484,-0.048318,0.004897,0.083224,-0.155741,-0.281018,0.356807,0.12725,-0.048511,-0.162253,0.157903,-0.418901,-0.048867,-0.054448,-0.21956,-0.140324,-0.151804,0.119426,-0.188643,-0.054569,0.097384,-0.003693,-0.177914,0.031235,-0.198914,-0.173929,0.017933,-0.246894,-0.15059,-0.093426,-0.250192,0.040663,0.110628,-0.078165,-0.138654,0.004869,0.099405,0.031947,-0.071178,-0.033058,-0.092921,-0.126979,-0.052228,-0.230545,-0.369896,0.134261,0.0102,-0.297506,0.052345,-0.032262,-0.142352,0.035483,-0.109985,0.094272,-0.01923,0.09068,0.100381,0.020594,0.134735,-0.201478,0.10489,0.334115,-0.384536,-0.040575,-0.107945,-0.065362,0.062792,-0.189542,-0.291147,0.330557,-0.251724
canon_Material_00078,0.15032,0.063452,-0.417354,0.085951,-0.675788,-0.057307,-0.01624,-0.052203,0.032138,0.028649,0.144003,-0.305774,-0.177956,0.650175,0.513852,-0.461336,-0.263251,-0.09496,-0.230431,-0.242072,0.794356,0.056473,-0.607222,-0.130136,-0.273672,-0.168834,-0.307508,0.022391,0.375257,-0.107659,-0.004008,0.036597,-0.010566,0.392285,-0.094796,-0.342647,0.300694,0.113209,0.737178,0.376367,-0.460505,0.303228,-0.064041,-0.081036,0.385877,0.151446,0.126927,0.315948,0.068418,0.74091,-0.199088,0.356161,0.344763,0.475958,0.397314,0.490984,-0.220373,-0.397947,-0.323687,0.133121,0.118525,0.165521,-0.61129,0.070856,0.396398,-0.189838,-0.327802,0.561713,-0.284458,-0.839313,-0.437182,-0.580109,-0.415009,-0.429138,0.530034,0.139215,-0.079014,0.095964,-0.186378,-0.008321,-0.252838,-0.160083,0.193457,-0.024778,-0.113316,-0.064502,0.494931,-0.158336,0.568109,-0.256536,-0.33428,-0.239915,-0.849241,-0.640493,0.523685,-0.092647,0.88659,-0.425532,-0.342127,-0.147528,-0.739492,-0.282163,0.029408,0.12043,-0.543804,0.307719,0.127795,-0.503371,-0.363539,-0.337641,0.16667,0.311693,-0.206725,0.213606,0.02638,0.214758,-1.024808,-0.124254,0.434002,-0.278471,-0.334954,0.187145,-0.152331,0.553436,-0.161823,-0.444779,0.423514,-0.576047
canon_Material_00080,0.433232,0.013181,0.110913,0.147979,-0.163289,0.13897,0.096521,0.498438,0.148848,0.287599,-0.149299,0.349238,0.241559,0.541109,0.151297,-0.057459,-0.361003,0.174203,-0.120157,0.114875,0.163103,0.146596,-0.173868,0.096053,-0.223522,0.354858,0.200366,-0.154391,0.356408,0.058798,0.197067,0.425257,-0.058759,-0.063308,-0.079441,-0.051524,0.153111,0.07574,-0.154418,0.238009,-0.365151,0.590672,-0.0016,0.3056,-0.012675,-0.028206,-0.415984,0.1667,0.035408,-0.085714,-0.136386,0.203694,0.171771,0.008125,0.141408,0.116835,-0.388196,-0.105169,0.064231,0.083468,-0.012087,-0.21743,-0.409215,0.548315,0.365665,-0.501833,-0.197278,-0.34921,-0.216551,-0.377336,-0.007937,0.146154,-0.150888,-0.00824,0.281829,0.068552,-0.153164,0.421775,-0.135866,0.046466,0.279392,-0.160165,0.092551,0.015677,-0.011701,0.171237,0.092428,0.039988,0.295327,-0.188832,0.011179,0.15952,0.015345,-0.137409,0.312516,-0.17008,0.107698,-0.478389,0.241944,-0.181057,-0.399513,-0.097589,0.425311,-0.085652,-0.458009,0.15849,0.051956,0.10859,0.235682,0.28815,0.038097,0.082031,0.26652,0.119219,-0.249535,0.413932,-0.561664,0.056394,-0.047975,0.168289,0.118861,-0.12881,0.066304,0.404063,-0.451749,-0.191947,0.08485,-0.341606
canon_Material_00082,0.118688,-0.125895,-0.222789,-0.183795,-0.156381,-0.011858,0.206924,0.071712,0.130242,-0.106114,0.240229,0.066926,-0.055252,0.414607,0.089925,0.01705,-0.081339,0.08123,-0.27971,-0.185927,0.105861,-0.001229,-0.293141,0.022784,-0.217681,0.397176,-0.115491,0.168453,0.220073,0.111531,0.067428,-0.048073,0.195672,-0.104394,0.125906,0.025199,-0.071941,0.227729,-0.082614,0.133224,-0.080871,0.386893,0.05852,0.084479,0.206626,-0.192541,-0.168125,0.168495,-0.183458,0.419501,-0.233608,-0.20523,0.353819,0.204287,0.234715,-0.230912,0.042368,0.07037,-0.166651,-0.113206,0.190042,0.081092,-0.069637,0.023925,0.172377,-0.094156,0.106703,-0.215033,2.5e-05,-0.288766,-0.080077,-0.415213,-0.045312,-0.11291,0.163093,0.405962,0.101767,0.335133,-0.036589,0.092164,0.143623,-0.05907,0.333221,-0.079841,0.114145,-0.243661,-0.059688,-0.398696,0.180516,0.088055,-0.025872,0.2141,-0.377901,0.181706,0.043054,-0.103107,0.235552,-0.25015,0.094966,-0.006005,-0.480051,-0.0714,-0.001602,-0.158853,-0.194482,0.247684,0.050338,-0.137148,0.041006,0.000844,0.096774,0.101211,0.116243,-0.082299,0.000126,0.170917,-0.252443,-0.130329,0.09863,0.304777,0.042913,0.129241,-0.163391,0.216901,-0.051902,-0.417465,0.185724,0.210777
canon_Material_00083,0.279968,-0.027791,0.047537,-0.103092,-0.140589,0.151257,0.392199,0.049329,0.108419,0.248613,0.028439,-0.019984,0.11536,-0.108323,0.094145,0.012006,0.256761,0.363334,-0.203334,-0.036909,-0.168821,-0.015184,-0.273622,-0.383683,-0.316418,-0.119866,0.201427,-0.431888,0.109213,-0.227423,0.323976,0.029843,0.063744,0.307583,-0.518462,-0.115785,-0.209446,-0.336885,-0.156956,-0.075909,-0.146883,-0.126258,-0.338325,-0.205647,0.309214,-0.052268,-0.152131,0.031136,0.042448,-0.092193,-0.414384,-0.19641,0.54441,0.31521,0.339276,0.304802,0.15655,0.017523,0.085261,-0.22211,0.182387,-0.003409,-0.624231,0.255924,0.507339,-0.259635,0.017786,-0.228606,-0.191728,-0.311541,0.021719,0.389363,0.022817,-0.033847,0.126658,-0.132144,-0.182325,0.113599,-0.046682,0.189206,-0.114724,-0.392133,0.149638,0.031505,0.326031,-0.130987,-0.061909,-0.049521,0.299507,0.200844,-0.140429,-0.062757,-0.304396,0.203622,-0.071679,0.035122,0.329424,0.248724,-0.200328,0.058555,0.243888,-0.486676,-0.012641,-0.451351,-0.162959,0.293128,-0.30267,-0.090469,0.212705,0.001095,0.104978,0.14838,0.333795,0.280098,0.024325,0.433046,-0.507815,-0.095612,-0.002303,0.021549,-0.070374,-0.166484,0.282917,0.240393,-0.241145,-0.218926,0.767047,-0.25012
canon_Material_00084,0.090515,-0.052124,0.041479,-0.047038,-0.036546,0.019749,0.079356,0.017809,0.009428,-0.021127,-0.011003,0.033825,-0.02868,0.132195,0.148595,-0.073506,0.076419,0.02831,-0.065789,0.020854,0.083396,0.022641,-0.133048,-0.006118,-0.130749,0.093265,-0.029621,-0.003577,0.075063,-0.001558,0.016148,0.009145,0.006136,0.043148,0.001798,-0.079254,-0.047916,-0.030565,-0.001486,0.080965,-0.086595,0.08934,-0.048996,0.033273,0.05797,-0.037853,0.023415,0.053725,-0.030873,-0.010614,-0.090757,0.025476,0.162453,0.094432,0.027591,0.052652,-0.033576,0.056489,-0.018511,-0.024844,0.06338,-0.09005,-0.089967,0.131017,0.139514,-0.063542,-0.092711,-0.010926,-0.09148,-0.156639,0.043004,-0.095792,-0.048643,-0.061547,0.079714,-0.002074,-0.072762,-0.017325,-0.036094,-0.04092,0.035087,-0.131606,0.037258,0.042516,-0.03104,-0.028973,0.001068,-0.094775,0.103134,0.026598,-0.062364,0.032659,-0.118211,0.011366,0.048159,0.008487,0.027793,-0.034262,-0.034911,-0.088063,-0.090106,-0.117193,0.00192,-0.066219,-0.101988,0.080183,-0.042219,-0.082455,0.082761,0.044634,0.046644,0.040561,0.059239,0.045622,-0.05124,0.089682,-0.176121,-0.064907,0.037445,-0.042464,-0.020284,-0.061775,0.063133,0.167356,-0.124128,-0.107629,0.09599,-0.075449
canon_Material_00085,0.077127,-0.024763,-0.016231,-0.015209,-0.036579,-0.03256,0.065834,0.039334,0.038108,0.000414,0.015095,-0.003877,-0.00314,0.114396,0.115402,-0.0455,0.022535,0.020262,-0.089376,0.007932,0.067819,0.044436,-0.14693,-0.045415,-0.123241,0.070105,-0.039947,-0.002725,0.07488,-0.000843,-0.00877,-0.011306,-0.023496,0.054742,0.00221,-0.027686,-0.047674,-0.004575,0.023597,0.123093,-0.105622,0.050683,-0.01945,0.016017,0.038755,0.005375,-0.042215,0.031072,0.005983,-0.022569,-0.115122,0.048813,0.164723,0.087245,0.075326,0.066307,-0.031637,0.04383,-0.033824,-0.047932,0.045568,-0.073329,-0.092625,0.118692,0.173649,-0.060791,-0.041391,-0.000578,-0.062623,-0.121694,0.021628,-0.044149,-0.087755,-0.065547,0.085562,-0.022193,-0.084821,0.027997,-0.018596,-0.020662,0.0233,-0.121602,0.036734,0.058747,0.041357,-0.001437,-0.001794,-0.019642,0.078396,0.056163,-0.021094,0.052821,-0.124845,0.07144,0.079476,0.002661,-0.003136,-0.063464,-0.001189,-0.071919,-0.055327,-0.104253,0.017577,-0.044449,-0.06777,0.076033,-0.030204,-0.107427,0.058275,0.007139,0.062775,0.060758,0.070902,0.014742,0.025179,0.08537,-0.177257,-0.051031,0.018741,-0.038218,-0.035688,-0.018234,0.065499,0.102128,-0.09308,-0.101982,0.129864,-0.038307
canon_Material_00086,0.155937,0.02308,0.008157,-0.025383,-0.010393,-0.143316,0.004572,0.025592,-0.10406,0.053261,0.254286,0.087456,-0.11488,0.070676,0.096774,0.079711,-0.13513,-0.085166,-0.082452,0.106485,0.236236,0.000994,-0.370344,-0.233934,-0.227966,-0.029444,-0.135029,0.019688,-0.079667,-0.184877,0.109882,-0.173427,-0.045402,0.147201,0.04757,-0.082986,-0.217778,-0.228782,0.019075,0.418553,-0.11119,0.092924,-0.032769,0.164308,-0.142798,0.148922,0.039466,0.10032,0.035975,-0.155296,-0.203967,0.021148,0.194934,0.064657,0.424295,-0.018662,0.064372,-0.012242,-0.216332,-0.220666,0.291443,-0.330732,-0.236056,0.309772,0.281959,-0.221113,0.118868,0.204082,-0.054203,-0.015053,-0.009339,-0.115018,-0.078881,-0.185757,0.038312,-0.124063,-0.237249,-0.154545,-0.032302,0.036535,0.078049,-0.293089,0.111031,0.382398,0.143368,0.14051,-0.102876,0.025576,0.106059,0.096001,0.007057,-0.044344,-0.291001,0.279798,0.078555,-0.048982,-0.011403,-0.057584,-0.008719,-0.100759,0.090745,-0.282826,0.136442,-0.07585,-0.158136,0.087487,0.033292,-0.2484,0.260645,-0.172353,0.029965,0.070751,0.195479,-0.178377,0.206519,0.158908,-0.187077,0.080623,-0.076387,-0.222032,-0.047119,0.135749,0.192994,0.19971,-0.383686,-0.11721,0.339346,-0.173
canon_Material_00106,-0.293279,-0.117162,0.665021,-0.491116,-0.109598,-0.145545,0.725725,0.308659,-0.1195,-0.039586,-0.134824,0.347418,-0.040611,1.0083,1.293167,-0.567439,0.785757,-0.145689,-0.637852,1.0208,-0.073397,0.074612,-0.371938,-0.18312,-0.64765,0.403944,0.257794,0.215035,0.819038,-0.419934,0.316786,0.458186,-0.916691,0.556905,-0.184657,0.307493,0.083229,0.151438,-0.019728,0.558071,-0.23706,0.526318,0.733271,0.811656,0.682974,0.081294,-0.357103,0.622761,0.267733,0.190784,-0.648,0.472726,0.42933,0.258443,-0.114861,0.018345,-0.202862,0.010072,0.653211,-0.63848,0.236267,-0.34104,-0.531223,-0.072088,1.552778,-0.684433,-1.02313,-0.864967,0.366549,-0.449188,0.739205,0.079695,-0.493026,-0.507536,0.642917,-0.097723,-0.652886,0.333442,0.116122,0.625015,0.024041,-0.076865,0.243836,0.070239,0.168797,-0.173321,-0.158476,-0.337971,0.53817,0.463556,0.221444,0.01848,-0.451276,0.228182,0.016072,0.124587,-0.172162,0.1326,-0.502503,-0.151061,-0.242353,-0.387015,-0.328067,-0.735903,-0.113511,0.975449,-0.585051,-0.716728,0.65352,1.033928,-0.035592,-0.070381,0.514431,0.207145,-0.578171,0.658637,-0.738133,-0.625426,0.330865,-0.440714,0.178471,0.149486,-0.163468,0.760431,-1.165533,-1.107144,-0.147002,0.026826
canon_Material_00107,0.090373,-0.053964,0.054342,-0.007362,-0.038765,0.006291,0.065502,0.04039,0.060922,-0.032023,0.005283,0.035858,0.017634,0.125257,0.133971,-0.071366,0.040672,0.023435,-0.060434,-0.006482,0.07144,0.038612,-0.105112,-0.051664,-0.12011,0.083818,-0.018789,0.005632,0.083332,-0.022269,0.021576,0.024689,-0.005148,0.038706,-0.031377,-0.053429,-0.019215,-0.022642,-0.008737,0.100115,-0.11223,0.084821,-0.025905,0.006274,0.045393,0.000549,-0.029355,0.03262,0.003521,0.016508,-0.130315,0.020039,0.141429,0.092557,0.043651,0.063303,-0.062068,0.019112,-0.049727,-0.039177,0.075162,-0.079249,-0.100834,0.149136,0.188514,-0.078299,-0.072007,-0.011613,-0.042303,-0.134166,0.024002,-0.048826,-0.082288,-0.091199,0.089901,7.1e-05,-0.093203,0.049075,-0.011917,-0.027901,0.02099,-0.107252,0.048832,0.04668,0.013432,-0.010933,0.01357,-0.072118,0.104658,0.047602,-0.037988,0.03555,-0.099302,0.062241,0.053122,-0.024711,0.044584,-0.080206,-0.017071,-0.050861,-0.052613,-0.110817,0.015128,-0.080629,-0.096678,0.070423,-0.03043,-0.077065,0.102338,0.050764,0.055775,0.026839,0.07832,0.047384,-0.007998,0.120041,-0.157681,-0.059113,0.071231,-0.059018,0.004538,-0.062073,0.064142,0.143341,-0.130388,-0.099543,0.111992,-0.08553
canon_Material_00108,0.07447,0.00398,0.060728,-0.075552,-0.049732,-0.031055,0.033904,0.060341,-0.000743,-0.021658,0.014556,0.073995,-0.032456,0.148401,0.133534,-0.073004,0.023648,-0.026347,-0.066807,-0.007618,0.08725,0.010942,-0.135291,-0.035178,-0.142626,0.103811,-0.045372,0.010982,0.036668,-0.03978,0.005174,-0.044081,0.018499,0.011317,-0.03177,-0.054237,-0.036594,-0.047668,-0.047408,0.090868,-0.121679,0.144546,-0.07216,0.043296,-0.004144,-0.024624,0.038403,0.041768,-0.035014,-0.034449,-0.143858,0.077042,0.137413,0.088878,0.092589,0.071506,-0.097202,0.076369,-0.013337,0.049478,0.11573,-0.093348,-0.097265,0.181546,0.149652,-0.052767,-0.030345,-0.06991,-0.109412,-0.173527,-0.006429,-0.117309,-0.061457,-0.085309,0.068305,0.022265,-0.085429,0.029194,-0.035278,-0.019172,0.030737,-0.132481,0.048502,0.055268,-0.069905,-0.033476,-0.005628,-0.066048,0.139663,-0.031309,-0.128814,0.08672,-0.106492,0.059745,0.059694,-0.059784,-0.000255,-0.083381,-0.014254,-0.065976,-0.080145,-0.12037,0.081062,-0.026366,-0.131165,0.117315,0.020087,-0.060298,0.084099,0.02394,0.017931,0.010106,0.079575,-0.004843,-0.04698,0.110904,-0.211071,-0.07328,0.08317,-0.017612,-0.036481,-0.075945,0.098883,0.139916,-0.155627,-0.121002,0.150283,-0.116336
canon_Material_00109,0.292003,-0.046358,0.139806,0.109522,0.016844,-0.156058,0.303849,0.107885,0.401296,-0.181715,0.012372,0.066234,-0.029315,0.15434,0.920062,0.005349,0.014296,-0.081346,0.05825,0.390774,0.31949,0.346189,-0.413102,-0.305565,-0.024297,0.466688,-0.172263,0.446543,-0.102528,0.084844,0.115335,-0.173458,-0.071784,-0.231243,0.158098,-0.346482,-0.34287,-0.053017,0.331999,0.207872,-0.443317,0.230307,0.332563,-0.114342,0.365375,0.222664,-0.224074,0.270074,0.290121,-0.068842,-0.254109,0.356946,0.283502,0.035248,-0.023407,0.436472,0.031813,0.399289,0.132884,-0.203648,-0.086298,-0.311091,-0.507132,0.482446,0.621539,-0.021175,-0.427444,0.17823,-0.122329,0.189391,0.02147,-0.140212,-0.222,-0.154839,0.194447,-0.520047,-0.020711,0.016347,0.035219,-0.187172,0.112304,-0.428974,-0.166692,-0.151291,-0.027206,-0.13759,0.001431,-0.125876,0.152559,0.32571,0.073973,-0.260513,-0.483944,0.206063,-0.179932,0.23198,-0.108706,-0.008429,-0.278784,-0.273368,-0.538396,-0.4261,0.21199,0.020157,-0.344325,0.180697,-0.287935,-0.414527,-0.234198,-0.22335,0.195938,0.010358,-0.03706,0.161589,-0.012362,0.21242,-0.494893,0.06668,0.29499,-0.564101,-0.214466,-0.047771,0.17968,0.227718,-0.143417,-0.498137,0.681777,-0.230113
canon_Material_00110,0.049661,-0.015231,0.008816,-0.039949,-0.00248,0.004811,0.06043,0.04846,0.027926,0.013817,-0.031028,-0.01063,0.002893,0.140618,0.137779,-0.055605,0.049796,0.044307,-0.112305,0.005093,0.043599,0.046261,-0.158124,-0.04824,-0.128752,0.068849,-0.017676,0.016833,0.07758,0.016651,-0.013814,-0.036522,-0.019199,0.059019,-0.049417,-0.049668,-0.084738,-0.00987,0.006202,0.111433,-0.107073,0.078353,-0.019802,0.036518,0.04499,0.021327,-0.008387,0.054567,-0.038308,-0.063068,-0.11509,0.037094,0.150746,0.083018,0.079657,0.05455,-0.044063,0.078832,-0.033176,-0.061591,0.052777,-0.069438,-0.09939,0.138953,0.181041,-0.059498,-0.099004,0.010515,-0.09274,-0.145258,0.006593,-0.063902,-0.095218,-0.085892,0.083139,-0.025896,-0.107067,0.033119,-0.050916,-0.017241,-0.008177,-0.121848,0.041966,0.067573,0.034108,-0.022407,0.02776,-0.073666,0.086507,0.070729,-0.066441,0.051084,-0.136313,0.081416,0.061898,0.005127,-0.02207,-0.071765,-0.040335,-0.092577,-0.036287,-0.118512,0.00651,-0.057931,-0.105994,0.070216,-0.065579,-0.095712,0.078023,0.040899,0.049174,0.038208,0.066461,0.053795,-0.015023,0.079491,-0.163953,-0.049925,0.028262,-0.049094,-0.041409,-0.043021,0.067761,0.12574,-0.10304,-0.076177,0.134101,-0.063089
canon_Material_00111,0.130101,0.0755,-0.252723,-0.147655,0.063506,-0.108541,0.29697,0.09763,-0.066039,-0.200073,0.297685,0.079387,-0.119147,0.504787,0.289076,0.102253,0.006672,0.222548,-0.221024,-0.000586,0.45297,0.308614,-0.693535,0.184915,-0.249319,0.252348,-0.141915,0.044602,0.295978,-0.250633,0.028897,-0.05586,0.02738,0.178866,0.163421,-0.160033,-0.36118,-0.062765,-0.044591,0.385844,-0.199415,0.303773,-0.411602,0.273216,0.099915,-0.316078,0.051016,0.002163,0.063295,-0.181746,-0.108872,0.502585,0.28023,0.131026,0.112312,0.145462,0.132097,0.197046,-0.222811,0.224712,0.327389,-0.029284,-0.04213,0.225652,0.002362,-0.137973,-0.129176,0.135164,-0.198931,-0.327548,0.018373,-0.196392,-0.329105,-0.206114,0.056264,0.071925,0.229411,0.065088,0.153036,0.105649,0.132039,-0.445691,0.081125,0.292603,0.037942,0.086966,-0.213961,-0.170496,-0.015576,0.463907,-0.223684,-0.073326,-0.248789,-0.012737,0.329745,0.195347,0.079327,-0.118653,0.2394,-0.417811,-0.227447,-0.629791,0.006861,0.084963,-0.262141,0.329434,-0.053183,-0.463926,-0.032301,0.038753,0.227094,0.169915,0.098143,0.147071,0.071762,-0.032878,-0.317274,-0.26751,0.084285,-0.122738,-0.357394,0.032409,-0.184928,0.144301,-0.332918,-0.519579,-0.285695,-0.02975
canon_Material_00112,0.612946,0.30088,0.104921,0.066351,-0.246505,0.328706,0.359076,-0.031241,0.247732,0.000442,0.106062,0.034829,-0.14725,0.051959,0.363163,0.085154,0.162396,-0.151128,-0.033453,-0.425862,0.200117,0.44659,-0.109345,-0.182665,-0.004122,0.399923,-0.388824,0.226906,-0.094123,0.186949,0.187147,-0.150084,0.166308,0.061766,-0.482493,-0.319871,-0.116358,-0.125686,-0.053846,0.40383,-0.575348,-0.010645,0.032621,-0.131666,-0.329126,-0.073983,-0.263175,-0.078602,-0.231156,-0.193311,-0.295377,0.062428,0.246095,0.216668,0.062326,0.225311,-0.097656,0.261084,-0.182489,0.123727,0.268877,-0.201903,-0.270442,0.50816,0.106197,-0.121153,-0.162459,0.167033,-0.665248,-0.326522,-0.090149,-0.301965,-0.176625,-0.263529,0.125498,-0.131182,-0.190554,0.175301,-0.048463,-0.217717,0.030704,-0.211246,-0.202607,0.08148,-0.451961,-0.213122,-0.195058,-0.48307,0.048958,0.001664,-0.173579,-0.136463,0.241939,0.080807,0.151749,-0.267724,0.043818,-0.17667,-0.104501,0.040132,-0.233109,-0.435885,0.173329,-0.011698,-0.524736,0.106212,0.057591,-0.04411,0.253908,-0.060113,0.133615,-0.071131,0.196637,0.190295,-0.040737,0.186388,-0.236408,0.135902,0.525078,-0.487729,-0.047723,-0.274175,-0.149239,0.094739,-0.388292,-0.356873,0.297045,-0.344401
canon_Material_00114,0.057193,0.03724,0.063577,-0.058573,-0.003871,-0.02745,0.049033,0.084627,0.042068,-0.008595,0.06491,0.042876,-0.000973,0.104568,0.102923,-0.056748,0.046257,0.010761,-0.051435,-0.030171,0.040782,0.024395,-0.091541,-0.030253,-0.108904,0.126844,0.02897,0.025394,0.060576,-0.01506,0.00511,-0.02889,-0.069622,0.018399,-0.054368,-0.031571,-0.042583,-0.010787,-0.033427,0.062728,-0.097888,0.124274,-0.069373,0.011267,0.037046,0.016541,-0.025801,0.008902,-0.013583,0.008336,-0.134727,0.05936,0.129385,0.10509,0.05739,0.066977,-0.053904,0.050237,-0.052481,0.008939,0.047911,-0.094898,-0.108496,0.126412,0.195044,-0.108718,-0.061962,-0.035402,-0.069037,-0.119964,0.00137,-0.070977,-0.074549,-0.086125,0.068215,-0.029385,-0.073218,0.063553,-0.04529,-0.041554,-0.00111,-0.109946,0.025398,0.038212,3.6e-05,-0.044718,0.014366,-0.077771,0.065697,0.023201,-0.104085,0.02924,-0.087875,0.092777,0.039719,-0.035431,-0.009433,-0.108825,-0.00469,-0.052748,-0.114041,-0.162038,0.042998,-0.045071,-0.083064,0.0497,-0.036239,-0.121029,0.070719,0.029902,0.057225,0.010548,0.104531,0.045271,0.003926,0.132299,-0.161057,-0.092169,0.115739,-0.043181,0.008642,-0.074566,0.069663,0.11654,-0.156989,-0.157396,0.114514,-0.124191
canon_Material_00115,0.077563,-0.055838,0.020494,-0.034464,-0.042648,-0.031178,0.094607,0.029539,0.00656,-0.011618,0.005399,0.024053,-0.001737,0.108428,0.121069,-0.079426,0.062941,0.053122,-0.088673,-0.0536,0.094994,0.033107,-0.107836,-0.030493,-0.120557,0.09353,-0.011881,0.03954,0.048977,0.005159,-0.002295,-0.000812,-0.006698,0.024304,-0.054488,-0.098064,-0.035918,-0.007265,0.050099,0.080467,-0.059517,0.075422,-0.065193,0.007621,0.013475,-0.007604,0.025044,0.062951,-0.036512,-0.011501,-0.084218,-0.027139,0.160887,0.11231,0.056492,0.055619,-0.033797,0.032315,-0.068955,0.005911,0.065983,-0.075531,-0.097711,0.130751,0.13518,-0.101737,-0.088085,0.023191,-0.104498,-0.165567,0.034296,-0.111644,-0.045905,-0.095756,0.06191,0.012444,-0.081916,0.005506,-0.044202,-0.045506,0.032117,-0.115351,-0.015899,0.066103,0.009462,0.018167,0.030782,-0.099844,0.090083,0.010927,-0.072146,0.062038,-0.106793,0.067322,0.040142,-0.024537,0.011748,-0.098335,-0.038127,-0.080819,-0.100795,-0.114673,0.053546,-0.05667,-0.088298,0.041737,-0.041344,-0.0957,0.119451,0.044979,0.054389,0.024117,0.058951,0.053258,-0.021612,0.110391,-0.184074,-0.017412,0.064172,-0.054108,-0.027554,-0.040643,0.080742,0.136273,-0.128871,-0.123506,0.120324,-0.103342
canon_Material_00116,0.072535,0.067384,-0.08043,-0.22605,-0.098276,0.14508,-0.065491,0.013486,0.359587,0.237155,-0.024043,-0.011296,-0.042359,0.295657,0.278449,-0.013206,0.1111,0.0035,-0.496812,0.498186,0.025805,-0.124966,-0.439888,0.049373,-0.565641,0.37,-0.249552,-0.355061,-0.149411,0.043529,-0.071899,-0.077607,-0.160032,0.084492,0.049958,0.142588,-0.147102,-0.048382,0.157682,0.294694,-0.682908,0.347622,-0.02759,-0.1498,0.096798,-0.139024,0.031036,0.304797,-0.18221,-0.023381,-0.03776,0.14779,0.639878,-0.201846,0.106056,0.595262,0.160066,0.318717,0.071042,0.04015,-0.235874,-0.026951,-0.717268,0.23401,0.540221,-0.019031,0.186543,-0.221989,-0.290285,-0.151438,-0.051122,0.047686,0.071116,-0.063725,0.213148,-0.033616,0.08104,0.489321,-0.023179,0.233411,-0.021779,-0.436221,0.090658,0.086039,-0.328445,-0.24041,0.08782,0.103389,0.171325,0.060965,0.02025,0.00895,-0.527686,-0.140268,0.257648,-0.049432,-0.440396,-0.262104,7e-06,-0.410569,-0.310513,-0.590168,0.124396,0.056672,0.005245,0.195798,0.004632,-0.394603,0.083606,0.106563,0.155285,0.180817,0.257991,0.116207,-0.225808,0.122039,-0.933077,-0.191344,0.150619,0.2695,0.071642,-0.17252,0.271899,0.232298,-0.224503,-0.070784,0.315783,-0.203814
canon_Material_00117,0.19738,-0.00393,-0.123044,-0.476125,-0.342643,0.253487,-0.067454,0.070068,0.677961,0.467123,-0.169637,-0.134892,-0.054897,0.621331,0.547261,-0.101069,0.318359,0.0506,-0.922802,0.864167,0.07595,-0.249634,-0.880479,0.070218,-1.121415,0.641446,-0.444355,-0.828222,-0.219226,0.08561,-0.146452,-0.112351,-0.281076,0.252789,-0.036557,0.226294,-0.190018,-0.093533,0.351231,0.511704,-1.256719,0.627211,-0.088726,-0.277663,0.216377,-0.259106,0.043396,0.573946,-0.290281,-0.069174,-0.140511,0.158984,1.28974,-0.313715,0.255288,1.163254,0.190328,0.651325,0.105188,0.044769,-0.344289,-0.099339,-1.431781,0.500039,1.141754,-0.115339,0.289281,-0.48091,-0.593456,-0.55139,-0.034032,0.038994,0.0671,-0.175969,0.398705,-0.031482,0.044185,0.814238,-0.05112,0.487713,-0.074134,-0.85993,0.250405,0.139244,-0.575811,-0.446806,0.168047,0.190052,0.411152,0.049623,-0.077472,0.032938,-1.063188,-0.251797,0.527569,0.008496,-0.748432,-0.439289,-0.071569,-0.73667,-0.48514,-1.037424,0.290478,0.022416,-0.013397,0.371649,-0.030874,-0.720291,0.233381,0.273414,0.274244,0.461319,0.575382,0.275599,-0.533693,0.387096,-1.925739,-0.348234,0.279718,0.532411,0.166127,-0.410328,0.572297,0.575392,-0.42454,-0.08836,0.806285,-0.403278
canon_Material_00118,0.114097,-0.138978,0.058209,-0.051418,0.029828,-0.293773,0.029312,0.058664,-0.168545,0.064819,0.36893,0.064221,-0.110894,0.084376,0.250922,-0.023883,-0.043065,-0.0349,-0.215203,0.15665,0.324851,0.167249,-0.392529,-0.144862,-0.266367,0.036546,-0.228769,0.006557,-0.083129,-0.222118,-0.03809,-0.325479,-0.002889,0.282095,-0.004863,-0.005042,-0.044326,-0.346777,0.264614,0.602332,-0.0672,0.077244,0.116186,0.174729,-0.279135,0.237535,0.059375,0.095378,0.127504,-0.372714,-0.079311,0.018345,0.301526,0.061396,0.416995,0.144165,0.047197,-0.124927,-0.183147,-0.141164,0.471885,-0.451652,-0.288104,0.405063,0.446449,-0.342623,0.182754,0.262519,-0.094449,-0.217295,0.136463,-0.240413,-0.251447,-0.310419,0.107346,-0.241024,-0.262964,-0.278656,0.092347,0.139062,0.122854,-0.399389,0.148185,0.559027,0.082236,0.264227,-0.082633,0.065322,0.205714,0.179968,0.049069,0.065975,-0.344745,0.378733,0.25575,-0.080402,-0.30017,-0.295805,-0.130579,-0.177033,0.059824,-0.306819,0.311559,-0.11259,-0.218881,0.084206,0.111473,-0.37919,0.403585,-0.158944,0.052527,0.084854,0.325617,-0.157555,0.178656,0.20203,-0.413094,0.182831,-0.072679,-0.393202,-0.219422,0.155424,0.156324,0.357301,-0.523562,-0.163991,0.380701,-0.154907
canon_Material_00120,0.13692,-0.089619,-0.006624,0.191387,0.138789,-0.08488,0.185198,-0.002061,0.175713,-0.11836,0.141087,0.031467,0.022181,0.047699,0.543856,-0.031105,0.114905,-0.028199,0.119744,0.141109,0.10968,0.187602,-0.235638,-0.067312,-0.016153,0.331845,-0.072594,0.292887,-0.002131,0.004686,0.083351,-0.109867,0.063934,-0.085524,0.176764,-0.270747,-0.203614,-0.113661,0.12217,0.196821,-0.226932,0.014834,0.106183,-0.092047,0.215315,0.052353,-0.160702,0.093814,0.323837,-0.101989,-0.068821,0.123026,0.17539,0.039611,-0.112682,0.326835,0.095707,0.241199,0.022773,-0.107683,-0.03696,-0.22635,-0.174737,0.385514,0.405622,-0.081846,-0.191357,0.152502,-0.100572,0.092179,0.050399,-0.200498,-0.18409,-0.132475,0.081243,-0.318465,0.010496,-0.132654,0.049304,-0.205418,0.065762,-0.274628,-0.167487,-0.00267,0.048975,-0.027527,-0.009539,-0.014898,0.01828,0.201452,0.197511,-0.136658,-0.156254,0.188637,-0.128189,0.091918,-0.076613,-0.045033,-0.077064,-0.193678,-0.20218,-0.3282,0.08144,-0.005728,-0.127945,0.044342,-0.167305,-0.216307,0.00525,-0.120008,0.153604,-0.002003,-0.019352,-0.001013,0.080611,0.14036,-0.181848,0.071863,0.215924,-0.368202,-0.081361,-0.050025,0.116827,0.167602,-0.10629,-0.292726,0.382513,-0.159133
canon_Material_00121,0.081992,-0.042943,-0.015107,-0.033227,-0.042949,-0.015025,0.084774,0.035566,0.031582,0.024593,0.013999,0.032232,0.012204,0.134407,0.116658,-0.041974,0.052229,0.0425,-0.067791,-0.00066,0.095816,0.048388,-0.142205,-0.015687,-0.116793,0.060076,-0.042957,-0.038655,0.05842,-0.003583,0.016693,0.013617,0.031848,0.067371,-0.032222,-0.051781,-0.023868,-0.037589,0.024229,0.097745,-0.091604,0.063644,-0.058238,0.00477,0.023471,-0.041391,-0.013758,0.050799,0.001257,-0.001321,-0.093858,0.022356,0.170503,0.077467,0.056696,0.057614,-0.029661,0.040088,-0.031811,0.003148,0.067136,-0.077292,-0.092146,0.135128,0.18411,-0.088932,-0.053171,0.0011,-0.063001,-0.180921,0.031834,-0.035251,-0.060091,-0.064834,0.068043,-0.025659,-0.074929,-0.012314,-0.038829,-0.007589,0.025314,-0.143516,0.028711,0.049162,0.000845,-0.001879,0.005192,-0.06406,0.099393,0.020484,-0.040462,0.039964,-0.119766,0.023646,0.084105,-0.009535,0.032688,-0.070123,-0.021882,-0.084839,-0.076061,-0.111391,0.031543,-0.059388,-0.105907,0.059805,-0.044679,-0.075062,0.088979,0.039513,0.047686,0.065537,0.058296,0.074026,-0.04909,0.107426,-0.198251,-0.047167,0.027574,-0.019607,-0.062663,-0.070174,0.057806,0.134966,-0.11753,-0.098135,0.134009,-0.049145
canon_Material_00124,0.166638,0.288378,0.188986,-0.251297,0.053246,0.122613,0.124007,0.384928,0.125102,-0.059961,0.029689,0.039714,0.010067,0.479662,0.164112,-0.299341,0.416146,0.115101,-0.206364,0.039627,0.11264,0.118619,-0.267677,-0.134596,-0.507069,-0.10371,-0.507951,0.138797,0.003075,0.272524,-0.087682,0.319478,-0.343772,0.025902,0.196039,-0.012098,0.060341,0.197728,0.093895,-0.001949,-0.318189,0.04825,0.296251,-0.067192,0.014723,-0.115788,0.064657,-0.097348,0.031311,0.190196,-0.201059,0.176588,0.319991,0.433883,0.000781,0.047048,-0.046441,0.602296,-0.127071,0.073701,0.143515,-0.161799,-0.246429,0.298316,0.401862,-0.13403,-0.399185,0.07661,-0.350242,-0.097225,0.173207,-0.31979,0.035498,-0.310165,0.168117,0.054661,0.027414,-0.03235,-0.11965,0.208871,0.306735,0.006646,0.032599,0.061079,-0.121313,0.135443,0.3085,-0.076059,-0.163406,0.057027,-0.292995,-0.089333,-0.370504,0.055857,0.321988,0.181019,0.027989,-0.425873,0.068914,-0.078501,-0.375386,0.137894,0.075431,-0.047143,-0.423367,0.190639,0.057097,-0.168768,-0.136014,0.151244,0.281698,0.134425,-0.032025,0.221921,-0.003566,0.084173,-0.20773,0.086087,0.28375,0.1195,-0.169624,-0.221113,0.172758,-0.044485,-0.060719,0.042112,-0.297698,-0.225406
canon_Material_00125,0.046688,0.022785,-0.017244,-0.034682,-0.11345,-0.027388,0.051415,0.029544,0.005096,0.011887,0.032848,-0.038716,-0.037677,0.115556,0.169069,-0.136895,-0.007568,0.026471,-0.065779,-0.082036,0.153413,0.101815,-0.10738,-0.034215,-0.060774,0.024646,-0.036112,0.058742,0.082488,-0.015962,-0.032573,-0.007138,-0.030297,0.071564,-0.071639,-0.093541,0.015117,-0.012105,0.144084,0.080828,-0.089967,0.087175,-0.044761,-0.000827,0.061153,0.062397,-0.009503,0.095462,0.011981,0.066117,-0.090419,0.063127,0.10419,0.151933,0.102041,0.112083,-0.097238,-0.047664,-0.062612,0.02727,0.076405,0.001154,-0.097691,0.079446,0.154427,-0.119797,-0.134615,0.085219,-0.057761,-0.236886,-0.022967,-0.111791,-0.11476,-0.118173,0.109145,0.003357,-0.045246,0.018726,-0.039436,0.00214,-0.011019,-0.06461,0.031557,0.03546,-0.012193,-0.021852,0.078102,-0.085822,0.134366,-3.1e-05,-0.0924,-0.017139,-0.170253,-0.031355,0.098987,0.004279,0.101579,-0.12154,-0.086828,-0.047612,-0.135914,-0.0713,0.044383,-0.014346,-0.134427,0.052569,-0.020461,-0.128391,0.001482,0.016556,0.038979,0.02019,0.044356,0.093182,-0.043202,0.093924,-0.209529,-0.026353,0.115673,-0.112987,-0.09465,-0.020198,0.011228,0.150719,-0.135121,-0.148529,0.122121,-0.132162
canon_Material_00126,-0.003613,0.276897,-0.10624,-0.069974,-0.033405,0.159597,0.234188,0.204261,-0.03156,-0.198564,0.150209,0.208379,-0.05313,0.138718,0.331064,-0.215961,0.038902,-0.37415,-0.302444,-0.18162,0.091871,0.055944,-0.119069,-0.27895,-0.314294,0.126066,0.048693,0.079393,-0.176279,-0.120842,0.052488,-0.294567,-0.062418,0.020769,-0.529095,0.073038,0.033071,-0.034874,0.013514,0.151172,-0.176883,0.271825,-0.062622,-0.010576,-0.176929,0.260361,0.075846,0.270016,-0.342225,0.059891,-0.191444,-0.183279,0.150372,0.308208,0.20579,0.030518,-0.104725,-0.160962,-0.073938,0.240405,0.269769,0.224982,-0.380875,-0.125595,0.28359,-0.17698,-0.014813,-0.060238,-0.21909,0.125297,-0.111085,-0.404063,0.031931,-0.181811,0.376679,0.223219,-0.392794,0.114222,0.062281,-0.114636,0.306987,-0.134406,-0.05624,0.164667,-0.076872,-0.069338,-0.118317,-0.161746,0.219503,-0.103872,-0.449746,0.285605,-0.29589,0.46252,-0.408126,-0.185431,0.082192,-0.083752,-0.114817,-0.106162,-0.400226,-0.134767,0.075734,-0.191524,-0.224392,-0.003621,0.315746,-0.21039,0.058992,0.068908,-0.190519,-0.137272,0.204149,-0.028215,0.034102,-0.024738,-0.079193,-0.266468,0.17672,-0.144703,-0.033513,0.005613,-0.286564,0.410945,-0.484181,-0.685878,0.084569,-0.128238
canon_Material_00152,0.419929,-0.518629,-0.268049,-0.186174,-0.689059,0.364563,0.096814,0.420078,0.696489,-0.348338,-0.557377,-0.043636,0.287037,0.846604,1.30195,-0.680133,-0.160588,-0.365556,-0.846341,0.243543,1.013741,0.401654,-0.332315,0.102617,-0.266876,0.433207,-0.210512,0.141105,0.878356,-0.071362,-0.451402,-0.483386,0.011863,0.040211,-0.223784,-0.07338,-0.435887,-0.808713,0.739069,0.276894,-0.159853,0.79312,-0.031656,-0.444257,0.350724,0.009607,0.589908,0.394125,-0.501186,-0.39283,-0.320411,-0.313025,0.608757,0.342391,0.966236,-0.442789,-0.390601,-0.194894,0.317432,-0.653346,0.530683,-0.282692,-0.389359,0.678224,0.900003,-0.219889,-0.479671,0.215751,0.062264,-1.766869,-0.061572,-0.381686,-0.827112,0.257914,0.043996,-0.368838,-0.010182,0.390873,-0.59275,0.1079,-0.470346,-0.456781,0.676523,-0.080061,0.074331,-0.575039,0.5417,-0.359335,1.413751,-0.161411,-0.341773,-0.083099,-0.83089,0.073992,0.67276,-0.235019,-0.461307,-0.006918,-0.550152,-0.346288,-0.090835,-0.06074,-0.084598,-0.340419,-1.128208,0.167483,-0.5573,0.249496,0.308546,0.394212,-0.003472,0.353674,0.380706,0.504569,-0.92603,0.722167,-0.416334,-0.186794,-0.17203,-0.804428,-0.94667,-0.421294,-0.558129,0.753195,-0.634342,-0.476376,0.417591,-0.089283
canon_Material_00182,0.076037,-0.078294,-0.084335,-0.125239,-0.114292,-0.022205,0.16478,0.073527,0.06907,-0.082403,0.123513,0.03919,-0.043154,0.305976,0.093482,-0.041685,-0.024494,0.050184,-0.207867,-0.113382,0.100674,0.045537,-0.181467,0.024622,-0.166815,0.257417,-0.048438,0.124186,0.154828,0.035272,0.030666,-0.033461,0.108135,-0.032654,0.033555,-0.013313,-0.008519,0.110309,-0.020453,0.111774,-0.046631,0.224016,0.029665,0.066325,0.118316,-0.114374,-0.077994,0.094066,-0.102745,0.248405,-0.178331,-0.096792,0.277693,0.155275,0.143571,-0.085209,-0.009324,0.056658,-0.103972,-0.059278,0.144505,0.046301,-0.0592,0.0449,0.184229,-0.091112,0.01077,-0.129066,-0.025171,-0.227916,-0.015696,-0.244404,-0.056496,-0.080423,0.107092,0.248124,0.028344,0.198307,-0.020354,0.071537,0.084237,-0.070124,0.201699,-0.045002,0.061689,-0.124948,-0.015743,-0.254553,0.137799,0.052955,-0.034101,0.148937,-0.228496,0.116805,0.053235,-0.025319,0.133033,-0.173238,0.050635,-0.027568,-0.309933,-0.07823,0.007134,-0.094706,-0.153946,0.163131,0.0255,-0.097255,0.056399,0.052483,0.072171,0.078294,0.090025,-0.003437,-0.034091,0.11237,-0.200376,-0.089171,0.08552,0.143801,0.010604,0.053047,-0.09269,0.159271,-0.082509,-0.298914,0.131869,0.123259
canon_Material_00204,0.301053,0.175699,0.036021,-0.378176,0.00547,-0.244628,0.791051,0.206735,0.352895,-0.300099,0.271003,-0.02127,0.100784,0.529597,0.714228,-0.401582,0.487284,-0.18965,-0.502392,-0.011187,0.19143,0.088876,-0.222391,0.019681,-0.591782,0.478104,0.18216,-0.059727,0.600823,-0.2536,0.271992,-0.09302,-0.267447,0.582744,-0.665171,-0.359689,-0.090337,0.220246,0.079713,0.407533,-0.355968,0.493306,-0.128434,0.053315,0.413859,0.137025,0.334597,0.247602,0.009732,0.06859,-1.044537,0.169345,0.846162,0.724467,0.012442,0.417295,0.050876,0.26812,-0.378344,-0.577075,0.479358,-0.607041,-0.257811,0.462403,1.553064,-0.630745,-0.460328,-0.56817,-0.201005,-1.03978,0.411728,-0.418655,-0.476831,-0.20438,0.075103,-0.120557,-0.561836,0.08283,-0.272233,0.025689,0.226507,-0.554509,0.127781,0.067257,-0.008126,0.266622,-0.204696,-0.334074,0.379834,0.128003,-0.246709,-0.098726,-0.679169,0.172829,0.249769,-0.371299,0.3605,-0.114787,-0.080696,-0.353702,-0.764477,-0.521603,-0.128388,-0.491521,-0.261725,0.050785,-0.441268,-0.685986,0.514738,0.100416,0.42741,0.285669,0.507863,0.154469,-0.087798,0.360794,-0.961792,-0.546557,0.175458,-0.499284,-0.430109,-0.552111,0.239941,1.042447,-0.729465,-0.710088,0.448319,-0.246195
canon_Material_00208,0.067454,-0.033621,0.034429,-0.060691,-0.059927,-0.030683,0.072073,0.029738,0.015076,-0.015853,0.000721,0.037838,-0.005784,0.132976,0.108941,-0.059419,0.035176,0.01853,-0.089933,0.010465,0.100554,0.057688,-0.113218,-0.039573,-0.098442,0.072721,-0.014864,-0.009611,0.072923,-0.011216,0.023468,0.012014,-0.032659,0.048371,-0.034341,-0.037755,-0.023739,-0.011316,0.043408,0.084483,-0.08804,0.074061,-0.019752,0.011591,0.053722,-0.016968,0.004756,0.038713,-0.021719,-0.02205,-0.106708,0.021439,0.139605,0.09216,0.084324,0.035673,-0.037169,0.013439,-0.002833,-0.036546,0.055945,-0.0779,-0.11243,0.105421,0.166245,-0.086913,-0.048676,-0.023099,-0.058335,-0.152052,0.038736,-0.041767,-0.051184,-0.06909,0.068468,0.0347,-0.078,0.045982,-0.032043,-0.013914,0.019547,-0.092391,0.044066,0.022059,-0.019163,-0.008748,0.009868,-0.095432,0.080091,0.045004,-0.050147,0.044605,-0.12767,0.015887,0.071847,-0.018062,0.032044,-0.033948,-0.043079,-0.061568,-0.073697,-0.08772,0.02278,-0.070519,-0.101183,0.079777,-0.019759,-0.101746,0.07486,0.06636,0.0267,0.038795,0.050394,0.05445,-0.047152,0.116848,-0.180427,-0.057371,0.021725,-0.024169,-0.027943,-0.034478,0.045581,0.111041,-0.120226,-0.090378,0.100897,-0.049723
canon_Material_00211,0.070815,-0.045432,0.019851,-0.067773,-0.017072,0.02823,0.014772,0.074994,0.050948,-0.042422,-0.050774,-0.01889,-0.023584,0.140623,0.129045,-0.052575,0.071583,0.044173,-0.098625,-0.028833,0.05725,0.04481,-0.105931,-0.029664,-0.1183,0.097149,-0.020005,-0.02976,0.105899,-0.006337,0.022094,0.00323,-0.018718,0.026899,-0.052571,-0.049574,-0.043345,-0.007488,0.00702,0.04679,-0.130985,0.076181,-0.053935,0.005386,0.099723,-0.035772,0.00203,0.001479,-0.058871,-0.024403,-0.145154,-7.6e-05,0.178583,0.145606,0.094319,0.050488,-0.058647,0.107494,-0.017448,-0.047933,0.055937,-0.051215,-0.083938,0.149499,0.18128,-0.034331,-0.120636,-0.002131,-0.099854,-0.190755,0.024413,-0.063504,-0.066591,-0.020307,0.084134,0.002027,-0.121807,0.029173,-0.037475,-0.027628,-0.025056,-0.112959,0.041581,-0.003647,-0.012503,-0.032295,0.020563,-0.068447,0.105678,0.012201,-0.0976,0.058223,-0.114366,0.029718,0.082129,0.025444,0.044091,0.001467,-0.039993,-0.099415,-0.087138,-0.096066,-0.017822,-0.068404,-0.105027,0.06208,-0.044367,-0.076655,0.067254,0.045216,0.055273,0.060688,0.044452,0.105893,-0.068854,0.10803,-0.168312,-0.073619,0.095109,0.010926,-0.001452,-0.083342,0.062376,0.124265,-0.06335,-0.100891,0.141134,-0.067108
canon_Material_00212,0.054035,-0.046828,-0.033805,-0.063862,-1.8e-05,0.018819,0.065895,0.025487,0.002238,-0.042973,-0.013738,0.000496,-0.020495,0.16567,0.164445,-0.0497,0.045252,-0.003745,-0.092467,0.009753,0.093603,0.02161,-0.171388,-0.017763,-0.160846,0.095734,-0.032753,0.009976,0.067373,-0.017087,-0.010622,-0.06749,0.052186,0.027511,-0.026704,-0.035021,-0.085735,-0.022863,0.030688,0.080981,-0.08368,0.092902,-0.083052,0.024086,0.075262,-0.037046,0.054361,0.048896,-0.05966,0.004093,-0.105514,0.036896,0.183277,0.103468,0.081812,0.03837,-0.03875,0.073689,-0.06266,-0.030035,0.050774,-0.039257,-0.076084,0.102937,0.14479,-0.037234,-0.114209,0.005726,-0.075925,-0.164728,0.04357,-0.133171,-0.068559,-0.043862,0.080191,0.005072,-0.156312,-0.009408,-0.046611,-0.011446,0.006381,-0.133291,0.02658,0.031839,0.026622,-0.038654,-0.012267,-0.122869,0.1018,-0.002223,-0.08701,0.074236,-0.148384,0.078288,0.046984,-0.011824,0.04912,-0.006954,-0.080752,-0.105926,-0.102495,-0.137841,-0.005508,-0.092749,-0.114598,0.084136,-0.024974,-0.063853,0.104131,0.031025,0.041342,0.061308,0.022451,0.066044,-0.052808,0.080663,-0.20129,-0.060792,0.054682,-0.010832,-0.057285,-0.053361,0.056917,0.155756,-0.106674,-0.15117,0.124738,-0.022991
canon_Material_00214,0.749784,-0.043551,0.294548,0.196405,-0.383118,0.247191,0.196592,0.899003,0.354006,0.457505,-0.293857,0.591256,0.445659,0.972668,0.335572,-0.191599,-0.514004,0.315623,-0.278007,0.263958,0.357356,0.229735,-0.262841,0.174461,-0.485054,0.667455,0.286373,-0.324946,0.701836,0.048111,0.348458,0.756224,-0.160894,-0.062722,-0.176748,-0.095982,0.376099,0.104439,-0.150188,0.448184,-0.709915,1.060879,0.036764,0.478169,0.09237,-0.043181,-0.657499,0.32052,0.071518,-0.13568,-0.310253,0.329455,0.419091,0.082189,0.290871,0.244047,-0.65901,-0.145501,0.152137,0.056473,0.031073,-0.459961,-0.811232,0.979665,0.813398,-0.894314,-0.366138,-0.658193,-0.361,-0.780431,0.075584,0.23965,-0.300497,-0.03817,0.525375,0.133547,-0.284862,0.723985,-0.180219,0.10548,0.44773,-0.361853,0.227688,0.006801,-0.047722,0.259384,0.199951,0.004117,0.612264,-0.314168,-0.010322,0.266105,-0.10699,-0.270224,0.569843,-0.272889,0.177957,-0.827387,0.350168,-0.279731,-0.728063,-0.145723,0.746701,-0.219551,-0.815538,0.332673,0.020784,0.124073,0.47562,0.57466,0.074677,0.203564,0.511451,0.286611,-0.488518,0.811862,-1.096597,0.076303,-0.027547,0.237406,0.197887,-0.265777,0.149974,0.763051,-0.844477,-0.38756,0.218671,-0.628493
canon_Material_00220,0.082807,0.307822,0.081858,-0.368482,0.0097,-0.104271,0.122139,0.267524,-0.132902,0.208529,-0.327179,-0.435102,-0.199699,0.250056,0.358816,-0.230726,0.455826,-0.127571,-0.354095,0.27612,0.016715,0.100148,-0.602852,0.09201,-0.437786,0.022922,0.202539,0.138235,0.042886,0.095997,-0.040241,-0.069378,-0.524493,0.022514,-0.16173,-0.291886,-0.486259,0.048767,-0.052501,0.047481,-0.024406,0.052122,-0.126573,0.335923,-0.072128,-0.09865,0.192948,0.019403,-0.262186,-0.326547,-0.093464,0.146503,0.631803,0.316417,0.259839,0.028277,0.000823,0.521179,-0.003695,0.139053,-0.033552,-0.038187,0.02729,0.083561,0.343426,-0.335816,-0.639968,-0.161061,-0.397595,-0.350977,0.239365,-0.156351,-0.262982,0.030964,0.036654,-0.320022,-0.475438,-0.458777,-0.276124,-0.002256,0.163009,-0.407113,0.135588,-0.043111,0.055777,0.026974,0.095988,0.010514,0.158763,0.133772,-0.297898,0.066307,-0.271327,0.190361,-0.104935,0.219803,0.116733,0.18219,-0.361809,-0.357843,-0.010483,-0.38523,-0.193914,0.091177,-0.082294,0.115782,-0.22053,-0.452714,-0.181258,0.097552,0.231262,0.155104,0.259846,0.082544,-0.15904,0.163876,-0.226765,-0.414865,0.051634,-0.054131,-0.095792,-0.364393,0.311298,0.395667,0.065604,-0.508535,0.566644,-0.197576
canon_Material_00221,0.200376,0.466129,0.200106,-0.761876,-0.070886,-0.271914,0.303293,0.503813,-0.272863,0.408875,-0.663557,-0.876555,-0.412156,0.559738,0.773962,-0.500285,1.018421,-0.233753,-0.666256,0.545321,0.065295,0.155904,-1.219446,0.169224,-0.8548,0.042293,0.447089,0.096139,0.227384,0.05905,0.003624,-0.053918,-1.058827,0.253576,-0.357609,-0.429777,-0.936777,0.145037,-0.084973,0.163908,-0.08274,0.104375,-0.209744,0.688342,-0.014611,-0.265099,0.287318,0.079247,-0.389449,-0.575121,-0.360805,0.240427,1.323053,0.642135,0.531761,0.112348,-0.092721,1.010064,0.033615,0.135264,0.038527,-0.139923,-0.061828,0.210008,0.888342,-0.674777,-1.254408,-0.457947,-0.77042,-0.849483,0.519154,-0.32437,-0.566825,-0.031346,0.144447,-0.588605,-0.990979,-0.915585,-0.498718,0.079916,0.258826,-0.846583,0.319843,-0.131305,0.153548,-0.066948,0.150507,-0.01189,0.37485,0.295035,-0.544151,0.07385,-0.529535,0.374115,-0.084266,0.593647,0.228348,0.446578,-0.692964,-0.696761,0.049381,-0.810766,-0.377461,0.055782,-0.136736,0.303482,-0.528447,-0.960695,-0.291172,0.269318,0.389172,0.383776,0.673492,0.145579,-0.346501,0.404541,-0.58008,-0.837516,0.094058,-0.108571,-0.145995,-0.713921,0.55046,0.820388,0.028606,-0.972744,1.309999,-0.352301
canon_Material_00222,0.173084,0.425195,0.149128,-0.805807,0.01019,-0.140751,0.213413,0.525545,-0.212413,0.372328,-0.74677,-0.885407,-0.393434,0.495527,0.797988,-0.520013,0.997268,-0.242128,-0.687439,0.47376,-0.00909,0.136164,-1.260646,0.159717,-0.826883,0.132989,0.446532,-0.005459,0.202124,0.097915,-0.033294,-0.148844,-0.985364,0.140121,-0.417589,-0.424741,-0.960005,0.09488,-0.084453,0.072708,-0.127742,0.054794,-0.346078,0.731829,-0.054574,-0.313483,0.265624,-0.032113,-0.466117,-0.66151,-0.329563,0.281855,1.322748,0.665682,0.511303,0.168476,-0.124227,1.077619,0.04236,0.223762,-0.015044,-0.10156,-0.059616,0.301546,0.799886,-0.569542,-1.208084,-0.447646,-0.817364,-0.814657,0.483708,-0.294954,-0.569756,0.021547,0.141118,-0.535769,-0.985685,-0.754728,-0.431832,0.04508,0.192203,-0.842959,0.341045,-0.13055,0.080209,-0.11853,0.120318,0.035771,0.360494,0.238451,-0.653533,0.168235,-0.647747,0.357511,-0.083268,0.5389,0.217031,0.435772,-0.751422,-0.65341,0.146245,-0.796926,-0.352034,0.079371,-0.124169,0.307408,-0.44194,-0.998312,-0.187359,0.316902,0.424848,0.418887,0.646395,0.19808,-0.422606,0.478646,-0.698634,-0.885253,0.150433,0.090275,-0.108605,-0.740618,0.666916,0.855271,0.048184,-0.992961,1.282118,-0.331492
canon_Material_00223,0.775127,-0.198987,-0.093321,0.237865,-0.154336,0.360438,0.237798,0.142266,0.258917,-0.378377,-0.410513,-0.051546,0.045798,0.24474,0.191525,-0.209977,0.050456,0.102775,-0.238685,-0.370758,0.145604,-0.40837,0.140001,0.182214,-0.353617,0.484729,0.043058,0.288925,0.48247,0.053514,-0.113409,-0.085131,-0.020174,0.06068,0.051371,-1.039867,-0.47248,0.106684,-0.010835,0.137377,-0.192083,0.098328,-0.784898,0.186912,0.378206,0.176285,-0.206661,0.163248,-0.059433,-0.011178,-0.704972,-0.294659,0.24393,0.62367,-0.076701,-0.035123,-0.086553,0.24898,-0.312369,-0.412901,0.404294,-0.138735,0.109168,0.821804,0.101362,-0.046068,-0.894912,0.280977,-0.074852,-0.689498,-0.270327,-0.358018,-0.207612,-0.085844,0.147438,0.150558,0.007163,-0.02106,-0.211169,-0.454859,0.117081,-0.406296,0.08731,0.24166,0.329398,0.303947,-0.21418,-0.166671,0.400405,0.198514,-0.310446,0.155567,-0.206085,0.267674,-0.182743,-0.076281,0.588916,0.063475,0.101712,0.227,-0.051714,-0.040481,0.052492,-0.070485,-0.33633,0.298762,-0.666877,-0.282115,0.562952,-0.024261,0.234992,0.150536,0.030309,0.19162,0.316732,0.562811,-0.15071,-0.185847,0.229368,-0.563478,-0.28805,-0.235164,0.319323,0.929117,-0.351578,-0.75412,0.141956,-0.667452
canon_Material_00224,0.756113,-0.188971,-0.060923,0.241561,-0.147465,0.355836,0.220769,0.128679,0.22225,-0.377081,-0.389581,-0.051197,0.049092,0.247899,0.194703,-0.199762,0.05211,0.107072,-0.211612,-0.414003,0.157158,-0.38509,0.136636,0.19646,-0.315431,0.455176,0.057816,0.282452,0.48161,0.029606,-0.083508,-0.066513,-0.037956,0.064487,0.051941,-1.005238,-0.440758,0.114542,-0.043164,0.139633,-0.164157,0.104952,-0.71564,0.197101,0.362052,0.172151,-0.219344,0.140597,-0.069097,-0.0114,-0.699037,-0.281663,0.215546,0.611152,-0.06922,-0.074356,-0.09366,0.218497,-0.315683,-0.4406,0.445943,-0.146156,0.129874,0.775423,0.102638,-0.098244,-0.873163,0.278577,-0.03968,-0.684517,-0.239925,-0.335422,-0.229019,-0.083365,0.138382,0.117633,-0.028825,-0.015375,-0.227815,-0.440275,0.094439,-0.396486,0.119802,0.238607,0.343763,0.317003,-0.177912,-0.186968,0.405409,0.175276,-0.314982,0.113183,-0.198663,0.261111,-0.176085,-0.084434,0.576854,0.063984,0.059792,0.241934,-0.02338,-0.042336,0.014587,-0.071727,-0.353334,0.293669,-0.65482,-0.272315,0.570626,0.002315,0.219274,0.124803,0.030213,0.209094,0.300382,0.561226,-0.134285,-0.170452,0.223721,-0.569149,-0.263839,-0.231053,0.288817,0.902486,-0.334871,-0.736891,0.109544,-0.649818
canon_Material_00225,0.057098,-0.029802,-0.013992,-0.046741,-0.010123,-0.020821,0.071315,0.043937,0.011295,-0.004999,0.050233,0.00181,0.008471,0.130932,0.120207,-0.063947,0.052974,0.020415,-0.056362,-0.022493,0.057143,0.011744,-0.146461,-0.021937,-0.091151,0.086845,-0.005928,0.035178,0.120589,-0.033717,-0.005835,0.011989,-0.006767,0.069026,0.008267,-0.041614,-0.068757,-0.030572,-0.008554,0.113359,-0.091245,0.08776,-0.049742,0.029031,0.04675,-0.027739,-0.044998,0.038109,-0.017646,-0.030926,-0.099443,0.033376,0.140578,0.092054,0.071448,0.029254,-0.037554,0.012095,-0.039726,-0.054541,0.076969,-0.066863,-0.053741,0.141802,0.176038,-0.086744,-0.079605,0.019923,-0.053529,-0.16786,0.021017,-0.068579,-0.070434,-0.08324,0.08068,-0.017197,-0.094954,0.007382,-0.060575,-0.047547,-0.000628,-0.116047,0.045768,0.028775,0.046783,-0.034181,-0.006346,-0.058232,0.093349,0.038513,-0.031714,0.014355,-0.139087,0.052264,0.072481,-0.017361,-0.000566,-0.056502,-0.021861,-0.083426,-0.061601,-0.124901,0.003127,-0.07431,-0.060075,0.068392,-0.067933,-0.112801,0.099741,0.048665,0.05402,0.03515,0.091807,0.024179,-0.020384,0.138999,-0.162046,-0.044906,0.027674,-0.048523,-0.021669,-0.021015,0.057826,0.156791,-0.113445,-0.137822,0.124072,-0.071746
canon_Material_00226,0.072663,-0.017457,0.02483,-0.059396,-0.039546,-0.015969,0.07612,0.028604,0.011917,0.004037,-0.00629,0.01313,-0.002147,0.110958,0.123721,-0.078292,0.056038,0.021332,-0.073915,-0.032711,0.071074,0.030419,-0.094855,-0.019983,-0.094117,0.084312,-0.009419,0.019441,0.087555,-0.008371,0.006362,0.002359,-0.015271,0.057113,-0.053912,-0.054716,-0.043021,0.003601,0.043906,0.0902,-0.070616,0.074297,-0.039927,0.01894,0.029749,-0.016553,-0.019822,0.032498,-0.013708,-0.010885,-0.101482,-0.000675,0.122901,0.104174,0.052517,0.029879,-0.044872,0.025541,-0.023146,-0.018399,0.075265,-0.063568,-0.080457,0.133813,0.179299,-0.083169,-0.102354,-0.001569,-0.058109,-0.146296,0.01644,-0.048601,-0.050704,-0.078507,0.056466,-0.018799,-0.07766,0.012401,-0.026988,-0.013561,0.01309,-0.103279,0.016612,0.025856,0.013167,-0.009,-0.016412,-0.073456,0.086077,0.028147,-0.050436,0.033818,-0.098527,0.043823,0.062184,-0.014135,0.007524,-0.071199,-0.030611,-0.047531,-0.053254,-0.086624,0.021618,-0.055308,-0.084291,0.061278,-0.052978,-0.099558,0.106025,0.060886,0.0528,0.027794,0.077774,0.047897,-0.024958,0.122279,-0.166832,-0.029195,0.073046,-0.053383,-0.01237,-0.023355,0.036591,0.133587,-0.130118,-0.11862,0.10032,-0.08347
canon_Material_00227,0.304299,-0.295391,0.141309,-0.579971,-0.24702,0.163391,0.751737,0.037177,-0.255292,-0.165388,-0.320043,0.28804,-0.164902,1.120036,0.716709,-0.105537,0.235224,0.723926,-0.136064,-0.394776,0.116406,0.184383,-1.730913,-0.585838,-0.967614,0.272499,-0.277174,-0.165285,-0.306491,0.093255,-0.084701,-0.163201,0.768266,0.101107,-0.373849,-0.115794,-0.761358,0.278614,-0.487717,-0.26766,-0.310958,0.631088,-0.611571,0.140597,0.163384,-0.398102,0.225157,0.259484,-0.360156,-0.05283,-0.788098,0.318246,1.634338,0.072469,0.705309,0.739309,-0.409831,0.863382,0.237364,0.181313,0.16807,0.099919,-0.849445,1.141835,1.018009,0.310486,-0.623934,-0.100625,-0.951148,-0.866407,-0.532123,-0.485648,-0.063409,-0.316414,0.109792,-0.022764,-0.712937,0.140972,-0.307279,0.185567,0.29374,-0.614522,-0.231372,0.22633,-0.003394,-0.594639,-0.308521,-0.862688,0.654112,-0.439837,-1.204134,0.806156,-0.642819,0.496285,0.084493,0.520574,-0.388884,0.121157,-0.476967,-0.648927,-1.096769,-0.820531,0.304666,-0.346615,-0.871082,1.051991,-0.480907,-0.49948,-0.14881,0.088356,0.346307,0.101311,-0.088903,0.513441,-0.395113,-0.011359,-1.459726,-0.534794,0.652715,0.514873,-0.397825,-0.279963,0.126617,0.184168,-0.340417,-0.377669,1.604704,-0.068181
canon_Material_00228,0.336252,-0.305616,0.084885,-0.575628,-0.275393,0.132768,0.668796,0.021314,-0.2432,-0.149295,-0.320358,0.266906,-0.178533,1.121941,0.764644,-0.104575,0.174271,0.629955,-0.120524,-0.467994,0.212126,0.275834,-1.730877,-0.529446,-0.984221,0.246715,-0.252413,-0.230906,-0.285353,0.076468,-0.070465,-0.273768,0.803508,0.09612,-0.394199,-0.086006,-0.813211,0.272385,-0.469248,-0.218469,-0.284908,0.584563,-0.687459,0.19104,0.125094,-0.349532,0.201436,0.299238,-0.372846,-0.057721,-0.743007,0.293764,1.5743,0.081489,0.733167,0.760744,-0.438212,0.895837,0.16452,0.262945,0.145301,0.120326,-0.857609,1.159734,0.990149,0.266143,-0.576832,-0.046374,-1.018121,-0.872201,-0.462078,-0.567828,-0.108174,-0.345386,0.121515,-0.004995,-0.748327,0.073185,-0.322919,0.122894,0.294735,-0.598152,-0.232363,0.268764,-0.034005,-0.586166,-0.292414,-0.885676,0.625677,-0.450056,-1.195054,0.848027,-0.553773,0.499091,0.18515,0.543922,-0.354576,0.094398,-0.506288,-0.65306,-1.06184,-0.789178,0.341388,-0.330998,-0.929697,0.988691,-0.406942,-0.402209,-0.175166,0.050095,0.330404,0.146016,-0.095636,0.502794,-0.41349,0.035936,-1.48987,-0.532598,0.635461,0.502654,-0.372064,-0.297567,0.159349,0.208852,-0.307847,-0.338212,1.666885,-0.02564
canon_Material_00230,0.377891,-0.334418,-0.191924,-0.333105,-0.100334,0.145251,-0.034185,-0.110303,-0.46141,-0.144012,0.162896,0.054314,-0.410149,0.24218,0.303348,-0.481352,-0.131533,0.279583,-0.136935,-0.607686,-0.031426,-0.181163,-0.171847,0.245117,0.102192,0.325628,0.276339,0.098936,0.398738,-0.315829,0.088875,0.035255,0.052754,0.158124,-0.009579,-0.31552,-0.064798,0.068345,0.142989,0.112324,0.085282,0.126461,-0.35038,0.14434,0.342743,-0.364185,-0.170362,-0.03068,0.194738,0.067443,-0.214245,-0.089419,0.559757,0.448814,0.293597,0.294365,-0.125041,-0.366415,-0.034862,0.132382,0.422142,0.118117,-0.012357,0.656514,0.083722,-0.031408,-0.16411,0.269854,-0.106221,-0.722516,0.124307,-0.338294,0.064534,-0.316883,-0.013545,0.239021,-0.235233,0.060416,-0.028147,-0.019549,-0.099675,-0.304781,0.162134,0.031344,-0.23358,-0.072157,0.254828,-0.11405,0.443007,0.006679,-0.041591,-0.065751,-0.172608,0.084436,-0.036977,-0.053963,0.000449,-0.073038,-0.151152,-0.096225,-0.099228,-0.19561,-0.217124,0.178586,-0.097772,0.367122,-0.195097,-0.521481,0.142123,-0.010479,0.234096,0.121794,0.222232,0.152378,0.018878,0.123121,-0.358409,0.113499,0.421003,-0.008705,-0.111338,0.038781,-0.219954,0.498903,-0.358641,-0.59059,0.163544,-0.410127
canon_Material_00231,0.21489,-0.049195,0.077073,0.10588,0.037976,-0.113955,0.220522,0.050145,0.276169,-0.131708,0.023592,-0.000237,0.006395,0.089347,0.645375,0.003147,0.054842,-0.032465,0.051394,0.232705,0.259293,0.26445,-0.265276,-0.21196,-0.015403,0.317172,-0.134632,0.334586,-0.022685,0.083349,0.068028,-0.088565,-0.024426,-0.104055,0.099951,-0.250059,-0.204876,-0.054459,0.217953,0.151523,-0.306884,0.141967,0.204553,-0.091146,0.25543,0.131121,-0.154918,0.169671,0.169071,-0.058178,-0.137965,0.21708,0.191868,0.063215,-0.034732,0.268556,0.032428,0.241323,0.066965,-0.156898,-0.0354,-0.210351,-0.297913,0.317583,0.387573,-0.022126,-0.282604,0.172066,-0.100659,0.108089,0.02902,-0.127583,-0.174859,-0.128966,0.146177,-0.360858,-0.046902,-0.047815,0.007226,-0.192817,0.071665,-0.309284,-0.133826,-0.09254,-0.000976,-0.09803,0.016892,-0.098759,0.085661,0.239742,0.038345,-0.209709,-0.332994,0.13559,-0.121569,0.122196,-0.041985,-0.027006,-0.217905,-0.170786,-0.344704,-0.314744,0.10837,0.002722,-0.22317,0.096757,-0.225001,-0.294446,-0.111627,-0.136693,0.136993,0.012351,-0.022782,0.109313,-0.002174,0.168109,-0.288439,0.080975,0.217084,-0.426756,-0.158027,-0.022511,0.098209,0.204691,-0.063196,-0.37906,0.44843,-0.183853
canon_Material_00232,0.277982,-0.058468,0.147339,0.146865,0.030242,-0.161679,0.296835,0.117654,0.414898,-0.217032,0.000166,0.051731,-0.002607,0.147619,0.925107,-0.026952,0.010809,-0.075407,0.035313,0.383216,0.371783,0.380768,-0.38046,-0.32537,-0.008294,0.49077,-0.168419,0.496321,-0.042615,0.117351,0.093872,-0.168791,-0.109358,-0.231948,0.141841,-0.373822,-0.314636,-0.048782,0.352932,0.201431,-0.469078,0.236372,0.336045,-0.15003,0.39946,0.244284,-0.225228,0.251368,0.281737,-0.098355,-0.266472,0.342981,0.290871,0.09365,-0.001445,0.418709,0.070538,0.360645,0.124827,-0.245021,-0.064114,-0.313361,-0.47725,0.493153,0.62687,-0.01135,-0.422956,0.237791,-0.118596,0.178433,0.043153,-0.149587,-0.254588,-0.136927,0.210776,-0.513358,-0.03928,0.013803,0.043147,-0.246038,0.104736,-0.439873,-0.159007,-0.146276,-0.031482,-0.099586,0.036655,-0.135299,0.149146,0.338996,0.106521,-0.273705,-0.524418,0.217971,-0.197204,0.201655,-0.07438,-0.036758,-0.28463,-0.264492,-0.553461,-0.409772,0.173312,0.001961,-0.343286,0.171001,-0.345389,-0.4458,-0.242224,-0.20861,0.231902,-0.002254,-0.025494,0.169873,0.036076,0.233801,-0.452684,0.081998,0.302069,-0.61526,-0.210501,-0.04475,0.195113,0.267576,-0.137912,-0.548251,0.668711,-0.248673
canon_Material_00233,0.046298,-0.029218,0.011158,-0.023295,-0.035682,-0.002208,0.058935,0.030233,0.029266,-0.017205,0.014852,0.010525,0.014052,0.049343,0.059447,-0.029093,0.027996,0.034198,-0.046536,-0.006401,0.050964,0.01928,-0.06095,-0.023889,-0.06211,0.049286,-0.017457,0.021311,0.057376,-0.006441,0.005072,0.007518,-0.015971,0.014716,-0.017718,-0.051077,-0.020441,-0.01064,0.017274,0.033557,-0.031814,0.053435,-0.04543,0.001789,0.039699,-0.004312,-0.002089,0.004176,-0.020155,-0.017928,-0.065435,-0.003303,0.093521,0.068183,0.049793,0.024585,-0.003403,0.028676,-0.024308,-0.026347,0.042156,-0.04152,-0.050669,0.080233,0.089314,-0.057664,-0.064594,0.012351,-0.050277,-0.107311,0.009216,-0.044073,-0.045109,-0.031014,0.040372,-0.011573,-0.043504,-0.008663,-0.021726,-0.017352,0.009351,-0.082391,0.028799,0.026134,0.023079,0.00379,0.004205,-0.044705,0.060612,0.029878,-0.043955,0.015771,-0.083886,0.034061,0.02763,-0.008294,0.020495,-0.028448,-0.016397,-0.027606,-0.053674,-0.058534,0.009506,-0.039199,-0.058288,0.051891,-0.044594,-0.05107,0.03793,0.008502,0.035677,0.023425,0.038017,0.036189,0.003478,0.065106,-0.085982,-0.024248,0.023757,-0.039116,-0.02325,-0.036468,0.029344,0.072849,-0.071178,-0.082956,0.077419,-0.0626
canon_Material_00235,0.058216,-0.017169,0.016581,-0.060012,-0.044658,-0.023545,0.059508,0.040824,0.045281,0.024631,0.019485,0.019091,0.009699,0.114062,0.154617,-0.055413,0.05634,0.017307,-0.075168,0.004895,0.054098,0.057624,-0.138232,-0.010948,-0.120429,0.091003,-0.041712,-0.004724,0.051996,-0.007298,-0.01817,-0.020601,-0.026337,0.029142,-0.0416,-0.032251,-0.043197,-0.017565,0.032699,0.089584,-0.093524,0.08181,-0.027887,0.01665,0.007784,0.0005,-0.01946,0.045561,-0.00365,-0.026371,-0.08851,0.016982,0.174486,0.063827,0.06845,0.075939,-0.058925,0.046932,-0.007353,-0.02034,0.066294,-0.056792,-0.115659,0.118202,0.202092,-0.087037,-0.07263,-0.026378,-0.060188,-0.171253,0.018928,-0.055765,-0.066869,-0.067898,0.065378,-0.038544,-0.034003,0.035061,-0.023792,0.012035,0.00717,-0.122281,0.021359,0.055128,0.00302,-0.042358,0.011205,-0.058048,0.091813,0.017689,-0.038112,0.025354,-0.121845,0.069054,0.074663,-0.009637,-0.021361,-0.088342,-0.044599,-0.068835,-0.081716,-0.1253,0.046195,-0.051189,-0.095322,0.060278,-0.043377,-0.089212,0.102014,0.04804,0.047565,0.026703,0.062004,0.056065,-0.055779,0.121913,-0.206798,-0.032603,0.05694,-0.028601,-0.039388,-0.046632,0.060336,0.10994,-0.120207,-0.106617,0.135313,-0.061689
canon_Material_00237,0.551772,-1.075356,0.253316,0.443967,-0.534449,-0.126297,0.523503,0.134717,-0.314516,0.058122,-0.146267,0.15701,-0.100167,1.243137,0.542811,-0.421366,-0.063844,0.496488,-0.134796,0.590773,0.719039,-0.202802,-0.559876,0.393121,-0.527879,0.157265,-0.344397,0.019371,0.256927,-0.230449,0.27896,0.814558,0.302605,0.3507,0.450318,-0.722413,0.32619,-0.781584,-0.66594,0.585615,-0.584434,0.219934,0.242068,-0.085874,0.40942,0.275333,0.426665,0.464483,0.568432,0.509781,-0.726747,0.065635,1.624081,0.2318,0.144892,0.289385,0.068788,0.185576,0.022881,0.150033,0.454501,-1.162277,-0.008535,0.88134,1.295147,-0.387244,-0.573835,-0.341234,-0.091395,-1.10222,0.167363,-0.323349,-0.347277,-0.78704,0.200626,-0.547502,-0.833327,-0.264907,-0.262861,-0.405732,0.356075,-0.934881,0.531358,0.165502,0.275597,0.157694,0.746149,-0.0483,0.632356,-0.203704,0.421878,-0.469436,-0.143971,0.236869,0.28666,-0.158878,0.655637,-0.338858,0.10947,-0.252017,-0.757322,0.011615,-0.158265,-0.351643,-1.097088,0.944871,-0.538213,0.412545,0.508025,-0.118621,0.391756,0.062056,0.242273,0.397651,-0.653699,0.485943,-0.68492,-0.133605,-0.112244,-0.314795,-0.687811,-1.017978,0.641286,1.158693,-0.577423,-0.362397,0.411491,-0.133968
canon_Material_00238,0.091312,-0.030114,0.048955,-0.133802,-0.117395,-0.067321,0.147523,0.061638,0.034459,-0.071824,0.169301,0.122969,-0.005349,0.089361,0.035345,-0.046028,0.093895,0.235202,-0.000945,-0.097208,0.21987,0.068601,-0.095033,-0.174415,-0.120324,0.100371,-0.146145,0.132445,0.151036,0.101265,-0.02603,0.087644,-0.014296,0.053824,0.059854,-0.158913,0.017631,0.081657,0.101381,0.031368,-0.031128,0.213658,-0.220681,-0.004926,0.117179,-0.005561,-0.040875,0.042134,-0.151297,0.053373,0.010755,0.055896,0.180983,0.164808,0.166388,-0.058279,0.05446,0.062123,-0.068723,-0.110685,0.029466,-0.110165,-0.106805,0.036708,0.162825,-0.10072,-0.225133,0.152644,-0.121443,-0.156802,-0.021553,-0.151133,0.011213,-0.188629,0.01851,0.083851,0.004584,0.014969,-0.141492,-0.046809,-0.026974,-0.051874,-0.069638,0.131333,0.154779,-0.053415,0.109851,-0.286716,0.0862,0.173805,-0.169482,-0.042389,-0.226163,-0.028017,0.089556,-0.038283,0.115818,-0.202697,0.000371,-0.097446,-0.34247,-0.174885,0.067494,-0.096372,-0.093379,0.025947,-0.152143,-0.130168,0.123571,0.00571,0.047086,-0.018039,-0.104189,0.161947,-0.092243,0.210362,-0.146653,0.052016,0.101949,-0.073636,-0.112549,0.002277,0.090154,0.079834,-0.177762,-0.22804,-0.046103,-0.153848
canon_Material_00240,0.058158,-0.01839,0.048045,-0.074791,-0.024667,-0.015567,0.071031,0.039632,0.018751,-0.024477,0.035459,0.067655,-0.025855,0.141555,0.135513,-0.061614,0.028965,0.016981,-0.09097,0.024753,0.049395,0.019341,-0.166009,-0.026509,-0.11604,0.087802,-0.002243,0.021136,0.067891,-0.039027,0.009685,-0.021272,-0.01675,0.035,0.016645,-0.06911,-0.086391,-0.031727,-0.022858,0.087638,-0.064835,0.13326,-0.049021,0.052684,0.032013,-0.015959,-0.014289,0.020226,0.012741,-0.019772,-0.134549,0.063524,0.136066,0.115088,0.069347,0.043935,-0.053706,0.044811,-0.024318,-0.052215,0.094927,-0.134573,-0.052006,0.165183,0.149902,-0.069439,-0.085341,0.003018,-0.054987,-0.158707,0.027421,-0.114324,-0.071844,-0.103461,0.087498,-0.012572,-0.105115,-0.005408,-0.049521,-0.031397,0.05019,-0.111398,0.067321,0.082272,0.000668,0.005099,-0.028951,-0.084149,0.100403,0.064009,-0.059743,0.057539,-0.12562,0.071762,0.074007,0.013074,0.003418,-0.043443,-0.011052,-0.087266,-0.097235,-0.093545,0.007028,-0.069128,-0.093689,0.138589,-0.013494,-0.132723,0.053647,0.001548,0.052056,0.057584,0.071313,-0.000115,-0.007029,0.087958,-0.153209,-0.083855,0.030916,-0.060552,-0.037355,-0.053239,0.062103,0.135152,-0.141772,-0.135277,0.09415,-0.087695
canon_Material_00241,0.162543,0.018714,-0.320727,-0.179511,0.045941,-0.119598,0.359504,0.131326,-0.072053,-0.207472,0.316136,0.087317,-0.111768,0.590641,0.339151,0.138779,0.029447,0.258251,-0.235176,0.018606,0.491259,0.348208,-0.810569,0.213904,-0.283692,0.280985,-0.194131,0.031775,0.355638,-0.269669,0.035781,-0.036721,0.032158,0.231856,0.225878,-0.184084,-0.410104,-0.095921,-0.058866,0.45369,-0.22782,0.354693,-0.479494,0.332093,0.134777,-0.352341,0.035204,0.02627,0.076936,-0.19304,-0.065774,0.571119,0.357,0.05902,0.107751,0.155267,0.205685,0.210508,-0.254689,0.268651,0.321826,-0.028922,-0.07613,0.245314,0.00339,-0.152275,-0.13527,0.168418,-0.227017,-0.366875,0.028863,-0.200652,-0.36565,-0.25501,0.041908,0.102438,0.255413,0.058639,0.177644,0.110791,0.141854,-0.484912,0.084644,0.343694,0.068111,0.112956,-0.208262,-0.141561,-0.019367,0.55399,-0.210431,-0.133857,-0.268855,-0.029689,0.380214,0.245954,0.075668,-0.14949,0.302543,-0.521853,-0.218731,-0.716889,0.002452,0.085667,-0.250238,0.368662,-0.111711,-0.508697,-0.00842,0.063463,0.281274,0.21486,0.109119,0.170067,0.068032,-0.02057,-0.428245,-0.283839,0.093087,-0.125143,-0.382639,0.041004,-0.222008,0.187119,-0.387946,-0.58306,-0.334126,0.006093
canon_Material_00242,0.065589,-0.004823,0.047572,-0.069337,-0.045495,-0.000599,0.060692,0.059715,0.046697,-0.030259,-0.020177,0.035999,0.00789,0.106998,0.093924,-0.075055,0.094289,0.019412,-0.080282,0.01391,0.088051,0.04043,-0.060347,-0.052297,-0.102544,0.085375,-0.002607,-0.0186,0.096158,-0.003658,0.033518,0.024831,-0.056916,0.062404,-0.076102,-0.043659,-0.013867,-0.013031,0.032242,0.056355,-0.08183,0.090933,-0.020556,0.012558,0.058913,-0.002343,-0.008978,0.043761,-0.009038,-0.034163,-0.086621,0.006259,0.103693,0.095726,0.062819,0.065105,-0.019069,0.025933,-0.011335,-0.071201,0.071603,-0.067702,-0.138246,0.113581,0.181844,-0.092883,-0.094511,-0.029229,-0.067161,-0.156255,0.036534,-0.031399,-0.064854,-0.034858,0.077432,0.026381,-0.061929,0.030934,-0.004273,-0.003167,-0.006977,-0.076196,0.036389,0.033848,-0.003451,-0.002478,-0.00174,-0.061757,0.111837,0.047777,-0.064256,0.025461,-0.126634,0.01008,0.04761,0.000592,0.02935,-0.017496,-0.03443,-0.051531,-0.067592,-0.094519,0.047793,-0.069712,-0.070926,0.033481,-0.070524,-0.092022,0.093944,0.063845,0.033201,0.050693,0.069045,0.081648,-0.034895,0.122318,-0.178614,-0.051199,0.058388,-0.049337,0.006937,-0.043421,0.033973,0.130592,-0.138335,-0.117181,0.077707,-0.070831
canon_Material_00244,0.195936,-0.045987,0.098949,0.105,0.050058,-0.121442,0.191426,0.083301,0.328491,-0.157946,0.015459,0.021816,0.01383,0.083256,0.649284,0.013707,0.042047,-0.063458,0.064705,0.269866,0.237298,0.267308,-0.250559,-0.202913,0.002069,0.361125,-0.118988,0.360795,-0.024666,0.083303,0.059796,-0.109469,-0.067357,-0.155554,0.133768,-0.238726,-0.212644,-0.027939,0.237719,0.140452,-0.330503,0.160673,0.200748,-0.0925,0.281681,0.156949,-0.167868,0.172524,0.17533,-0.068509,-0.16617,0.263568,0.163164,0.06264,-0.043832,0.287022,0.010203,0.276956,0.088296,-0.172135,-0.049918,-0.234017,-0.298014,0.330215,0.432418,-0.013686,-0.316956,0.163695,-0.095317,0.126092,0.024042,-0.164629,-0.195373,-0.128264,0.159764,-0.36658,-0.026928,-0.025496,0.0254,-0.195207,0.079601,-0.309259,-0.122,-0.11598,-0.00975,-0.114261,0.015964,-0.079131,0.071765,0.236363,0.042002,-0.195254,-0.339166,0.137447,-0.141231,0.144403,-0.089515,-0.016244,-0.200338,-0.177195,-0.371853,-0.296528,0.129571,0.009463,-0.189404,0.10914,-0.236462,-0.314157,-0.142,-0.147884,0.144069,0.024711,0.000103,0.096483,0.016682,0.174535,-0.291678,0.059515,0.222251,-0.439514,-0.138204,-0.046682,0.125294,0.198789,-0.083769,-0.382281,0.46713,-0.189612
canon_Material_00247,0.152504,-0.103259,0.051762,-0.057766,0.034019,-0.289664,0.027648,0.019765,-0.179429,0.048402,0.425038,0.07734,-0.179599,0.074589,0.243916,0.04345,-0.103899,-0.069066,-0.182137,0.154385,0.390574,0.121659,-0.469907,-0.239213,-0.300035,0.012306,-0.219919,0.024216,-0.098226,-0.281996,0.056436,-0.328059,-0.02682,0.306497,0.024811,-0.050001,-0.149469,-0.36554,0.215453,0.629753,-0.112958,0.092083,0.032412,0.196573,-0.270982,0.217697,0.068889,0.105056,0.094099,-0.326573,-0.182226,0.040561,0.316003,0.136863,0.490149,0.082129,0.074955,-0.099563,-0.259195,-0.216159,0.487147,-0.498351,-0.269499,0.408428,0.445953,-0.328322,0.216575,0.290973,-0.099809,-0.141397,0.088267,-0.247019,-0.200571,-0.318091,0.109249,-0.194066,-0.293879,-0.307175,0.063841,0.095037,0.130576,-0.456911,0.140927,0.591658,0.1317,0.246616,-0.148927,0.027153,0.173489,0.166419,0.02668,0.02597,-0.401321,0.399121,0.205854,-0.084546,-0.177906,-0.217248,-0.122235,-0.182065,0.069089,-0.351436,0.289728,-0.129362,-0.221906,0.119741,0.127414,-0.404061,0.423097,-0.238052,0.020008,0.071824,0.308752,-0.24085,0.230699,0.229146,-0.393486,0.176743,-0.094529,-0.410764,-0.211188,0.181905,0.220277,0.357996,-0.568399,-0.195768,0.486565,-0.189976
canon_Material_00248,0.192285,-0.139837,0.060212,-0.061895,0.060255,-0.298764,-0.005556,0.043838,-0.213058,0.037571,0.459748,0.087018,-0.212521,0.100661,0.241384,0.050197,-0.128715,-0.092101,-0.156405,0.174168,0.417623,0.103064,-0.534077,-0.314596,-0.309152,0.000409,-0.23673,0.021862,-0.089575,-0.321607,0.072836,-0.376729,-0.034349,0.334039,0.0386,-0.057901,-0.200412,-0.431406,0.197584,0.710275,-0.126345,0.082716,0.031098,0.212767,-0.277824,0.271398,0.062309,0.113372,0.09247,-0.372903,-0.243134,0.025978,0.338997,0.189878,0.604421,0.044749,0.079895,-0.08734,-0.30188,-0.294154,0.563077,-0.575509,-0.270722,0.481547,0.504014,-0.36406,0.21844,0.373752,-0.138929,-0.167371,0.069519,-0.309407,-0.222687,-0.349605,0.120608,-0.221656,-0.366271,-0.378656,0.039979,0.069524,0.128255,-0.52089,0.163739,0.699086,0.188148,0.262146,-0.153587,0.025021,0.201381,0.202435,0.027008,0.009163,-0.425022,0.479419,0.22317,-0.078759,-0.187424,-0.237837,-0.11126,-0.191747,0.114162,-0.402056,0.263266,-0.146946,-0.240504,0.137312,0.097575,-0.432376,0.481432,-0.279482,0.011235,0.087096,0.356469,-0.28323,0.299225,0.273769,-0.356407,0.183345,-0.092744,-0.463464,-0.184114,0.217593,0.265923,0.400297,-0.640542,-0.210432,0.557769,-0.224645
canon_Material_00249,0.072829,-0.024891,0.021625,-0.025584,-0.038433,0.009664,0.065963,0.055499,0.023239,-0.00745,0.009424,-0.003041,-0.004261,0.084773,0.129988,-0.053086,0.025865,0.040518,-0.087176,0.012259,0.042123,0.017649,-0.116596,-0.030995,-0.137269,0.090373,-0.006802,0.006903,0.0705,-0.03708,0.024897,-0.001138,-0.039955,0.026729,-0.038071,-0.038531,-0.021757,0.000445,0.023345,0.068989,-0.076397,0.091798,-0.008726,0.026185,0.057707,-0.006472,-0.033704,0.032708,-0.004789,-0.017355,-0.121693,0.00443,0.16252,0.081368,0.092579,0.059602,-0.043148,0.052848,-0.014701,-0.024268,0.062704,-0.059999,-0.118218,0.13494,0.186965,-0.078552,-0.092418,-0.027851,-0.072564,-0.155549,0.033446,-0.041702,-0.057756,-0.060699,0.065403,-0.031234,-0.074099,0.012247,-0.025349,0.024494,0.012592,-0.119181,0.046814,0.05173,0.02457,-0.001652,0.026395,-0.033179,0.123421,0.012752,-0.049244,0.006632,-0.106456,0.079128,0.036463,-0.014962,-0.006287,-0.020422,-0.036121,-0.067673,-0.09318,-0.09492,0.041163,-0.042294,-0.097422,0.091236,-0.03736,-0.093516,0.063288,0.019414,0.046242,0.048498,0.084635,0.051251,-0.013982,0.09625,-0.138164,-0.024187,0.046797,-0.053363,-0.030021,-0.05946,0.032936,0.110451,-0.111239,-0.133141,0.137799,-0.102242
canon_Material_00252,0.063054,0.000383,0.043398,-0.10571,-0.032656,0.005114,0.149425,0.049048,-0.071171,-0.03948,0.055744,0.060753,0.001289,0.177831,0.127724,-0.090924,0.04858,0.010312,-0.082444,-0.006158,0.074652,0.02924,-0.181737,-0.006925,-0.262207,0.117084,-0.016964,0.025815,0.050608,0.015093,-0.009391,0.00721,0.055651,0.027018,-0.025942,-0.061656,-0.092308,-0.054746,-0.053288,0.091263,-0.009605,0.180567,-0.072658,0.116464,0.016485,-0.061492,0.009185,0.042916,-0.027195,-0.080875,-0.053189,0.021861,0.104202,0.071712,0.054401,-0.025533,-0.02742,0.025082,0.00117,0.009138,0.048525,-0.035227,-0.11703,0.115251,0.183919,-0.131984,-0.119752,-0.049176,-0.069139,-0.130609,0.042888,-0.100618,-0.043187,-0.08055,0.078933,-0.002809,-0.108117,-0.032231,-0.066987,-0.003988,0.081672,-0.131512,0.016629,0.065524,0.057365,-0.015868,-0.043161,-0.124995,0.110512,0.061067,-0.095653,0.112865,-0.131724,0.091887,0.034936,-0.011801,-0.048111,0.010823,0.007264,-0.089762,-0.154194,-0.200314,0.073557,-0.106437,-0.12385,0.081006,-0.056199,-0.100806,0.104583,0.064536,0.045165,0.100531,0.090554,0.013185,-0.03706,0.076927,-0.176005,-0.101673,0.002308,0.011143,0.015464,-0.036992,0.004692,0.148174,-0.181904,-0.194496,0.075874,-0.06491
canon_Material_00253,0.042101,0.007125,0.051053,-0.081681,-0.015984,-0.04495,0.156243,0.036599,-0.0848,-0.072242,0.067649,0.051205,0.016993,0.156145,0.09353,-0.062949,0.056848,0.022853,-0.086982,-0.063469,0.100086,0.065556,-0.187152,-0.036615,-0.245749,0.089978,-0.042841,0.087564,0.055929,0.031233,-0.029009,-0.002804,0.036614,0.009531,-0.030009,-0.079633,-0.074982,-0.016007,-0.01619,0.092095,-0.015824,0.136201,-0.089794,0.15807,-0.028043,-0.037829,0.022164,0.00319,-0.039681,-0.08397,-0.062256,0.037233,0.101593,0.123735,0.034497,-0.050211,-0.033372,0.04256,-0.044015,0.02056,0.059166,-0.063089,-0.057087,0.088588,0.154787,-0.124213,-0.145766,0.001642,-0.080197,-0.116572,0.06976,-0.160227,-0.069178,-0.099482,0.093231,0.019939,-0.149994,-0.054975,-0.039091,-0.035037,0.109668,-0.127148,0.010722,0.07007,0.054439,0.032449,-0.039116,-0.137584,0.087242,0.083145,-0.112842,0.134656,-0.160507,0.078562,0.026778,0.001092,0.001003,-0.003774,0.005969,-0.058196,-0.149737,-0.204267,0.088225,-0.113378,-0.103604,0.056055,-0.023782,-0.146574,0.106854,0.083323,0.047772,0.089724,0.079836,-0.019074,-0.002511,0.073497,-0.172239,-0.103278,-0.006192,-0.017204,0.017617,-0.004789,0.048084,0.137487,-0.167215,-0.193928,0.077042,-0.064371
canon_Material_00256,0.173377,-0.036862,0.083221,0.088169,0.033969,-0.081269,0.142213,0.0819,0.237755,-0.105441,0.008271,0.022924,0.005663,0.083256,0.539571,0.01456,0.015508,-0.013421,0.047539,0.212111,0.179305,0.22471,-0.233452,-0.199853,0.00938,0.278103,-0.113634,0.278947,-0.034064,0.061684,0.059646,-0.081084,-0.052844,-0.127611,0.103246,-0.193778,-0.173061,-0.028984,0.176441,0.125239,-0.284797,0.117707,0.193816,-0.055438,0.220297,0.145027,-0.156297,0.133903,0.165675,-0.050575,-0.144785,0.227281,0.152478,0.055058,0.008047,0.243006,0.021539,0.234174,0.080702,-0.144593,-0.027682,-0.187707,-0.250987,0.300529,0.374393,-0.003885,-0.23761,0.154419,-0.095816,0.101448,0.020275,-0.112614,-0.157245,-0.121971,0.138786,-0.322628,-0.040307,0.013752,0.018329,-0.153255,0.059125,-0.247163,-0.089581,-0.060011,0.002167,-0.08248,0.031561,-0.070461,0.077235,0.213425,0.03663,-0.150827,-0.286939,0.141956,-0.104364,0.112877,-0.069045,-0.03468,-0.154845,-0.144802,-0.303075,-0.229238,0.094952,0.003076,-0.20619,0.122707,-0.192288,-0.244565,-0.118154,-0.13761,0.131514,-0.006507,-0.006288,0.08324,0.02874,0.149554,-0.259363,0.057845,0.198303,-0.336658,-0.116032,-0.029726,0.105367,0.149853,-0.067782,-0.302812,0.386462,-0.148531
canon_Material_00259,0.06882,-0.02621,0.040183,-0.025331,-0.068456,0.018783,0.067567,0.066546,0.046367,-0.000968,-0.009943,0.004348,0.001609,0.123533,0.147893,-0.073915,0.055823,0.000472,-0.071738,0.016686,0.054161,0.020661,-0.098067,-0.026296,-0.135562,0.079814,0.007897,-0.000406,0.056411,-0.057102,0.045393,-0.010855,-0.040626,0.045516,-0.041615,-0.041775,-0.022979,-0.035951,0.00403,0.062205,-0.070004,0.056248,-0.003551,0.011652,0.050843,0.006922,-0.021534,0.032657,0.036039,0.005171,-0.128928,0.00066,0.158196,0.058164,0.061354,0.065019,-0.045168,0.0526,-0.015753,-0.023492,0.066003,-0.071268,-0.131571,0.13544,0.212182,-0.095414,-0.106472,-0.059949,-0.057389,-0.162221,0.032927,-0.041216,-0.06056,-0.070548,0.052539,-0.045844,-0.079022,0.018077,-0.02408,0.034111,0.011423,-0.099401,0.047572,0.020957,0.031157,-0.026554,0.004085,-0.032473,0.099779,-0.00455,-0.045579,-0.00048,-0.102376,0.083343,0.033273,0.010374,0.001303,-0.027181,-0.030716,-0.049607,-0.069804,-0.100315,0.018102,-0.044649,-0.115561,0.079993,-0.052447,-0.05645,0.08273,0.064556,0.04466,0.024248,0.079648,0.079684,-0.050352,0.134664,-0.172463,-0.036602,0.078183,-0.05053,-0.031138,-0.067777,0.03375,0.130634,-0.12453,-0.129065,0.141066,-0.081617
canon_Material_00261,0.172442,0.022178,0.010965,-0.043028,0.022454,-0.150665,0.006824,0.016532,-0.136878,0.013811,0.273092,0.06355,-0.15317,0.049943,0.146731,0.058029,-0.156841,-0.056299,-0.082194,0.100747,0.214953,0.021001,-0.386971,-0.225665,-0.241029,0.018022,-0.105857,0.044148,-0.066176,-0.180799,0.103112,-0.200841,-0.044679,0.126803,0.039784,-0.072723,-0.233313,-0.191637,0.019343,0.413891,-0.093383,0.111698,-0.039642,0.183146,-0.130785,0.153283,0.035231,0.086198,0.029457,-0.146953,-0.240652,0.041644,0.222158,0.12526,0.406485,0.007432,0.04536,-0.003056,-0.225389,-0.197664,0.308072,-0.320424,-0.195783,0.304822,0.272117,-0.215064,0.085234,0.194874,-0.089275,-0.026384,-0.007298,-0.154969,-0.089381,-0.211312,0.076607,-0.115193,-0.23064,-0.148006,-0.011498,0.030788,0.080818,-0.324663,0.127187,0.40482,0.131941,0.103662,-0.087267,0.011954,0.11074,0.117615,-0.023566,-0.029963,-0.276526,0.330579,0.097466,-0.041171,-0.054131,-0.078781,-0.01883,-0.116241,0.058378,-0.294951,0.135213,-0.046455,-0.160356,0.108081,0.054399,-0.30045,0.258506,-0.200826,0.017303,0.048948,0.192137,-0.175967,0.228227,0.148726,-0.178021,0.085586,-0.0396,-0.236901,-0.069415,0.144852,0.176384,0.225349,-0.401575,-0.162821,0.354495,-0.177234
canon_Material_00269,0.057947,-0.016532,0.029423,-0.034636,-0.049867,-0.018836,0.047807,0.05771,0.050814,-0.005826,-0.003513,0.007809,0.022257,0.113917,0.135462,-0.049557,0.076246,-0.01265,-0.082793,0.005235,0.087352,0.046419,-0.104803,-0.025102,-0.115058,0.078093,-0.041071,0.015812,0.104377,0.009574,0.003678,-0.007058,-0.036892,0.030353,-0.031252,-0.032598,0.008139,-0.006035,0.035429,0.097102,-0.100328,0.096798,0.018154,0.014382,-0.004436,-0.005389,-0.021546,0.030312,-0.016746,-0.032205,-0.094584,0.025449,0.147656,0.094236,0.075254,0.026113,-0.046524,0.058001,-0.036824,-0.048883,0.064249,-0.075546,-0.078955,0.130441,0.188772,-0.10463,-0.075719,-0.011793,-0.066218,-0.159455,0.031703,-0.055806,-0.087114,-0.051507,0.065669,-0.046269,-0.086538,0.005246,-0.038307,0.000118,0.007491,-0.128465,0.029719,0.05061,0.006424,0.009051,0.007444,-0.062477,0.102679,0.014594,-0.040846,0.028595,-0.129051,0.064642,0.091117,-0.036892,-0.006713,-0.0825,-0.039659,-0.057632,-0.080394,-0.079804,0.022926,-0.042445,-0.105328,0.035977,-0.035157,-0.083957,0.108121,0.069215,0.047802,0.042101,0.073226,0.066896,-0.026286,0.121999,-0.169905,-0.023024,0.044636,-0.062467,-0.035602,-0.034655,0.044281,0.107586,-0.098821,-0.100609,0.098528,-0.078427
canon_Material_00270,0.074812,-0.043907,0.043448,-0.060892,-0.036812,-0.027266,0.051548,0.034857,0.021679,-0.00217,-0.022453,0.018354,-0.014415,0.125301,0.146581,-0.086197,0.089654,-0.011821,-0.090083,0.008643,0.067089,0.027052,-0.13008,0.006909,-0.115844,0.09584,-0.016095,-0.019229,0.074029,-0.03417,0.018019,-0.006277,-0.027958,0.057929,-0.026769,-0.042584,-0.011284,-0.000715,0.024256,0.124747,-0.100449,0.062852,0.006852,0.075605,0.012184,-0.023143,-0.027354,0.054423,0.026432,-0.021971,-0.093051,0.021315,0.141664,0.089884,0.028174,0.088316,-0.055783,0.043187,-0.030831,-0.009624,0.084306,-0.073945,-0.106744,0.139631,0.183065,-0.096241,-0.071559,-0.020968,-0.061442,-0.166125,0.080854,-0.078125,-0.092126,-0.078963,0.09311,0.013291,-0.117368,0.006801,-0.003632,-0.003705,0.035303,-0.11314,0.046126,0.038699,-0.039736,0.002947,-0.026741,-0.046488,0.089286,0.022283,-0.035301,0.035818,-0.110305,0.055753,0.064848,0.012681,0.004543,-0.054523,-0.056506,-0.070523,-0.054561,-0.093449,0.026029,-0.049499,-0.080419,0.063757,0.001707,-0.118225,0.115806,0.062184,0.043276,0.044021,0.096377,0.048223,-0.065427,0.10383,-0.219315,-0.042671,0.054079,-0.044928,-0.001287,-0.032578,0.044947,0.164937,-0.131923,-0.094362,0.120948,-0.052919
canon_Material_00272,0.262583,-0.243935,-0.062388,-0.208666,-0.007288,0.073557,-0.004486,-0.076742,-0.295633,-0.135228,0.006636,0.017733,-0.282077,0.22714,0.346575,-0.368858,-0.062036,0.119137,-0.119163,-0.408168,-0.076465,-0.077479,-0.16026,0.238223,0.05576,0.306106,0.299737,0.083077,0.304602,-0.261726,0.049053,-0.003201,0.0312,0.072225,-0.021215,-0.173653,-0.128641,0.099083,0.017129,0.130023,0.037817,0.066337,-0.192993,0.20708,0.211336,-0.296861,-0.157771,-0.018469,0.127354,-0.010468,-0.224314,-0.058,0.40759,0.26259,0.119062,0.200039,-0.137539,-0.199669,0.002305,0.076627,0.315203,0.104144,0.082128,0.502886,0.100382,-0.026082,-0.133355,0.049083,-0.043643,-0.487713,0.179474,-0.175275,-0.015096,-0.204094,0.011495,0.166878,-0.246068,0.120369,0.021835,0.010457,-0.047018,-0.229571,0.141321,-0.022933,-0.178661,-0.126087,0.090274,-0.096358,0.261799,-0.004292,-0.007951,0.040289,-0.083569,0.142962,-0.020593,-0.001374,-0.083127,-0.04639,-0.133333,-0.088049,0.011328,-0.148432,-0.197521,0.101576,-0.053795,0.269147,-0.119743,-0.369883,0.161725,0.131889,0.166651,0.072348,0.238157,0.078554,-0.067359,0.09336,-0.249967,0.015324,0.300045,0.024091,0.001698,0.018402,-0.17916,0.363969,-0.243087,-0.395494,0.130675,-0.167944
canon_Material_00273,0.269379,-0.327661,-0.045973,-0.21784,0.003479,0.084387,-0.01811,-0.074066,-0.36935,-0.204615,-0.092428,-0.024976,-0.372767,0.323128,0.4835,-0.47409,-0.052734,0.066575,-0.148449,-0.422013,-0.108913,-0.091126,-0.165458,0.298096,0.069978,0.381871,0.408999,0.13552,0.385688,-0.326614,0.052714,-0.004817,-0.007982,0.085633,-0.034615,-0.188678,-0.218732,0.137397,-0.024696,0.169096,0.040223,0.060139,-0.202122,0.280192,0.287423,-0.290264,-0.154697,0.004317,0.140202,0.003037,-0.337555,-0.071733,0.464248,0.292053,0.097065,0.223139,-0.203416,-0.217729,0.035524,0.062688,0.370741,0.112613,0.14319,0.583384,0.158493,-0.00435,-0.218026,-0.025922,-0.043242,-0.549478,0.228498,-0.222771,-0.07263,-0.26179,0.041743,0.208846,-0.366644,0.17853,0.003215,-0.012366,-0.067389,-0.239902,0.215926,-0.065737,-0.201252,-0.237817,0.10413,-0.101668,0.280221,-0.016514,-0.013501,0.049606,-0.06153,0.191388,-0.028925,0.027244,-0.129414,-0.01066,-0.168348,-0.104226,0.071915,-0.191531,-0.314808,0.085378,-0.043157,0.322419,-0.183237,-0.440447,0.155233,0.219493,0.172318,0.079873,0.347763,0.065289,-0.109407,0.112816,-0.263641,-0.063527,0.338152,0.015376,0.034672,0.005835,-0.230946,0.488245,-0.277343,-0.463208,0.170997,-0.161506
canon_Material_00274,0.274986,-0.270256,-0.056086,-0.249763,-0.012588,0.051502,-0.011683,-0.068072,-0.333874,-0.161646,-0.032978,-0.019039,-0.337372,0.262163,0.415805,-0.419645,-0.009553,0.095558,-0.129245,-0.421853,-0.119135,-0.084548,-0.17902,0.236734,0.070645,0.335394,0.34769,0.113673,0.338506,-0.286318,0.043123,-0.014205,0.000112,0.099662,-0.052965,-0.195906,-0.195172,0.106812,0.015048,0.156629,0.047088,0.060749,-0.20505,0.244364,0.237114,-0.289329,-0.182782,-0.005331,0.13368,-0.026917,-0.280026,-0.072798,0.44313,0.29335,0.122143,0.20463,-0.165947,-0.19063,0.00175,0.066728,0.345859,0.091511,0.081133,0.549121,0.152451,-0.028802,-0.189045,0.005166,-0.056378,-0.528557,0.200802,-0.198827,-0.046862,-0.256599,0.023374,0.168676,-0.305715,0.13765,-0.009181,0.008253,-0.078163,-0.247591,0.182598,-0.027255,-0.177593,-0.181692,0.096774,-0.090615,0.270085,0.016036,-0.029778,0.033738,-0.090659,0.184024,-0.021706,0.01486,-0.120086,-0.030939,-0.149788,-0.104242,0.058131,-0.184911,-0.263143,0.096686,-0.039097,0.277172,-0.16554,-0.416473,0.174059,0.183255,0.168985,0.093549,0.302292,0.078199,-0.092829,0.142488,-0.268889,-0.025316,0.332035,0.023558,0.014827,0.017578,-0.185257,0.420414,-0.253433,-0.439625,0.1838,-0.186657
canon_Material_00275,0.28758,-0.374414,-0.052628,-0.282352,-0.003084,0.0938,-0.022582,-0.117401,-0.412894,-0.230168,-0.11206,-0.012446,-0.432119,0.332541,0.532367,-0.532995,-0.022008,0.052763,-0.142017,-0.480101,-0.145583,-0.124875,-0.205725,0.330907,0.090638,0.404592,0.448787,0.092467,0.381885,-0.374431,0.076434,-0.018137,-0.004354,0.106442,-0.015068,-0.184576,-0.2526,0.12875,-0.039521,0.165565,0.065763,0.038843,-0.232077,0.330932,0.314504,-0.357849,-0.166266,0.014312,0.174231,-0.000991,-0.333888,-0.080636,0.501125,0.297639,0.108527,0.234284,-0.225186,-0.230348,0.063285,0.091683,0.406209,0.130826,0.153757,0.639529,0.155421,0.003691,-0.227882,-0.034945,-0.025789,-0.612972,0.262029,-0.256206,-0.067031,-0.305286,0.029469,0.224656,-0.415818,0.163631,0.011209,-0.007176,-0.072399,-0.249284,0.245812,-0.068916,-0.237708,-0.261072,0.094643,-0.116043,0.305609,-0.032976,-0.025098,0.06928,-0.071729,0.196309,-0.035417,0.059938,-0.128591,0.039835,-0.194683,-0.122565,0.122269,-0.191343,-0.355425,0.107469,-0.030336,0.366461,-0.203334,-0.487688,0.186256,0.240631,0.170766,0.120005,0.380935,0.069526,-0.150955,0.130912,-0.304527,-0.103643,0.376101,0.042113,0.062787,0.017745,-0.257741,0.519175,-0.299124,-0.499512,0.215629,-0.167457
canon_Material_00276,0.282573,-0.26852,-0.050228,-0.226984,0.014361,0.045609,-0.006885,-0.098137,-0.344196,-0.205589,-0.029867,-0.013529,-0.361521,0.260012,0.419759,-0.443411,-0.034518,0.075455,-0.108435,-0.459635,-0.099092,-0.088118,-0.157982,0.264643,0.085068,0.360751,0.371461,0.137345,0.358873,-0.308172,0.053333,0.00059,0.019862,0.105718,-0.027666,-0.203657,-0.21485,0.117331,-0.022271,0.16654,0.047548,0.06683,-0.228494,0.262831,0.261359,-0.311245,-0.152845,-0.020794,0.141471,0.002893,-0.313056,-0.069243,0.424317,0.297225,0.111737,0.198735,-0.196049,-0.205747,-0.001084,0.070308,0.369683,0.09851,0.155156,0.564848,0.120239,-0.002547,-0.18489,-0.00103,-0.016504,-0.515163,0.192027,-0.211893,-0.073711,-0.259196,0.03071,0.185316,-0.314633,0.141102,-0.019902,-0.027873,-0.070371,-0.238488,0.196081,-0.043303,-0.176488,-0.222493,0.09574,-0.113397,0.269886,0.023231,-0.033188,0.034994,-0.076263,0.186193,-0.030456,0.009557,-0.10469,-0.007121,-0.156732,-0.077638,0.079169,-0.198399,-0.274865,0.088609,-0.030375,0.285508,-0.165507,-0.453464,0.155497,0.180845,0.167357,0.065806,0.322744,0.038795,-0.090608,0.121876,-0.217569,-0.050527,0.329204,0.013029,0.00701,0.01467,-0.212956,0.436704,-0.272504,-0.468036,0.15521,-0.181456
canon_Material_00279,-0.000822,0.141548,-0.208546,-0.011415,-0.01064,0.041258,0.040147,-0.051494,-0.07515,-0.049965,0.065528,0.059263,-0.106933,0.131561,0.326943,-0.058778,-0.028225,-0.180902,-0.144331,0.118192,0.014864,-0.070651,-0.352637,0.001583,-0.37279,0.162235,-0.141554,-0.005633,-0.056711,-0.115416,-0.155213,-0.380297,0.094166,-0.061872,0.089256,-0.090572,-0.224519,-0.173754,-0.074521,0.192945,-0.034657,0.145771,0.069302,0.052521,0.039626,0.091158,0.046811,0.173551,-0.142958,-0.066664,0.044564,0.150027,0.363572,0.070253,0.071699,-0.05297,-0.006331,-0.005026,-0.009948,0.058444,0.111788,-0.000577,-0.165149,0.195994,0.226861,0.007971,-0.164327,0.017724,-0.067252,-0.182167,-0.034367,-0.16433,0.041378,0.016628,0.096402,-0.019194,-0.209749,-0.121443,-0.039881,-0.010241,0.121198,-0.20018,-0.025822,0.073456,-0.111253,-0.088615,-0.016602,0.039959,0.269671,-0.190932,-0.071945,0.068465,-0.213802,0.149021,-0.143812,-0.255222,-0.061787,0.038835,-0.122706,-0.308386,-0.123862,-0.200697,0.020109,0.007186,-0.107284,0.179594,-0.03377,-0.105511,0.177314,-0.018475,0.054542,0.106214,0.064259,0.164562,0.082665,0.070487,-0.286245,-0.242956,0.063383,-0.255971,-0.105265,-0.041096,0.012955,0.234025,-0.188,-0.325608,0.165166,-0.130275
canon_Material_00281,0.543572,-0.102672,0.081685,-0.194476,-0.3168,0.205199,0.715817,0.165513,0.259242,0.475765,-0.050621,-0.142747,0.270718,-0.07187,0.222264,-0.079872,0.549612,0.645715,-0.413416,-0.022933,-0.20921,0.010935,-0.542109,-0.628293,-0.662495,-0.164088,0.287351,-0.791351,0.315149,-0.322479,0.461823,0.151997,0.046022,0.568427,-0.883433,-0.181954,-0.321453,-0.49841,-0.212027,-0.112268,-0.31236,-0.161631,-0.578399,-0.345015,0.59394,-0.168198,-0.319716,0.05651,0.056819,-0.145418,-0.730475,-0.363208,1.067127,0.58177,0.616197,0.550664,0.184333,0.120783,0.153067,-0.410946,0.304282,-0.03955,-1.09659,0.507832,0.999021,-0.486171,-0.073483,-0.465168,-0.357181,-0.675998,0.089915,0.668247,-0.085782,-0.039193,0.294911,-0.266966,-0.311079,0.204764,-0.099965,0.310017,-0.206622,-0.748247,0.257926,0.036263,0.59504,-0.2469,-0.020926,-0.092292,0.61987,0.360288,-0.278392,-0.093634,-0.64867,0.337971,0.004783,0.149256,0.551363,0.364679,-0.334982,0.073778,0.367696,-0.874236,-0.024583,-0.803211,-0.297183,0.506307,-0.581688,-0.227635,0.316712,0.09086,0.208899,0.350954,0.61866,0.528616,-0.018977,0.810664,-0.966116,-0.192485,0.009861,0.086591,-0.094769,-0.335678,0.484416,0.47853,-0.410726,-0.371625,1.412673,-0.400104
canon_Material_00282,0.514137,-0.072959,0.140002,-0.187296,-0.2868,0.238173,0.701365,0.194705,0.200743,0.476688,-0.032433,-0.104189,0.204772,-0.050369,0.29268,-0.074645,0.588694,0.533935,-0.361071,-0.01998,-0.241407,-0.022124,-0.422172,-0.605712,-0.608592,-0.132884,0.34993,-0.762425,0.322685,-0.433546,0.528942,0.086525,-0.04605,0.625894,-0.926764,-0.153053,-0.266526,-0.563633,-0.176034,-0.044538,-0.312504,-0.213066,-0.444448,-0.339567,0.534469,-0.12839,-0.319768,0.105199,0.111437,-0.125542,-0.74334,-0.376485,1.006609,0.541429,0.568078,0.52456,0.166081,0.031117,0.15555,-0.409014,0.359757,-0.017425,-1.137282,0.482976,1.094194,-0.599388,-0.063156,-0.492065,-0.339126,-0.646604,0.147149,0.718631,-0.052057,-0.05375,0.264443,-0.278631,-0.407005,0.13992,-0.051117,0.39635,-0.204674,-0.667007,0.245158,0.006705,0.576008,-0.263051,-0.054701,-0.081988,0.570257,0.288336,-0.166961,-0.212266,-0.521391,0.376769,-0.058943,0.087207,0.514748,0.399006,-0.392374,0.095741,0.445925,-0.83511,-0.016916,-0.78817,-0.276223,0.472526,-0.600991,-0.177358,0.465867,0.156819,0.164614,0.254107,0.664341,0.543151,-0.031146,0.912706,-0.97668,-0.187127,0.097788,0.001425,-0.075004,-0.288267,0.487647,0.538347,-0.499605,-0.41914,1.350527,-0.417408
canon_Material_00283,0.477693,-0.075458,0.054839,-0.24783,-0.354579,0.19447,0.75945,0.135721,0.187099,0.444412,0.032335,0.000686,0.19068,-0.076238,0.232149,0.000157,0.441431,0.576407,-0.429543,-0.051682,-0.161249,0.012465,-0.56229,-0.686049,-0.576434,-0.124834,0.332359,-0.697611,0.274405,-0.384278,0.531671,0.029462,0.043274,0.562989,-0.981754,-0.222922,-0.404852,-0.578782,-0.175361,-0.139548,-0.249925,-0.11122,-0.585441,-0.359281,0.529408,-0.048113,-0.235032,0.160079,0.014545,-0.129755,-0.708596,-0.358614,1.039815,0.535464,0.679424,0.518218,0.318718,-0.038546,0.19851,-0.361221,0.338872,0.020165,-1.1677,0.419962,1.042279,-0.55508,-0.055232,-0.3754,-0.375019,-0.690015,0.022095,0.692888,0.008797,-0.053664,0.138459,-0.249446,-0.314907,0.273346,-0.170469,0.357637,-0.205743,-0.707141,0.225498,0.013553,0.582985,-0.256329,-0.054915,-0.122151,0.610157,0.301083,-0.27765,-0.155965,-0.588166,0.311524,-0.078387,-0.026086,0.573245,0.391413,-0.428471,0.03999,0.315043,-0.846774,0.011888,-0.781385,-0.321111,0.473181,-0.640738,-0.192175,0.430173,0.080261,0.207506,0.259295,0.573599,0.587289,-0.095886,0.868567,-1.073757,-0.18233,0.069342,0.008875,-0.218577,-0.317993,0.482338,0.4799,-0.490935,-0.51909,1.378515,-0.460601
canon_Material_00284,0.554156,-0.141996,0.07227,-0.125407,-0.330965,0.226351,0.699809,0.089547,0.227416,0.366121,-0.034301,-0.0546,0.249812,-0.045906,0.231848,0.013159,0.450407,0.545914,-0.411633,-0.023042,-0.147948,-0.065232,-0.570508,-0.675162,-0.666839,-0.131555,0.299165,-0.753455,0.303921,-0.396749,0.584436,0.086472,0.096363,0.510944,-0.872761,-0.171359,-0.368219,-0.513768,-0.230161,-0.080638,-0.270432,-0.125773,-0.51746,-0.294084,0.611751,-0.070825,-0.271449,0.106381,-0.00246,-0.120226,-0.752675,-0.382469,1.052765,0.565115,0.625526,0.462978,0.248618,0.028728,0.130365,-0.418854,0.345475,-0.026153,-1.142134,0.464317,0.963692,-0.545196,-0.048285,-0.466979,-0.339649,-0.640274,0.078446,0.632317,-0.043239,-0.080543,0.252718,-0.176864,-0.382643,0.244501,-0.12176,0.306373,-0.193878,-0.733812,0.31404,0.023339,0.617467,-0.264367,-0.069898,-0.118854,0.60885,0.254672,-0.284301,-0.095493,-0.608586,0.365847,-0.078369,0.016841,0.658306,0.466276,-0.428574,0.099362,0.349663,-0.840769,-0.014466,-0.842949,-0.322299,0.497589,-0.523453,-0.157683,0.427983,0.099702,0.139801,0.315207,0.621774,0.455035,-0.053597,0.854223,-0.996508,-0.182239,-0.033673,0.027828,-0.084101,-0.302186,0.473042,0.517461,-0.45413,-0.45557,1.417758,-0.488374
canon_Material_00285,0.036784,-0.002923,0.096685,-0.027545,-0.023227,-0.061618,0.095245,0.094174,0.001603,-0.037175,0.047316,0.096698,-0.044008,0.177036,0.09678,-0.116144,0.02444,0.059481,-0.100142,-0.011834,0.083139,0.063767,-0.129437,0.038616,-0.125452,0.061941,0.041937,0.058115,-0.019347,-0.031205,-0.037049,-0.012432,-0.046402,-0.010676,-0.10181,-0.098981,-0.007903,-0.011085,-0.035611,0.105701,-0.078504,0.115021,-0.04467,0.018237,-0.003571,0.076568,0.0478,0.067241,0.01615,0.000516,-0.174358,0.142248,0.163975,0.154315,0.082549,0.109177,-0.022678,0.055885,-0.068749,0.088359,0.08004,-0.0577,-0.10297,0.177325,0.238575,-0.104661,-0.028836,-0.045573,-0.080209,-0.077737,0.004218,-0.03305,-0.136472,-0.097783,0.099796,-0.006657,-0.160512,0.119631,-0.062227,0.027167,0.089539,-0.07357,0.020909,0.04444,-0.029441,0.045021,0.003825,-0.043453,0.070363,0.035355,-0.061167,0.058835,-0.130806,0.096129,0.044855,-0.012002,0.011275,-0.110879,0.019667,-0.032655,-0.209493,-0.084902,0.045763,-0.01611,-0.172743,0.136868,0.056527,-0.169073,-0.008803,-0.003615,0.099221,0.001039,0.06124,0.039737,0.010732,0.066756,-0.25607,-0.122899,0.087476,-0.002007,-0.045285,-0.082785,0.121117,0.118596,-0.144913,-0.110558,0.107088,-0.088815
canon_Material_00286,0.061356,-0.026424,0.037191,-0.044766,-0.023846,-0.012469,0.066545,0.035015,-0.002783,-0.03047,0.012624,0.027731,-0.005619,0.102875,0.111369,-0.05302,0.054434,0.049642,-0.054808,-0.039297,0.068369,0.05977,-0.119395,-0.029617,-0.093149,0.087142,4.5e-05,0.027396,0.060752,-0.01003,0.014503,-0.019213,-0.022936,0.035493,-0.071803,-0.060536,-0.031456,0.00692,0.004991,0.061035,-0.035714,0.072019,-0.050853,0.024776,0.03502,0.016834,-0.004329,0.039243,-0.032811,-0.010621,-0.098918,0.020231,0.146702,0.086389,0.043647,0.045679,-0.042134,0.024736,-0.046837,-0.002348,0.059053,-0.041502,-0.09524,0.111885,0.182445,-0.097148,-0.102567,-0.022523,-0.099139,-0.158577,0.012,-0.054621,-0.056241,-0.074003,0.065146,-0.001915,-0.079892,0.029852,-0.026425,-0.003356,0.012948,-0.071134,0.020955,0.053583,0.026703,-0.020172,-0.009907,-0.089758,0.082875,0.02791,-0.094593,0.033363,-0.088858,0.076421,0.040958,-0.006543,0.015438,-0.059137,-0.026475,-0.070507,-0.094151,-0.10322,0.039302,-0.05633,-0.08142,0.029777,-0.058189,-0.098643,0.085808,0.042522,0.038084,0.004694,0.076028,0.084363,-0.028745,0.106918,-0.169764,-0.041883,0.071396,-0.055458,-0.036095,-0.052534,0.051391,0.111007,-0.123339,-0.124366,0.095512,-0.076611
canon_Material_00287,0.059951,-0.046592,6e-06,-0.022052,-0.034798,0.003089,0.038909,0.032294,0.043789,-0.013003,-0.005385,0.008689,0.003715,0.084762,0.110565,-0.048075,0.030454,0.010659,-0.087451,0.022567,0.072024,0.023366,-0.094777,-0.003361,-0.100371,0.081424,-0.023143,0.002495,0.087412,-0.021071,0.008113,-0.012984,-0.035498,0.009885,-0.02408,-0.035061,-0.006528,-0.012152,0.03764,0.086475,-0.067758,0.071558,-0.030654,0.012391,0.050007,0.006095,-0.002801,0.035316,-0.004836,-0.02646,-0.107664,0.016554,0.135891,0.089031,0.055186,0.051063,-0.014966,0.034844,-0.018959,-0.047371,0.059945,-0.07974,-0.082995,0.121358,0.161231,-0.078899,-0.054667,-0.008421,-0.052249,-0.144873,0.041343,-0.055957,-0.074009,-0.051343,0.056653,0.001069,-0.066147,0.025081,-0.00084,-0.028257,0.021922,-0.099368,0.038542,0.032886,0.006763,0.015947,0.003657,-0.041724,0.081062,0.023273,-0.0361,0.04458,-0.116531,0.048721,0.056067,-0.014973,0.004644,-0.04815,-0.023643,-0.060168,-0.066254,-0.073909,0.016022,-0.058649,-0.054763,0.064444,-0.028844,-0.100027,0.073428,0.028135,0.054657,0.057154,0.071999,0.038456,0.008078,0.089143,-0.165255,-0.050884,0.038316,-0.058026,-0.03269,-0.052319,0.052343,0.112401,-0.10418,-0.096283,0.104825,-0.071983
canon_Material_00288,0.354516,-0.369809,0.175257,-0.172622,-0.32052,-0.082567,0.402588,0.264438,0.242523,-0.031324,-0.264652,-0.023013,0.058012,0.672231,0.836102,-0.490961,0.468032,0.041944,-0.529944,0.131104,0.442595,0.148096,-0.736446,-0.070855,-0.687073,0.518224,-0.070506,-0.095863,0.613865,-0.214393,0.080761,0.083904,-0.233193,0.260902,-0.208817,-0.201947,-0.084537,-0.079338,0.18483,0.533492,-0.596502,0.381726,-0.054513,0.18014,0.257264,-0.076275,-0.079246,0.258363,0.095107,-0.131331,-0.602173,0.033797,0.972469,0.492169,0.274326,0.368281,-0.284232,0.259889,-0.116714,-0.244483,0.448371,-0.440181,-0.541474,0.787289,1.164497,-0.530513,-0.498535,-0.219486,-0.304198,-1.005682,0.245252,-0.260614,-0.552072,-0.332198,0.454395,-0.101389,-0.568356,0.10375,-0.063682,-0.053214,0.076589,-0.721308,0.366814,0.202896,0.022463,-0.078857,0.077026,-0.283744,0.665242,0.134496,-0.159059,0.213751,-0.745766,0.258515,0.379202,0.086621,0.066366,-0.204269,-0.254803,-0.33754,-0.240749,-0.572155,0.098844,-0.374097,-0.504562,0.452678,-0.352801,-0.583709,0.579185,0.405392,0.305995,0.375808,0.568128,0.343757,-0.24453,0.689667,-1.119024,-0.38071,0.252729,-0.24687,-0.053879,-0.311354,0.37534,0.822747,-0.659112,-0.633664,0.830962,-0.442731
canon_Material_00292,0.080403,-0.03472,0.058923,-0.028134,-0.038209,-0.03081,0.069362,0.040806,0.032531,-0.019367,0.023694,0.035813,0.017573,0.08342,0.106602,-0.054027,0.034164,0.039675,-0.055028,0.000414,0.093996,0.03584,-0.094828,-0.027652,-0.101733,0.068636,-0.029202,-0.010275,0.083541,-0.017521,0.015328,0.028927,-0.026196,0.031202,-0.044246,-0.038086,-0.015435,-0.028492,0.001233,0.069802,-0.094762,0.082436,-0.039141,0.029569,0.05587,-0.001814,-0.040557,0.025333,-0.004564,-0.009588,-0.114807,0.031437,0.117058,0.09045,0.051877,0.037158,-0.055753,0.028441,-0.035482,-0.038763,0.067133,-0.083557,-0.094512,0.126063,0.165969,-0.093855,-0.074636,-0.002695,-0.052937,-0.137557,0.025754,-0.042907,-0.085097,-0.073144,0.066961,-0.001926,-0.069978,0.022532,-0.035775,-0.010825,0.02417,-0.106746,0.047957,0.048574,0.023487,-0.007338,0.013027,-0.074233,0.081714,0.037085,-0.068004,0.041577,-0.118958,0.035928,0.069254,-0.00211,0.040689,-0.063103,-0.035295,-0.048963,-0.071854,-0.074936,0.031493,-0.079812,-0.095317,0.065109,-0.050374,-0.084772,0.077944,0.037138,0.042787,0.043711,0.072482,0.038031,-0.030318,0.11687,-0.177184,-0.031792,0.038976,-0.065509,-0.02591,-0.051867,0.048665,0.1311,-0.124564,-0.111957,0.109367,-0.079514
canon_Material_00293,0.09052,-0.034834,0.040746,-0.045123,-0.046758,-0.02731,0.075725,0.035748,0.005963,-0.010941,-0.002601,0.022706,-0.040081,0.135004,0.139135,-0.07256,0.044195,0.032936,-0.055809,0.012096,0.112548,0.047882,-0.128171,-0.013106,-0.120842,0.095627,-0.025533,0.016216,0.058228,-0.006974,0.031195,-0.013462,-0.017761,0.024638,-0.032858,-0.053876,-0.020879,-0.008128,0.017629,0.096915,-0.079794,0.074771,-0.034354,0.037341,0.033917,-0.016196,0.025118,0.051431,-0.000135,-0.010955,-0.105704,0.021382,0.163182,0.092117,0.048339,0.056912,-0.031055,0.058131,-0.028925,-0.012701,0.075608,-0.09263,-0.075624,0.13385,0.173255,-0.068054,-0.098127,0.001176,-0.087376,-0.174616,0.048295,-0.102673,-0.050119,-0.088675,0.058653,0.000538,-0.096404,-0.028214,-0.010816,-0.025464,0.034607,-0.127953,0.030867,0.057671,-0.019615,-0.014859,0.003878,-0.071327,0.086744,0.030169,-0.074982,0.045045,-0.095304,0.065557,0.051057,0.019553,0.011501,-0.065224,-0.0201,-0.0852,-0.105864,-0.096751,0.041136,-0.041051,-0.105173,0.063111,-0.044912,-0.113274,0.083561,0.032469,0.038753,0.03277,0.047949,0.058532,-0.026503,0.114288,-0.170418,-0.038391,0.058327,-0.073908,-0.036603,-0.053891,0.057155,0.143078,-0.122075,-0.123991,0.12268,-0.041612
canon_Material_00298,0.051036,-0.027096,-0.01043,-0.050695,-0.041741,-0.015951,0.093297,0.019828,0.045183,0.016609,0.008939,0.013619,0.016925,0.094907,0.142402,-0.066449,0.088177,-0.001681,-0.10894,-0.005316,0.069496,0.033619,-0.136329,-0.003847,-0.108288,0.058563,-0.017026,-0.018363,0.060514,-0.013674,-0.003957,-0.040934,-0.020689,0.061549,-0.056866,-0.056555,-0.044976,-0.042512,0.031607,0.098546,-0.082901,0.051476,-0.039598,0.017644,0.002319,-0.029551,-0.007989,0.042347,0.014405,-0.029788,-0.091145,0.008725,0.14084,0.083814,0.023638,0.080251,-0.022212,0.048597,-0.041622,-0.010339,0.076343,-0.063251,-0.110038,0.114609,0.199374,-0.10973,-0.057052,-0.027201,-0.061495,-0.173507,0.051933,-0.039069,-0.091965,-0.07142,0.056573,-0.023077,-0.069457,0.01723,-0.015401,0.001025,0.015246,-0.11941,0.037295,0.033502,0.001464,0.005446,-0.03086,-0.065774,0.081338,0.052526,-0.040012,0.045222,-0.141303,0.029586,0.068598,0.000942,0.021399,-0.04465,-0.047162,-0.067083,-0.037409,-0.119792,0.025126,-0.066023,-0.07094,0.045495,-0.023905,-0.099507,0.130121,0.06453,0.061201,0.070957,0.094615,0.071077,-0.055318,0.1194,-0.22718,-0.078139,0.024406,-0.05182,-0.043272,-0.069051,0.066773,0.11439,-0.122639,-0.11132,0.119125,-0.078383
canon_Material_00300,0.08085,-0.031608,0.016891,-0.039102,-0.046707,-0.037153,0.08,0.058248,0.053109,-0.017064,0.011743,0.019138,0.0281,0.122042,0.095221,-0.076045,0.059718,0.032504,-0.066343,-0.004702,0.090787,0.020998,-0.092687,-0.033751,-0.108311,0.073382,-0.029503,0.028059,0.107473,-0.005253,0.004151,0.027461,-0.023683,0.03629,-0.028157,-0.064766,0.001783,0.005341,0.016177,0.067474,-0.077649,0.087983,-0.035533,0.008506,0.044811,-0.01069,-0.005713,0.02793,-0.010895,-0.028584,-0.131594,0.011094,0.129375,0.12839,0.079244,0.013446,-0.044742,0.034393,-0.025965,-0.074428,0.068337,-0.089378,-0.081488,0.123646,0.196774,-0.083201,-0.09216,-0.00948,-0.046162,-0.16376,0.051935,-0.074026,-0.080778,-0.048454,0.076271,-0.009539,-0.064604,-0.012143,-0.036904,-0.033155,0.014336,-0.098004,0.021318,0.046159,0.02636,0.022009,0.002642,-0.085409,0.087037,0.04353,-0.041721,0.033884,-0.133582,0.032809,0.058608,-0.005038,0.043064,-0.050152,-0.012728,-0.051342,-0.082591,-0.060312,0.003557,-0.088692,-0.104207,0.076098,-0.065047,-0.101544,0.082596,0.043268,0.047578,0.057083,0.040535,0.074944,0.00364,0.120257,-0.127773,-0.039222,0.028455,-0.054643,-0.029935,-0.045827,0.059592,0.109145,-0.107065,-0.11417,0.127318,-0.076473
canon_Material_00305,0.530212,-0.21699,-0.420368,0.363358,-0.305355,-0.217292,0.601178,0.108056,0.059971,-0.071338,-0.239498,-0.268205,-0.113714,-0.006519,0.882791,0.048824,0.077865,-0.163637,-0.138677,-0.029544,0.507566,0.063098,-0.222385,0.095893,-0.530057,0.3789,0.029019,0.205776,0.629292,-0.49061,-0.206243,0.637606,0.443716,0.501294,-0.333942,0.024225,0.401839,-0.225629,-0.129588,0.358858,-0.297843,0.149477,0.546528,0.217458,0.100539,-0.320182,-0.218205,-0.249771,0.088005,0.326113,-0.157726,-0.08179,0.262971,0.287612,-0.259774,0.323781,-0.046595,0.335618,-0.520943,-0.396591,-0.014359,0.051728,-0.656728,-0.178579,0.545277,-0.201422,0.005564,-0.28693,-0.301924,-0.277752,0.407697,-0.182142,-0.214326,-0.368006,0.244282,0.493185,-0.052845,-0.361983,0.320002,0.010256,0.148961,-0.633047,0.062051,0.217965,-0.20806,-0.383273,0.16849,0.328823,0.195154,0.086,-0.229004,-0.052925,-0.067423,0.11197,-0.341499,-0.66183,0.044369,-0.217964,0.122992,-0.082542,-0.638952,-0.409453,0.027212,-0.564599,-0.278092,0.385061,0.077315,-0.302481,1.124871,0.142549,-0.27291,0.211325,0.0246,0.325333,-0.058145,0.817474,-0.708778,0.216788,-0.03028,-0.547798,-0.527733,-0.172445,-0.114618,0.358972,-0.614783,-0.589543,0.735964,0.281924
canon_Material_00306,0.073281,-0.044442,0.037335,-0.039167,-0.015098,0.005732,0.078083,0.041029,0.008906,-0.00343,1.1e-05,0.005838,0.005483,0.101794,0.113262,-0.038683,0.06888,0.067378,-0.081151,-0.021263,0.068162,0.087121,-0.128897,-0.079918,-0.107504,0.060935,-0.025718,0.011036,0.07981,-0.025387,0.016154,-0.013346,0.007935,0.051177,-0.060205,-0.068412,-0.021506,-0.046161,-0.001392,0.07753,-0.078126,0.058325,-0.035067,0.024189,0.036882,-0.013587,-0.02891,-0.000348,-0.020288,-0.057595,-0.091448,0.024653,0.179501,0.110889,0.095155,0.069153,-0.019796,0.066368,-0.032047,-0.030928,0.080965,-0.084784,-0.101822,0.123442,0.17374,-0.095592,-0.09123,0.009157,-0.107102,-0.155777,0.030701,-0.073924,-0.105846,-0.073106,0.08391,-0.042244,-0.090922,-0.019322,-0.006468,0.010325,0.016868,-0.119882,0.040658,0.11491,0.030207,0.013006,0.005637,-0.063559,0.100806,0.080044,-0.06647,0.039323,-0.110244,0.089562,0.082709,0.017965,0.005889,-0.065816,-0.052313,-0.075211,-0.036285,-0.129864,0.016643,-0.074371,-0.09029,0.071589,-0.040675,-0.089208,0.09736,0.023718,0.056888,0.019986,0.094772,0.073844,0.000329,0.084906,-0.153521,-0.037536,0.039285,-0.069413,-0.02847,-0.056388,0.050887,0.115745,-0.134218,-0.120903,0.12362,-0.079476
canon_Material_00307,0.08691,-0.000547,0.023916,-0.059894,-0.019145,-0.021155,0.072243,0.044725,0.055539,-0.03757,0.008942,0.004173,-0.0208,0.134391,0.11367,-0.085164,0.100223,0.013939,-0.085073,-0.032004,0.050091,0.049904,-0.163747,-0.037458,-0.11347,0.105304,-0.041821,0.025801,0.111356,-0.00104,0.004228,0.041756,-0.047304,0.009438,-0.019973,-0.086887,-0.059853,0.016332,-0.045529,0.081312,-0.106955,0.084281,-0.047586,0.06139,0.042436,-0.021541,-0.055495,0.010352,-0.003742,-0.030811,-0.163335,0.053304,0.151754,0.113618,0.039501,0.063846,-0.045079,0.098263,-0.074577,-0.048513,0.071616,-0.081034,-0.089518,0.145688,0.190378,-0.096093,-0.124127,-0.018186,-0.069741,-0.133382,0.015162,-0.035816,-0.118119,-0.07465,0.082927,0.005905,-0.085725,0.036686,-0.051375,-0.058745,0.020222,-0.154378,0.053265,0.052527,0.019756,0.005314,-0.020947,-0.06831,0.05215,0.081039,-0.084835,0.015278,-0.155852,0.0896,0.052319,0.010049,0.061378,-0.055141,-0.006325,-0.086632,-0.06358,-0.15866,0.002464,-0.047636,-0.107068,0.049362,-0.070908,-0.131896,0.080914,0.042695,0.098507,0.030913,0.101213,0.054416,-0.018865,0.114562,-0.150335,-0.108451,0.058117,-0.041164,0.018726,-0.062206,0.088722,0.130017,-0.097948,-0.109769,0.106338,-0.093696
canon_Material_00308,0.050705,-0.043401,0.060098,-0.047728,-0.03936,-0.008927,0.087256,0.054991,-0.001991,-0.027665,0.056732,0.082783,0.014032,0.114186,0.093753,-0.063812,0.036045,0.065195,-0.062289,-0.000928,0.056173,0.057552,-0.1052,-0.022612,-0.153467,0.082611,-0.010996,0.005735,0.066072,-0.033221,0.020393,-0.003936,0.005727,0.023589,-0.066004,-0.061209,0.028541,-0.038805,-0.030966,0.092208,-0.065836,0.08576,-0.034652,0.03769,0.011747,0.014514,0.012886,0.007258,-0.005965,-0.021497,-0.096257,0.034621,0.15213,0.115971,0.058768,0.070737,-0.033939,0.047386,-0.043019,0.004664,0.094621,-0.095333,-0.1023,0.13809,0.189044,-0.120896,-0.073118,-0.015884,-0.060366,-0.174313,0.084128,-0.050656,-0.066834,-0.088816,0.064507,0.013375,-0.08638,0.004024,0.00699,0.003385,0.076007,-0.125596,0.050845,0.08043,0.002498,0.055387,-0.021629,-0.079553,0.097323,0.036211,-0.077109,0.107017,-0.093834,0.084368,0.064916,-0.021175,0.017442,-0.071493,-0.006807,-0.042347,-0.090445,-0.095659,0.033172,-0.082031,-0.117131,0.106888,-0.017472,-0.067176,0.118825,0.060275,0.068645,0.01798,0.073297,0.049987,-0.006213,0.098648,-0.165779,-0.054834,0.047422,-0.062108,-0.032023,-0.075463,0.058103,0.106488,-0.176827,-0.151197,0.093219,-0.100721
canon_Material_00309,0.045207,0.059203,-0.016247,-0.051403,-0.003676,0.044669,0.092628,0.080916,0.018959,-0.074794,0.030823,0.071365,-0.014415,0.118034,0.187457,-0.102457,0.045816,-0.080671,-0.137703,-0.068812,0.077782,0.053521,-0.101148,-0.079014,-0.151602,0.132339,0.006462,0.033592,0.027885,-0.055787,0.030836,-0.098364,-0.038189,0.018266,-0.175328,-0.023832,-0.020333,-0.023113,0.011268,0.101476,-0.122048,0.103651,-0.022803,0.002399,-0.023246,0.044683,0.017745,0.091341,-0.082221,-0.009335,-0.131647,-0.01188,0.155309,0.16086,0.076936,0.070335,-0.053617,0.005063,-0.052911,0.032679,0.119277,0.00724,-0.157852,0.079469,0.197821,-0.100364,-0.045942,-0.028215,-0.111765,-0.080935,0.017804,-0.137294,-0.04416,-0.081627,0.160467,0.058582,-0.154412,0.073082,0.023782,-0.030258,0.076094,-0.115505,0.010499,0.086193,-0.04266,-0.012624,-0.038086,-0.089931,0.130254,0.000273,-0.139569,0.130239,-0.147228,0.144946,-0.036105,-0.038801,0.024707,-0.07547,-0.061046,-0.090602,-0.145101,-0.118621,0.023525,-0.080632,-0.128153,0.060803,0.071173,-0.13283,0.084784,0.058341,0.003229,-0.006178,0.082729,0.054859,-0.006331,0.039872,-0.152487,-0.109274,0.104241,-0.082146,-0.02277,-0.025663,-0.038801,0.171564,-0.20472,-0.243356,0.083209,-0.080349
canon_Material_00310,0.142259,-0.094983,-0.072164,0.092312,0.211378,-0.023978,0.213017,0.104775,0.106827,0.28054,0.133826,0.24611,0.112286,0.403284,-0.081416,0.141783,0.016676,0.527623,0.126728,-0.348887,0.469058,0.20522,-0.21038,-0.089565,-0.126546,0.431972,-0.219399,0.296456,0.423417,0.08968,-0.011133,0.061086,0.257912,-0.155355,0.496907,-0.071523,0.116725,-0.131731,-0.024494,0.097101,-0.528142,0.119078,-0.581518,-0.153585,0.044383,-0.509934,0.086674,-0.254489,-0.389195,0.085896,-0.293884,0.217223,0.606194,0.407657,0.238768,-0.009143,-0.093895,0.317443,-0.237162,0.019879,0.085105,-0.118918,0.146354,0.324214,0.380707,0.189998,-0.176828,0.291756,0.007595,-0.421707,0.138177,-0.122983,0.123642,0.089316,0.241693,0.157253,-0.571421,-0.186541,-0.114412,-0.077322,0.000449,-0.450621,0.174349,-0.086603,0.008223,-0.492238,-0.007378,-0.508584,0.307169,0.013297,0.058058,0.096375,-0.286184,-0.139466,-0.105027,-0.15074,0.296253,-0.261103,-0.111395,-0.08546,-0.371025,-0.386837,-0.017889,-0.249901,-0.332476,0.154423,-0.196603,-0.523515,0.159317,0.066541,0.439504,-0.088322,-0.024173,0.156937,0.17649,0.385202,-0.278208,-0.003415,0.363747,0.000274,-0.113346,-0.044293,0.199004,0.326153,-0.334857,-0.374374,-0.025594,0.058358
canon_Material_00311,0.083049,-0.00928,-0.033141,-0.008262,0.064128,-0.048056,0.103415,0.066504,0.002576,0.12209,0.04753,0.086297,0.005094,0.213308,0.017169,0.011396,0.029768,0.205206,-0.005278,-0.123007,0.160047,0.081553,-0.163033,-0.037731,-0.11128,0.229153,-0.102537,0.099743,0.154311,0.025901,-0.009145,0.02591,0.081763,-0.031877,0.182133,-0.01269,0.018859,-0.027388,0.009125,0.085152,-0.244937,0.045775,-0.209364,-0.02163,0.014222,-0.196394,-0.001271,-0.037396,-0.150228,0.029568,-0.122231,0.097669,0.297273,0.167527,0.096087,0.037425,-0.045359,0.139344,-0.103325,-0.00924,0.027078,-0.069885,0.024406,0.145092,0.196692,0.059345,-0.079847,0.074678,-0.040552,-0.185162,0.072137,-0.073145,0.050765,-0.014799,0.142207,0.090855,-0.234154,-0.075455,-0.037777,-0.031282,0.003211,-0.204133,0.069642,-0.0224,0.027263,-0.190434,-0.007108,-0.206479,0.100365,0.027032,0.025944,0.074161,-0.143221,0.010681,0.012915,-0.057424,0.107282,-0.158158,-0.022372,-0.055651,-0.155982,-0.192278,-0.004856,-0.089492,-0.12774,0.083458,-0.074806,-0.251286,0.084509,0.045186,0.167754,-0.012302,-0.000892,0.052965,0.064258,0.18497,-0.20128,-0.015806,0.133559,0.029259,-0.026178,-0.009477,0.123766,0.167917,-0.162981,-0.183522,0.058926,-0.001754
canon_Material_00312,0.005944,-0.019988,-0.01087,-0.143999,0.01022,0.036158,0.049619,0.058101,0.084033,-0.084105,-0.082096,0.022142,-0.032277,0.21257,0.149725,-0.152972,0.105117,0.035777,-0.084586,-0.086014,0.089262,0.049334,-0.186932,-0.064951,-0.179259,0.071264,-0.023404,0.073309,0.106001,0.018169,-0.017173,-0.089331,-0.048047,0.04786,-0.025657,-0.102296,-0.115904,0.042702,0.051989,0.087354,-0.108022,0.053422,-0.088697,0.034438,0.063305,0.009049,0.038222,0.097174,-0.051198,0.060714,-0.175595,0.028069,0.159821,0.135934,0.067591,0.05665,-0.011759,0.0812,-0.042001,-0.031398,0.03906,0.007191,-0.065704,0.13095,0.182091,0.026122,-0.124999,0.039264,-0.112453,-0.165535,0.002067,-0.165027,-0.159528,-0.112878,0.067969,0.094497,-0.104809,0.070212,-0.130748,-0.104949,-0.029193,-0.024469,-0.006462,0.015848,0.00098,-0.102079,-0.016802,-0.136279,0.050651,0.109726,-0.168626,0.052653,-0.189137,0.060258,0.026843,0.032177,0.002486,-0.036004,-0.052823,-0.179759,-0.126438,-0.067669,-0.045518,-0.05309,-0.083372,-0.013972,-0.1079,-0.209032,0.064062,0.054632,0.109686,0.070339,0.067909,0.023039,-0.018141,0.085742,-0.21579,-0.124547,0.096853,-0.08044,-0.025202,-0.043778,0.081771,0.114897,-0.097689,-0.119663,0.083262,-0.053671
canon_Material_00371,0.049759,-0.026162,-0.002867,-0.057287,-0.046992,-0.049926,0.041457,0.027257,-0.011923,-0.003534,0.094877,0.055333,-0.043519,0.116711,0.072768,-0.025801,-0.031463,0.004628,-0.079538,0.00252,0.122453,0.00505,-0.169112,-0.072063,-0.129852,0.073274,-0.046791,0.030317,0.02979,-0.045406,0.014814,-0.074375,-0.014778,0.027828,0.006505,-0.049945,-0.052072,-0.055893,0.017559,0.100523,-0.093266,0.077731,-0.082916,0.03911,-0.012297,0.03742,0.025211,0.063377,-0.005721,-0.017716,-0.131749,0.085053,0.182885,0.111006,0.143459,0.01654,0.016514,0.003142,-0.030069,-0.047747,0.107101,-0.126062,-0.091061,0.13969,0.17849,-0.098594,-0.009825,0.063172,-0.070898,-0.137853,0.01441,-0.110118,-0.033408,-0.103222,0.047967,0.00578,-0.104062,-0.026635,-0.045447,-0.046185,0.019072,-0.137001,0.049131,0.097434,0.00216,0.033051,0.015948,-0.082045,0.074374,0.009473,-0.047801,0.039652,-0.161592,0.065408,0.038535,-0.025462,0.032574,-0.043443,-0.009606,-0.08351,-0.096857,-0.110313,0.039806,-0.036108,-0.085293,0.085853,-0.049513,-0.150245,0.092188,-0.028261,0.060846,0.064067,0.0784,-0.013266,0.04665,0.111439,-0.193722,-0.041472,0.030654,-0.099228,-0.062038,-0.021631,0.103584,0.127906,-0.160807,-0.137101,0.179761,-0.087703
canon_Material_00437,0.146653,-0.038978,0.044151,-0.187904,-0.482187,-0.242255,0.268332,0.100337,0.382625,0.333669,0.385357,0.534228,0.022105,0.501172,0.311148,-0.065674,-0.059103,-0.279111,-0.317109,-0.192026,0.04725,0.502773,-0.216797,-0.394806,-0.475895,0.590366,-0.257475,0.158614,0.00956,-0.079817,0.067887,-0.31023,-0.06522,-0.323601,0.224751,-0.560063,-0.165747,0.119722,-0.179548,0.442337,-0.219333,0.136161,-0.222916,-0.106846,-0.151867,-0.032924,0.013369,0.129618,0.10575,0.431618,-0.573268,0.443382,0.633776,0.323569,0.34445,0.431229,-0.239653,0.481194,-0.176419,0.461483,-0.245151,-0.255502,-0.235224,0.589485,0.980606,-0.531307,-0.094456,-0.182029,-0.135097,-0.433068,0.355469,-0.306507,-0.323851,-0.575267,-0.041098,0.012276,-0.169747,0.65059,0.00793,-0.058662,0.154202,-0.343298,-0.011224,0.56172,-0.033868,0.114821,0.188112,-0.397783,0.221626,0.640256,-0.098666,0.790672,-0.248864,0.56775,0.553715,-0.167653,0.065691,-0.542877,0.150605,-0.581937,-0.205429,-0.268841,-0.277504,-0.376369,-0.361408,0.286727,0.405998,-0.117443,0.345165,0.254164,0.624865,-0.126408,0.089972,0.023799,-0.276158,0.437888,-0.70315,-0.632665,0.50325,0.244878,-0.214932,-0.685238,0.446435,-0.313934,-0.551595,-0.413243,0.213699,-0.160451
canon_Material_00546,0.061709,-0.020432,0.02468,-0.030009,-0.018307,-0.008651,0.053871,0.056301,0.032648,-0.005171,-0.02545,0.003012,-0.01286,0.123159,0.145754,-0.081468,0.064207,0.001519,-0.087104,0.001742,0.0804,0.040544,-0.084886,-0.00469,-0.097364,0.113336,0.017151,0.039907,0.085397,-0.020322,0.002092,-0.028534,-0.030017,0.034971,-0.061955,-0.059356,-0.037992,-0.029713,0.043162,0.107486,-0.081562,0.071062,-0.030788,0.012039,0.030456,0.011403,-0.016664,0.063726,-0.031251,-0.053189,-0.104948,0.003283,0.127425,0.102599,0.017698,0.049509,-0.051458,0.037592,-0.039822,-0.023176,0.065276,-0.052686,-0.065847,0.136247,0.194028,-0.106985,-0.093408,-0.007188,-0.084787,-0.162308,0.048342,-0.083306,-0.073886,-0.069094,0.082642,-0.014184,-0.095007,0.014633,-0.031393,-0.035218,0.007804,-0.102407,0.030546,0.02889,-0.012956,-0.009382,-0.009869,-0.065732,0.08827,0.024424,-0.048066,0.043706,-0.086951,0.054994,0.061156,-0.016064,-0.00523,-0.074977,-0.02826,-0.070522,-0.061413,-0.113137,0.026078,-0.060842,-0.082926,0.035818,-0.064905,-0.103896,0.100719,0.07349,0.038279,0.036621,0.09262,0.052614,0.004074,0.142865,-0.166152,-0.060829,0.062743,-0.098633,-0.02572,-0.053893,0.050257,0.153739,-0.134526,-0.138453,0.102626,-0.078488
canon_Material_00584,0.015157,-0.04064,0.005897,-0.055939,-0.039661,0.004579,0.05904,0.038349,0.007916,0.004474,0.011815,0.01971,0.00807,0.113292,0.130175,-0.060998,0.064119,0.02787,-0.131592,-0.016346,0.042661,0.049455,-0.167651,-0.038106,-0.093996,0.072842,0.014927,0.051193,0.070931,-0.012956,-0.035229,-0.07624,-0.039928,0.006661,-0.082326,-0.057475,-0.097799,-0.026961,0.032892,0.08408,-0.037443,0.057701,-0.061384,0.015805,0.031551,0.018904,0.003942,0.039149,-0.016418,-0.075064,-0.121211,0.009564,0.136958,0.067404,0.067659,0.04078,-0.052173,0.066747,-0.015649,-0.020049,0.074445,-0.073373,-0.127328,0.147801,0.172997,-0.092739,-0.100948,-0.026339,-0.091728,-0.174216,0.012994,-0.09849,-0.106989,-0.087158,0.067785,-0.030416,-0.070144,0.020544,-0.038094,-0.002006,0.003889,-0.082234,0.045539,0.049148,0.009233,0.022185,-0.002159,-0.068762,0.103384,0.081311,-0.091792,0.081627,-0.138946,0.070656,0.038112,-0.000314,-0.026575,-0.034389,-0.044995,-0.081471,-0.043306,-0.135278,0.020629,-0.060655,-0.084924,0.063167,-0.07158,-0.100292,0.061842,0.044832,0.060059,0.063028,0.088342,0.058106,-0.005356,0.106764,-0.206665,-0.091028,-0.001489,-0.06223,-0.044894,-0.055897,0.035588,0.123676,-0.131745,-0.093562,0.143515,-0.116291
canon_Material_00762,0.053993,-0.001632,0.031914,-0.05326,-0.029248,-0.037861,0.061745,0.076128,0.05288,0.021999,0.026496,0.014606,0.035658,0.1127,0.107601,-0.06065,0.083017,0.037113,-0.078017,-0.043198,0.069536,0.048983,-0.105566,-0.022589,-0.102076,0.095522,-0.018014,0.002524,0.102675,-0.011366,-0.007195,0.02891,-0.032416,0.055193,-0.052937,-0.007565,-0.024002,-0.003202,0.018211,0.091953,-0.106525,0.081246,-0.041988,0.035232,0.010366,-0.014713,-0.048989,2.4e-05,0.008627,-0.027975,-0.121284,0.043017,0.11997,0.096816,0.063545,0.04411,-0.045717,0.044352,-0.04512,-0.027065,0.083427,-0.093222,-0.062642,0.113251,0.19362,-0.093595,-0.087486,-0.018707,-0.059664,-0.14747,0.029207,-0.059083,-0.09898,-0.073259,0.099248,0.003596,-0.068575,0.02982,-0.040652,-0.053576,0.000139,-0.126088,0.03219,0.045637,0.031978,0.003476,0.009622,-0.053819,0.073335,0.055746,-0.060969,0.059561,-0.132973,0.055613,0.100754,-0.009552,0.02466,-0.09051,-0.017447,-0.061926,-0.066676,-0.113231,0.012515,-0.070375,-0.068669,0.044892,-0.047012,-0.101317,0.10936,0.065628,0.070337,0.048946,0.084189,0.046939,-0.036051,0.143225,-0.168782,-0.063381,0.025132,-0.041227,-0.002498,-0.049308,0.076737,0.144597,-0.101341,-0.11913,0.099629,-0.057222
canon_Material_00827,0.077203,-0.054279,0.01379,-0.018009,-0.047862,-0.027033,0.081139,0.041786,0.023588,0.012706,0.026395,0.023062,0.02581,0.118337,0.096712,-0.067854,0.043741,0.065833,-0.075042,-0.041825,0.081381,0.048375,-0.104409,-0.017442,-0.108466,0.071959,-0.038486,0.021484,0.086911,0.004486,-0.014871,0.008727,0.006348,0.019932,-0.039617,-0.062942,-0.008318,-0.007257,0.021402,0.07601,-0.061267,0.067626,-0.052579,0.002608,0.022945,-0.014161,-0.021763,0.026084,0.006112,-0.020045,-0.077148,0.005965,0.160587,0.087366,0.062726,0.050955,-0.017623,0.037096,-0.044016,-0.025525,0.076191,-0.079001,-0.076612,0.134668,0.165768,-0.107908,-0.082753,0.004197,-0.057293,-0.153231,0.031547,-0.025931,-0.080859,-0.063023,0.065434,-0.016055,-0.06286,0.039125,-0.022344,-0.022866,0.019414,-0.114901,0.022943,0.049353,0.03747,0.0189,0.00957,-0.08158,0.078596,0.053214,-0.041976,0.051665,-0.121327,0.055658,0.063656,-0.01179,0.030981,-0.102074,-0.009955,-0.055371,-0.081157,-0.096012,0.01747,-0.078713,-0.09234,0.051636,-0.045291,-0.075865,0.095688,0.060196,0.073958,0.050525,0.056531,0.07757,-0.026798,0.108087,-0.167629,-0.028036,0.041674,-0.034046,-0.026706,-0.055933,0.055072,0.110636,-0.09788,-0.103628,0.086567,-0.058617
canon_Material_00828,0.034726,0.199702,0.124752,-0.169048,0.064015,-0.163093,0.143664,0.071709,0.123228,-0.102637,0.176899,-0.067123,-0.077856,0.069594,0.016824,-0.100059,-0.014175,0.006097,-0.181922,-0.13836,0.2217,0.190667,0.046448,-0.077901,-0.101073,0.149179,-0.008227,0.220623,0.142659,-0.047629,0.015212,-0.023652,-0.099981,0.106486,-0.123257,-0.211337,-0.021751,0.015358,0.015628,0.015461,-0.01646,0.299392,-0.0971,-0.015944,-0.03454,-0.032742,0.15305,-0.067848,-0.077223,-0.11096,-0.285958,0.156511,0.23767,0.227344,0.041091,0.102348,-0.075994,0.0132,-0.061354,-0.03614,0.187781,-0.106855,-0.200369,0.08999,0.164428,-0.155401,-0.073608,-0.197587,-0.084859,-0.07371,-0.002457,-0.029527,0.005721,0.050466,0.064846,0.031005,-0.04427,-0.011218,-0.10945,0.040916,-0.035858,-0.256414,0.025354,-0.041851,-0.056434,-0.104203,-0.160624,-0.158025,0.09985,-0.132159,-0.162859,-0.072232,0.007247,0.121327,0.134419,-0.016066,-0.190986,-0.020096,-0.094243,-0.140567,-0.250552,-0.236673,0.193292,-0.027968,-0.007435,0.023168,0.016262,-0.255209,0.043131,0.074838,0.075085,0.032717,0.069568,0.194944,0.029654,0.052737,-0.181587,0.015479,0.22202,-0.170924,-0.151182,-0.017355,0.006855,0.134774,-0.208708,-0.358209,0.243751,-0.157192
canon_Method_00001,0.057251,-0.050311,0.001285,-0.022992,-0.058265,-0.028519,0.046588,0.043949,0.034539,0.000182,0.009036,0.005438,0.008249,0.125563,0.126277,-0.074208,0.033386,0.005288,-0.086924,0.002912,0.093876,0.012498,-0.11211,-0.019317,-0.111356,0.075589,-0.030355,0.004669,0.075905,-0.025294,-0.010107,-0.00113,-0.025465,0.042526,-0.001579,-0.026702,0.011875,0.003639,0.050051,0.085111,-0.070107,0.081998,-0.018002,0.013869,0.038195,0.006054,-0.029425,0.036022,0.024489,-0.010376,-0.097223,0.009981,0.161982,0.085558,0.081257,0.047099,-0.040514,0.043813,-0.027816,-0.020656,0.065142,-0.091894,-0.073902,0.120142,0.190246,-0.096951,-0.070068,-0.020216,-0.053993,-0.181749,0.041909,-0.068543,-0.075839,-0.086109,0.063782,-0.029355,-0.07001,0.008496,-0.019773,-0.009264,0.020162,-0.128439,0.057794,0.043899,0.020537,0.00386,0.022765,-0.027273,0.109238,-0.002055,-0.009286,0.045413,-0.142841,0.046872,0.076902,-0.010102,-0.004841,-0.075751,-0.01832,-0.043825,-0.083945,-0.071656,0.031557,-0.049687,-0.07659,0.063451,-0.038354,-0.104764,0.09723,0.032276,0.026074,0.060142,0.086882,0.041225,-0.02497,0.114875,-0.164685,-0.017832,0.031842,-0.047622,-0.032813,-0.05053,0.048213,0.123205,-0.121037,-0.092356,0.126647,-0.066015
canon_Method_00002,0.075307,-0.101704,-0.028318,-0.047311,-0.067767,-0.015529,0.162296,0.023909,0.024078,-0.006231,0.070582,0.087695,0.042797,0.15608,0.131544,-0.042718,0.058585,0.066586,-0.117676,-0.040569,0.106205,0.021188,-0.112764,-0.043033,-0.160498,0.117741,-0.034398,0.015666,0.030958,-0.033696,-0.022154,-0.02777,0.039232,0.057854,-0.025376,-0.024148,-0.034457,-0.030881,0.032641,0.062458,-0.067044,0.053484,-0.085773,-0.077524,0.063014,-0.030165,0.007571,0.039027,0.015247,0.005622,-0.142684,0.0035,0.196767,0.132809,0.052085,0.082075,-0.042438,0.079757,-0.016091,0.01266,0.068777,-0.002106,-0.100825,0.145678,0.206974,-0.047627,-0.090497,0.008879,-0.062438,-0.17901,0.016759,-0.093773,-0.003756,-0.086764,0.073342,-0.014305,-0.016616,0.013675,0.036314,0.00063,0.029929,-0.114104,0.014073,0.021695,-0.008063,0.037619,0.022757,-0.107124,0.110726,0.048699,-0.092554,0.087554,-0.128865,0.070948,0.098212,0.027972,0.010204,-0.06529,0.00533,-0.080642,-0.127405,-0.105242,0.040361,-0.08335,-0.085579,0.130959,-0.084242,-0.036632,0.094731,0.06975,0.098495,0.001576,0.019884,0.130867,-0.004889,0.04198,-0.204575,-0.024253,0.124101,-0.05008,-0.117937,-0.037566,0.045052,0.048226,-0.138213,-0.125614,0.13654,-0.011714
canon_Method_00003,0.330027,0.041921,0.013864,-0.169068,-0.03011,-0.289288,0.004539,0.106125,-0.231051,0.072616,0.526462,0.115518,-0.322416,0.120127,0.27357,0.136604,-0.256206,-0.142554,-0.154282,0.262499,0.511969,-0.064456,-0.851609,-0.525215,-0.592185,0.037484,-0.222613,-0.007582,-0.112531,-0.442995,0.259639,-0.432122,-0.144567,0.342278,0.058071,-0.056358,-0.514254,-0.448108,0.098482,0.873735,-0.298141,0.253115,-0.131548,0.393819,-0.27989,0.347678,0.086693,0.253705,0.090803,-0.35062,-0.544631,0.079641,0.477706,0.256546,0.968563,-0.026697,0.077365,0.057128,-0.451946,-0.585146,0.679834,-0.749837,-0.55168,0.655675,0.690981,-0.41993,0.268273,0.389921,-0.176118,-0.092544,-0.01194,-0.312371,-0.15866,-0.448753,0.203867,-0.202554,-0.512059,-0.340468,-0.010752,0.069307,0.121139,-0.680966,0.3152,0.831724,0.351049,0.201826,-0.256911,0.03677,0.228114,0.190742,-0.020317,-0.099364,-0.69858,0.652171,0.20632,-0.035038,-0.043575,-0.111919,-0.019871,-0.220898,0.217841,-0.637476,0.335289,-0.154131,-0.274535,0.209604,0.03831,-0.653972,0.633969,-0.39893,-0.009086,0.216921,0.442543,-0.475211,0.454742,0.480002,-0.457942,0.182678,-0.154004,-0.47743,-0.065629,0.338615,0.47126,0.56531,-0.903019,-0.336504,0.883096,-0.398788
canon_Method_00004,0.085649,-0.080389,-0.054348,-0.10178,-0.086322,-0.02442,0.166982,0.05013,0.062088,-0.07008,0.113654,0.044486,-0.022158,0.242819,0.0868,-0.011904,0.000432,0.059659,-0.1713,-0.074019,0.090955,0.030259,-0.174429,-0.00746,-0.193178,0.21854,-0.045618,0.102367,0.134988,0.03719,0.053391,-0.016438,0.119633,-0.035226,-0.005081,-0.010295,-0.019225,0.105105,-0.041368,0.069339,-0.043504,0.209158,0.065247,0.045058,0.130079,-0.097749,-0.065459,0.085481,-0.0933,0.196347,-0.167491,-0.115743,0.266891,0.143778,0.115891,-0.067257,0.030642,0.051561,-0.079134,-0.078719,0.119026,0.016653,-0.075098,0.056617,0.164713,-0.085003,0.022496,-0.104521,-0.032316,-0.183749,0.005145,-0.197857,-0.027087,-0.070072,0.099673,0.183138,-0.000719,0.171832,-0.023491,0.058829,0.095962,-0.096171,0.156061,-0.022421,0.063742,-0.085033,-0.026569,-0.23002,0.119203,0.030158,-0.020852,0.115493,-0.199836,0.122077,0.017292,-0.035971,0.130328,-0.130869,0.019672,-0.027833,-0.28348,-0.093444,-0.005981,-0.115396,-0.150142,0.151484,0.008866,-0.080567,0.072403,0.041424,0.061829,0.055854,0.068058,0.017579,-0.015108,0.09376,-0.187871,-0.075896,0.077708,0.113569,0.030274,0.053964,-0.071037,0.147213,-0.081601,-0.264266,0.163775,0.112896
canon_Method_00007,0.14375,-0.335182,0.175535,-0.086655,-0.041326,-0.466395,0.06718,0.145737,-0.250866,0.164118,0.558643,0.087537,-0.107958,0.175735,0.335134,-0.132547,-0.012097,-0.032165,-0.416809,0.222077,0.533227,0.301885,-0.527181,-0.21423,-0.430499,0.05781,-0.351824,-0.060445,-0.077995,-0.382186,-0.107778,-0.49538,-0.024832,0.477547,-0.093729,-0.010225,0.074473,-0.625879,0.542422,0.958075,-0.058534,0.085046,0.215701,0.263299,-0.4713,0.405203,0.11507,0.131224,0.232728,-0.590687,-0.103857,-0.048376,0.489893,0.095784,0.664713,0.2824,0.045617,-0.224498,-0.229176,-0.163841,0.846031,-0.751581,-0.544918,0.621297,0.788507,-0.662,0.315314,0.337495,-0.13765,-0.470283,0.32057,-0.345962,-0.462584,-0.544452,0.17938,-0.380053,-0.421259,-0.429457,0.188719,0.334684,0.15455,-0.604076,0.281488,0.88548,0.110656,0.493456,-0.085298,0.100709,0.40058,0.292266,0.095243,0.167273,-0.536283,0.551228,0.484855,-0.118157,-0.466897,-0.499928,-0.274288,-0.226954,0.163845,-0.400562,0.561828,-0.245093,-0.33314,0.098494,0.167616,-0.565624,0.747345,-0.147653,0.081749,0.191412,0.598426,-0.225408,0.187075,0.396987,-0.796175,0.318312,-0.156248,-0.594528,-0.36835,0.222203,0.244444,0.599366,-0.896653,-0.199245,0.585991,-0.260794
canon_Method_00009,0.05444,-0.045902,0.040321,-0.082089,-0.066067,0.005727,0.064351,0.062014,0.008798,-0.011278,0.05881,0.100255,0.011665,0.13251,0.096001,-0.039218,0.023224,0.047877,-0.082157,0.006311,0.056343,0.080578,-0.117669,-0.064587,-0.147909,0.078866,-0.040121,-0.012111,0.048114,-0.018368,0.048849,-0.033455,0.011269,0.012006,-0.078221,-0.062079,0.000113,-0.045612,-0.023521,0.091076,-0.062546,0.0875,-0.020661,0.007494,0.02341,0.007185,0.010021,0.018738,-0.039231,-0.030119,-0.090673,0.034928,0.1644,0.093123,0.091389,0.063644,-0.012665,0.066106,-0.030076,-0.009277,0.058217,-0.085383,-0.156607,0.134547,0.205321,-0.128203,-0.069138,-0.011464,-0.092539,-0.158691,0.071281,-0.031983,-0.043301,-0.067663,0.052758,0.012262,-0.081629,0.039969,-0.003771,0.012469,0.050047,-0.106718,0.037282,0.088475,0.021085,0.049041,-0.005943,-0.079007,0.075797,0.038246,-0.084612,0.10956,-0.115078,0.098522,0.086518,-0.016193,0.003144,-0.050759,-0.01948,-0.084214,-0.086583,-0.102108,0.012057,-0.094372,-0.129552,0.107022,-0.025765,-0.033497,0.103238,0.0648,0.059863,0.02789,0.04977,0.098724,-0.026441,0.099084,-0.182996,-0.049328,0.056006,-0.041189,-0.028513,-0.071653,0.050456,0.065069,-0.15434,-0.147017,0.107222,-0.062823
canon_Method_00012,0.136642,-0.175834,-0.158906,-0.07569,-0.220956,0.16777,-0.043105,0.124389,0.257716,-0.158315,-0.209114,-0.049232,0.084897,0.29321,0.497359,-0.282634,-0.118511,-0.219942,-0.336894,0.059617,0.428499,0.201038,-0.124385,0.059245,-0.029734,0.141476,-0.079465,0.124463,0.332358,0.009031,-0.267715,-0.219146,0.006061,-0.00057,-0.025341,-0.029651,-0.243085,-0.339071,0.290596,0.10913,-0.051693,0.32293,-0.038237,-0.122321,0.094868,-0.044335,0.258245,0.119764,-0.239008,-0.163051,-0.095659,-0.091453,0.152027,0.166167,0.389956,-0.284246,-0.219803,-0.098064,0.129924,-0.251963,0.211953,-0.069347,-0.029942,0.247138,0.185565,0.002212,-0.200114,0.160363,0.030171,-0.646107,-0.091409,-0.191394,-0.341307,0.108156,0.041625,-0.170262,-0.015458,0.099755,-0.269576,0.028467,-0.186912,-0.152054,0.267808,-0.019838,0.032576,-0.252773,0.208199,-0.138301,0.556077,-0.095706,-0.164306,-0.05305,-0.26617,0.018542,0.23793,-0.091359,-0.198454,0.026365,-0.240903,-0.162251,-0.043745,-0.017154,-0.077725,-0.085363,-0.486131,0.075755,-0.200631,0.136967,0.012156,0.137621,-0.04143,0.092049,0.105703,0.106279,-0.403333,0.204434,-0.018928,-0.076743,-0.134859,-0.34032,-0.390199,-0.130302,-0.230983,0.284225,-0.168521,-0.15746,0.125556,-0.022985
canon_Method_00015,0.749669,-0.039491,0.263092,0.218235,-0.38114,0.23553,0.216448,0.893675,0.342192,0.469712,-0.294057,0.585398,0.437488,0.965119,0.337372,-0.200612,-0.50496,0.309209,-0.258217,0.208219,0.377718,0.242148,-0.294149,0.174679,-0.489515,0.675318,0.300493,-0.30211,0.690368,0.071688,0.32033,0.758356,-0.133651,-0.057439,-0.185863,-0.103761,0.335503,0.080939,-0.168168,0.441935,-0.707657,1.087289,-0.009836,0.470729,0.066038,-0.074211,-0.675949,0.32079,0.060979,-0.13603,-0.28709,0.320021,0.407199,0.071934,0.26198,0.225015,-0.686552,-0.159947,0.129089,0.096256,0.03006,-0.426174,-0.794659,0.992794,0.787546,-0.910563,-0.378404,-0.643208,-0.361528,-0.803395,0.034046,0.224505,-0.301915,-0.044056,0.514665,0.13782,-0.272843,0.726397,-0.199828,0.081021,0.454157,-0.350641,0.204021,0.015943,-0.04915,0.266202,0.210646,-0.014315,0.63398,-0.313575,-0.021169,0.286744,-0.088844,-0.282306,0.560118,-0.27276,0.181712,-0.867678,0.355758,-0.308154,-0.745593,-0.189514,0.764075,-0.223194,-0.808264,0.300312,0.014386,0.118287,0.508998,0.586544,0.081194,0.19939,0.517514,0.287877,-0.5234,0.826435,-1.091473,0.071749,-0.034022,0.231566,0.182524,-0.273726,0.153788,0.791263,-0.860883,-0.410977,0.213715,-0.631147
canon_Method_00018,0.663648,0.013116,0.206831,0.18209,-0.335788,0.217477,0.200011,0.762075,0.289363,0.42037,-0.227223,0.505657,0.364316,0.767277,0.191567,-0.069243,-0.492284,0.261382,-0.21988,0.222617,0.291909,0.212351,-0.199983,0.0865,-0.402657,0.551868,0.274761,-0.242119,0.552483,0.074148,0.305268,0.63982,-0.129256,-0.087232,-0.172237,-0.095795,0.29327,0.112757,-0.163739,0.314069,-0.525679,0.898098,-0.003794,0.397748,0.05686,-0.028189,-0.570268,0.262499,0.002226,-0.141349,-0.229901,0.238448,0.340865,0.065612,0.277801,0.189574,-0.506089,-0.113953,0.130304,0.120876,-0.04038,-0.342884,-0.676562,0.784644,0.606246,-0.771552,-0.300874,-0.540315,-0.342721,-0.589775,0.019043,0.241438,-0.190044,0.029783,0.386532,0.10648,-0.215204,0.605451,-0.210794,0.084192,0.41291,-0.28639,0.129624,-0.007937,0.004409,0.272893,0.162838,0.035955,0.489005,-0.316593,-0.006358,0.241455,-0.012037,-0.22027,0.461132,-0.270018,0.147445,-0.667305,0.309366,-0.266087,-0.627759,-0.126194,0.657706,-0.141669,-0.662529,0.249491,0.054364,0.153633,0.378705,0.450317,0.063746,0.146873,0.397552,0.230869,-0.403882,0.65331,-0.854238,0.095322,-0.039938,0.237775,0.143606,-0.230164,0.100811,0.599348,-0.674221,-0.325801,0.191119,-0.551214
canon_Method_00019,0.185523,-0.095175,0.338234,-0.15268,-0.289661,-0.179527,0.455144,0.3409,0.251002,0.059988,0.344427,0.397346,0.280429,0.19037,-0.180144,-0.146504,0.172501,0.540086,-0.084098,-0.211322,0.507365,0.248951,0.107984,-0.443933,-0.184921,0.198297,-0.169048,0.109592,0.500549,0.13142,0.053561,0.330766,-0.09896,0.121997,-0.227105,-0.257002,0.270166,-0.131528,0.164806,-0.053104,-0.084524,0.452147,-0.395336,-0.298472,0.293844,0.032938,-0.080394,-0.079169,-0.349405,0.038176,-0.126913,-0.028404,0.225417,0.498613,0.488761,-0.239399,0.146089,-0.118911,-0.063192,-0.356444,0.20008,-0.335364,-0.368761,0.110015,0.599538,-0.452567,-0.307012,0.21301,-0.169395,-0.496921,-0.018348,0.089784,-0.073363,-0.093636,-0.011862,0.083873,0.078145,0.184378,-0.254396,-0.227977,-0.098942,-0.158412,0.03491,0.10339,0.411262,0.078086,0.34234,-0.47562,0.30764,0.401645,-0.346592,-0.052085,-0.524163,-0.191615,0.181192,-0.292796,0.350324,-0.313285,0.099053,0.009867,-0.329193,-0.106994,0.191268,-0.530371,-0.168536,-0.036801,-0.515595,-0.090956,0.366239,0.235676,0.280766,0.081659,0.015318,0.415515,-0.099984,0.734925,-0.321497,0.056151,0.094994,-0.169017,-0.132803,-0.206314,0.285218,0.131111,-0.478205,-0.436987,-0.023408,-0.251661
canon_Method_00020,0.082538,-0.05335,0.040208,-0.028843,-0.060029,-0.006026,0.056693,0.047268,0.058318,-0.024742,-0.016869,0.015271,0.04176,0.108768,0.106733,-0.055901,0.044098,0.007241,-0.082128,0.005655,0.090029,0.019906,-0.080289,-0.040989,-0.125701,0.074169,-0.033485,-0.029514,0.084698,-0.010443,-0.002812,-0.000367,-0.014877,0.014485,-0.024989,-0.029626,0.000232,-0.003391,0.023163,0.08162,-0.090761,0.088628,-0.045852,-0.005744,0.051814,0.01032,-0.017597,0.034997,0.00415,-0.021579,-0.10719,-0.010833,0.133753,0.082279,0.073909,0.045868,-0.057565,0.05392,-0.043264,-0.040961,0.059163,-0.089536,-0.117243,0.129413,0.172756,-0.106135,-0.070503,-0.03533,-0.058652,-0.174484,0.019316,-0.053461,-0.091044,-0.074694,0.071025,-0.006775,-0.079885,0.025685,-0.021504,-0.024939,0.013144,-0.113049,0.066715,0.040725,0.036524,0.008559,0.013583,-0.048184,0.104411,0.001179,-0.046553,0.053768,-0.138039,0.053345,0.079297,-0.007953,0.015844,-0.066738,-0.010052,-0.037741,-0.060127,-0.066025,0.046891,-0.081335,-0.097455,0.05547,-0.03278,-0.073084,0.095192,0.034708,0.036071,0.054078,0.093174,0.05323,-0.02819,0.134333,-0.175866,-0.031706,0.026987,-0.0256,0.001752,-0.063784,0.055525,0.129345,-0.126981,-0.065786,0.117302,-0.074151
canon_Method_00022,0.226131,0.378181,-0.030928,-0.27336,0.059087,0.048053,0.136687,0.042478,-0.015994,-0.150482,-0.149765,0.428231,0.05496,0.364195,0.148254,-0.174823,0.261921,0.424056,-0.337031,-0.718132,0.264307,0.146943,-0.30053,-0.250038,-0.133636,0.070504,-0.159032,0.270049,0.359226,-0.020836,0.056285,-0.092685,-0.190534,0.144198,-0.476978,-0.00926,-0.330076,0.194073,0.233461,0.064478,-0.110592,0.049025,-0.192384,0.064077,-0.295416,-0.281721,-0.175887,0.071515,-0.096207,-0.175357,-0.089854,0.262798,0.344703,0.247625,0.122347,0.152317,-0.226739,0.375941,-0.271175,0.326839,0.086213,0.001582,-0.182591,0.036279,0.178489,-0.125905,-0.434027,0.320819,-0.319602,-0.428824,-0.017331,-0.232827,0.064764,-0.325411,0.383361,0.396781,-0.005364,0.009211,-0.116085,0.075435,-0.192014,0.210659,-0.053541,0.131811,0.09446,0.207838,0.044229,-0.328153,-0.05577,0.239158,-0.491166,0.307392,0.002436,-0.059788,0.214258,-0.083329,0.092268,-0.38189,0.040866,-0.301239,-0.213863,-0.390651,0.075064,0.150405,-0.475291,-0.022153,-0.012906,0.074,0.154803,0.28191,0.197108,-0.341588,-0.078111,0.382613,-0.350666,0.171528,-0.147401,0.03237,0.319906,-0.167947,-0.089785,0.106056,0.223423,0.063041,-0.127688,-0.257861,-0.163942,0.091059
canon_Method_00023,0.158382,0.191647,-0.012841,-0.158506,0.022285,0.015956,0.092362,0.035945,-0.005152,-0.078852,-0.062006,0.2162,0.037186,0.230945,0.120099,-0.093481,0.15987,0.229732,-0.171693,-0.37304,0.145124,0.100246,-0.196567,-0.116635,-0.07271,0.058448,-0.088696,0.12393,0.203556,0.005107,0.020545,-0.01522,-0.093324,0.081107,-0.236406,-0.041938,-0.190293,0.103391,0.076521,0.05092,-0.100518,0.059548,-0.129838,0.04434,-0.144479,-0.16095,-0.10492,0.038626,-0.053489,-0.092735,-0.108829,0.141733,0.23667,0.182411,0.073805,0.073586,-0.12923,0.202373,-0.164766,0.160838,0.067369,-0.051605,-0.100757,0.08747,0.162076,-0.088936,-0.264341,0.14266,-0.194255,-0.25657,-0.022564,-0.117155,0.005321,-0.174986,0.196825,0.167149,-0.060257,-0.008396,-0.088266,0.021585,-0.082802,0.032122,-0.029468,0.084013,0.040483,0.092166,0.017398,-0.186219,-0.010808,0.144379,-0.279766,0.135233,-0.022494,-0.002445,0.132364,-0.043866,0.054074,-0.204433,0.024693,-0.185263,-0.16004,-0.249851,0.02613,0.055139,-0.284784,0.016989,-0.035091,-0.017516,0.104942,0.151386,0.128798,-0.158861,-0.005781,0.237284,-0.167923,0.114484,-0.139829,-0.019801,0.18857,-0.097978,-0.068731,-0.011456,0.131291,0.078857,-0.106437,-0.160016,-0.042322,0.031426
canon_Method_00024,0.178694,-0.005878,-0.018462,-0.039984,0.000593,-0.175831,0.007873,0.031261,-0.122529,0.048201,0.332762,0.082522,-0.159095,0.05914,0.148142,0.106486,-0.147267,-0.077419,-0.083912,0.113038,0.273121,0.01601,-0.426039,-0.259893,-0.248849,0.000966,-0.13647,0.033832,-0.088025,-0.208516,0.131908,-0.222327,-0.045912,0.171389,0.030013,-0.076483,-0.236954,-0.25405,0.053628,0.472265,-0.117243,0.090716,-0.036184,0.164172,-0.156764,0.167277,0.040728,0.104333,0.047157,-0.194564,-0.243049,0.022679,0.24605,0.125514,0.451932,0.009136,0.08251,-0.024409,-0.245901,-0.229914,0.33332,-0.382319,-0.258565,0.339581,0.321867,-0.247176,0.126185,0.24471,-0.088875,-0.033955,-0.00292,-0.175917,-0.09027,-0.230378,0.048712,-0.139902,-0.253073,-0.202174,-0.004934,0.028713,0.084622,-0.35936,0.11306,0.433957,0.164129,0.162648,-0.117565,0.03071,0.106303,0.112448,0.005084,-0.052314,-0.319183,0.339336,0.108059,-0.047077,-0.043689,-0.089185,-0.007498,-0.142997,0.079622,-0.34156,0.162869,-0.066312,-0.162831,0.104888,0.040289,-0.320413,0.302025,-0.221612,0.016758,0.087632,0.211059,-0.188526,0.251797,0.191211,-0.223392,0.114861,-0.072002,-0.270635,-0.098762,0.151958,0.195512,0.222687,-0.447076,-0.167918,0.396286,-0.197729
canon_Method_00027,0.053105,-0.003653,-0.012724,-0.049223,-0.047339,0.004257,0.078328,0.045727,0.025951,0.028105,0.015811,0.010866,0.014581,0.097628,0.125033,-0.059813,0.076622,0.038069,-0.074915,-0.0439,0.058793,0.055905,-0.141948,-0.010624,-0.116692,0.074585,-0.014922,-0.016164,0.080383,-0.014835,-0.001201,0.004557,-0.026026,0.045652,-0.065483,-0.045295,-0.009967,-0.015268,0.021434,0.059716,-0.072826,0.05661,-0.032954,0.0177,-0.003786,-0.048518,-0.010104,0.015578,0.001699,-0.012729,-0.079934,0.027003,0.177157,0.084316,0.045279,0.066055,-0.032701,0.051281,-0.018939,-0.005385,0.066445,-0.027477,-0.097401,0.127007,0.194171,-0.11655,-0.077809,-0.013754,-0.050068,-0.154383,0.041423,-0.022075,-0.06903,-0.035333,0.053956,-0.029984,-0.045995,0.036472,-0.014701,0.023916,0.006974,-0.1275,0.022769,0.024634,0.009693,0.002493,-0.001865,-0.067412,0.085416,0.021801,-0.0505,0.040054,-0.123622,0.036572,0.065879,0.002405,-0.003181,-0.069789,-0.02285,-0.079554,-0.069621,-0.111972,0.018125,-0.042378,-0.075144,0.052259,-0.049724,-0.09019,0.0898,0.06233,0.0718,0.045262,0.067276,0.099978,-0.036208,0.105767,-0.205226,-0.05226,0.055725,-0.012052,-0.027789,-0.057722,0.045726,0.081155,-0.098763,-0.132344,0.096541,-0.054141
canon_Method_00034,-0.028323,0.036296,-0.078183,-0.260915,0.164134,0.025135,0.065104,0.120057,0.354806,-0.336901,-0.03233,0.036695,-0.028485,0.358881,0.28744,-0.30547,0.196127,0.036776,0.035955,-0.247589,0.156602,0.117352,-0.169664,-0.167213,-0.310636,0.155121,-0.06688,0.123235,0.154662,0.005616,-0.021971,-0.186125,-0.054698,0.238311,0.042331,-0.112912,-0.113068,0.181575,0.14327,0.078291,-0.099843,0.109052,-0.087955,0.016569,0.126013,-0.092564,0.014212,0.157862,-0.136577,0.268685,-0.317835,0.031705,0.171248,0.185954,0.049237,0.124437,0.064538,0.026363,-0.051272,-0.106634,0.019314,0.149116,0.030894,0.103812,0.280241,0.256411,-0.115011,0.051709,-0.119242,-0.135714,-0.040522,-0.259496,-0.296937,-0.032234,0.117269,0.302589,-0.015413,0.18424,-0.338111,-0.15069,-0.084669,0.053625,-0.170413,-0.124327,0.024718,-0.317145,-0.073528,-0.273173,0.009642,0.190858,-0.293905,0.038096,-0.25014,0.071668,0.023534,-0.012968,-0.23503,-0.108479,-0.058003,-0.365601,-0.354167,-0.098126,-0.061398,0.029433,-0.102316,-0.314664,-0.198292,-0.384703,0.041469,0.158512,0.121439,0.166678,0.066374,0.058583,-0.047302,0.000912,-0.234431,-0.118237,0.331719,-0.192966,-0.00751,0.065578,-0.078175,0.022281,-0.108099,-0.212201,0.054773,0.026201
canon_Method_00045,0.129894,0.010066,0.013026,-0.025971,0.046799,-0.144003,-0.004763,0.021674,-0.090717,0.047056,0.294956,0.073773,-0.114016,0.027243,0.113967,0.097449,-0.131631,-0.052829,-0.049072,0.125384,0.213946,0.008053,-0.378442,-0.227027,-0.242611,0.016432,-0.131198,0.015059,-0.095305,-0.185279,0.094468,-0.205438,-0.042942,0.12369,0.052706,-0.054053,-0.188824,-0.22077,0.016096,0.41401,-0.156686,0.098869,-0.017616,0.162835,-0.160808,0.159592,0.029865,0.076944,0.03784,-0.157908,-0.219877,0.050254,0.211277,0.105087,0.387262,0.020796,0.064004,0.01803,-0.221827,-0.212217,0.291197,-0.344604,-0.204072,0.304287,0.300113,-0.202128,0.124683,0.19673,-0.07105,0.006024,0.00387,-0.143197,-0.092741,-0.216588,0.073328,-0.132749,-0.230263,-0.170081,0.017073,0.022857,0.095647,-0.323344,0.091503,0.404477,0.142397,0.130384,-0.123898,0.006017,0.081392,0.09745,0.015697,-0.026983,-0.28302,0.328946,0.089768,-0.055634,-0.050432,-0.11217,-0.010731,-0.125753,0.064968,-0.293144,0.158145,-0.063804,-0.133452,0.10179,0.047484,-0.287185,0.282428,-0.208751,0.036768,0.04848,0.185399,-0.18745,0.235578,0.158967,-0.205328,0.097301,-0.046191,-0.234692,-0.05365,0.120469,0.219353,0.203233,-0.385877,-0.139137,0.368278,-0.184038
canon_Method_00049,0.109053,-0.106935,0.121104,-0.100968,-0.055555,-0.134661,0.364,0.214729,0.144877,0.195262,0.378722,0.407881,0.153893,0.231748,-0.240124,0.037763,0.067358,0.717479,0.125627,-0.335808,0.54194,0.253213,-0.033119,-0.374296,-0.113559,0.339738,-0.310502,0.331188,0.458767,0.173024,-0.051665,0.183963,0.097248,-0.05758,0.269441,-0.193348,0.234906,-0.103568,0.180189,-0.041027,-0.320588,0.331112,-0.660376,-0.254633,0.1781,-0.233879,-0.000268,-0.128374,-0.492615,0.113568,-0.025261,0.134464,0.400396,0.467018,0.435041,-0.171899,0.111506,0.113295,-0.160948,-0.190809,0.086988,-0.218048,-0.048664,0.083423,0.389097,-0.020102,-0.258735,0.442377,-0.043071,-0.368309,0.034505,-0.092251,0.186933,-0.077015,0.055601,0.192401,-0.173864,-0.042418,-0.200133,-0.149474,-0.076238,-0.254629,-0.013238,0.027556,0.261756,-0.301862,0.239157,-0.637358,0.261432,0.291499,-0.159245,-0.044371,-0.482407,-0.276192,-0.039053,-0.275154,0.356101,-0.396463,0.004378,-0.0308,-0.499737,-0.266712,0.120391,-0.356458,-0.222699,0.029644,-0.399697,-0.384101,0.260277,0.11144,0.336839,-0.078296,-0.140113,0.264929,0.037314,0.607789,-0.252976,0.145791,0.258171,-0.104324,-0.167138,0.003738,0.285138,0.19943,-0.457237,-0.4349,-0.209367,-0.128568
canon_Method_00050,0.214417,-0.268429,0.094191,0.225179,-0.191433,-0.050471,0.167529,0.015844,-0.137666,0.037908,0.035942,0.058016,-0.089228,0.406408,0.165619,-0.089329,-0.147394,0.146448,0.0005,0.117491,0.182327,-0.024265,-0.167535,0.125704,-0.12426,0.053635,-0.167392,0.135854,-0.052457,-0.038045,0.089147,0.230154,0.174653,0.008719,0.155166,-0.33875,0.082358,-0.239903,-0.28785,0.185156,-0.242559,0.04071,0.088216,-0.057122,0.04831,0.134003,0.132599,0.13693,0.212936,0.256888,-0.286271,0.088443,0.548301,0.051303,0.033203,0.15251,-0.015176,0.130031,-0.031931,0.202044,0.127495,-0.364149,0.046994,0.32198,0.360597,-0.074996,-0.188216,-0.119205,-0.045752,-0.302524,0.00243,-0.139788,-0.07482,-0.342403,0.020156,-0.228906,-0.249759,-0.026147,-0.101994,-0.120346,0.146065,-0.298201,0.132125,0.096856,0.01638,0.016131,0.271395,-0.065986,0.151734,-0.103094,0.135402,-0.170762,0.06724,0.143814,0.066492,-0.094702,0.215654,-0.166779,0.058396,-0.056663,-0.319204,2.4e-05,-0.040825,-0.015787,-0.477172,0.333665,-0.051771,0.205077,0.115145,-0.13013,0.169285,-0.071627,0.042009,0.123955,-0.220349,0.067973,-0.12091,-0.025028,0.03054,-0.096834,-0.286226,-0.396728,0.205614,0.265851,-0.147435,-0.094782,0.085365,-0.070359
canon_Method_00062,0.079618,-0.022788,0.016555,-0.047357,-0.039365,-0.005577,0.074828,0.058519,0.016461,-0.023107,-0.006442,0.010133,-0.004922,0.127602,0.116889,-0.070504,0.045985,0.051783,-0.100447,-0.036841,0.080012,0.033551,-0.101956,-0.027356,-0.100875,0.101674,-0.003566,0.03353,0.11218,-0.000803,0.016991,0.013623,-0.031256,0.033325,-0.052755,-0.051554,-0.015683,0.041459,0.041408,0.061378,-0.058686,0.095561,-0.041092,0.027726,0.057286,-0.020473,-0.012978,0.033095,-0.024752,-0.011732,-0.107885,0.002499,0.169909,0.131332,0.07272,0.036323,-0.027205,0.009545,-0.03498,-0.056798,0.066727,-0.044126,-0.061856,0.124505,0.161025,-0.095939,-0.111954,0.012249,-0.072041,-0.162761,0.026,-0.038746,-0.054643,-0.047686,0.066871,0.01527,-0.06536,0.053536,-0.042129,-0.022305,-3.1e-05,-0.108371,0.026287,0.027166,0.016214,0.001888,0.021464,-0.07595,0.093428,0.032351,-0.046468,0.021575,-0.126177,0.048378,0.051336,-0.007262,0.020107,-0.062079,-0.029651,-0.051595,-0.108098,-0.095438,0.003038,-0.039585,-0.082499,0.06415,-0.077319,-0.108157,0.069662,0.062632,0.062085,0.039026,0.031141,0.084086,-0.005326,0.100419,-0.146201,-0.030138,0.070435,-0.055221,-0.036368,-0.021525,0.020837,0.113005,-0.097933,-0.157044,0.095957,-0.069162
canon_Method_00068,0.228475,-0.155403,0.187435,-0.221882,-0.359552,-0.154617,0.301132,0.066672,0.272974,-0.387804,0.468961,0.307673,0.089686,0.030752,0.276984,-0.03243,0.124234,0.490996,0.183565,-0.243813,0.458037,0.170018,-0.282615,-0.422696,-0.203768,0.365489,-0.428708,0.365857,0.207934,0.142352,-0.111385,0.113892,0.00737,0.025366,0.338513,-0.385555,0.036256,0.238295,0.276738,0.144858,-0.162625,0.632648,-0.548861,0.098843,0.289924,0.178967,-0.209439,0.131557,-0.235741,0.199379,-0.016816,0.254183,0.217044,0.234831,0.298163,0.005616,-0.123006,0.210847,-0.121335,-0.312103,0.053343,-0.360934,-0.211024,0.175737,0.331518,-0.105518,-0.487461,0.32912,-0.119356,-0.260381,-0.064414,-0.522414,-0.072985,-0.652715,0.088655,0.233985,0.143271,0.160114,-0.224489,-0.170361,-0.075331,-0.14486,-0.232828,0.338778,0.283297,-0.277424,0.216712,-0.781772,0.177,0.435635,-0.42053,-0.082659,-0.548103,0.016542,0.167493,0.029591,0.241343,-0.648923,0.027654,-0.129853,-0.880415,-0.4596,0.313069,-0.174909,-0.285302,0.087142,-0.2898,-0.352133,0.365152,-0.037943,-0.056098,-0.096848,-0.28696,0.192627,-0.302623,0.522314,-0.46194,0.164754,0.188896,-0.285938,-0.200838,0.11453,0.238187,0.294515,-0.47639,-0.474959,-0.118487,-0.468136
canon_Method_00069,-0.01893,-0.206622,0.060747,-0.025618,0.0171,-0.226046,0.034156,0.056778,-0.109819,0.013879,0.26548,-0.005817,0.019675,0.078438,0.191799,-0.187223,0.012322,0.025207,-0.280208,0.007802,0.267634,0.264078,-0.156546,0.030567,-0.090382,0.093913,-0.157305,0.075689,0.035515,-0.066524,-0.255975,-0.230439,0.058607,0.207886,-0.03773,0.026296,0.162539,-0.289215,0.302565,0.378607,0.003751,0.050787,0.117866,0.10676,-0.222389,0.075961,0.042372,-0.038508,0.075184,-0.314067,0.050434,0.008341,0.178377,0.112341,0.161693,0.081748,-0.088648,-0.164931,-0.030584,0.01428,0.359357,-0.258757,-0.061886,0.223017,0.226673,-0.221584,0.127741,0.150677,-0.062446,-0.324918,0.171296,-0.216425,-0.329635,-0.214484,0.17021,-0.202175,-0.152099,-0.196125,0.080922,0.131383,0.064015,-0.235,0.133264,0.389573,-0.021449,0.223558,0.033619,-0.038147,0.215886,0.121,0.016825,0.217642,-0.119974,0.162077,0.245937,-0.119061,-0.299846,-0.323946,-0.189789,-0.14606,-0.093188,-0.16024,0.214807,-0.135361,-0.239361,0.093278,0.063314,-0.172952,0.219363,0.052429,0.023459,0.04546,0.205307,-0.08092,-0.040569,0.113534,-0.28719,0.124139,-0.115444,-0.29301,-0.242554,0.041575,-0.028522,0.273508,-0.252801,-0.10552,0.185696,-0.06274
canon_Method_00070,0.076158,-0.039026,0.031585,-0.065211,-0.078016,-0.03385,0.074335,0.048998,0.049994,-0.01779,0.030723,0.042983,0.025289,0.102844,0.105027,-0.050101,0.043842,0.052947,-0.078236,-0.019159,0.113365,0.025801,-0.153148,-0.066297,-0.126747,0.07335,-0.075814,0.014466,0.087187,0.005291,-0.009811,0.011916,-0.010694,0.031449,0.016092,-0.06629,-0.014798,0.014866,0.050142,0.077657,-0.071355,0.126087,-0.071708,0.028454,0.052712,0.018325,-0.014649,0.045467,-0.013127,0.01197,-0.081339,0.051985,0.139387,0.092469,0.102496,0.031474,-0.023695,0.042256,-0.034181,-0.065216,0.058571,-0.085374,-0.11292,0.11985,0.187564,-0.094913,-0.092219,0.025776,-0.051521,-0.157353,0.014048,-0.071175,-0.066754,-0.097876,0.067021,0.017101,-0.044223,0.037565,-0.04023,-0.021251,0.016274,-0.101285,0.027389,0.071443,0.026537,-0.005517,0.0233,-0.107748,0.107014,0.062104,-0.092102,0.043009,-0.166547,0.033161,0.074256,-0.014828,0.031768,-0.075619,-0.022773,-0.075493,-0.134366,-0.107453,0.031567,-0.068369,-0.101513,0.077742,-0.050353,-0.109967,0.099201,0.044926,0.054972,0.046262,0.043807,0.055453,-0.059262,0.140551,-0.20278,-0.03316,0.020146,-0.034082,-0.043323,-0.024184,0.063643,0.115598,-0.126794,-0.112985,0.089626,-0.088911
canon_Method_00071,0.069703,0.067762,-0.021409,-0.085956,0.013437,-0.036763,0.06017,0.043636,0.021469,-0.006874,0.009026,0.073513,0.042426,0.136751,0.118864,-0.098347,0.110101,0.090265,-0.140946,-0.191276,0.140389,0.098793,-0.18061,-0.06223,-0.083482,0.073082,-0.035767,0.070884,0.144427,0.029735,-0.058039,-0.017832,-0.058814,0.078778,-0.130362,-0.008311,-0.109402,0.003515,0.054244,0.078308,-0.085778,0.06907,-0.091889,0.060408,-0.09686,-0.112058,-0.074808,0.01021,-0.023782,-0.102749,-0.109253,0.092307,0.191885,0.172546,0.07841,0.031771,-0.138228,0.137171,-0.087177,0.03733,0.095597,-0.063263,-0.018858,0.109854,0.14422,-0.083669,-0.156662,0.078063,-0.138432,-0.224893,-0.003764,-0.116612,-0.085865,-0.098166,0.174348,0.018919,-0.060677,-0.052576,-0.060861,-0.007634,-0.032419,-0.053687,-0.004494,0.088285,0.043812,0.062939,0.020058,-0.132277,0.046957,0.079595,-0.168473,0.133717,-0.056932,0.020712,0.130413,-0.01376,0.007572,-0.151882,-0.013551,-0.132151,-0.125726,-0.198986,0.029257,-0.029514,-0.191555,0.058965,-0.065335,-0.068692,0.069984,0.107579,0.07418,-0.04977,0.028037,0.083617,-0.107522,0.102571,-0.129254,-0.043707,0.046961,-0.089194,-0.055746,-0.040604,0.097504,0.099906,-0.072859,-0.134979,0.092175,-0.016378
canon_Method_00072,0.091159,-0.033752,0.009227,-0.094493,-0.020185,0.026123,0.018733,0.015647,-0.070997,-0.024075,-0.015717,0.035034,-0.080997,0.152217,0.173723,-0.126698,0.027016,0.010781,-0.088905,-0.076568,0.007919,0.011956,-0.108059,0.028182,-0.074843,0.12574,0.08683,0.04992,0.093396,-0.08104,0.016987,-0.055603,-0.015204,0.031285,-0.053269,-0.046832,-0.08857,0.005142,0.030956,0.086224,-0.062418,0.094272,-0.072049,0.092017,0.062655,-0.043394,-0.029554,0.053886,0.032256,-0.043963,-0.137695,0.021291,0.169268,0.144374,0.078411,0.080764,-0.094999,-0.007648,0.000354,0.022141,0.130037,-0.011519,-0.055661,0.190137,0.120927,-0.036556,-0.08341,-0.004632,-0.082009,-0.20457,0.047962,-0.129059,-0.046313,-0.10348,0.076592,0.041938,-0.120916,0.035345,0.001413,0.020075,0.009828,-0.109217,0.050226,0.045991,-0.061857,-0.048188,0.003586,-0.075891,0.134642,-0.005601,-0.043102,0.050831,-0.070914,0.104637,0.017639,0.021603,-0.031678,-0.019066,-0.068464,-0.050285,-0.071838,-0.093536,-0.006461,-0.001994,-0.088268,0.122977,-0.024615,-0.156373,0.057989,0.075138,0.023743,0.043422,0.106244,0.031517,-0.037649,0.099772,-0.169025,-0.032804,0.091968,-0.057106,-0.008391,0.008772,-0.011127,0.164196,-0.156899,-0.186997,0.113569,-0.094295
canon_Method_00073,-0.146332,-0.013861,0.230137,-0.182649,0.018448,-0.04239,0.292479,0.08234,-0.108223,-0.021145,0.012087,0.195916,-0.038722,0.38796,0.512028,-0.172847,0.254237,-0.073821,-0.249284,0.452525,-0.058677,0.061418,-0.127965,-0.057813,-0.231612,0.128754,0.089764,0.1569,0.271609,-0.186819,0.150528,0.136727,-0.307221,0.239144,-0.060534,0.102907,0.016831,0.029222,-0.04515,0.252241,-0.063841,0.18926,0.308727,0.338801,0.243288,0.034997,-0.123794,0.26629,0.120616,0.070408,-0.215767,0.218726,0.095034,0.107686,-0.077798,-0.002704,-0.055653,-0.02138,0.257474,-0.223539,0.052376,-0.141693,-0.153448,-0.069061,0.571094,-0.224397,-0.378244,-0.297974,0.145219,-0.101984,0.334745,0.000713,-0.176472,-0.207927,0.258685,-0.043181,-0.255038,0.066548,0.091858,0.267418,0.077606,-0.006227,0.047335,0.077902,0.050841,-0.032652,-0.110413,-0.129852,0.175396,0.218238,0.122639,0.035037,-0.093952,0.101793,0.000281,0.031249,-0.086677,0.077551,-0.194393,-0.068871,-0.111983,-0.141899,-0.157039,-0.289002,-0.072356,0.422492,-0.17945,-0.247955,0.235295,0.36595,-0.017685,-0.07492,0.147586,0.042593,-0.187039,0.156417,-0.202891,-0.229601,0.108961,-0.237316,0.022577,0.087386,-0.103235,0.260904,-0.47761,-0.437285,-0.15072,0.052093
canon_Method_00074,0.160145,-0.241385,-0.125902,-0.112806,-0.162354,0.13123,-0.050233,0.025786,-0.012641,-0.180569,-0.202485,-0.03816,-0.123338,0.312354,0.509862,-0.344193,-0.137618,-0.137273,-0.199568,-0.12883,0.190974,0.058953,-0.120244,0.189426,0.075478,0.186054,0.118144,0.126353,0.297742,-0.132455,-0.148147,-0.156576,0.048288,0.002626,0.029107,-0.059008,-0.238139,-0.154722,0.164569,0.070999,0.028973,0.208775,-0.071116,0.027198,0.15477,-0.130904,0.115008,0.104274,-0.084563,-0.052704,-0.128796,-0.080371,0.220777,0.140562,0.259976,-0.098183,-0.220105,-0.155534,0.143198,-0.080043,0.233749,0.042601,0.102302,0.336127,0.141926,0.064136,-0.181992,0.074538,0.088368,-0.597237,0.014403,-0.20509,-0.21648,-0.003809,-0.043239,-0.029967,-0.080877,0.125495,-0.182614,0.029743,-0.181306,-0.13985,0.247926,-0.089146,-0.0964,-0.314815,0.217581,-0.120316,0.428737,-0.119515,-0.079783,-0.040919,-0.159116,0.045485,0.12212,-0.032413,-0.199962,0.04827,-0.221916,-0.088219,0.047246,0.017919,-0.184404,0.043453,-0.297938,0.141036,-0.149571,-0.020939,0.044267,0.155357,0.01779,0.077082,0.158714,0.082436,-0.346448,0.128207,-0.037858,-0.06125,0.054971,-0.172139,-0.251635,-0.078302,-0.309681,0.298323,-0.161729,-0.22435,0.099104,-0.004293
canon_Method_00081,0.474583,-0.145539,-0.034059,-0.413398,-0.259624,0.104182,0.071658,0.059264,-0.283167,-0.147522,-0.032023,0.198324,-0.240684,0.353806,0.204469,-0.224116,-0.095618,0.291474,0.052627,-0.47562,-0.012521,0.029651,-0.110077,-0.028507,0.113726,0.237956,0.154846,0.220509,0.429844,-0.027511,0.06875,0.06841,-0.026913,0.182479,0.024995,-0.248777,-0.078523,0.22838,0.166807,0.093325,0.017108,0.336971,-0.345419,0.261225,0.324072,-0.34444,-0.286607,0.001441,0.011712,0.045897,-0.268612,-0.047827,0.296859,0.325567,0.365646,0.035801,-0.272737,-0.103727,0.145869,0.001106,0.295209,0.153829,-0.087481,0.520385,0.071494,0.112734,-0.334359,0.151253,-0.21007,-0.640394,0.043906,-0.296712,0.209339,-0.192262,0.11211,0.253656,-0.052097,0.153435,-0.118613,0.15448,-0.121135,-0.144883,0.084922,0.18627,-0.088727,-0.157493,0.158016,-0.243678,0.425551,-0.058157,-0.185999,-0.028805,-0.093377,0.045161,0.008949,0.192843,-0.116634,-0.020373,-0.021695,-0.119402,-0.311766,0.015956,-0.125919,0.140156,-0.1864,0.245377,-0.166836,-0.235623,0.004599,0.257495,-0.033629,0.061854,0.016051,0.187272,-0.323673,0.267235,-0.132864,0.184151,0.325159,0.032469,-0.101917,0.194161,-0.169778,0.17672,-0.352136,-0.41145,0.051421,-0.175614
canon_Method_00091,0.063755,-0.019181,0.008262,-0.036499,-0.03762,-0.020034,0.090394,0.025624,0.002479,0.004452,-0.006613,-0.000772,0.003564,0.11471,0.146591,-0.067928,0.073276,0.003754,-0.089707,-0.006608,0.073735,0.057064,-0.121216,-0.010222,-0.123288,0.088624,0.001567,0.026006,0.056102,-0.0045,0.006763,-0.032526,-0.006225,0.047861,-0.073911,-0.050436,-0.033633,-0.026329,0.025753,0.08373,-0.059342,0.041164,-0.028182,0.019945,0.006245,-0.012963,0.007998,0.035356,-0.010368,-0.014068,-0.086718,-0.004931,0.182214,0.08742,0.056245,0.059808,-0.03459,0.047183,-0.03817,0.02227,0.075905,-0.054396,-0.083103,0.109335,0.177395,-0.103177,-0.069277,-0.010973,-0.078176,-0.157987,0.042908,-0.048133,-0.064629,-0.049175,0.05656,-0.026775,-0.085538,-0.001651,-0.001976,0.007779,0.017677,-0.115614,0.015913,0.033472,0.017504,-0.010014,0.014707,-0.073062,0.102861,0.041677,-0.028284,0.033905,-0.080235,0.077863,0.063212,0.00875,0.007828,-0.067662,-0.03782,-0.068771,-0.064816,-0.123515,0.026552,-0.031871,-0.116808,0.055173,-0.040425,-0.088199,0.092469,0.064948,0.052825,0.033386,0.052048,0.066201,-0.036837,0.100021,-0.144528,-0.044995,0.064612,-0.044466,-0.050058,-0.054188,0.038274,0.106512,-0.11432,-0.114752,0.118827,-0.046157
canon_Method_00093,0.025682,-0.021598,0.023226,-0.027395,-0.0609,-0.012952,0.053364,0.055804,0.038917,-0.003321,-0.014428,0.02063,0.01673,0.121479,0.139922,-0.078288,0.057409,0.004918,-0.120814,0.003979,0.072597,0.067677,-0.155654,-0.037268,-0.108597,0.054095,-0.000931,0.044328,0.079808,-0.001795,-0.049086,-0.046775,-0.048952,-0.003778,-0.062987,-0.053208,-0.068406,-0.026944,0.03774,0.093384,-0.053653,0.062977,-0.035613,0.031071,0.006083,0.043239,-0.00137,0.049994,-0.012463,-0.067643,-0.117256,0.014549,0.126432,0.057097,0.065814,0.04288,-0.058329,0.05717,-0.014725,-0.016508,0.073105,-0.079804,-0.123319,0.137306,0.198087,-0.11475,-0.103171,-0.036259,-0.070866,-0.170702,0.005253,-0.081939,-0.142468,-0.079773,0.064567,-0.031888,-0.076714,0.038433,-0.030718,0.005212,0.013402,-0.088821,0.061994,0.038102,-0.002466,0.034478,-0.016467,-0.046239,0.097475,0.067041,-0.10125,0.070624,-0.156718,0.041303,0.04465,-0.014783,-0.008518,-0.052381,-0.057194,-0.067538,-0.040017,-0.114993,0.032883,-0.067762,-0.104213,0.047611,-0.048309,-0.080939,0.074329,0.052135,0.063122,0.06033,0.105236,0.044267,-0.046048,0.119816,-0.20384,-0.08451,-0.010598,-0.063633,-0.047494,-0.061536,0.04281,0.138668,-0.114866,-0.084924,0.14972,-0.105751
canon_Method_00095,0.121803,0.006692,0.01741,-0.09948,-0.305691,-0.168533,0.168863,0.046578,0.256561,0.207748,0.274302,0.370429,0.015088,0.329145,0.190596,-0.018745,-0.075345,-0.198369,-0.208208,-0.121123,0.049278,0.333809,-0.122969,-0.249777,-0.325396,0.410071,-0.169852,0.154298,-0.014302,-0.029997,0.039937,-0.216566,-0.03686,-0.225553,0.174228,-0.383183,-0.138827,0.104672,-0.129089,0.310604,-0.14731,0.124523,-0.163003,-0.094445,-0.109673,-0.025969,0.015975,0.095206,0.035005,0.300119,-0.377369,0.271627,0.403679,0.197364,0.222692,0.269767,-0.154221,0.313412,-0.136593,0.320908,-0.200544,-0.141702,-0.152635,0.376102,0.600177,-0.342078,-0.053344,-0.138701,-0.096819,-0.252887,0.213114,-0.207139,-0.183936,-0.375913,-0.028643,0.017616,-0.091986,0.464437,-0.011386,-0.044809,0.114827,-0.211959,-0.031118,0.376987,-0.026585,0.060905,0.135586,-0.271248,0.13042,0.43357,-0.061079,0.515288,-0.141739,0.370785,0.35635,-0.148251,0.043074,-0.377166,0.131323,-0.378973,-0.16124,-0.197926,-0.187815,-0.226275,-0.241424,0.165842,0.295835,-0.063533,0.191188,0.159312,0.391861,-0.102164,0.06261,-0.001236,-0.158518,0.266301,-0.418661,-0.396394,0.323261,0.166378,-0.141367,-0.450821,0.27938,-0.228603,-0.353126,-0.276133,0.116927,-0.130569
canon_Method_00100,0.334212,0.182178,0.01886,-0.04999,0.049001,-0.164446,0.175136,-0.010281,0.078796,-0.102691,0.189313,-0.120269,-0.152063,0.172412,0.286503,-0.144741,0.122861,-0.006196,-0.11349,0.002424,0.299286,0.132768,-0.353943,-0.107392,-0.318062,0.038747,-0.396317,0.198964,0.146398,0.362109,0.176027,-0.019119,-0.223874,-0.013683,-0.118416,0.00673,-0.121853,0.286662,0.074887,0.137297,-0.239677,0.352127,-0.24259,-0.011871,0.03768,0.133452,-0.031059,0.191708,-0.117034,0.141046,-0.227427,-0.021721,0.233835,0.125143,0.097977,-0.017823,-0.032219,-0.019206,-0.394862,0.064312,-0.051951,-0.151915,-0.024321,0.12042,0.042032,-0.034503,0.038618,0.123847,-0.176599,-0.382271,-0.141595,-0.119993,-0.026933,-0.154485,0.203953,0.021143,-0.257469,-0.046678,-0.117812,-0.136684,0.251744,0.024415,0.011719,0.175127,0.140348,0.088245,-0.025431,-0.127457,0.143607,0.111439,-0.167261,0.035335,-0.1947,0.333943,0.121381,0.002176,0.129436,-0.28684,0.039832,-0.371894,-0.414738,-0.225487,0.134062,0.062965,-0.196832,-0.183014,-0.022354,-0.279349,0.036245,-0.165719,0.162345,0.060653,0.006314,0.222076,0.055852,0.015671,-0.417493,0.051322,0.1823,-0.100775,-0.125992,-0.186601,0.193894,0.227628,-0.038659,-0.123628,0.125755,-0.094449
canon_Method_00101,0.081721,-0.0199,0.017362,-0.022343,-0.03155,-0.020497,0.084965,0.038559,0.033064,-0.03733,0.012328,-0.001507,0.012325,0.119116,0.137016,-0.052721,0.026875,0.028057,-0.096702,-0.013767,0.08099,0.068753,-0.123344,-0.010017,-0.141215,0.074234,-0.017599,-0.00391,0.100016,-0.013408,0.002994,-0.006786,0.009746,0.012401,-0.063418,-0.050691,-0.019306,0.004815,0.024543,0.085112,-0.080413,0.065739,-0.016688,0.008917,0.041403,-0.039227,0.009054,0.019661,-0.009037,-0.027987,-0.106264,0.015629,0.204753,0.11339,0.060299,0.053538,-0.028625,0.055041,-0.036176,-0.022474,0.077549,-0.041674,-0.085128,0.136614,0.174669,-0.092132,-0.063493,-0.025071,-0.075299,-0.153285,0.040261,-0.021798,-0.084551,-0.036163,0.063874,-0.012376,-0.092592,0.049819,-0.023473,-0.01464,0.032833,-0.139375,0.045758,0.028899,0.019382,0.012152,-0.00275,-0.060675,0.085749,0.013726,-0.03031,0.06953,-0.118477,0.063159,0.078326,0.003045,0.021739,-0.047668,-0.03287,-0.082925,-0.091542,-0.097113,-0.001954,-0.050069,-0.102949,0.065005,-0.022096,-0.080864,0.061014,0.053783,0.068769,0.045276,0.04259,0.085897,-0.02349,0.07738,-0.17567,-0.052777,0.04511,-0.03585,-0.043642,-0.046329,0.019206,0.107388,-0.072695,-0.113018,0.14378,-0.035822
canon_Method_00102,0.158614,0.045199,-0.196272,-0.162648,-0.181772,0.176169,-0.283642,0.242985,0.106134,-0.037823,-0.138276,-0.125754,-0.004729,-0.006747,0.206995,-0.134147,0.073977,0.177391,0.131982,-0.387339,0.119518,0.155221,-0.206025,-0.165255,-0.320813,0.199588,-0.108776,-0.190063,0.183201,0.105727,-0.144348,0.176848,-0.017204,-0.148223,-0.084695,-0.106677,0.001145,0.058881,0.197567,-0.031985,-0.112176,0.187386,-0.014028,0.122348,0.207562,0.080776,-0.093113,0.032854,-0.050942,0.011875,-0.191941,0.06696,0.322952,0.298327,0.2109,-0.162572,-0.274332,0.400098,0.025968,-0.129178,0.031869,-0.183361,-0.11924,0.189888,0.148904,0.165859,-0.329107,0.134575,-0.216708,-0.484055,-0.116755,-0.303959,0.023395,-0.100495,0.300969,0.012711,-0.046706,0.087054,-0.18275,-0.205983,-0.037765,-0.373783,0.075248,-0.067399,0.224021,-0.094696,0.200115,0.081895,0.252616,-0.231225,-0.230079,-0.000911,-0.193922,-0.015846,0.148969,0.17059,0.248982,0.097238,-0.02671,-0.235809,-0.278756,-0.068445,0.138272,0.211322,-0.181999,0.336378,-0.040966,-0.099031,-0.082982,0.000602,-0.066214,0.097962,0.018117,0.0006,-0.128273,0.117481,-0.241251,-0.134679,0.087158,0.005733,-0.037967,-0.116001,0.132664,0.113787,-0.052068,-0.182528,0.172027,-0.216937
canon_Method_00103,0.036374,-0.038344,-0.029666,-0.031613,-0.047424,-0.029047,0.051984,0.066811,0.040152,0.022955,0.018356,-0.008516,0.021095,0.115782,0.119795,-0.077189,0.050044,-0.023579,-0.089473,-0.006445,0.083969,0.014198,-0.116662,0.03033,-0.101149,0.104477,-0.01448,0.005639,0.086886,-0.028845,-0.014025,-0.008448,-0.036844,0.042182,-0.017093,-0.027025,-0.00312,-0.034317,0.045728,0.093454,-0.07265,0.075705,-0.033644,0.013676,0.000924,-0.008125,-0.005018,0.032246,0.010572,-0.031189,-0.083278,0.038921,0.137455,0.073341,0.037132,0.030741,-0.048958,0.033617,-0.026843,-0.010597,0.073283,-0.0682,-0.051877,0.11113,0.177464,-0.096611,-0.064994,-0.026296,-0.0397,-0.172355,0.042074,-0.053939,-0.096926,-0.054423,0.068794,-0.009272,-0.063413,0.003813,-0.024268,-0.02474,0.010348,-0.118028,0.041776,0.001008,9e-05,-0.007693,0.021403,-0.037284,0.071744,0.006037,-0.024287,0.062647,-0.118409,0.038382,0.079,-0.025665,0.011897,-0.067061,-0.009442,-0.072671,-0.073863,-0.079693,0.030179,-0.037194,-0.063252,0.053591,-0.039075,-0.10385,0.111675,0.072156,0.052159,0.07457,0.08449,0.030088,-0.045763,0.134861,-0.205902,-0.056811,0.023462,-0.041941,-0.041562,-0.059646,0.056584,0.142637,-0.102864,-0.121561,0.114768,-0.078751
canon_Method_00104,0.077738,0.014695,0.046941,-0.053034,-0.035662,-0.038044,0.109449,0.029236,0.025897,-0.008929,0.069896,0.040627,-0.001995,0.081036,0.126204,-0.068879,0.046847,0.059647,-0.065038,-0.038956,0.051871,0.075133,-0.13602,-0.018371,-0.109482,0.086118,-0.016466,0.039049,0.079902,-0.002931,-0.014069,0.006542,-0.047241,0.073696,-0.082927,-0.051712,0.003086,-0.005327,-0.017602,0.076397,-0.057982,0.081857,-0.045627,0.044908,0.001301,-0.050728,-0.052482,0.01063,-0.011846,-0.017842,-0.113606,0.028417,0.142504,0.120945,0.021637,0.040719,-0.066609,0.016128,-0.039893,-0.018441,0.069243,-0.071666,-0.086875,0.088116,0.175524,-0.10946,-0.100979,-0.038854,-0.056941,-0.194594,0.032769,-0.055689,-0.107227,-0.083815,0.064974,-0.002103,-0.041965,0.032906,-0.033522,0.028536,0.018072,-0.132887,0.019222,0.09779,0.009917,0.002047,0.01226,-0.119282,0.108019,0.072593,-0.095971,0.046284,-0.071506,0.038677,0.071817,-0.002325,0.003971,-0.077313,-0.031832,-0.038762,-0.090186,-0.173265,0.059758,-0.06457,-0.096373,0.050834,-0.051669,-0.071748,0.122596,0.091538,0.073453,0.008121,0.077861,0.052513,-0.075641,0.111367,-0.133977,-0.02525,0.053512,-0.057992,-0.032352,-0.061033,0.019931,0.115671,-0.126306,-0.161884,0.087096,-0.081109
canon_Method_00105,0.059277,-0.052375,0.066305,-0.074099,-0.01691,-0.01541,0.088901,0.02385,-0.008936,-0.033896,0.021329,0.059699,-0.022837,0.136955,0.114202,-0.067152,0.075214,0.052025,-0.070502,-0.005624,0.074033,0.019961,-0.124151,0.001764,-0.118864,0.11162,-0.0107,-0.024319,0.060631,-0.027605,0.03394,0.024191,-0.010723,0.050735,-0.035637,-0.051189,0.002841,-0.002627,-0.031934,0.084646,-0.077882,0.067839,-0.028675,0.05958,0.047397,-0.044973,-0.026076,0.02962,0.008646,-0.004757,-0.091631,0.0464,0.15038,0.079062,0.028386,0.067058,-0.033132,0.060148,-0.033751,-0.012454,0.086404,-0.073718,-0.103015,0.143594,0.190065,-0.096667,-0.105854,-0.011805,-0.078847,-0.145772,0.064118,-0.077518,-0.058076,-0.093166,0.077642,0.025723,-0.104333,-0.008606,0.01556,-0.010299,0.039371,-0.112263,0.021885,0.061119,-0.026568,0.023986,-0.018114,-0.080883,0.076308,0.047634,-0.086334,0.074095,-0.122404,0.053803,0.045181,0.013201,0.044574,-0.057197,-0.013843,-0.065924,-0.086921,-0.099787,0.02528,-0.092562,-0.067478,0.096862,-0.040985,-0.101623,0.101026,0.062367,0.069305,0.046477,0.052952,0.059888,-0.023355,0.106281,-0.191067,-0.081608,0.082025,-0.02978,0.020653,-0.050157,0.049446,0.133258,-0.152209,-0.114424,0.090321,-0.067647
canon_Method_00106,0.070996,-0.00641,0.013783,-0.048685,-0.06895,-0.027308,0.084425,0.053407,0.009329,0.007286,0.007818,-0.00166,-0.009905,0.115634,0.095081,-0.049878,0.042142,0.01302,-0.067924,-0.006757,0.079596,0.016144,-0.143758,-0.055415,-0.122863,0.064803,-0.004277,0.009611,0.058054,0.005316,0.003605,-0.000776,-0.013914,0.059277,-0.037055,-0.055202,-0.058407,0.015227,0.038802,0.092556,-0.068732,0.114892,-0.056733,0.02827,0.059753,0.002119,-0.022988,0.060357,-0.021084,-0.012091,-0.10247,0.033644,0.156444,0.105023,0.094569,0.039841,-0.036357,0.039282,-0.028542,-0.019666,0.052542,-0.078579,-0.127178,0.107974,0.194112,-0.100961,-0.097718,-0.020443,-0.08488,-0.148985,0.020789,-0.07926,-0.05728,-0.068741,0.069207,-0.020352,-0.079571,-0.000821,-0.052805,0.004877,0.014975,-0.123506,0.038673,0.030653,0.016263,-0.027163,0.007061,-0.054622,0.101497,0.005863,-0.083126,0.018813,-0.139796,0.052464,0.051819,0.007605,0.011331,-0.028881,-0.035606,-0.073636,-0.123483,-0.11694,0.039454,-0.036642,-0.084134,0.071706,-0.037806,-0.097485,0.056932,0.042771,0.020256,0.059453,0.066772,0.036594,-0.029213,0.117203,-0.167873,-0.031213,0.026616,-0.052027,-0.029146,-0.027186,0.056318,0.11967,-0.108243,-0.121344,0.16516,-0.090963
canon_Method_00107,0.186313,0.053855,-0.004188,-0.05965,0.014732,-0.180956,0.012051,0.043717,-0.142838,0.046697,0.385548,0.105019,-0.194729,0.078073,0.147082,0.127714,-0.171519,-0.111929,-0.065368,0.167754,0.31468,-0.017768,-0.515736,-0.347648,-0.358384,0.015326,-0.167762,0.021433,-0.124407,-0.266288,0.177105,-0.290002,-0.0773,0.193248,0.040009,-0.083135,-0.322844,-0.31036,0.011037,0.553651,-0.163765,0.156104,-0.072098,0.205882,-0.191659,0.217627,0.05923,0.143307,0.029443,-0.223471,-0.300227,0.048795,0.292548,0.116842,0.569543,-0.009266,0.099312,0.036892,-0.297858,-0.323324,0.391815,-0.443851,-0.337253,0.387845,0.395557,-0.26201,0.159893,0.272978,-0.108929,-0.004786,-0.036665,-0.215031,-0.08114,-0.277863,0.073603,-0.154687,-0.294645,-0.230549,-0.017914,0.038526,0.109922,-0.412339,0.121666,0.523297,0.200624,0.150331,-0.160293,0.013787,0.11326,0.118952,-0.025293,-0.062203,-0.389949,0.423905,0.092085,-0.040826,-0.03739,-0.094228,0.010291,-0.184639,0.107308,-0.419888,0.201638,-0.091372,-0.187501,0.112633,0.023007,-0.373746,0.376086,-0.263104,0.012237,0.101889,0.244101,-0.244827,0.305426,0.259374,-0.252932,0.107575,-0.066476,-0.323343,-0.065687,0.179959,0.28356,0.270981,-0.546951,-0.193192,0.495329,-0.24006
canon_Method_00108,0.016125,0.140216,-0.030365,-0.061057,0.03166,0.080204,0.120416,0.118638,-0.010886,-0.153762,0.073051,0.149637,-0.028026,0.14376,0.219949,-0.135915,0.032516,-0.184535,-0.199891,-0.131782,0.079095,0.055447,-0.096732,-0.182136,-0.194605,0.146193,0.032196,0.047787,-0.029294,-0.086928,0.052385,-0.177592,-0.054203,0.006676,-0.291768,0.026117,0.003533,-0.003804,-0.009101,0.13458,-0.126553,0.174479,-0.032007,0.035733,-0.08451,0.152652,0.039703,0.134031,-0.194324,-0.000274,-0.169233,-0.059106,0.126008,0.217334,0.124208,0.025544,-0.074557,-0.070038,-0.072552,0.08764,0.182725,0.077588,-0.222781,0.001604,0.20801,-0.142296,-0.006136,-0.051259,-0.16043,0.012091,-0.020391,-0.240108,-0.040852,-0.109392,0.26653,0.141857,-0.251632,0.121646,0.034816,-0.060908,0.155003,-0.107138,-0.002665,0.141902,-0.069994,-0.001325,-0.080682,-0.143032,0.139692,-0.035099,-0.249645,0.232818,-0.203395,0.263177,-0.159252,-0.11086,0.04212,-0.103363,-0.062252,-0.089446,-0.22958,-0.114295,0.050695,-0.133824,-0.162311,0.036664,0.17361,-0.176359,0.093556,0.077028,-0.080056,-0.056205,0.130998,-0.010774,0.019326,0.002944,-0.131123,-0.165338,0.115312,-0.105316,0.009565,0.035544,-0.11673,0.255999,-0.343608,-0.404427,0.05498,-0.084541
canon_Method_00109,0.105586,-0.018378,0.023069,-0.085277,-0.296484,-0.147195,0.140255,0.06152,0.245404,0.219711,0.260378,0.366797,0.005641,0.319278,0.198374,-0.035351,-0.098911,-0.202318,-0.200669,-0.148537,0.02646,0.327063,-0.118483,-0.230859,-0.31276,0.419043,-0.138918,0.139238,-0.011146,-0.067166,0.060043,-0.21773,-0.018166,-0.232664,0.166262,-0.374498,-0.104291,0.089597,-0.120332,0.306811,-0.144011,0.085888,-0.142152,-0.07017,-0.124453,-0.025307,-0.009416,0.090899,0.067088,0.297712,-0.377321,0.283836,0.405007,0.195285,0.224781,0.296142,-0.168109,0.294905,-0.105735,0.341508,-0.174018,-0.143515,-0.137988,0.403862,0.612499,-0.335453,-0.017022,-0.121616,-0.09132,-0.243742,0.246625,-0.200051,-0.190653,-0.376339,-0.032336,0.027344,-0.12355,0.436778,0.018758,-0.040794,0.13124,-0.227404,-0.021645,0.368522,-0.068373,0.060608,0.129435,-0.268518,0.116611,0.382826,-0.039509,0.518459,-0.112344,0.37062,0.344973,-0.134652,0.036035,-0.374048,0.108009,-0.382954,-0.152633,-0.176704,-0.177671,-0.218406,-0.226435,0.185249,0.303148,-0.07299,0.19492,0.158341,0.399466,-0.1055,0.061142,-0.002761,-0.153282,0.258659,-0.451632,-0.38254,0.362889,0.159553,-0.137631,-0.435416,0.276909,-0.217647,-0.352973,-0.279668,0.167386,-0.118447
canon_Method_00110,0.020261,0.003171,-0.006419,-0.13708,0.038825,0.016503,0.049149,0.072824,0.140849,-0.141953,-0.023511,0.011958,-0.052531,0.244823,0.168515,-0.158544,0.086581,0.057067,-0.063677,-0.118725,0.10059,0.080307,-0.15829,-0.120474,-0.202005,0.111421,-0.028768,0.089929,0.080435,-0.002831,-0.019908,-0.096797,-0.045944,0.084845,-0.021704,-0.091311,-0.100373,0.084748,0.059252,0.066604,-0.103189,0.064224,-0.076918,0.00164,0.088023,0.000502,0.023914,0.093086,-0.066739,0.096676,-0.193293,0.010743,0.20475,0.136839,0.081551,0.11744,0.024615,0.061473,-0.050701,-0.048024,0.033685,0.033734,-0.082406,0.145631,0.211819,0.070191,-0.089955,0.010123,-0.118991,-0.121134,-0.016467,-0.135899,-0.149534,-0.061003,0.102751,0.12684,-0.087074,0.149498,-0.166419,-0.069143,-0.040223,-0.031008,-0.018344,0.004825,0.009473,-0.158907,-0.01201,-0.163586,0.072069,0.102094,-0.184985,0.057706,-0.191131,0.115544,0.026026,0.024559,-0.094835,-0.060638,-0.041233,-0.204748,-0.174581,-0.111377,-0.046641,-0.002619,-0.074208,-0.083559,-0.107582,-0.236064,0.027961,0.086697,0.106531,0.071306,0.054141,0.045246,-0.002412,0.057215,-0.209152,-0.104204,0.190748,-0.080278,-0.002244,0.001156,0.023763,0.079392,-0.077984,-0.137224,0.135653,-0.038022
canon_Method_00120,0.067159,-0.025494,0.023575,-0.051287,-0.028815,0.005765,0.038484,0.038588,0.044893,-0.028081,-0.019927,0.023044,-0.011027,0.109585,0.124242,-0.059188,0.059327,0.023113,-0.076299,-0.031309,0.073937,0.054715,-0.108178,-0.033373,-0.103381,0.082632,-0.019642,-0.015703,0.082277,0.000627,0.021151,0.004647,-0.019214,0.033047,-0.044576,-0.031897,-0.018463,5.4e-05,-0.006046,0.071568,-0.089466,0.075894,-0.036206,0.031894,0.036536,-0.03132,-0.0068,0.007737,-0.046485,-0.028877,-0.102569,0.038312,0.13779,0.094677,0.048558,0.047087,-0.043692,0.062253,-0.031259,-0.022197,0.04356,-0.059345,-0.09122,0.112767,0.161739,-0.075447,-0.061375,-0.009754,-0.090539,-0.144018,0.027684,-0.076039,-0.082578,-0.058939,0.07923,0.028745,-0.090119,0.02917,-0.015627,-0.027431,0.016875,-0.116045,0.028837,0.04622,-0.009659,-0.006146,-0.004514,-0.080241,0.08384,0.015395,-0.077882,0.06846,-0.112094,0.041166,0.088173,-0.003558,0.031198,-0.067314,-0.034782,-0.071996,-0.078894,-0.100159,0.004981,-0.052133,-0.083877,0.063369,-0.016354,-0.09377,0.069433,0.062209,0.058157,0.04542,0.067649,0.066449,-0.033776,0.101163,-0.172172,-0.064812,0.067779,-0.023262,-0.002497,-0.037094,0.051257,0.100188,-0.094177,-0.091989,0.108646,-0.054995
canon_Method_00129,0.09648,-0.105361,0.099878,-0.210136,-0.073058,-0.152418,0.365631,0.209343,0.10304,0.143902,0.381047,0.289752,0.079006,0.279802,-0.162224,-0.053219,0.108302,0.673272,0.100251,-0.354773,0.516394,0.279332,-0.111946,-0.391912,-0.176335,0.405037,-0.286391,0.440541,0.415468,0.218747,-0.139428,0.161507,0.088601,-0.051711,0.305015,-0.194149,0.128906,-0.036534,0.240498,-0.067055,-0.230353,0.358795,-0.671744,-0.139032,0.177489,-0.214011,-0.061634,-0.089191,-0.475474,0.115739,0.042573,0.151774,0.414577,0.449216,0.430883,-0.15189,0.037816,0.180017,-0.152792,-0.165915,0.092737,-0.203875,0.018338,0.033549,0.319775,-0.030417,-0.356837,0.464916,-0.035664,-0.363211,0.059385,-0.229612,0.200582,-0.161845,0.074332,0.211224,-0.112993,-0.022812,-0.244228,-0.170015,-0.104664,-0.256984,-0.058239,0.059292,0.251172,-0.350072,0.288832,-0.743339,0.191251,0.290939,-0.239827,-0.001279,-0.555492,-0.140512,-0.016781,-0.213105,0.2113,-0.449511,-0.030364,-0.078853,-0.561498,-0.264967,0.038333,-0.278551,-0.174907,0.060795,-0.370183,-0.37405,0.202441,0.180223,0.300013,-0.077091,-0.198738,0.287822,-0.089583,0.610688,-0.207056,0.162591,0.267137,-0.064551,-0.181878,0.095407,0.263789,0.156988,-0.377688,-0.478458,-0.209742,-0.125258
canon_Method_00143,0.082272,-0.081857,0.052223,0.008043,-0.080069,-0.02715,0.053048,0.078041,0.02461,0.011287,-0.005417,0.00539,-0.025475,0.188688,0.164402,-0.068018,0.02223,0.015463,-0.015332,0.026951,0.059697,0.041371,-0.082495,0.022126,-0.093094,0.096425,-0.054534,0.035369,0.08182,-0.013002,0.006583,0.074937,-0.037857,0.006315,0.026215,-0.095176,0.033004,-0.042939,-0.051823,0.07133,-0.094046,0.074069,0.039356,0.000746,0.045297,0.006087,-0.012371,0.034558,0.068464,0.06897,-0.142862,0.052258,0.218706,0.085429,0.051352,0.073874,-0.067291,0.084954,-0.000642,0.059598,0.039486,-0.133389,-0.016554,0.148202,0.249811,-0.091223,-0.12258,-0.068291,-0.054865,-0.216467,0.028721,-0.116284,-0.088268,-0.124711,0.051238,-0.092642,-0.091209,0.023484,-0.035117,-0.019216,0.031677,-0.12384,0.053438,0.051909,0.009211,-0.015562,0.118215,-0.055977,0.111541,-0.00483,0.002758,-0.011524,-0.021862,0.088753,0.07627,-0.000709,0.039894,-0.116865,-0.019417,-0.064553,-0.12121,-0.044823,-0.008963,-0.03567,-0.14728,0.115612,-0.058425,-0.010497,0.08103,0.044912,0.074444,-0.006541,0.09256,0.073762,-0.103576,0.122204,-0.129309,-0.053479,0.092146,-0.048929,-0.083222,-0.185742,0.062156,0.109551,-0.115996,-0.115558,0.082836,-0.077552
canon_Method_00159,-0.122799,-0.023469,-0.401859,-0.66627,-1.067616,-0.66658,0.951162,0.476056,-0.048551,0.511639,0.639794,0.261131,0.029995,1.573386,0.101233,-0.626618,0.508013,-0.13011,-0.65535,0.246962,0.963882,-0.481952,-0.608682,0.463098,-0.889042,0.253067,-0.056503,-0.398249,0.399278,-0.221191,0.454514,0.077868,0.11878,0.562134,-0.255117,0.130599,0.261082,-0.141326,0.56292,0.268828,0.160522,0.483187,-0.177657,-0.460599,0.065416,-0.27055,0.242193,0.531495,0.728667,0.024798,-0.24641,0.215855,0.806378,0.32704,0.307073,-0.234651,0.190641,-0.210696,0.125551,-0.057179,0.406336,-0.532268,-0.744359,0.416659,1.456815,-0.793553,-0.054476,-0.231001,0.003948,-1.121309,0.44936,0.212699,0.364084,-0.025284,0.03183,0.107452,-0.188155,-0.472229,-0.243097,-0.087637,0.244984,-0.461206,0.166907,-0.629299,0.143901,0.243717,-0.126105,-0.407027,0.103702,-0.325958,0.118386,0.447013,-0.965907,-0.158179,0.385569,-0.208663,0.189408,0.126997,0.514181,-0.361106,-1.065679,-0.223326,0.302579,-0.394325,-0.486502,0.5091,-0.737607,-0.342604,0.445272,0.583841,-0.015439,1.168781,-0.348447,0.620727,-0.141448,1.128644,-1.599085,-0.463106,-0.161457,0.091244,-0.587572,-0.200621,0.260513,0.292393,-0.326053,-1.026386,1.090009,0.017635
canon_Method_00168,0.168706,-0.059289,-0.10609,0.045616,-0.083306,-0.061053,0.159514,0.039927,0.007577,0.005034,-0.051218,-0.058974,-0.024793,0.035425,0.243294,-0.012444,0.041551,0.002442,-0.060462,0.02719,0.140505,0.025494,-0.129046,0.000354,-0.151875,0.08834,-0.023906,0.048584,0.153772,-0.114273,-0.056047,0.148235,0.086473,0.13629,-0.072131,-0.027999,0.064192,-0.050887,-0.001374,0.114627,-0.085222,0.073118,0.111816,0.062375,0.023265,-0.080318,-0.045759,-0.045659,0.038962,0.042757,-0.045249,-0.034121,0.137876,0.075902,-0.002425,0.106788,0.002245,0.086154,-0.120846,-0.1082,0.018683,-0.019193,-0.189117,0.015292,0.179503,-0.078953,-0.049848,-0.026462,-0.095376,-0.123756,0.097726,-0.056758,-0.061864,-0.104494,0.077728,0.075553,-0.036271,-0.099432,0.071361,0.011651,0.046255,-0.190723,0.004113,0.088342,-0.024004,-0.047573,0.047133,0.088306,0.10154,0.055135,-0.066507,-0.019922,-0.069836,0.055547,-0.047244,-0.140351,-0.007099,-0.074342,0.011423,-0.063855,-0.180055,-0.141239,0.037455,-0.137371,-0.107971,0.108163,-0.014471,-0.118145,0.274342,0.010871,-0.039897,0.056298,0.014546,0.093319,0.001521,0.213862,-0.219731,0.04568,-0.002164,-0.149918,-0.154718,-0.064001,-0.006379,0.121866,-0.177967,-0.178309,0.2219,0.033894
canon_Method_00171,0.090937,-0.027213,0.027144,-0.06484,-0.048036,-0.01914,0.063677,0.034501,0.029048,-0.025951,0.015989,0.005979,-0.006624,0.121375,0.114961,-0.06341,0.069968,0.02823,-0.067036,0.018352,0.087006,0.026676,-0.123633,-0.030108,-0.139418,0.077421,-0.028703,-0.036181,0.086394,-0.008674,0.019864,0.012432,-0.028856,0.053599,-0.031267,-0.041142,-0.032516,0.033243,0.037192,0.088756,-0.059446,0.094316,-0.025241,0.027011,0.066285,-0.038795,-0.027132,0.054407,-0.010284,-0.016397,-0.090603,0.003472,0.137675,0.104148,0.050985,0.05896,-0.038153,0.063643,-0.031151,-0.050013,0.023625,-0.077873,-0.122044,0.098154,0.166538,-0.078119,-0.088714,-0.012531,-0.104099,-0.141694,0.032108,-0.087074,-0.054661,-0.072891,0.067534,0.013272,-0.046847,-0.001639,-0.021858,0.000668,0.015131,-0.107489,0.033999,0.046542,0.004056,0.000218,-0.005718,-0.070395,0.094941,0.029079,-0.079143,0.047405,-0.124366,0.042192,0.084353,0.017737,0.010138,-0.028806,-0.029176,-0.067115,-0.108746,-0.111794,0.023432,-0.070853,-0.057916,0.073813,-0.038251,-0.111954,0.063677,0.040068,0.018532,0.050035,0.056726,0.062113,-0.043771,0.109565,-0.166514,-0.036031,0.040365,-0.019404,-0.00355,-0.025574,0.040527,0.102328,-0.096463,-0.109362,0.112608,-0.07527
canon_Method_00172,0.093955,-0.239686,-0.000488,-0.013368,-0.34747,-0.348484,0.777204,0.195446,0.331609,0.509931,0.39178,-0.279511,0.469736,0.426689,0.788563,-0.521825,0.576547,-0.280883,0.340657,0.154668,0.279851,-0.175745,-0.666225,0.2198,-0.980673,0.989201,0.181505,0.305338,0.115832,0.039022,-0.323192,0.002318,0.287943,0.495215,-0.091741,0.227464,-0.222323,-0.406883,-0.107257,0.279475,-0.193481,1.128319,-0.752535,0.184263,0.0093,-0.154222,-0.461729,0.607632,0.040937,0.07048,-0.091104,-0.183249,0.692623,0.035261,-0.188328,-0.008578,-0.652999,0.537598,-0.056719,0.441121,0.0242,-0.290147,-0.283784,0.268767,0.848788,-0.622906,-0.646392,-0.861531,-0.229815,-1.183547,-0.028591,-0.947897,-0.195445,-0.563669,0.403039,-0.479879,0.526289,-0.632651,-0.401934,-0.298877,-0.003671,-0.657472,-0.299652,0.2329,0.045279,-0.783613,0.447874,-0.481426,0.833928,-0.166772,-0.170909,0.222331,-0.060507,0.575201,0.108401,-0.086179,-0.454254,-0.961452,-0.062877,-0.190707,-0.629016,-1.305211,0.774645,-0.417602,0.091848,-0.009888,-0.679026,-0.037726,1.005708,0.916169,-0.226513,0.233335,0.823396,-0.383679,-0.900248,1.369832,-0.508986,-0.174944,0.137565,-0.180228,-0.154065,-0.579227,0.018989,1.023623,-1.100646,-0.983574,0.809362,-0.711024
canon_Method_00174,0.086539,-0.024011,0.03424,-0.050826,-0.030559,-0.018627,0.061237,0.052755,0.027037,-0.004074,-0.019086,0.00181,-0.009579,0.113514,0.131711,-0.056832,0.057525,0.01916,-0.09017,-0.023173,0.053703,0.054333,-0.115377,-0.052854,-0.083012,0.089282,-0.009951,-0.006898,0.093035,-0.020527,0.022568,-0.000587,-0.021662,0.052335,-0.066328,-0.041944,-0.055463,-0.011988,0.012727,0.088011,-0.073095,0.062384,-0.028074,0.02397,0.048219,-0.01955,-0.028822,0.01671,-0.023665,-0.030949,-0.111925,0.014586,0.159469,0.093287,0.078655,0.032918,-0.040933,0.04488,-0.030251,-0.047164,0.073315,-0.043806,-0.11318,0.112771,0.172415,-0.098363,-0.066574,-0.033739,-0.059694,-0.135004,0.024664,-0.014034,-0.06361,-0.032356,0.073153,-0.006163,-0.088396,0.050246,-0.042642,-0.005262,-0.017786,-0.1017,0.053602,0.01956,0.017689,-0.020514,0.007484,-0.052806,0.082376,0.044396,-0.051802,0.033104,-0.114457,0.064531,0.063791,0.01375,0.010248,-0.039045,-0.03264,-0.068392,-0.034554,-0.117961,0.001339,-0.062083,-0.082885,0.047987,-0.051703,-0.084897,0.093657,0.072391,0.059009,0.035597,0.079668,0.07005,-0.045685,0.116911,-0.162266,-0.04766,0.039919,-0.032592,-0.009723,-0.036057,0.041564,0.108492,-0.099107,-0.115837,0.116997,-0.044973
canon_Method_00175,0.151974,0.055268,0.040517,-0.049268,-0.061311,-0.097697,0.104683,0.264104,-0.061197,-0.046968,-0.151083,0.021346,0.021113,0.336943,0.077833,-0.003234,0.157358,0.124369,0.016374,-0.02012,0.214734,0.063805,-0.23044,-0.127923,-0.149528,0.004792,-0.012006,0.163785,0.128796,0.244198,0.015912,0.036692,-0.039424,-0.045638,0.030909,-0.101791,0.004987,0.046252,-0.165808,-0.006588,-0.051207,0.171734,0.005835,0.133675,-0.032133,-0.073883,-0.064032,-0.03266,-0.12956,-0.112637,-0.1155,0.060689,0.304773,0.129553,0.198546,-0.166757,-0.075208,0.21844,-0.092161,0.008356,-3.1e-05,-0.067397,-0.176317,0.078156,0.176065,-0.285241,-0.296965,0.022773,-0.243313,-0.209603,-0.113427,-0.146529,-0.160728,-0.055934,0.203508,-0.001771,-0.186328,0.010072,-0.22573,-0.114816,0.001392,0.007614,0.167837,0.160469,0.225564,0.101972,0.019801,-0.310769,0.093516,-0.098287,-0.192064,0.100421,-0.173604,0.273266,-0.02233,0.03105,0.375469,0.020341,-0.100289,-0.088088,-0.127328,-0.051664,-0.064211,-0.202408,-0.388888,0.182687,-0.034921,0.056085,-0.001711,0.008326,0.129484,0.029906,-0.146556,0.176904,-0.192844,0.204469,-0.104478,-0.142143,-0.108765,-0.053971,0.11637,-0.117825,0.035859,0.011514,0.014746,-0.172833,0.170353,-0.169283
canon_Method_00176,0.460483,-0.089211,-0.050515,0.121105,-0.08352,0.206709,0.136177,0.064517,0.104558,-0.230006,-0.214349,-0.007113,0.003311,0.155503,0.113118,-0.094795,0.03185,0.089931,-0.107366,-0.24663,0.087509,-0.214568,0.060899,0.090712,-0.176059,0.272642,0.011976,0.175719,0.271541,0.0297,-0.0262,-0.039818,-0.026661,0.040743,0.038886,-0.60268,-0.278933,0.076078,-0.026305,0.096694,-0.107194,0.05325,-0.444837,0.117351,0.223726,0.070215,-0.131895,0.076765,-0.039034,-0.000974,-0.419903,-0.147226,0.14519,0.39189,-0.036974,-0.031271,-0.056569,0.146625,-0.193099,-0.238154,0.240894,-0.10551,0.060073,0.469643,0.069344,-0.03962,-0.518268,0.182885,-0.062063,-0.394802,-0.153141,-0.218421,-0.116882,-0.05535,0.092421,0.075122,-0.032764,-0.042965,-0.124963,-0.24735,0.06224,-0.252086,0.051804,0.155872,0.202265,0.170503,-0.119852,-0.117231,0.234795,0.100541,-0.209353,0.070153,-0.102355,0.15755,-0.087635,-0.036358,0.339404,0.061011,0.050006,0.094225,-0.044735,-0.049867,0.01921,-0.013949,-0.238427,0.184908,-0.371044,-0.193177,0.312469,-0.02446,0.135176,0.069224,-0.001045,0.139742,0.199596,0.313519,-0.082589,-0.104096,0.163688,-0.328704,-0.167685,-0.13638,0.167899,0.514934,-0.212261,-0.458007,0.066852,-0.395274
canon_Method_00178,0.816674,-0.306316,0.611953,-0.647381,-0.758709,0.159429,0.781068,-0.091638,0.118833,0.025076,-0.394786,0.237897,-0.16616,0.251945,0.515031,-0.198203,0.771827,0.229858,-0.570195,0.443776,0.662483,-0.024502,-0.267084,-0.01537,-1.001897,-0.004168,-0.229697,-0.537587,-0.085341,-0.009795,0.594763,0.078753,-0.242566,0.492483,-0.93844,-0.523357,0.412619,0.117658,0.615698,0.140397,0.119186,0.322085,0.066178,-0.123598,0.333628,-0.452008,0.449891,0.498382,0.136975,0.01227,-0.510468,-0.713317,1.069654,0.682099,-0.228024,0.885714,-0.297817,0.467946,-0.128992,0.385287,0.219582,-0.277361,-1.252865,0.599616,0.888498,-0.747608,-0.8522,-0.68346,-0.689619,-1.360254,0.697223,-0.52719,0.161665,-0.115271,0.024352,-0.038657,-0.076549,-0.998464,0.451398,0.717734,0.574652,-0.508231,0.006414,0.272635,-0.777375,0.383806,-0.114049,-0.169378,1.065911,-0.198799,-0.644232,-0.098311,-0.195217,-0.076421,0.139176,0.392913,0.223631,0.439658,-0.547487,-0.190773,-0.725876,-0.428544,0.840731,0.028331,-0.713096,0.380737,0.143839,-0.259395,0.462956,0.310334,-0.291928,0.412692,0.285411,0.824884,-0.476573,0.118348,-0.917268,-0.032121,0.458335,-0.318844,-0.444965,-0.698569,0.124013,0.566207,-0.865688,-0.383681,0.63371,-0.686718
canon_Method_00179,0.010968,0.184665,-0.231876,-0.009167,-0.041234,0.01883,0.062277,-0.071858,-0.081783,-0.107779,0.105168,0.089141,-0.092405,0.132627,0.377445,-0.106355,-0.064438,-0.198551,-0.202248,0.137536,0.066789,-0.090836,-0.398905,0.022629,-0.466172,0.219604,-0.19101,-0.028741,-0.068911,-0.120489,-0.225532,-0.49325,0.112906,-0.108841,0.08448,-0.089154,-0.269999,-0.1532,-0.033253,0.227748,-0.001366,0.203068,0.046872,0.045518,0.045354,0.115183,0.088176,0.204172,-0.188992,-0.109422,0.076064,0.157928,0.404391,0.103228,0.124389,-0.104756,-0.001972,-0.06604,-0.021979,0.050015,0.181601,0.002425,-0.20795,0.248859,0.21073,0.028743,-0.153257,0.037098,-0.076341,-0.229838,-0.044292,-0.209086,0.04548,0.049951,0.089345,0.016096,-0.18075,-0.104736,-0.023614,-0.015876,0.149908,-0.222165,-0.038253,0.101258,-0.13885,-0.08304,-0.018126,0.029743,0.353641,-0.207793,-0.104433,0.126264,-0.298509,0.16784,-0.164328,-0.329266,-0.113536,0.041101,-0.125612,-0.337495,-0.179129,-0.215101,0.086808,0.0212,-0.124102,0.236428,-0.019079,-0.165258,0.180828,-0.052201,0.046652,0.162867,0.013564,0.197172,0.117163,0.072102,-0.322792,-0.274403,0.0205,-0.308203,-0.154143,-0.013535,-0.041434,0.230919,-0.202818,-0.397876,0.134816,-0.122881
canon_Method_00180,0.08491,-0.032284,0.012548,-0.051575,-0.045503,-0.032482,0.076884,0.041934,0.036078,-0.003947,0.026661,-0.000457,0.024138,0.132573,0.126388,-0.06265,0.075523,0.050362,-0.05275,-0.023104,0.115757,0.049741,-0.135723,-0.037723,-0.097609,0.056898,-0.034926,-0.008325,0.106531,0.003602,-0.005837,0.032995,-0.010891,0.078565,-0.029769,-0.046243,-0.017466,0.009873,0.02899,0.080846,-0.067366,0.082451,-0.038543,0.033947,0.043222,-0.039037,-0.033766,0.022085,-0.010079,-0.014297,-0.09628,0.024445,0.144286,0.10599,0.06853,0.016973,-0.04962,0.03674,-0.051804,-0.041543,0.069625,-0.08557,-0.068937,0.105758,0.175188,-0.105701,-0.120388,0.01066,-0.047464,-0.194653,0.015268,-0.068154,-0.095901,-0.069493,0.073107,-0.024678,-0.067999,-0.009704,-0.033481,-0.037693,0.00881,-0.109827,0.026105,0.038939,0.039818,0.004855,0.018381,-0.068359,0.099745,0.042851,-0.073425,0.020533,-0.12843,0.034538,0.089447,0.010913,0.035191,-0.063168,-0.014811,-0.075954,-0.098381,-0.101361,0.015617,-0.056264,-0.076755,0.038299,-0.066433,-0.110729,0.108237,0.056293,0.05292,0.058618,0.056948,0.063146,-0.051907,0.124699,-0.166319,-0.042655,0.031818,-0.038234,-0.033992,-0.049311,0.052845,0.123672,-0.098422,-0.130362,0.095137,-0.046188
canon_Method_00181,0.071101,-0.43938,0.170591,-0.104169,-0.042812,-0.454522,0.116092,0.140541,-0.204848,0.082698,0.423507,0.066632,-0.056709,0.24935,0.498933,-0.271128,0.118418,0.007244,-0.529841,0.130858,0.554739,0.472102,-0.392984,-0.010135,-0.345056,0.166717,-0.415736,-0.006844,0.028334,-0.288357,-0.298308,-0.516903,0.0619,0.466724,-0.094768,0.028125,0.269043,-0.58355,0.705011,0.883939,-0.044378,0.092404,0.309235,0.169464,-0.472306,0.327924,0.129507,0.119693,0.221431,-0.623957,0.075106,-0.003757,0.496505,0.113428,0.43557,0.355182,-0.034856,-0.273192,-0.123566,0.027876,0.786702,-0.64316,-0.420615,0.566201,0.774609,-0.593286,0.249933,0.319845,-0.147486,-0.70535,0.391713,-0.434112,-0.559227,-0.49003,0.242992,-0.328608,-0.327228,-0.395359,0.226102,0.308005,0.142857,-0.553122,0.249493,0.7961,-0.082698,0.472645,-0.012116,0.020292,0.480998,0.268634,0.082017,0.320193,-0.457568,0.398195,0.549562,-0.152282,-0.590699,-0.664,-0.36832,-0.299158,-0.029226,-0.26507,0.571219,-0.228251,-0.384251,0.094192,0.197113,-0.499924,0.690296,0.00814,0.110654,0.146137,0.530605,-0.061264,0.014407,0.356722,-0.894806,0.272508,-0.071602,-0.630284,-0.518045,0.121077,0.091209,0.642046,-0.790752,-0.224884,0.417462,-0.164326
canon_Method_00183,0.089614,-0.00877,0.0339,-0.048915,-0.054352,-0.007958,0.060628,0.048192,0.002186,0.017885,-0.003701,0.005512,-0.019347,0.107303,0.089542,-0.058987,0.065669,0.075329,-0.081013,-0.005586,0.066355,0.037926,-0.108975,-0.053335,-0.087369,0.046031,-0.022467,-0.007949,0.067716,-0.007354,0.019422,0.016371,-0.035618,0.064511,-0.069838,-0.066614,-0.044656,0.002509,0.025585,0.06574,-0.07912,0.059921,-0.071304,0.016418,0.045009,-0.007418,-0.014256,0.044395,-0.008614,-0.032146,-0.094127,0.002396,0.1619,0.104604,0.097459,0.050548,-0.016916,0.036865,-0.027389,-0.044437,0.066617,-0.056994,-0.129126,0.136055,0.172514,-0.099044,-0.099624,-0.001689,-0.073009,-0.142793,-0.011341,-0.007876,-0.045955,-0.064977,0.07546,-0.009889,-0.069008,0.020332,-0.042767,0.008526,-0.013605,-0.105202,0.040934,0.043077,0.033119,-0.00157,0.013149,-0.025557,0.111673,0.047411,-0.079081,0.009429,-0.134868,0.042143,0.064101,0.015247,0.03582,-0.027542,-0.032853,-0.05093,-0.04802,-0.09859,0.039629,-0.045865,-0.086701,0.053886,-0.041365,-0.106928,0.071169,0.031133,0.058954,0.052069,0.074974,0.070249,-0.032488,0.106147,-0.170947,-0.03579,0.048516,-0.022131,-0.023664,-0.027013,0.069116,0.13602,-0.102718,-0.091682,0.11898,-0.084193
canon_Method_00184,0.0694,0.002658,0.010532,-0.066248,0.012316,-0.003701,0.024414,0.062535,-0.021844,0.012618,-0.020297,0.026838,-0.032119,0.183979,0.213325,-0.055939,0.023467,-0.009832,-0.09594,-0.127626,0.026767,0.106805,-0.152848,0.021967,-0.068306,0.106482,-0.01606,0.046266,0.003836,0.002436,-0.013161,-0.093766,0.07551,-0.051886,-0.11856,-0.092341,-0.046564,-0.024905,-0.015964,0.109653,-0.125789,0.059685,-0.063347,0.01238,-0.146763,0.014983,0.011739,0.03039,0.042574,-0.079466,-0.144046,0.128771,0.120854,0.085306,0.049212,0.056691,-0.088329,0.010372,-0.096949,0.11665,0.159662,-0.050198,-0.096683,0.184228,0.270579,-0.058517,-0.068462,0.036868,-0.094785,-0.168065,0.067112,-0.077119,-0.08129,-0.114691,0.089932,-0.068055,-0.156102,0.049559,-0.0257,0.01098,0.078726,-0.141997,-0.025245,0.058414,-0.044477,0.016034,-0.052449,-0.110118,0.036159,-0.036476,-0.117727,0.12572,-0.100616,0.068242,0.088232,-0.040111,-0.046148,-0.133526,-0.008643,-0.101841,-0.104644,-0.064627,0.049742,0.056361,-0.186494,0.024141,0.106537,-0.063245,0.172513,0.017144,0.096936,-0.015935,0.092898,0.126445,-0.013664,0.075203,-0.217946,0.009528,0.123924,-0.074454,-0.07195,-0.030982,0.11585,0.142076,-0.172032,-0.087306,0.08565,-0.11919
canon_Method_00185,0.093563,0.017299,0.03086,-0.098192,-0.015231,0.014663,0.076222,0.050725,-0.020633,0.063386,-0.005166,-0.010298,-0.03499,0.130132,0.065644,-0.058647,0.096123,0.080018,-0.079194,0.017381,0.005127,-0.022725,-0.150247,-0.051331,-0.146574,0.103944,0.06189,-0.033543,0.050634,0.009544,0.009044,0.038758,-0.022848,0.10325,-0.024644,-0.070647,-0.087348,0.016666,-0.052814,0.115713,-0.063198,0.099119,-0.135103,0.025789,0.095133,-0.045922,-0.028501,0.038481,0.012205,0.008059,-0.142619,0.031612,0.183003,0.119926,0.091541,0.113487,-0.031437,0.069627,-0.004798,0.01076,0.067649,-0.057579,-0.084198,0.14643,0.196538,-0.086741,-0.17009,-0.032754,-0.123926,-0.215943,0.051677,-0.072538,-0.029138,-0.076388,0.057135,-0.018378,-0.104312,-0.002749,-0.040926,0.01436,0.011869,-0.168462,0.044777,0.067987,0.025719,-0.058871,0.006248,-0.023115,0.085042,0.060957,-0.064635,-0.002794,-0.059763,0.06026,0.091798,0.061718,0.018469,0.003139,0.006263,-0.066745,-0.111807,-0.135792,-0.001396,-0.015978,-0.100321,0.094816,-0.058023,-0.087881,0.022809,0.038588,0.05093,0.051314,0.098699,0.045383,-0.037664,0.109498,-0.125326,-0.05835,0.053798,0.015415,-0.00268,-0.083641,0.110973,0.1335,-0.09029,-0.108199,0.207915,-0.038969
canon_Method_00186,0.062487,0.022605,0.068624,-0.04448,-0.014639,-0.035525,0.101671,0.098914,0.015314,-0.049619,0.03376,0.103437,-0.073841,0.165651,0.090046,-0.099697,0.031381,0.048314,-0.122702,0.032465,0.112195,0.061265,-0.117625,0.026224,-0.142373,0.070469,0.037553,0.054054,-0.031754,-0.048279,-0.029282,-0.05089,-0.039521,0.021278,-0.134175,-0.099019,-0.045681,-0.045751,-0.022674,0.161198,-0.068501,0.131751,-0.045471,0.024043,-0.022676,0.064848,0.094288,0.094679,-0.042767,-0.019337,-0.162886,0.116011,0.15226,0.16699,0.087226,0.078293,0.001892,0.052519,-0.085661,0.074051,0.073571,-0.042434,-0.138734,0.146376,0.240096,-0.110653,-0.017315,-0.056018,-0.120762,-0.068098,-0.004732,-0.053852,-0.12498,-0.07595,0.092757,0.02413,-0.149557,0.112666,-0.072123,0.057912,0.096399,-0.066493,0.006953,0.064014,-0.01762,0.022731,-0.0156,-0.035214,0.091174,0.047903,-0.065571,0.042181,-0.124365,0.093441,0.040875,-0.029735,0.032631,-0.103069,0.024909,-0.046576,-0.200003,-0.111976,0.074606,-0.01127,-0.196122,0.100279,0.090585,-0.151264,-0.00232,-0.017671,0.061713,-0.009329,0.074964,0.013767,0.001426,0.083346,-0.237344,-0.118905,0.06575,-0.026482,-0.066294,-0.065756,0.112281,0.120377,-0.173254,-0.129122,0.079718,-0.104371
canon_Method_00187,0.06304,-0.035168,0.007407,-0.018618,-0.078379,0.006088,0.046853,0.059247,0.080606,-0.00438,-0.006292,0.017702,0.027277,0.088328,0.104377,-0.055222,0.03462,-0.003526,-0.09981,-0.010345,0.085635,0.025633,-0.091815,-0.009672,-0.122455,0.067156,-0.037513,-0.008935,0.074441,-0.008103,0.00223,0.003359,-0.038346,0.001031,-0.033513,-0.068945,0.005295,-4.4e-05,0.040832,0.058151,-0.082152,0.061528,-0.05513,-0.015767,0.055244,0.000494,0.019429,0.042853,-0.005184,0.025003,-0.108472,0.021639,0.15552,0.101282,0.054422,0.059092,-0.027436,0.052665,-0.030536,-0.000478,0.057711,-0.055281,-0.082998,0.113188,0.198413,-0.10225,-0.058095,-0.018377,-0.049887,-0.176787,0.031734,-0.048525,-0.088087,-0.063295,0.037673,-0.014976,-0.081334,0.05712,-0.026331,-0.00886,0.021936,-0.115769,0.051316,-0.005473,0.010029,0.007569,0.027198,-0.04297,0.086041,-0.007085,-0.048059,0.023522,-0.128377,-0.004485,0.055802,-0.031941,0.061797,-0.028976,-0.033043,-0.049789,-0.073268,-0.06705,0.012574,-0.047789,-0.087214,0.066482,-0.046546,-0.087956,0.069998,0.05212,0.067473,0.066305,0.066352,0.075436,-0.028655,0.119951,-0.21139,-0.058392,0.047963,-0.038702,-0.04554,-0.088882,0.076689,0.110476,-0.089086,-0.09393,0.135026,-0.079069
canon_Method_00190,0.064056,-0.040965,-0.008202,-0.044832,-0.076562,-0.006792,0.043914,0.048561,0.056181,-0.015724,-0.008422,0.011772,0.015103,0.106028,0.158537,-0.078616,0.040573,-0.001682,-0.0873,-0.006967,0.104306,0.051646,-0.115678,0.004925,-0.070178,0.079931,-0.025082,0.002767,0.093458,-0.022982,-0.02631,-0.033788,-0.028707,0.034262,-0.027696,-0.029148,-0.043001,-0.047218,0.065121,0.063763,-0.042385,0.098893,-0.034731,-0.003876,0.027317,-0.019379,0.011179,0.044442,-0.019506,-0.038192,-0.065031,-0.002456,0.118979,0.067816,0.091155,-0.002725,-0.045695,0.001341,0.004676,-0.052716,0.092408,-0.064701,-0.077967,0.124025,0.167909,-0.067536,-0.091012,0.01615,-0.032509,-0.21787,-0.00114,-0.065861,-0.086622,-0.033013,0.021328,-0.042582,-0.025691,0.025147,-0.055981,0.002277,-0.02633,-0.101215,0.045839,0.023636,0.008421,-0.041016,0.037975,-0.056924,0.141697,0.007961,-0.05966,-0.003942,-0.130488,0.018328,0.085977,-0.016578,-0.026319,-0.039985,-0.062191,-0.060126,-0.049907,-0.07492,0.033466,-0.03857,-0.104765,0.028717,-0.070099,-0.07314,0.08369,0.044423,0.042664,0.043816,0.070044,0.078671,-0.081463,0.119121,-0.148063,-0.032693,0.020184,-0.073622,-0.090248,-0.054022,-0.010828,0.124441,-0.126584,-0.104693,0.100294,-0.058057
canon_Method_00192,0.036587,0.080015,-0.015681,-0.049314,-0.018214,0.056242,0.115977,0.108457,0.002334,-0.084185,0.059209,0.123603,-0.0445,0.138558,0.188805,-0.114486,0.031699,-0.144284,-0.153358,-0.0611,0.087597,0.022735,-0.08998,-0.152194,-0.161056,0.129441,0.028644,0.029274,-0.00244,-0.087185,0.04271,-0.12056,-0.052533,0.035296,-0.191971,-0.007357,-0.026414,-0.035245,-0.008774,0.132002,-0.118046,0.14746,-0.059942,0.023832,-0.03263,0.123554,0.019602,0.143379,-0.147379,0.008842,-0.161601,-0.029992,0.12565,0.181929,0.118251,0.039303,-0.067205,-0.035949,-0.041795,0.074072,0.13366,0.014075,-0.197126,0.040247,0.22205,-0.119029,-0.030756,-0.042745,-0.145158,-0.039378,-0.015536,-0.204392,-0.026757,-0.121526,0.20338,0.094583,-0.220661,0.073949,0.001659,-0.066362,0.10663,-0.106393,0.015576,0.117334,-0.028737,-0.04323,-0.029067,-0.090934,0.130415,-0.01176,-0.190498,0.140412,-0.165637,0.18613,-0.11025,-0.087584,0.060623,-0.077504,-0.040237,-0.090723,-0.1823,-0.108768,0.041397,-0.135924,-0.123478,0.053664,0.087132,-0.133636,0.099612,0.051834,-0.055472,-0.011841,0.134271,-0.018901,0.005091,0.075827,-0.141103,-0.146133,0.092891,-0.097818,-0.009792,-0.02392,-0.052593,0.241165,-0.29951,-0.321235,0.09022,-0.097048
canon_Method_00193,0.066603,0.047948,-0.029476,-0.037419,0.002551,0.047806,0.11267,0.083781,0.008222,-0.07727,0.044336,0.078416,-0.027853,0.121341,0.186744,-0.111124,0.048029,-0.08663,-0.126919,-0.102669,0.0778,0.032842,-0.113272,-0.09793,-0.149133,0.128353,0.024981,0.034092,0.04228,-0.062967,0.024849,-0.079081,-0.033764,0.035272,-0.181985,-0.01743,-0.046033,-0.017381,-0.010705,0.10419,-0.116311,0.125413,-0.068168,0.039424,-0.032562,0.04861,0.010782,0.087366,-0.11964,-0.012529,-0.149121,-0.042898,0.139104,0.181509,0.104323,0.027176,-0.078458,-0.026487,-0.065462,0.028647,0.129147,0.022597,-0.143411,0.077809,0.180673,-0.093217,-0.069128,-0.031412,-0.128152,-0.088683,-0.003812,-0.158587,-0.042895,-0.076876,0.181177,0.084668,-0.172751,0.061932,-0.006072,-0.06594,0.086223,-0.136774,0.00621,0.074636,-0.026366,-0.045434,-0.049719,-0.104137,0.128789,-0.017579,-0.173718,0.124133,-0.152406,0.165466,-0.074244,-0.061834,0.056017,-0.071577,-0.043336,-0.090907,-0.14992,-0.137555,0.021435,-0.105612,-0.131144,0.032217,0.045617,-0.142946,0.104643,0.068253,-0.033949,-0.003509,0.128283,0.015291,-0.017543,0.064178,-0.135737,-0.130182,0.098983,-0.064269,-0.005159,-0.01576,-0.056531,0.217871,-0.243119,-0.29066,0.113176,-0.088567
canon_Method_00203,0.23329,0.603135,0.713249,0.09128,-0.613993,-0.483826,0.214016,0.523085,-0.06585,-0.058315,-0.609701,-0.587816,-0.195821,0.646382,0.990199,-0.999667,-0.032351,-0.015389,-0.637158,-0.230719,-0.147707,0.217917,-0.267389,0.189596,-0.640555,0.369451,0.451693,0.742981,0.232883,-0.229228,-0.249014,-0.116494,-0.624473,-0.380402,-0.778591,-0.44189,0.06229,0.70996,0.681721,0.350074,-0.699059,0.427407,0.29391,0.359572,0.224012,0.892119,-0.198536,0.518462,0.530965,0.340561,-1.273581,0.155887,0.626952,0.296256,0.220657,0.778388,-1.064454,0.253099,-0.107201,0.162698,0.748377,-0.038742,-0.613194,0.929848,1.226051,-0.402722,-0.897653,-0.940601,-0.032849,-0.845666,0.090565,0.050198,-0.531018,-0.791919,0.57405,-0.152318,-0.462706,0.852515,-0.028333,0.738756,-0.08359,-0.352807,0.437616,-0.297143,-0.328772,-0.583179,0.256731,0.020413,0.563546,-0.254209,-0.467499,-0.127169,-0.687839,0.602853,-0.194334,0.165502,-0.310469,-0.52603,-0.64917,0.409235,-0.632923,-0.037605,0.549759,0.569166,-0.929551,0.344543,0.376609,-0.965593,0.102113,0.576463,-0.071164,-0.071064,0.617354,0.212362,-0.334631,0.615452,-0.851416,0.041685,0.502409,-0.282267,-0.070774,0.047851,0.422481,0.957392,-0.333957,-0.537642,0.872034,-0.800705
canon_Method_00244,0.060477,-0.028313,0.015628,-0.030451,-0.030076,0.018905,0.05954,0.050423,0.044938,-0.015533,0.001843,-0.006208,-0.003253,0.097626,0.132826,-0.068319,0.055863,0.037088,-0.082383,-0.011051,0.060862,0.049821,-0.103152,-0.041414,-0.125425,0.079028,-0.013183,-0.024278,0.083762,-0.038533,0.036431,-0.015802,-0.010734,0.037803,-0.06367,-0.035859,-0.000335,-0.024115,0.019233,0.068716,-0.096163,0.032843,-0.005768,0.006343,0.046194,-0.011261,-0.020771,0.028106,0.010605,-0.028576,-0.130281,0.012429,0.175035,0.111367,0.071884,0.071687,-0.025465,0.050146,-0.025429,-0.060157,0.102628,-0.044996,-0.116661,0.13694,0.214701,-0.074476,-0.071114,-0.013325,-0.05864,-0.161513,0.06086,-0.015951,-0.05261,-0.058678,0.083786,-0.019192,-0.10246,0.058139,0.004942,0.025715,0.006022,-0.1222,0.03513,0.031901,0.019038,-0.014671,-0.008181,-0.04925,0.101299,0.023661,-0.039961,0.028334,-0.127299,0.066414,0.057164,-0.006781,0.009992,-0.058116,-0.033932,-0.061605,-0.053144,-0.098829,-0.012013,-0.053398,-0.098625,0.086659,-0.038523,-0.101563,0.100152,0.040202,0.067582,0.024208,0.057746,0.08031,-0.019641,0.108316,-0.179273,-0.047104,0.092262,-0.046656,-0.014866,-0.029741,0.050667,0.118294,-0.108825,-0.126618,0.125869,-0.048474
canon_Method_00278,0.061389,0.08817,0.048699,-0.085482,-0.01178,0.007242,0.058207,0.102223,0.055584,-0.009074,-0.043888,0.101434,0.033649,0.134234,0.096136,-0.072733,0.081553,0.068403,-0.112818,-0.102135,0.077853,0.02986,-0.115902,-0.062352,-0.119845,0.097551,-0.022522,0.039729,0.123253,-0.014055,0.036098,0.018134,-0.087739,0.022381,-0.124449,-0.048872,-0.043721,0.042148,0.015713,0.053624,-0.137098,0.085791,-0.048774,0.016828,-0.009237,-0.019797,-0.021611,0.003159,-0.018862,-0.019739,-0.150036,0.091917,0.158475,0.132736,0.077139,0.075362,-0.073623,0.113565,-0.033627,-0.003422,0.070998,-0.073995,-0.082954,0.116103,0.205283,-0.106952,-0.160457,0.017852,-0.100428,-0.173523,0.045428,-0.065113,-0.045554,-0.074219,0.12914,0.036861,-0.07448,0.069564,-0.046182,-0.025922,-0.009073,-0.061356,0.0045,0.030851,0.012865,0.062128,-0.016652,-0.104222,0.066461,0.036681,-0.126938,0.095605,-0.10184,0.019243,0.074242,-0.025527,0.061137,-0.091295,-0.016813,-0.068489,-0.108272,-0.094986,0.010581,-0.027184,-0.130238,0.060622,-0.044777,-0.077705,0.088402,0.075795,0.089399,-0.029445,0.03392,0.090398,-0.042063,0.095356,-0.166938,-0.079603,0.107554,-0.062154,0.002917,-0.032748,0.120838,0.11129,-0.107351,-0.152995,0.059153,-0.079811
canon_Method_00296,0.183619,-0.089564,0.107504,-0.232057,-0.624666,-0.273576,0.336478,0.138579,0.54008,0.372083,0.448969,0.695339,0.076452,0.643545,0.471336,-0.134878,-0.071476,-0.33277,-0.417744,-0.253033,0.107404,0.652895,-0.279131,-0.477175,-0.639143,0.817449,-0.318605,0.187898,0.048392,-0.113883,0.051608,-0.406471,-0.075356,-0.435566,0.249619,-0.688699,-0.193183,0.126625,-0.170891,0.560898,-0.326749,0.225402,-0.279549,-0.155031,-0.147118,-0.038548,0.006304,0.174199,0.114185,0.525578,-0.742736,0.533978,0.820435,0.407902,0.44599,0.575814,-0.340507,0.59241,-0.191159,0.551636,-0.267879,-0.299147,-0.384107,0.801241,1.2633,-0.670633,-0.139635,-0.261593,-0.177485,-0.617769,0.45171,-0.398381,-0.459205,-0.704803,-0.004641,0.038218,-0.204774,0.882542,0.022882,-0.048325,0.195015,-0.455124,0.021506,0.686234,-0.09562,0.108126,0.25654,-0.543411,0.343273,0.786143,-0.161835,1.011388,-0.377884,0.673033,0.693783,-0.212336,0.062748,-0.698517,0.15735,-0.71852,-0.266132,-0.357651,-0.300674,-0.493333,-0.48269,0.367349,0.504045,-0.183771,0.457039,0.375178,0.780389,-0.139853,0.168458,0.059846,-0.372921,0.586038,-0.987557,-0.779813,0.643164,0.272895,-0.264597,-0.849159,0.539085,-0.344694,-0.737487,-0.524788,0.30576,-0.243645
canon_Method_00306,0.021913,0.487547,0.271782,-0.378191,0.226388,-0.450508,0.315518,0.083121,0.307123,-0.215814,0.425295,-0.17567,-0.199626,0.089963,-0.038571,-0.189938,-0.078998,-0.051547,-0.492677,-0.284192,0.507903,0.46097,0.200226,-0.187878,-0.174192,0.283082,0.005557,0.516713,0.312456,-0.147545,0.038738,-0.003282,-0.22248,0.248407,-0.262665,-0.51507,-0.073319,0.032366,0.003941,0.026484,0.00749,0.673266,-0.163791,-0.064797,-0.13232,-0.023404,0.440456,-0.191065,-0.160938,-0.276797,-0.650577,0.392497,0.472033,0.471996,0.062221,0.221474,-0.13742,-0.05802,-0.131478,-0.092291,0.438301,-0.255335,-0.424536,0.101135,0.287363,-0.374017,-0.058705,-0.539263,-0.056314,-0.046415,-0.002719,0.078567,0.030126,0.126641,0.131169,0.067681,-0.080109,-0.009977,-0.247807,0.148137,-0.146515,-0.581368,0.048159,-0.139979,-0.126093,-0.271793,-0.395445,-0.28475,0.167026,-0.331581,-0.285466,-0.270533,0.064025,0.25691,0.34078,-0.061928,-0.460341,-0.017006,-0.232734,-0.288985,-0.49395,-0.487594,0.436323,-0.069006,0.080425,-0.008582,0.134966,-0.567427,0.031643,0.18173,0.184338,0.075906,0.147986,0.437444,0.068381,0.055449,-0.334408,0.055987,0.439516,-0.367798,-0.393292,-0.003143,0.049649,0.262103,-0.392711,-0.810655,0.501607,-0.288083
canon_Method_00366,0.141069,-0.204176,-0.005336,-0.010798,-0.345387,-0.357255,0.808058,0.205115,0.368198,0.575269,0.324519,-0.428963,0.456344,0.370782,0.794984,-0.572752,0.635959,-0.252256,0.344285,0.161458,0.203738,-0.202632,-0.706103,0.289029,-1.000581,0.918878,0.218018,0.237932,0.190883,0.100403,-0.328734,0.179187,0.235373,0.506246,-0.052705,0.20694,-0.222239,-0.345226,-0.099506,0.255594,-0.19934,1.061267,-0.695775,0.15319,-0.027879,-0.215318,-0.522,0.554962,0.038061,0.102586,-0.060762,-0.263535,0.777928,0.022186,-0.148557,-0.036446,-0.640311,0.567895,-0.067317,0.428307,-0.03075,-0.2204,-0.261743,0.208596,0.860527,-0.658365,-0.728333,-0.917114,-0.19424,-1.102629,-0.018554,-0.753041,-0.203346,-0.487624,0.343298,-0.57544,0.402055,-0.581772,-0.474499,-0.247955,0.003754,-0.734481,-0.293875,0.124454,0.21972,-0.845121,0.493952,-0.408818,0.768174,-0.13665,-0.114883,0.149178,-0.101993,0.56368,0.103084,-0.134148,-0.419288,-0.917983,-0.119393,-0.233011,-0.540088,-1.315968,0.63019,-0.395812,0.127819,-0.055394,-0.751645,-0.044047,0.971371,0.894662,-0.138657,0.225726,0.826877,-0.333693,-0.968047,1.351554,-0.49465,-0.149332,0.113037,-0.05617,-0.110534,-0.621767,0.065056,1.067511,-0.964013,-0.961511,0.905848,-0.634098
canon_Method_00368,0.052573,0.02891,-0.162534,0.023797,-0.195646,-0.014855,-0.024609,-0.009359,0.023522,-0.012653,0.073646,-0.111869,-0.0391,0.216172,0.204362,-0.149528,-0.065163,-0.04239,-0.063165,-0.094301,0.252902,0.022501,-0.246817,-0.073297,-0.11063,-0.041859,-0.128263,0.0031,0.141244,-0.030906,-0.011538,0.011292,-0.023316,0.143693,-0.003157,-0.101937,0.0588,0.036499,0.223811,0.144039,-0.162036,0.122463,-0.02621,-0.003758,0.12173,0.038178,0.006959,0.096025,-0.017479,0.226163,-0.0665,0.130943,0.130774,0.151297,0.151792,0.120376,-0.073364,-0.125725,-0.123563,0.02288,0.054835,0.053051,-0.201108,0.024987,0.155406,-0.079404,-0.119022,0.201046,-0.09425,-0.279201,-0.167082,-0.210702,-0.1717,-0.142794,0.187011,0.037396,-0.03319,0.040916,-0.089508,-0.014482,-0.108758,-0.072381,0.067022,0.0053,0.006578,-0.024657,0.155785,-0.061387,0.179989,-0.067108,-0.123523,-0.076412,-0.315858,-0.180554,0.194948,-0.040229,0.282098,-0.141719,-0.114521,-0.063143,-0.220053,-0.137444,-0.014137,0.020433,-0.156287,0.103559,0.01732,-0.186712,-0.085998,-0.102316,0.0833,0.10235,-0.030613,0.06678,0.009719,0.100756,-0.331512,-0.066513,0.152091,-0.085306,-0.085012,0.069254,-0.05605,0.18325,-0.069737,-0.170434,0.135096,-0.203582
canon_Method_00369,0.131252,0.151665,-0.369172,0.026715,-0.418894,0.031915,0.014981,-0.037581,-0.05676,-0.050549,0.087668,-0.268025,-0.197229,0.470989,0.410623,-0.35658,-0.180531,0.00075,-0.178548,-0.198241,0.564636,0.027064,-0.530698,-0.199763,-0.187269,-0.183596,-0.255653,0.046339,0.305906,-0.049677,-0.004653,0.077703,-0.059411,0.384195,-0.083066,-0.297703,0.12824,0.080869,0.490429,0.267384,-0.334304,0.225384,-0.071374,-0.062012,0.394523,0.105618,0.071907,0.243971,0.002869,0.560217,-0.185411,0.279726,0.251595,0.345295,0.287933,0.334449,-0.148491,-0.331609,-0.282123,0.052814,0.071622,0.171631,-0.532207,0.018055,0.253667,-0.130564,-0.351217,0.438155,-0.247951,-0.604997,-0.441746,-0.45542,-0.297367,-0.338166,0.438975,0.135604,-0.088047,0.06478,-0.258174,-0.011071,-0.230012,-0.136542,0.137204,-0.072746,-0.016242,-0.103864,0.375123,-0.114654,0.44459,-0.154895,-0.307717,-0.261573,-0.662914,-0.533168,0.330865,-0.055207,0.745417,-0.220129,-0.260453,-0.148721,-0.558336,-0.340671,-0.049503,0.059588,-0.408248,0.249295,0.01981,-0.408103,-0.342184,-0.313127,0.147949,0.193542,-0.165436,0.177227,0.017451,0.122487,-0.714604,-0.137125,0.357556,-0.158097,-0.235946,0.218656,-0.107868,0.480318,-0.120009,-0.356046,0.271879,-0.507915
canon_Method_00370,0.174064,-0.037413,0.071025,-0.16433,-0.4919,-0.251754,0.274014,0.102007,0.384492,0.302212,0.380577,0.558552,0.014476,0.506703,0.350607,-0.081707,-0.092414,-0.263952,-0.321091,-0.214702,0.081113,0.523771,-0.221769,-0.405045,-0.475159,0.626618,-0.245098,0.192719,0.027428,-0.061993,0.060977,-0.307022,-0.04026,-0.32861,0.211423,-0.567756,-0.174995,0.143502,-0.163636,0.44429,-0.248683,0.167012,-0.219242,-0.119514,-0.120546,-0.036647,0.010736,0.130236,0.061558,0.437079,-0.622474,0.443866,0.662576,0.345556,0.361333,0.427714,-0.270096,0.473467,-0.172116,0.472911,-0.241297,-0.229073,-0.258651,0.615808,0.982782,-0.529391,-0.095105,-0.201851,-0.147746,-0.446178,0.348821,-0.30669,-0.325759,-0.575523,-0.02161,0.033508,-0.184,0.693063,-0.012569,-0.069966,0.154729,-0.375651,-0.011943,0.563137,-0.071566,0.071574,0.227678,-0.450684,0.236735,0.631569,-0.115425,0.78481,-0.267727,0.54368,0.543092,-0.196431,0.061073,-0.556383,0.12358,-0.584061,-0.247836,-0.276617,-0.267355,-0.383125,-0.4035,0.298172,0.424731,-0.137169,0.325437,0.269957,0.623331,-0.131614,0.118297,0.045572,-0.283376,0.429724,-0.725084,-0.60329,0.515773,0.234379,-0.225949,-0.668112,0.436388,-0.28964,-0.552289,-0.445644,0.252759,-0.195533
canon_Method_00374,0.611995,0.013504,0.199966,0.182918,-0.264343,0.21757,0.176773,0.690009,0.243246,0.392348,-0.228493,0.47628,0.332954,0.723075,0.18134,-0.065642,-0.442761,0.243075,-0.164646,0.205883,0.240389,0.184404,-0.211243,0.089097,-0.37436,0.512061,0.25247,-0.233391,0.508046,0.059342,0.277359,0.599175,-0.071951,-0.052303,-0.12334,-0.074055,0.251064,0.076081,-0.194009,0.329923,-0.518076,0.818303,0.004471,0.382356,0.031979,-0.041148,-0.548454,0.230027,0.019043,-0.131427,-0.197031,0.241613,0.291803,0.026731,0.203247,0.168879,-0.488225,-0.098477,0.107478,0.103479,-0.040712,-0.327279,-0.616478,0.734871,0.547473,-0.703657,-0.28447,-0.511752,-0.30873,-0.513359,0.018369,0.201193,-0.202803,0.001232,0.381642,0.101977,-0.216187,0.51769,-0.167842,0.067495,0.380581,-0.255095,0.120035,0.026229,-0.001983,0.238203,0.122903,0.013678,0.432801,-0.276712,-0.008358,0.2305,0.020938,-0.208029,0.418153,-0.215845,0.161896,-0.640749,0.300315,-0.240318,-0.556597,-0.129053,0.611065,-0.168309,-0.617531,0.232568,0.058314,0.173103,0.369788,0.412564,0.037274,0.117114,0.374937,0.176958,-0.365739,0.610101,-0.767923,0.096217,-0.05848,0.229688,0.155365,-0.205591,0.10097,0.569519,-0.642053,-0.288516,0.158964,-0.495039
canon_Method_00375,0.063605,-0.038309,0.041087,-0.05259,-0.015514,0.012733,0.050074,0.072799,0.060221,-0.048618,-0.011166,0.017456,-0.005248,0.10436,0.120328,-0.065695,0.073575,0.043129,-0.083179,-0.022687,0.05748,0.047397,-0.087235,-0.038285,-0.116873,0.102163,-0.01018,0.004946,0.101079,-0.012862,0.003122,-0.005222,-0.017903,0.014481,-0.06045,-0.061628,-0.050503,-0.017462,0.00886,0.05185,-0.097752,0.074851,-0.060929,-0.004631,0.085796,-0.015349,0.00601,-0.005647,-0.031385,-0.023805,-0.128845,0.00456,0.155714,0.12834,0.096282,0.053411,-0.052029,0.074325,-0.004029,-0.052875,0.058012,-0.044823,-0.088391,0.146081,0.191813,-0.047214,-0.118741,0.00369,-0.072442,-0.160243,0.021814,-0.063802,-0.080594,-0.03609,0.060437,-0.013852,-0.105087,0.03318,-0.022579,-0.038879,-0.015983,-0.114895,0.035045,0.028196,0.01054,-0.02286,0.00645,-0.088926,0.110348,0.032791,-0.088663,0.051692,-0.120746,0.057731,0.051865,-0.006216,0.019485,-0.016975,-0.047899,-0.078815,-0.078024,-0.101944,-0.004507,-0.084325,-0.100068,0.063209,-0.067693,-0.081766,0.075351,0.039709,0.060896,0.037212,0.066321,0.094892,-0.04154,0.1182,-0.147154,-0.076622,0.105576,-0.041271,-0.021481,-0.075297,0.065809,0.126015,-0.109014,-0.140582,0.120794,-0.072213
canon_Method_00378,0.186659,0.00816,0.088587,-0.061545,-0.052432,-0.127909,0.101805,0.226129,-0.124165,-0.096124,-0.106525,0.05428,0.007689,0.292856,0.099162,-0.022116,0.137297,0.133073,0.038833,-0.029751,0.229568,0.072023,-0.234496,-0.12141,-0.135452,-0.012372,-0.004129,0.180738,0.095351,0.226097,0.013184,0.032893,-0.025552,-0.036491,0.034829,-0.1265,0.026305,0.061156,-0.165732,0.003863,-0.003366,0.176647,-0.013877,0.178576,-0.000406,-0.040343,-0.057335,-0.032458,-0.135559,-0.08266,-0.094901,0.055875,0.280016,0.143703,0.194556,-0.176797,-0.079602,0.179913,-0.116062,0.016589,0.023393,-0.081321,-0.127437,0.097231,0.15631,-0.326562,-0.333773,0.066933,-0.249939,-0.224785,-0.085794,-0.190481,-0.189054,-0.10203,0.170684,0.026363,-0.21066,-0.039786,-0.198571,-0.163216,0.062911,0.005481,0.191008,0.207871,0.245701,0.150605,0.027426,-0.327529,0.108809,-0.058993,-0.232141,0.105252,-0.187234,0.284449,-0.040276,0.029669,0.401174,0.014723,-0.10623,-0.072273,-0.123806,-0.026662,-0.048693,-0.205286,-0.377527,0.19973,-0.023862,0.036651,0.011679,-0.014077,0.141347,0.014753,-0.130194,0.153138,-0.172545,0.199592,-0.089464,-0.156208,-0.12443,-0.093967,0.130195,-0.141382,0.02744,0.036446,0.004081,-0.190322,0.164223,-0.177245
canon_Method_00379,0.095637,-0.016202,0.009592,-0.029944,-0.021319,-0.024762,0.073558,0.034681,0.009833,0.005837,0.029193,0.017027,-0.009794,0.107211,0.10958,-0.052334,0.050946,0.03622,-0.066513,-0.014235,0.055567,0.052368,-0.096759,-0.053418,-0.102415,0.103103,-0.028055,0.007161,0.063186,-0.019491,0.015147,-0.017391,-0.015997,0.051166,-0.053929,-0.033773,-0.015069,-0.024482,0.012512,0.10724,-0.058919,0.071697,0.001582,-0.012013,0.029746,-0.007724,-0.031344,0.022424,-0.005017,-0.031909,-0.119944,-0.000717,0.161697,0.091531,0.074372,0.052785,-0.02966,0.038454,-0.030812,-0.034971,0.089912,-0.061688,-0.105908,0.131224,0.180457,-0.074124,-0.065924,-0.009626,-0.066524,-0.151997,0.046773,-0.049636,-0.054706,-0.050899,0.060873,-0.039643,-0.063164,0.001378,-0.011836,0.012684,-0.006671,-0.119281,0.017569,0.067875,0.027669,-0.024911,0.005015,-0.058157,0.090584,0.043987,-0.024082,0.035656,-0.087175,0.102213,0.066868,-0.015745,-0.029425,-0.071927,-0.034447,-0.075297,-0.069413,-0.115946,0.024742,-0.05698,-0.098718,0.049201,-0.042938,-0.080872,0.099429,0.045563,0.036312,0.014379,0.057758,0.073778,-0.013316,0.107536,-0.128519,-0.011209,0.074423,-0.053466,-0.04152,-0.031389,0.018459,0.102735,-0.11393,-0.11397,0.118494,-0.075362
canon_Method_00382,0.163103,-0.153464,0.167541,-0.272925,-0.267817,-0.129187,0.32649,0.082288,0.244526,-0.278586,0.501743,0.338751,0.073889,-0.026554,0.190324,-0.018416,0.150871,0.515951,0.154958,-0.219841,0.48393,0.197774,-0.197806,-0.383653,-0.21354,0.363477,-0.415615,0.333051,0.184664,0.135688,-0.078792,0.062817,0.035569,0.088912,0.252403,-0.430176,0.035145,0.073965,0.263783,0.127621,-0.205347,0.539462,-0.566076,0.017149,0.254552,0.181157,-0.10782,0.135461,-0.215286,0.13173,-0.008245,0.273662,0.214456,0.258842,0.312075,0.072242,-0.064284,0.213865,-0.126646,-0.308448,0.044194,-0.353049,-0.246325,0.188195,0.353468,-0.089232,-0.366777,0.393324,-0.142739,-0.249887,-0.005956,-0.42957,-0.065041,-0.593024,0.055212,0.186932,0.134553,0.078814,-0.178485,-0.085001,-0.038519,-0.194929,-0.262724,0.367275,0.250459,-0.255893,0.172188,-0.752568,0.159351,0.477723,-0.370191,-0.118212,-0.50991,-0.044011,0.171366,-0.026398,0.25232,-0.626905,0.037517,-0.125341,-0.81148,-0.470169,0.324882,-0.196864,-0.271936,0.076251,-0.302808,-0.3975,0.330048,-0.056517,-0.02601,-0.108633,-0.265226,0.196186,-0.217263,0.475667,-0.444964,0.181528,0.20754,-0.33336,-0.262162,0.061252,0.303477,0.240477,-0.546606,-0.466589,-0.096833,-0.458971
canon_Method_00389,0.14072,0.152072,-0.332185,-0.042868,-0.247907,0.03844,-0.029325,-0.036607,-0.125481,-0.049508,0.059402,-0.212414,-0.230335,0.333255,0.279258,-0.304499,-0.120233,0.072943,-0.155553,-0.235002,0.35563,0.013633,-0.377994,-0.095998,-0.058751,-0.074391,-0.124317,0.086782,0.241926,-0.05534,-0.046832,0.066494,-0.0982,0.312891,-0.06228,-0.295343,0.02325,0.106585,0.354235,0.194137,-0.170504,0.127573,-0.105104,-0.031857,0.321604,0.030747,0.004926,0.169947,0.059211,0.367111,-0.141106,0.17712,0.161099,0.278253,0.175083,0.239374,-0.139658,-0.24109,-0.230846,0.038359,0.083406,0.149091,-0.336181,0.053737,0.121942,-0.062164,-0.336773,0.319496,-0.215033,-0.467867,-0.359754,-0.348295,-0.174,-0.245702,0.293449,0.112184,-0.003844,0.046656,-0.225091,0.002704,-0.196906,-0.113896,0.0597,-0.110543,-0.02846,-0.12728,0.27514,-0.036807,0.327572,-0.022396,-0.233665,-0.270047,-0.449365,-0.399768,0.222001,-0.00535,0.50326,-0.108019,-0.128127,-0.148909,-0.378095,-0.296144,-0.066866,0.139731,-0.266896,0.168807,-0.016444,-0.391781,-0.282381,-0.247069,0.08562,0.094787,-0.091868,0.119145,0.046417,0.052902,-0.430062,-0.118544,0.277526,-0.084817,-0.197317,0.174447,-0.087033,0.394231,-0.06166,-0.315254,0.088205,-0.431697
canon_Method_00392,0.274204,-0.102336,-0.217434,0.213296,-0.172823,-0.185993,0.183104,0.207908,0.331936,0.192385,-0.265543,-0.494884,0.261854,0.123615,0.263701,-0.313517,0.392644,-0.042072,-0.38311,-0.125133,0.198978,0.119264,-0.053848,0.136584,-0.287356,0.120987,-0.019675,-0.074798,0.599397,0.038074,-0.180979,0.333944,-0.310673,0.32055,-0.253395,-0.072848,0.308184,0.197425,0.411667,0.271288,-0.21505,-0.030226,0.247437,-0.105946,-0.003906,-0.156827,-0.198896,0.02015,0.146259,-0.053804,-0.227449,-0.33247,0.618427,0.291735,0.073642,0.192062,-0.016219,-0.086526,-0.191215,-0.183903,0.27222,-0.017583,-0.056791,0.205639,0.542293,-0.452203,-0.139643,-0.200789,0.063701,-0.587298,0.248224,0.319757,-0.342031,0.122595,0.166848,-0.283385,-0.100221,0.200293,-0.00974,0.08855,-0.144571,-0.400881,0.002014,-0.266962,0.166279,0.142762,0.204591,0.182093,0.270608,-0.018857,0.338252,-0.197149,-0.350255,-0.021568,0.287729,-0.105629,0.08091,-0.32068,-0.198773,0.023389,-0.00323,-0.169749,-0.044902,-0.040634,0.017872,-0.192977,-0.260994,-0.329295,0.308345,0.411631,0.195713,0.227827,0.269938,0.326788,-0.11587,0.335825,-0.416853,0.11486,0.088689,-0.067913,-0.085462,-0.129384,0.04678,0.415541,0.045807,-0.193168,0.389455,-0.085653
canon_Method_00393,0.079229,-0.005932,0.023696,-0.043508,-0.048395,-0.033436,0.064156,0.043462,0.05176,-0.005998,0.008973,0.016926,-0.006904,0.124613,0.15301,-0.078429,0.065912,0.0221,-0.074191,-0.014421,0.110889,0.047522,-0.142534,-0.025224,-0.083569,0.085523,-0.032855,0.005964,0.074863,0.001283,-0.015783,-0.005499,-0.017402,0.046371,-0.04565,-0.022352,-0.042599,0.011577,0.055331,0.091335,-0.092954,0.090996,-0.04737,0.028635,0.034695,-0.003818,-0.020694,0.052149,-0.002953,-0.028401,-0.093453,0.039484,0.123517,0.087761,0.047989,0.043765,-0.066285,0.030062,-0.040489,-0.039287,0.07608,-0.080339,-0.111239,0.124999,0.155344,-0.085701,-0.071447,0.009517,-0.071757,-0.167577,-0.020664,-0.070835,-0.080049,-0.083951,0.089011,0.003518,-0.050373,0.020833,-0.024649,-0.021796,-0.003256,-0.095222,0.024876,0.04077,-0.013048,-0.035129,-0.009822,-0.058978,0.096248,0.038735,-0.080432,0.0359,-0.157339,0.027359,0.087371,0.00976,0.011062,-0.06922,-0.02958,-0.072423,-0.089246,-0.110537,0.044033,-0.041675,-0.090758,0.032849,-0.038552,-0.135696,0.06833,0.05585,0.035542,0.048887,0.08009,0.05495,-0.039139,0.129533,-0.211335,-0.041883,0.05669,-0.057006,-0.01667,-0.022096,0.044555,0.144218,-0.119907,-0.120218,0.107207,-0.065322
canon_Method_00394,0.073058,-0.007316,0.051388,-0.034246,-0.028481,-0.041584,0.050186,0.050709,0.033885,0.003887,0.017252,0.019037,0.014565,0.091988,0.113566,-0.053611,0.069774,0.032545,-0.061173,-0.023336,0.067296,0.051194,-0.127404,-0.061093,-0.114555,0.081134,-0.031809,-0.004446,0.092134,-0.010491,0.02119,0.015844,-0.037256,0.055448,-0.040629,-0.015886,-0.011195,0.010353,0.021409,0.084203,-0.085672,0.073355,-0.02062,0.029596,0.034231,-0.028418,-0.037452,0.01206,-0.01639,-0.02541,-0.104595,0.038937,0.133442,0.076568,0.066356,0.039796,-0.041774,0.053515,-0.032529,-0.030859,0.048566,-0.078374,-0.086276,0.121555,0.1928,-0.10045,-0.077306,-0.030341,-0.070521,-0.138013,0.016096,-0.047743,-0.090645,-0.05928,0.055866,-0.016026,-0.069968,0.004798,-0.034105,0.010322,-0.003311,-0.105721,0.028481,0.046867,0.024879,-0.013328,0.010405,-0.062936,0.071771,0.041828,-0.07581,0.029909,-0.128828,0.039421,0.081197,0.001025,-0.00966,-0.045323,-0.030602,-0.0824,-0.062445,-0.11918,0.021424,-0.059961,-0.079801,0.04964,-0.034322,-0.095142,0.089918,0.043621,0.045902,0.050252,0.079082,0.055903,-0.037903,0.11773,-0.157508,-0.040025,0.072072,-0.033837,-0.021332,-0.062475,0.0645,0.104206,-0.09281,-0.104869,0.133438,-0.076689
canon_Method_00395,0.049002,0.01975,0.003333,-0.061242,-0.029846,-0.0105,0.055666,0.060495,0.068339,-0.002649,0.041158,0.013964,0.002084,0.080049,0.095655,-0.053545,0.070115,-0.001027,-0.07353,-0.031382,0.069808,0.019032,-0.101568,-0.047572,-0.115322,0.084849,-0.020667,0.01547,0.072621,-0.013942,0.009771,-0.051089,-0.038357,0.01802,-0.064576,-0.031497,-0.031441,0.007853,0.036797,0.050105,-0.075184,0.079997,-0.071572,-0.004023,0.045253,0.011302,-0.006064,0.019848,-0.03781,-0.020467,-0.119995,0.018969,0.120462,0.112935,0.101549,0.017014,-0.014066,0.043679,-0.040557,-0.052102,0.073877,-0.067009,-0.091663,0.106829,0.178141,-0.082124,-0.048093,0.002257,-0.064727,-0.13437,0.032265,-0.061213,-0.061881,-0.071144,0.062024,-0.003022,-0.07247,0.035375,-0.041266,-0.01751,8.1e-05,-0.097733,0.032863,0.046652,0.016757,-0.020668,-0.005932,-0.073235,0.08082,0.040795,-0.091903,0.040754,-0.154416,0.064408,0.046238,-0.016005,0.030612,-0.028379,-0.043157,-0.051557,-0.066224,-0.107332,0.011331,-0.051777,-0.064245,0.037707,-0.042132,-0.122386,0.081758,0.046215,0.050189,0.056521,0.068113,0.034576,0.005454,0.135199,-0.165967,-0.048564,0.058811,-0.060478,-0.025408,-0.042302,0.071917,0.094604,-0.117922,-0.121355,0.152162,-0.110256
canon_Method_00398,0.437298,-0.132478,0.301807,-0.307239,-0.347685,0.107287,0.402025,-0.061718,0.052097,-0.001107,-0.194471,0.142477,-0.096921,0.091738,0.206399,-0.056312,0.38068,0.099872,-0.252056,0.231791,0.326488,-0.00725,-0.068472,0.009392,-0.48171,0.006822,-0.151848,-0.259095,-0.06293,0.016801,0.304889,0.068783,-0.098084,0.23498,-0.482364,-0.306117,0.217576,0.066279,0.292135,0.049442,0.118995,0.188991,0.049441,-0.091744,0.144084,-0.280226,0.244048,0.231333,0.018928,-0.010521,-0.229662,-0.405185,0.515281,0.330958,-0.149332,0.437079,-0.144181,0.268433,-0.089419,0.227627,0.078396,-0.136384,-0.609159,0.300931,0.384283,-0.359241,-0.427362,-0.349817,-0.363658,-0.62773,0.340258,-0.255094,0.131911,-0.010993,-0.034374,-0.015102,0.01344,-0.545155,0.223378,0.365379,0.301661,-0.239411,-0.080498,0.146631,-0.425104,0.210549,-0.059674,-0.080386,0.510605,-0.073446,-0.336484,-0.068942,-0.005576,-0.064082,0.052243,0.165055,0.070322,0.216977,-0.243217,-0.083501,-0.377788,-0.229745,0.448458,0.034956,-0.361212,0.147386,0.091458,-0.052014,0.221713,0.138336,-0.158457,0.151915,0.104246,0.42915,-0.241484,-0.006324,-0.340761,0.032839,0.262828,-0.142771,-0.246922,-0.374169,0.043663,0.206562,-0.418693,-0.162817,0.24225,-0.359119
canon_Method_00399,0.812133,-0.347292,0.584889,-0.638586,-0.651197,0.164957,0.85708,-0.095113,0.076534,0.037188,-0.306077,0.30948,-0.208861,0.232763,0.489384,-0.172563,0.810354,0.236304,-0.526896,0.476478,0.636847,-0.011029,-0.253482,0.019453,-1.012497,0.113882,-0.286621,-0.55967,0.000458,-0.084064,0.563083,0.130844,-0.206545,0.46567,-0.91347,-0.535118,0.386026,0.069282,0.539902,0.139226,0.218717,0.40973,-0.040386,-0.157261,0.340058,-0.574897,0.395532,0.466869,0.051974,-0.048268,-0.461324,-0.705939,1.172141,0.660226,-0.217089,0.889978,-0.269049,0.57479,-0.108773,0.393119,0.176168,-0.318588,-1.192051,0.658864,0.917754,-0.7364,-0.816279,-0.667806,-0.70464,-1.325799,0.701455,-0.430317,0.249168,-0.083754,-0.026953,0.005567,-0.034841,-0.948717,0.453276,0.688203,0.572731,-0.603496,-0.183225,0.302347,-0.706868,0.371629,-0.080248,-0.181561,1.020334,-0.006509,-0.627857,0.000154,-0.12941,-0.134749,0.139206,0.308167,0.153495,0.389714,-0.455841,-0.199985,-0.689455,-0.56183,0.868479,-0.059694,-0.675109,0.353275,0.074985,-0.191756,0.536989,0.345644,-0.249215,0.309078,0.274166,0.805691,-0.504269,0.116191,-0.825933,0.007141,0.513881,-0.188118,-0.533343,-0.774729,0.166139,0.392484,-0.927484,-0.409538,0.573634,-0.75274
canon_Method_00400,0.049611,-0.060667,0.021879,-0.018058,-0.052648,-0.027906,0.058857,0.034352,0.043677,0.005745,0.030321,0.021125,0.009981,0.108297,0.106413,-0.060307,0.029427,0.016712,-0.066276,-0.022399,0.062975,0.02819,-0.119394,-0.001396,-0.103199,0.06885,-0.017323,-0.025394,0.089648,-0.0404,0.005167,-0.008778,-0.006312,0.058421,-0.029227,-0.030848,-0.007741,-0.027291,0.008344,0.095082,-0.08969,0.06768,-0.047272,0.01609,0.030631,-0.017778,-0.031376,0.033017,0.024678,-0.009065,-0.11883,0.027731,0.154085,0.082243,0.062741,0.052404,-0.026871,0.020429,-0.019296,-0.028907,0.08151,-0.073927,-0.085087,0.138313,0.209308,-0.107571,-0.024174,-0.01514,-0.034772,-0.16628,0.030735,-0.041101,-0.093832,-0.058086,0.060103,-0.004229,-0.08891,0.038156,-0.018769,-0.016969,0.015465,-0.11662,0.056288,0.054864,0.020659,-0.004689,0.004735,-0.054384,0.097136,0.015008,-0.033376,0.047741,-0.115518,0.051138,0.076966,-0.014772,0.004292,-0.065743,-0.022049,-0.058302,-0.046986,-0.096582,0.013766,-0.085381,-0.068461,0.066156,-0.039996,-0.095154,0.105331,0.058769,0.058009,0.064357,0.094218,0.047367,-0.037097,0.11613,-0.187259,-0.061068,0.027335,-0.028107,-0.030144,-0.06545,0.049879,0.114245,-0.125967,-0.095247,0.123425,-0.058161
canon_Method_00401,0.066826,-0.045973,0.011798,-0.071185,-0.046564,0.011902,0.081624,0.02512,0.057529,-0.011883,-0.046367,-0.029602,-0.006837,0.134609,0.134359,-0.089666,0.105786,0.019121,-0.095979,0.03747,0.052579,0.014744,-0.110819,-0.00172,-0.143694,0.097055,0.009087,-0.037371,0.102122,-0.001245,0.035793,0.035176,-0.056695,0.065677,-0.044114,-0.043468,-0.037052,0.028568,-0.008719,0.067821,-0.098396,0.072897,-0.010883,0.008852,0.081105,-0.05813,-0.001865,0.048569,-9.7e-05,-0.018226,-0.123147,-0.010481,0.20351,0.102062,0.028081,0.057322,-0.035066,0.071013,-0.012015,-0.053799,0.043156,-0.055094,-0.104082,0.107175,0.204271,-0.063992,-0.08016,-0.053708,-0.06785,-0.175227,0.050939,-0.041695,-0.069414,-0.026028,0.0922,0.009017,-0.084389,0.014516,-0.029262,-0.034088,0.015683,-0.134687,0.026024,-0.007824,0.002757,-0.036537,0.011728,-0.064957,0.088721,0.018149,-0.014962,0.012358,-0.124503,0.045495,0.070117,0.017165,0.031763,-0.010573,-0.023547,-0.050734,-0.070995,-0.112094,-0.027023,-0.065535,-0.062983,0.079596,-0.079956,-0.092704,0.062671,0.096599,0.052296,0.063604,0.06465,0.062081,-0.045121,0.09883,-0.153376,-0.086347,0.048893,-0.001197,0.019213,-0.07366,0.052951,0.138139,-0.088864,-0.123171,0.123197,-0.047819
canon_Method_00402,0.06802,-0.032594,0.021048,-0.032474,-0.035443,-0.022513,0.086349,0.041349,0.020744,0.011378,-0.001637,0.015801,0.012098,0.110855,0.108919,-0.059482,0.063944,0.012284,-0.083102,-0.003168,0.083447,0.060186,-0.106259,-0.014551,-0.127335,0.069824,-0.02542,0.014625,0.080897,-0.015314,0.003777,-0.007979,-0.010149,0.046452,-0.059918,-0.057365,-0.014984,-0.023244,0.03531,0.104255,-0.083166,0.066311,-0.016175,0.02427,0.010047,-0.021103,-0.002835,0.037418,0.009295,-0.034812,-0.093269,0.00127,0.149988,0.091748,0.05744,0.063804,-0.048656,0.026301,-0.032912,-0.020332,0.085317,-0.062548,-0.104681,0.123831,0.189397,-0.107963,-0.079445,-0.015807,-0.06952,-0.154443,0.048868,-0.034841,-0.070381,-0.055953,0.069287,-0.020001,-0.076024,0.007132,-0.02611,-0.006177,0.022696,-0.131988,0.0298,0.043919,0.006943,-0.008598,-0.016853,-0.065912,0.085896,0.03645,-0.040803,0.048285,-0.109179,0.071279,0.078966,-0.010897,-0.006483,-0.082617,-0.040859,-0.063345,-0.063142,-0.100858,0.025859,-0.067079,-0.090005,0.056001,-0.033316,-0.094431,0.102932,0.064176,0.045988,0.03634,0.074754,0.060984,-0.017527,0.104155,-0.166635,-0.031754,0.034739,-0.04612,-0.0349,-0.031287,0.050559,0.137547,-0.111605,-0.118456,0.120821,-0.067076
canon_Method_00403,0.06668,-0.022546,-0.004531,-0.018488,-0.033696,-0.043863,0.091416,0.024488,0.031891,-0.005596,0.018626,0.00477,0.013529,0.115349,0.116395,-0.070639,0.037786,0.030635,-0.070776,-0.037155,0.09048,0.066229,-0.129143,-0.03824,-0.117867,0.064102,-0.045006,0.015804,0.095278,-0.01341,0.009648,-0.008981,0.009867,0.040379,-0.051393,-0.055717,-0.023529,-0.010193,0.03444,0.095411,-0.076073,0.069842,-0.037235,0.026225,0.028715,-0.020243,-0.021345,0.02247,-0.00354,-0.029571,-0.103273,0.018123,0.157129,0.107324,0.09335,0.03889,-0.033522,0.037067,-0.04894,-0.039809,0.087898,-0.071565,-0.07578,0.107861,0.183578,-0.099938,-0.052526,-0.010663,-0.052902,-0.147805,0.040679,-0.033502,-0.075966,-0.06426,0.068839,-0.002746,-0.075637,0.029977,-0.031607,-0.015236,-0.003698,-0.125089,0.047602,0.052261,0.034598,-0.029964,0.0229,-0.101909,0.091801,0.055197,-0.048653,0.048253,-0.141984,0.079088,0.082661,-0.021348,0.028642,-0.087553,-0.049176,-0.049547,-0.052103,-0.118102,0.001687,-0.075694,-0.106861,0.063672,-0.022645,-0.090336,0.089959,0.042444,0.067129,0.034848,0.050268,0.052638,-0.014875,0.120591,-0.159813,-0.016021,0.015823,-0.038288,-0.051526,-0.015425,0.056644,0.10567,-0.077605,-0.118541,0.143202,-0.045009
canon_Method_00404,0.086149,-0.030538,0.030665,-0.016262,-0.077561,-0.011982,0.064858,0.042253,0.061466,0.036422,0.001766,0.02774,0.026252,0.095926,0.065071,-0.057548,0.046322,0.044845,-0.083112,-0.027328,0.079004,0.024978,-0.088695,0.003768,-0.101037,0.072008,-0.020063,-0.039432,0.103236,-0.01795,0.012858,0.04405,-0.02656,0.043612,-0.025658,-0.075253,-0.00024,-0.024736,0.01341,0.052456,-0.107123,0.070939,-0.053634,0.005509,0.028525,-0.040731,-0.031236,0.014378,0.00412,0.002012,-0.114036,0.019452,0.178196,0.132245,0.055911,0.04823,-0.025284,0.018831,-0.018108,-0.019151,0.079537,-0.054577,-0.067651,0.140863,0.17254,-0.120395,-0.046127,-0.011365,-0.04642,-0.185144,0.019799,-0.014328,-0.074747,-0.049139,0.049718,-0.016267,-0.079868,0.037899,-0.026447,-0.032721,0.013237,-0.125182,0.052408,0.02104,0.002877,0.003058,0.027304,-0.060165,0.115113,0.016873,-0.04749,0.016866,-0.11953,0.015108,0.070011,-0.030384,0.067523,-0.073692,-0.022057,-0.05403,-0.0812,-0.065718,0.014969,-0.07579,-0.087851,0.063329,-0.061023,-0.088194,0.087075,0.057121,0.073421,0.046154,0.078616,0.050872,-0.047328,0.140482,-0.1829,-0.042469,0.030822,-0.028954,-0.044609,-0.100496,0.071297,0.117786,-0.101656,-0.116708,0.107501,-0.07094
canon_Method_00405,0.39117,0.097958,0.275676,0.019729,-0.122221,-0.516746,0.39107,-0.03938,-0.011381,0.094586,0.667821,0.300899,0.270509,0.044159,0.239469,-0.122289,0.328783,0.251742,0.029377,-0.251106,-0.116639,0.045469,-0.394492,0.38018,-0.180517,-0.081898,0.148767,0.09227,0.149384,-0.125954,0.064833,0.225676,-0.159015,0.134039,-0.252341,-0.250195,0.08194,0.157831,-0.471441,0.214315,-0.141416,0.437132,-0.435813,0.12346,-0.103517,-0.082112,-0.164579,-0.373084,0.200893,0.171447,-0.592328,0.161007,0.175718,0.426897,-0.058003,0.062015,-0.225343,-0.369845,-0.452339,0.101966,0.602651,-0.334092,0.206686,0.625816,0.921314,-0.804208,-0.683501,0.032422,0.135664,-0.475697,-0.075709,0.130139,-0.48869,-0.43766,-0.040713,-0.525102,-0.471562,-0.283602,-0.060664,-0.423782,0.327531,-0.740772,-0.042851,0.094453,0.337909,0.247508,0.089061,0.038938,0.065155,0.445997,-0.241053,-0.067253,-0.226594,0.405188,0.277735,-0.19102,-0.015184,-0.483434,0.185928,0.112333,-0.238628,-0.459462,0.211636,-0.117187,-0.339907,0.340304,-0.326587,-0.521335,0.481139,-0.03849,0.710715,0.137525,0.600213,0.276057,0.479533,0.219255,-0.326546,-0.358484,0.238005,-0.214596,-0.010895,-0.63152,0.216248,0.500172,-0.511659,-0.886273,0.111124,-0.273332
canon_Method_00406,0.062427,-0.011563,0.010426,-0.066398,-0.03828,-0.038006,0.07779,0.050207,0.023844,-0.016584,0.032334,0.009674,0.009617,0.096773,0.123733,-0.037485,0.088563,0.01181,-0.075042,-0.054692,0.060539,0.057609,-0.133551,-0.055529,-0.11347,0.064851,-0.02525,0.012756,0.089935,-0.037276,0.000782,-0.052505,-0.006579,0.043804,-0.066886,-0.037999,-0.019177,0.00703,0.033714,0.072253,-0.045827,0.053232,-0.038155,0.05151,0.001026,-0.002723,-0.025314,0.011796,-0.003838,-0.048494,-0.11547,0.037766,0.154113,0.110885,0.070163,0.035307,-0.05638,0.042399,-0.052339,-0.0256,0.093897,-0.063319,-0.101102,0.136189,0.201302,-0.105779,-0.077601,-0.011944,-0.06836,-0.170367,0.049844,-0.062821,-0.100906,-0.064325,0.067327,-0.015187,-0.08026,-0.00389,-0.015423,0.008044,-0.009923,-0.110071,0.015641,0.053886,0.032147,-0.008264,-0.024817,-0.070578,0.089289,0.02932,-0.070094,0.060448,-0.127926,0.077166,0.063941,-0.011414,0.019334,-0.039665,-0.063123,-0.063471,-0.061991,-0.114825,0.029621,-0.081464,-0.089428,0.042758,-0.006486,-0.1056,0.099641,0.069317,0.049998,0.063432,0.096085,0.056611,-0.009443,0.119122,-0.181227,-0.047351,0.045461,-0.05891,-0.036417,-0.026901,0.036219,0.107006,-0.128928,-0.117892,0.141653,-0.072004
canon_Method_00408,0.16081,0.05616,0.08898,0.003712,-0.044789,-0.210944,0.158534,-0.043751,-0.01403,0.052159,0.278058,0.12376,0.0879,0.032171,0.088178,-0.039845,0.113831,0.111596,0.02386,-0.098953,-0.037939,0.021768,-0.174901,0.153931,-0.061383,-0.025297,0.041102,0.028932,0.060773,-0.036036,0.028937,0.096626,-0.065996,0.058659,-0.058889,-0.097993,0.010387,0.098019,-0.195986,0.087182,-0.080093,0.171497,-0.187512,0.044764,-0.02687,-0.043086,-0.071127,-0.149371,0.09107,0.098977,-0.253855,0.084013,0.069282,0.190596,-0.007616,0.029869,-0.103063,-0.137031,-0.1974,0.034375,0.22419,-0.136794,0.090933,0.231956,0.347186,-0.280445,-0.260745,0.032767,0.069812,-0.19114,-0.038726,0.051121,-0.174789,-0.194049,-0.015929,-0.194432,-0.187577,-0.109245,-0.031168,-0.181899,0.140552,-0.29344,-0.019426,0.032422,0.146488,0.077119,0.041489,0.000725,-0.003006,0.204287,-0.086155,-0.035937,-0.106465,0.166267,0.136884,-0.059481,0.014099,-0.200315,0.092301,0.018914,-0.13,-0.1725,0.065921,-0.037614,-0.155316,0.160998,-0.117581,-0.221212,0.172753,-0.039413,0.29418,0.052823,0.203608,0.106472,0.196867,0.069098,-0.113919,-0.142431,0.083666,-0.055858,-0.001059,-0.237771,0.090012,0.172458,-0.171564,-0.35487,0.015838,-0.087796
canon_Method_00409,0.082689,-0.017039,0.047284,-0.021486,-0.043511,-0.048432,0.074976,0.06011,0.034941,-0.012141,0.005439,-0.004098,0.011613,0.114881,0.110791,-0.08076,0.023782,0.045926,-0.043456,-0.031696,0.089128,0.060036,-0.089804,-0.030882,-0.110938,0.080853,-0.013494,0.023224,0.095662,0.004395,-2.9e-05,0.03151,0.003768,0.037117,-0.030581,-0.062164,0.008272,0.012539,0.019499,0.058341,-0.096328,0.0809,-0.043792,0.043395,0.040548,-0.016499,-0.01692,0.020829,-0.018138,0.010666,-0.112464,0.030472,0.14443,0.143148,0.069765,0.046002,-0.065741,0.035658,-0.029715,-0.024938,0.074663,-0.069569,-0.03477,0.104914,0.160689,-0.082892,-0.073398,-0.028733,-0.064688,-0.157268,0.043378,-0.053184,-0.097271,-0.069876,0.071042,0.003521,-0.062248,0.021821,-0.038903,-0.04459,0.019715,-0.125555,0.024255,0.027152,0.02801,-0.024187,0.044543,-0.091119,0.083453,0.018436,-0.052335,0.055314,-0.102643,0.038939,0.068592,-0.010293,0.038434,-0.113591,-0.011945,-0.045612,-0.107383,-0.065964,0.017614,-0.056602,-0.084429,0.07219,-0.022088,-0.097091,0.072579,0.049057,0.050989,0.044248,0.058874,0.036966,-0.050272,0.124827,-0.120646,-0.03005,0.038569,-0.024993,-0.044663,-0.044542,0.064563,0.117981,-0.077811,-0.131178,0.116189,-0.059919
canon_Method_00411,0.070115,-0.029819,0.021702,-0.037858,-0.037935,-0.007985,0.056772,0.050273,0.030736,-0.026921,-0.000638,0.048395,-0.007833,0.135012,0.127722,-0.063391,0.036936,0.027054,-0.086902,-0.029288,0.077656,0.056724,-0.102741,-0.032755,-0.091496,0.092591,-0.026283,0.001786,0.067696,-0.011791,0.005998,-0.029537,-0.01405,0.047389,-0.075851,-0.041867,-0.018409,-0.021981,0.026797,0.085153,-0.087608,0.09217,-0.035015,0.014282,0.006724,0.004908,0.014111,0.040178,-0.035499,-0.031761,-0.123061,0.036787,0.164562,0.097451,0.083501,0.057284,-0.041307,0.02945,-0.006948,-0.03454,0.075452,-0.047487,-0.099485,0.137139,0.16971,-0.080925,-0.046399,0.007008,-0.063304,-0.14992,0.023267,-0.042479,-0.06466,-0.063051,0.070108,0.007553,-0.072061,0.056742,-0.014482,0.002542,-0.003371,-0.106199,0.045852,0.058526,-0.027693,-0.002451,0.002678,-0.083732,0.088324,0.022871,-0.060754,0.055601,-0.106767,0.038711,0.074132,-0.017438,-0.004208,-0.082471,-0.032396,-0.057673,-0.09466,-0.105102,0.015511,-0.046259,-0.119481,0.059486,-0.030188,-0.096746,0.067835,0.041024,0.043378,0.026295,0.073546,0.064047,-0.028853,0.079012,-0.179894,-0.044135,0.054887,-0.052323,-0.036179,-0.024631,0.02843,0.119419,-0.115101,-0.117541,0.094316,-0.059342
canon_Method_00414,0.863753,-0.552695,0.328657,0.06528,-0.559928,-0.605127,1.080995,-0.431603,-0.332025,-0.32737,-0.850219,-0.10753,-0.20545,1.300616,0.84756,-0.707128,0.143214,0.433707,-1.107127,0.381298,1.482826,0.477812,-0.868869,-0.042643,-0.795459,0.204877,0.045976,0.307213,0.468775,0.297691,-0.25068,0.630394,0.455057,0.596705,-0.123297,-0.738661,-0.616463,0.314176,0.454116,1.103383,-0.471998,0.452962,-0.267222,0.52944,0.416006,-0.187282,0.513716,0.939475,-0.331887,0.342035,-0.4061,-0.121246,1.2019,0.320275,-0.105816,0.504618,0.075855,-0.171195,-0.317858,-0.106754,0.319879,-0.12813,-0.316212,0.3355,0.314771,-0.476227,-0.584094,-0.077573,-0.291295,-0.762066,0.419678,-0.027389,-0.412761,-0.32196,0.711534,0.62536,-0.806001,0.41376,-0.229846,-0.519304,0.433534,-0.741559,0.226695,-0.06119,-0.267322,0.033316,0.236544,-0.623791,0.483447,0.508871,-0.022936,0.487902,-0.979795,-0.298975,0.35561,0.468875,0.472894,-0.34605,-0.301222,-0.314679,-0.736595,-0.520002,-0.05891,-0.52672,-0.568591,0.421633,-0.031269,-0.743639,0.256948,0.804637,0.02596,0.278179,-0.118902,-0.010272,-1.060616,0.192777,-1.062076,-0.158677,-0.623838,0.025313,-0.130475,0.399475,0.128269,1.453188,-0.149271,-0.444947,0.300292,0.572246
canon_Method_00415,0.88632,-0.592475,0.353349,0.00344,-0.568172,-0.520684,1.04262,-0.389169,-0.271203,-0.412682,-0.894898,0.029148,-0.106643,1.245265,0.79158,-0.638954,0.186608,0.555962,-1.14417,0.357592,1.433262,0.440273,-0.827018,-0.194876,-0.697203,0.158513,-0.000761,0.238238,0.580898,0.285984,-0.18578,0.679713,0.429682,0.58339,-0.040368,-0.774719,-0.618845,0.250061,0.508179,1.105541,-0.38622,0.439245,-0.26004,0.536725,0.48932,-0.218467,0.477655,0.905861,-0.394428,0.237608,-0.331975,-0.214161,1.072408,0.357823,-0.03704,0.446605,0.101014,-0.137907,-0.335739,-0.258648,0.296153,-0.089624,-0.403808,0.368153,0.273984,-0.370016,-0.670116,0.010306,-0.31488,-0.772395,0.41732,-0.046123,-0.415931,-0.355662,0.758123,0.719101,-0.751183,0.487553,-0.194636,-0.565017,0.398443,-0.691547,0.263668,-0.029369,-0.142018,0.138233,0.092712,-0.609192,0.410271,0.631215,-0.116473,0.476492,-1.035222,-0.382248,0.31865,0.479165,0.566956,-0.209579,-0.242653,-0.232761,-0.575735,-0.398141,-0.132836,-0.607071,-0.478193,0.385859,-0.080369,-0.700904,0.379535,0.76653,0.034568,0.273091,-0.152075,-0.049824,-1.044978,0.246238,-1.021799,-0.146715,-0.668527,-0.059331,-0.060003,0.502202,0.150339,1.43863,-0.174773,-0.313551,0.218913,0.518367
canon_Method_00417,0.052425,0.104228,0.048647,-0.098695,-0.01391,-0.037008,0.057348,0.085266,0.056043,-0.018759,-0.018415,0.099143,0.021109,0.124195,0.104605,-0.079073,0.074988,0.062737,-0.10693,-0.122207,0.107409,0.066795,-0.151568,-0.064375,-0.07354,0.066407,-0.041132,0.040854,0.117514,-0.019955,0.054043,-0.007121,-0.099838,0.025625,-0.095769,-0.057544,-0.071071,0.053362,0.027444,0.058545,-0.1183,0.073914,-0.071799,0.034219,-0.033866,-0.009728,-0.027288,-0.016321,-0.014801,-0.020285,-0.152469,0.148271,0.144082,0.137415,0.094596,0.074499,-0.098427,0.130278,-0.054297,0.015892,0.064838,-0.086033,-0.0853,0.092773,0.193596,-0.102504,-0.125053,0.014227,-0.106986,-0.156292,0.030163,-0.072718,-0.070173,-0.097007,0.114359,0.05149,-0.118083,0.035707,-0.040626,-0.015752,0.015047,-0.038859,0.007461,0.049083,0.010306,0.046712,-0.022556,-0.111289,0.031841,0.058768,-0.167277,0.097885,-0.08899,-0.003502,0.105198,-0.001617,0.079272,-0.093327,-0.023492,-0.09353,-0.10233,-0.082457,0.006384,-0.043629,-0.128567,0.071601,-0.024488,-0.114082,0.063607,0.05465,0.109774,-0.001183,0.038465,0.086537,-0.059874,0.079147,-0.205649,-0.107463,0.114826,-0.041204,-0.015428,-0.041711,0.127106,0.089911,-0.085381,-0.162342,0.088493,-0.051598
canon_Method_00419,0.099764,-0.022241,0.040663,-0.018371,-0.056854,-0.020544,0.069478,0.039883,0.033493,0.000242,-0.019467,0.034066,-0.000583,0.128154,0.11186,-0.064349,0.044932,0.026291,-0.073611,-0.009128,0.085755,0.047215,-0.087848,-0.02146,-0.099078,0.07684,-0.022474,0.024078,0.052831,0.012217,0.011418,0.021578,-0.002933,0.049557,-0.068488,-0.084007,-0.040832,-0.027019,0.003904,0.085683,-0.080818,0.0777,-0.061216,0.011002,0.024756,-0.007595,0.002223,0.047935,-0.027808,-0.006305,-0.112145,0.00606,0.151756,0.100264,0.050728,0.076223,-0.049763,0.023402,-0.034662,0.010835,0.065451,-0.066077,-0.095737,0.154623,0.173781,-0.111381,-0.099203,-0.016285,-0.06807,-0.163598,0.014235,-0.057406,-0.072292,-0.056073,0.058689,-0.029851,-0.086777,0.00806,-0.040338,-0.025824,0.030292,-0.109494,0.017128,0.04572,-0.012328,-0.022843,0.017442,-0.077318,0.103716,0.02225,-0.055177,0.02594,-0.104039,0.036025,0.081757,-0.007993,0.033424,-0.073439,-0.027498,-0.078287,-0.085157,-0.106052,0.039777,-0.049748,-0.128148,0.047153,-0.051294,-0.075858,0.079533,0.062463,0.075231,0.011139,0.088063,0.082543,-0.054765,0.122544,-0.180555,-0.052217,0.071352,-0.051641,-0.050173,-0.091276,0.061503,0.1583,-0.128796,-0.102919,0.089192,-0.06782
canon_Method_00420,0.071128,-0.035007,0.029704,-0.041799,-0.056821,-0.00812,0.060726,0.044159,0.035374,-0.000289,-0.013489,0.010185,-0.011652,0.104603,0.106381,-0.078225,0.031267,0.023309,-0.091323,0.00167,0.100416,0.023723,-0.120824,-0.020514,-0.113105,0.075628,-0.015225,-0.008017,0.043642,-0.003029,0.014112,-0.012656,-0.005226,0.035642,-0.046886,-0.061426,-0.043073,-0.018038,0.019689,0.065081,-0.073307,0.084218,-0.046667,0.0024,0.015606,-0.010547,0.019534,0.026774,-0.033831,-0.035621,-0.119932,3.1e-05,0.185814,0.087414,0.103485,0.056658,-0.022309,0.029097,-0.03156,-0.001231,0.077027,-0.06923,-0.099703,0.153,0.170653,-0.070981,-0.046457,-0.000136,-0.077508,-0.164732,0.012056,-0.047663,-0.062027,-0.054653,0.045952,-0.025185,-0.072496,0.013883,-0.045971,-0.018126,0.029931,-0.13618,0.044777,0.031508,-0.011401,-0.027761,0.02535,-0.059963,0.098608,0.007127,-0.068613,0.036346,-0.120403,0.053431,0.056739,-0.000613,-0.013716,-0.065227,-0.030211,-0.073861,-0.085763,-0.115618,0.021783,-0.048705,-0.090919,0.06207,-0.033103,-0.096682,0.044968,0.037092,0.04799,0.048073,0.077524,0.064333,-0.027583,0.092784,-0.165641,-0.041715,0.036228,-0.038472,-0.033647,-0.066105,0.050985,0.125025,-0.096754,-0.100495,0.153471,-0.071404
canon_Method_00421,0.121756,-0.138297,0.142292,-0.236117,-0.194485,-0.131155,0.192353,0.067135,0.083537,-0.151178,0.38108,0.208189,0.054808,-0.0493,0.040837,-0.032804,0.152031,0.483006,0.132217,-0.178071,0.292564,0.096802,-0.139037,-0.270604,-0.179358,0.260832,-0.343224,0.295734,0.108821,0.142052,-0.18779,0.143264,0.009407,0.019858,0.29383,-0.310212,0.113421,0.110732,0.196677,0.024966,-0.134114,0.469801,-0.47664,0.023889,0.19784,0.060264,-0.075932,0.041489,-0.250554,0.196566,0.073674,0.143626,0.2395,0.179585,0.274392,-0.06068,0.015019,0.167247,-0.138555,-0.187456,0.068754,-0.272019,-0.159362,0.064479,0.234747,-0.069468,-0.356113,0.298013,-0.100971,-0.248423,-0.057651,-0.393355,0.025194,-0.470243,0.01884,0.111399,0.120306,0.100141,-0.181948,-0.110008,-0.019411,-0.121856,-0.145092,0.314123,0.189112,-0.194451,0.216936,-0.589571,0.147192,0.357751,-0.328916,-0.064952,-0.414572,-0.091218,0.093092,-0.08917,0.158582,-0.517744,0.001715,-0.125063,-0.643114,-0.298894,0.151565,-0.10935,-0.132358,0.063183,-0.224382,-0.278237,0.340065,-0.006792,0.081889,-0.134841,-0.21601,0.179267,-0.222453,0.377761,-0.226434,0.160651,0.155036,-0.107174,-0.191015,0.004551,0.208399,0.186545,-0.427171,-0.348616,-0.220793,-0.3593
canon_Method_00422,0.067572,-0.04945,0.076217,-0.15694,-0.124153,-0.083454,0.135626,0.043364,0.045492,-0.066553,0.163791,0.11516,0.011693,0.066764,0.065662,-0.06813,0.096454,0.218174,0.018663,-0.110677,0.184561,0.074276,-0.108751,-0.155138,-0.107447,0.114344,-0.157061,0.123593,0.108065,0.103375,-0.06173,0.047834,0.007466,0.034544,0.048865,-0.151073,0.030387,0.054577,0.133122,0.003453,-0.032043,0.227892,-0.211407,0.007569,0.10417,0.022285,-0.032083,0.053366,-0.136459,0.054859,0.034355,0.06712,0.145654,0.105148,0.154035,-0.02691,0.018411,0.073775,-0.065973,-0.091806,0.041011,-0.129111,-0.12152,0.060658,0.166501,-0.08853,-0.200628,0.145943,-0.09088,-0.184081,-0.024421,-0.1625,-0.011892,-0.211505,-0.003077,0.074823,0.034692,0.025844,-0.11916,-0.04528,-0.021997,-0.038232,-0.056855,0.151378,0.0987,-0.064595,0.108804,-0.321141,0.090817,0.187687,-0.197998,-0.025184,-0.235485,-0.021847,0.081125,-0.029155,0.078534,-0.229785,-0.021265,-0.08338,-0.323396,-0.145635,0.096921,-0.091062,-0.095653,0.0273,-0.132696,-0.120553,0.162443,0.023573,0.042672,-0.024725,-0.093559,0.163208,-0.137732,0.220969,-0.176616,0.046407,0.087298,-0.053284,-0.105252,-0.008325,0.099924,0.072275,-0.198874,-0.202794,-0.054267,-0.157798
canon_Method_00423,0.050857,-0.091152,0.051524,-0.202241,-0.144006,-0.113064,0.159573,0.068388,0.027718,-0.071831,0.217497,0.132468,-0.007153,0.057542,0.030215,-0.071711,0.145977,0.281631,0.074495,-0.16748,0.206064,0.064148,-0.090475,-0.176133,-0.101832,0.125374,-0.172875,0.176505,0.14858,0.134922,-0.062018,0.085826,-0.004583,0.050762,0.076707,-0.20432,0.068418,0.093207,0.170309,0.016312,-0.018554,0.238429,-0.302851,0.031212,0.109099,0.028437,-0.087638,0.069528,-0.177878,0.083718,0.064287,0.086567,0.181429,0.146705,0.15395,-0.052735,0.013064,0.115631,-0.082769,-0.097698,0.045155,-0.143699,-0.093799,0.025007,0.191355,-0.097964,-0.278032,0.20632,-0.129464,-0.182829,-0.015778,-0.220816,0.030417,-0.292302,-0.017102,0.115655,0.006709,-0.024934,-0.147228,-0.0604,-0.02721,-0.021302,-0.120532,0.173379,0.16384,-0.072896,0.145423,-0.378778,0.054981,0.208086,-0.191711,-0.053911,-0.248685,-0.047432,0.081248,-0.023708,0.130425,-0.286879,-0.014061,-0.086257,-0.416697,-0.176201,0.096947,-0.119662,-0.09954,0.018628,-0.186707,-0.138213,0.190321,0.026428,0.024712,-0.04277,-0.149882,0.176467,-0.149479,0.268268,-0.198198,0.076311,0.128128,-0.062273,-0.13276,-0.007274,0.140096,0.100769,-0.227548,-0.264275,-0.094053,-0.217079
canon_Method_00424,0.059072,-0.029535,0.028209,-0.050204,-0.056068,-0.021978,0.087163,0.065979,0.023163,0.002513,-5.9e-05,0.005859,0.005214,0.122975,0.099267,-0.060537,0.076231,0.0263,-0.067878,0.014921,0.07,0.008156,-0.092463,-0.023206,-0.126001,0.055216,-0.024718,0.00604,0.099752,-0.010763,0.006283,0.006619,-0.027961,0.073688,-0.029205,-0.054166,-0.018447,-0.025172,0.018894,0.072484,-0.034882,0.082948,-0.019509,-0.010511,0.061154,-0.013946,-0.016054,0.020171,-0.007177,-0.009994,-0.109507,0.004374,0.164305,0.069896,0.061067,0.031565,-0.021904,0.059795,-0.035534,-0.052591,0.048068,-0.071653,-0.089079,0.116034,0.199016,-0.103226,-0.116704,-0.037524,-0.049153,-0.161421,0.038492,-0.035457,-0.065217,-0.061627,0.044209,-0.044951,-0.074475,-0.017829,-0.046693,0.018296,-0.000809,-0.103028,0.023983,0.033065,0.063033,-0.012323,0.02398,-0.030939,0.098964,0.049306,-0.041525,0.001751,-0.10057,0.068262,0.059584,0.00569,-0.006413,-0.030821,-0.018405,-0.074167,-0.067972,-0.099699,0.003869,-0.063341,-0.084115,0.041871,-0.072299,-0.073129,0.089731,0.05856,0.046116,0.041018,0.080238,0.070896,-0.042349,0.137334,-0.121043,-0.039582,0.052861,-0.031428,-0.036294,-0.080322,0.057884,0.110296,-0.11746,-0.115585,0.110298,-0.072535
canon_Method_00426,0.067044,-0.033611,0.009393,-0.029775,-0.055303,-0.027511,0.069951,0.041689,0.041465,0.006571,0.001726,-0.029097,0.024777,0.09715,0.134381,-0.08086,0.066148,0.019728,-0.103444,-0.00012,0.075491,0.038834,-0.096994,0.014459,-0.110094,0.071503,-0.017277,0.026911,0.092048,0.007731,-0.019021,-0.002842,-0.034488,0.045293,-0.042305,-0.057928,0.009976,0.014242,0.076351,0.091371,-0.068266,0.064621,-0.012473,0.014756,0.020212,-0.010044,-0.003601,0.045971,0.005817,-0.027741,-0.085308,-0.023775,0.172122,0.081448,0.042911,0.067792,-0.02174,0.041275,-0.058113,-0.033201,0.065737,-0.053292,-0.073093,0.111139,0.175424,-0.110331,-0.088141,-0.010802,-0.046741,-0.19078,0.055624,-0.040426,-0.096911,-0.05379,0.07338,-0.031098,-0.043078,0.016931,0.000545,0.005849,0.023251,-0.116099,0.019604,0.035014,-0.004376,0.022425,0.037406,-0.049013,0.098802,0.054283,-0.012263,0.049031,-0.118225,0.038014,0.088729,0.009953,-0.00957,-0.092585,-0.043574,-0.054053,-0.068235,-0.091535,0.032326,-0.028867,-0.076848,0.036482,-0.035535,-0.096578,0.092849,0.0807,0.063375,0.044332,0.066486,0.06719,-0.051708,0.098876,-0.169494,-0.021897,0.024003,-0.038273,-0.036264,-0.04707,0.031333,0.122089,-0.096184,-0.104091,0.095255,-0.059946
canon_Method_00427,0.101545,0.054959,-0.225107,-0.11993,0.027695,-0.096631,0.251194,0.084015,-0.057766,-0.120056,0.269834,0.073794,-0.068695,0.397753,0.227908,0.077215,0.008499,0.190738,-0.161255,0.012005,0.356832,0.2295,-0.554342,0.156689,-0.21391,0.211003,-0.136909,0.036854,0.245118,-0.186178,0.024982,-0.020305,0.020625,0.155915,0.17656,-0.129579,-0.269166,-0.051543,-0.026916,0.328447,-0.16047,0.257616,-0.316032,0.217422,0.088958,-0.267126,0.016325,0.01574,0.065188,-0.122564,-0.057985,0.387598,0.239457,0.079544,0.103698,0.097486,0.132674,0.144851,-0.176191,0.173466,0.240516,-0.037997,-0.032804,0.184692,0.020718,-0.120448,-0.101408,0.104806,-0.140056,-0.24982,0.024756,-0.140698,-0.226453,-0.172427,0.036956,0.043534,0.202699,0.038542,0.124333,0.091498,0.106974,-0.364966,0.04805,0.245143,0.038907,0.073461,-0.141616,-0.130283,-0.013746,0.389236,-0.147012,-0.078247,-0.22088,0.000228,0.268916,0.123875,0.034786,-0.12427,0.203965,-0.348582,-0.201826,-0.510051,0.011713,0.078757,-0.185222,0.269882,-0.055347,-0.368012,0.012061,0.03511,0.199041,0.143111,0.064765,0.114125,0.06592,-0.019788,-0.274471,-0.188811,0.079878,-0.081409,-0.285578,0.033863,-0.143162,0.108358,-0.292283,-0.427363,-0.222246,-0.023882
canon_Method_00429,0.07916,-0.056171,0.031142,-0.024778,-0.063589,-0.004259,0.077616,0.055251,0.058707,0.000205,0.001389,0.033955,0.038511,0.106373,0.100037,-0.04501,0.043033,0.029891,-0.067521,0.008492,0.08252,0.042528,-0.079091,-0.024094,-0.111904,0.066484,-0.052311,-0.000908,0.070891,-0.025007,0.002573,0.026707,-0.002079,0.047462,-0.026949,-0.066868,0.010889,-0.036839,0.02664,0.090736,-0.079847,0.076465,-0.024253,0.015245,0.023423,-0.003235,0.005344,0.02775,0.008739,-0.011492,-0.091684,0.016485,0.130317,0.077016,0.055906,0.061417,-0.046106,0.049939,-0.043061,-0.021624,0.063778,-0.086658,-0.101848,0.136259,0.185654,-0.094402,-0.081066,-0.009625,-0.047288,-0.143692,0.041447,-0.061258,-0.063614,-0.075459,0.065656,-0.006079,-0.064551,0.006339,-0.012738,-0.014734,0.026693,-0.116605,0.019275,0.054574,0.015178,0.013517,0.011336,-0.063154,0.10079,0.029532,-0.049615,0.02295,-0.099828,0.048968,0.055901,-0.012239,0.020411,-0.068546,-0.020732,-0.060383,-0.07713,-0.076214,0.046228,-0.066517,-0.101512,0.068938,-0.042068,-0.064231,0.105999,0.057813,0.03754,0.029006,0.061161,0.054609,-0.036964,0.109174,-0.162246,-0.029683,0.029294,-0.046999,-0.023109,-0.049277,0.051578,0.118701,-0.121756,-0.07892,0.106706,-0.076951
canon_Method_00430,0.082871,-0.039109,-0.000396,-0.030255,-0.043794,-0.008659,0.064806,0.047405,0.018439,-0.012041,-0.015409,0.009955,0.011657,0.091555,0.108708,-0.052957,0.055745,0.027356,-0.0719,-0.022593,0.081232,0.03366,-0.097344,-0.00504,-0.085117,0.075429,-0.015982,-0.014128,0.095041,-0.034296,0.022985,0.002464,-0.019697,0.039123,-0.041367,-0.045436,-0.001339,0.000377,0.026813,0.069728,-0.063978,0.053876,-0.030322,0.022539,0.056613,-0.01008,-0.023317,0.015528,-0.010565,-0.010104,-0.099363,0.007396,0.146204,0.108395,0.066707,0.047082,-0.025303,0.024439,-0.017544,-0.021608,0.094843,-0.070354,-0.074387,0.12176,0.181793,-0.081263,-0.08577,-0.006775,-0.046781,-0.165346,0.043777,-0.041099,-0.064106,-0.0447,0.056585,-0.019028,-0.097762,0.018794,-0.016937,0.009849,0.01478,-0.124552,0.044731,0.022334,0.031029,-0.001696,0.009426,-0.037503,0.108207,-0.006058,-0.049991,0.024299,-0.115541,0.030793,0.061637,1.6e-05,0.038575,-0.029298,-0.045554,-0.058434,-0.081377,-0.088188,0.013851,-0.036856,-0.082153,0.069312,-0.070895,-0.102459,0.09975,0.03534,0.039179,0.05506,0.068722,0.063921,-0.031173,0.100014,-0.166887,-0.035061,0.05781,-0.045171,-0.02892,-0.044276,0.033866,0.131978,-0.108811,-0.123981,0.13257,-0.070091
canon_Method_00432,0.004525,-0.115709,-0.050687,0.027353,0.058948,-0.143013,0.006352,0.018963,0.040627,-0.015065,0.164721,-0.168448,0.095706,0.014447,0.129471,-0.172888,0.083257,-0.107163,-0.212963,-0.093217,0.263627,0.196624,-0.204808,-0.08328,-0.032766,0.095926,-0.011922,0.056645,0.184933,0.08391,-0.232054,-0.020078,-0.054821,0.167777,0.024096,0.021852,-0.013865,-0.191026,0.042778,0.212116,-0.127824,0.065013,-0.093736,0.146706,-0.060457,-0.126648,-0.049986,-0.161666,-0.057315,-0.148818,-0.18294,0.003617,0.159002,0.30131,0.148023,-0.151834,-0.215388,-0.007931,-0.106743,-0.192094,0.246895,-0.148269,0.173548,0.183616,0.068755,-0.116574,0.021532,0.077836,-0.07355,-0.222586,0.031642,-0.162731,-0.346968,-0.094772,0.279716,-0.224571,-0.209885,-0.157353,-0.039757,-0.092687,-0.04165,-0.225149,0.129203,0.19999,0.137833,0.056563,0.050808,-0.142684,0.149576,0.047568,-0.05048,0.161169,-0.087483,0.129566,0.186179,-0.076947,0.012985,-0.126051,-0.118058,-0.167202,-0.069668,-0.256822,-0.051817,-0.210673,-0.23968,0.12253,-0.15441,-0.118092,0.049568,0.135388,0.006357,0.029564,0.143353,-0.13381,-0.086085,0.146958,-0.048766,-0.063167,-0.187763,-0.153254,-0.046371,-0.089372,0.078814,0.22773,-0.022683,-0.107648,0.331381,-0.074533
canon_Method_00433,0.080923,0.146173,-0.084902,-0.13599,0.088959,0.042368,-0.066612,-0.053423,-0.06858,-0.037429,0.215779,0.055592,-0.031398,-0.02928,0.121749,0.005762,-0.040144,0.216475,-0.179883,-0.116052,0.160566,-0.152011,-0.298979,0.092187,-0.215889,0.329034,0.007535,0.001396,0.089709,0.124745,-0.082005,-0.074856,-0.035853,-0.056975,-0.039302,-0.041049,-0.074423,0.21488,0.061245,0.10348,-0.134559,0.309271,-0.150387,-0.173188,0.005069,-0.052158,0.165025,0.102596,-0.096295,-0.145384,-0.100683,0.002436,0.213227,0.538291,0.228393,-0.071231,0.088311,-0.031712,-0.194803,-0.075049,0.072376,-0.239275,-0.004412,0.26894,0.177004,-0.166182,-0.005995,0.159264,-0.303924,-0.272372,0.002203,-0.198052,-0.084671,-0.03857,0.154009,-0.009781,0.056242,-0.010728,-0.095667,-0.285674,0.124059,-0.356097,-0.023495,0.137922,-0.087176,-0.034172,-0.15,-0.257392,0.056768,0.000529,-0.280517,0.363423,-0.42071,0.081808,0.255106,-0.370022,0.009058,-0.18903,0.018488,-0.314417,-0.518019,-0.205313,-0.002102,0.111519,-0.013701,0.193883,-0.000446,-0.533533,0.21454,-0.198418,0.037663,0.050424,-0.040363,0.043672,0.336377,0.157075,-0.288287,-0.201472,0.12981,-0.078643,-0.050239,-0.015738,0.194959,0.197712,-0.13948,-0.202201,0.298064,-0.415967
canon_Method_00434,0.002148,-0.744727,0.352121,-0.101818,-0.144406,-0.528365,0.193522,0.267377,-0.158281,0.11088,0.393108,0.080607,0.125514,0.465152,0.71743,-0.592638,0.276623,0.164084,-0.747147,0.07323,0.616974,0.719383,-0.269442,0.249911,-0.366985,0.358416,-0.478376,0.013566,0.20632,-0.252065,-0.503168,-0.459575,0.104719,0.554934,-0.165333,0.003252,0.681097,-0.694567,0.936951,0.952546,-0.0601,0.139702,0.522145,0.145304,-0.502069,0.307185,0.13526,0.118506,0.332772,-0.705144,0.212681,-0.012563,0.710768,0.132286,0.300604,0.586757,-0.15287,-0.38789,0.041466,0.251921,0.969247,-0.690997,-0.418233,0.681959,1.106947,-0.788641,0.1356,0.260485,-0.078423,-1.186064,0.639191,-0.475504,-0.817292,-0.594166,0.31188,-0.469521,-0.315059,-0.352983,0.325588,0.424928,0.129539,-0.624598,0.328564,0.797296,-0.235879,0.588944,0.182211,-0.015137,0.684376,0.284716,0.172705,0.520115,-0.458714,0.397846,0.807287,-0.211404,-0.838077,-1.035363,-0.494649,-0.350102,-0.210841,-0.16688,0.669593,-0.309314,-0.56607,0.148712,0.137223,-0.49605,0.864062,0.30195,0.27458,0.148292,0.646056,0.25861,-0.279706,0.468258,-1.249911,0.271984,0.069238,-0.756336,-0.722039,-0.052555,-0.014912,0.80718,-0.927658,-0.358475,0.267819,-0.110686
canon_Method_00435,-0.289369,-0.090906,0.583808,-0.489452,-0.099861,-0.110195,0.672263,0.253542,-0.137711,-0.038498,-0.122571,0.368079,-0.030073,0.929486,1.326717,-0.552968,0.756435,-0.233846,-0.656491,1.057736,-0.096665,0.094821,-0.377998,-0.112002,-0.666539,0.368431,0.221989,0.189912,0.773244,-0.491697,0.3736,0.359241,-0.890862,0.613977,-0.272774,0.289554,0.095931,0.078051,-0.01057,0.613861,-0.214411,0.492626,0.76964,0.854797,0.659713,0.120268,-0.355346,0.642966,0.395132,0.102188,-0.585422,0.409027,0.348164,0.293571,-0.086498,0.087273,-0.246397,0.023084,0.601564,-0.599167,0.284797,-0.403274,-0.553113,-0.006276,1.528673,-0.672003,-1.003737,-0.818194,0.326943,-0.534624,0.863654,-0.039376,-0.545423,-0.543551,0.677858,-0.121683,-0.640854,0.128372,0.250802,0.665586,0.110802,-0.092517,0.238824,0.123894,0.090731,-0.133323,-0.242217,-0.254635,0.619211,0.470497,0.219019,0.043455,-0.426096,0.243901,0.079329,0.124355,-0.115005,0.218929,-0.590991,-0.119379,-0.168788,-0.319098,-0.27496,-0.682021,-0.226694,1.010365,-0.497075,-0.663901,0.701483,0.993871,-0.037927,-0.071867,0.523218,0.137335,-0.568794,0.56297,-0.759536,-0.580716,0.290247,-0.601702,0.101278,0.133593,-0.139103,0.824771,-1.234884,-1.082714,-0.115565,-0.005231
canon_Method_00436,0.043365,-0.027814,0.030878,-0.065035,-0.045356,-0.027785,0.024657,0.051088,0.040844,-0.009955,-0.014301,0.022247,-0.002846,0.114405,0.091252,-0.071764,0.062573,0.018789,-0.078532,-0.027789,0.074689,0.03383,-0.134916,-0.032396,-0.099914,0.076288,-0.043104,-0.031376,0.056632,0.000917,0.01207,-0.003498,-0.039299,0.018612,-0.027052,-0.048094,-0.012524,0.014546,0.026998,0.078635,-0.11496,0.057213,-0.029194,0.010041,0.014764,-0.003076,-0.009429,0.021595,-0.001285,-0.018063,-0.090779,0.048725,0.144454,0.074347,0.07158,0.086535,-0.035276,0.063299,-0.034501,-0.016798,0.058281,-0.084432,-0.108779,0.125693,0.189888,-0.086619,-0.052642,-0.006594,-0.071927,-0.125498,0.032746,-0.049795,-0.091704,-0.082451,0.053603,0.011221,-0.090889,0.049766,-0.016461,-0.028762,0.015886,-0.099293,0.049516,0.024902,-0.023141,-0.00837,-0.002767,-0.060641,0.044036,0.018205,-0.085744,0.029553,-0.153123,0.029441,0.08469,0.002026,0.020957,-0.05735,-0.017669,-0.075008,-0.059987,-0.075751,0.017626,-0.035819,-0.078616,0.040432,-0.019551,-0.120784,0.053537,0.015238,0.066128,0.065806,0.078879,0.047135,-0.02102,0.110681,-0.21425,-0.066964,0.069562,-0.006178,0.005369,-0.046507,0.079028,0.10552,-0.085021,-0.077423,0.133471,-0.0603
canon_Method_00440,0.071172,-0.024794,0.01922,-0.028141,-0.04,-0.022445,0.06187,0.048594,0.03727,-0.010042,0.029466,0.007415,0.0027,0.100276,0.113899,-0.064061,0.041914,0.028376,-0.05977,-0.041146,0.074014,0.034949,-0.12804,-0.023883,-0.10621,0.083797,-0.015554,-0.002929,0.079372,-0.020552,0.014782,-0.00163,-0.044623,0.005929,-0.02217,-0.041249,-0.006099,0.017146,0.018661,0.070013,-0.095121,0.080348,-0.039982,0.031581,0.0342,0.004005,-0.016195,0.008697,0.00914,-0.011885,-0.107492,0.029139,0.151196,0.092824,0.073117,0.061871,-0.037503,0.057766,-0.055417,-0.012872,0.078195,-0.059903,-0.086472,0.135505,0.180928,-0.095517,-0.095756,-0.000785,-0.05313,-0.157658,0.036229,-0.053578,-0.080089,-0.085617,0.056809,-0.014274,-0.085339,0.021861,-0.019082,-0.022652,0.023451,-0.122166,0.041125,0.035017,0.010269,0.00041,0.003177,-0.062604,0.079038,0.027975,-0.067956,0.036919,-0.132515,0.052768,0.062778,0.006137,0.037875,-0.056571,-0.025134,-0.075108,-0.075153,-0.101099,0.030754,-0.038964,-0.071983,0.055508,-0.039385,-0.113546,0.086766,0.0462,0.06432,0.050909,0.060868,0.056978,-0.004777,0.124719,-0.189612,-0.045672,0.052088,-0.034409,-0.006001,-0.059822,0.062413,0.110883,-0.098462,-0.123096,0.115326,-0.095785
canon_Method_00441,0.061923,-0.053933,0.041293,-0.037861,-0.019707,-0.110618,0.094714,0.041807,-0.024725,0.021572,0.181664,0.119773,-0.011938,0.102063,0.055035,-0.009027,-0.008406,0.119442,-0.035226,-0.064577,0.220343,0.113867,-0.111773,-0.12624,-0.089027,0.102213,-0.135982,0.131417,0.060397,-0.004747,-0.02706,-0.064873,0.024144,0.047698,0.048575,-0.093258,-0.009863,-0.102537,0.1059,0.165858,-0.076127,0.124909,-0.111079,-0.001872,-0.043852,0.031657,0.011086,0.020794,-0.077033,-0.055724,-0.038242,0.047737,0.146203,0.122099,0.18381,-0.004763,0.022637,-0.008343,-0.109716,-0.066811,0.145576,-0.162181,-0.088216,0.141627,0.198294,-0.116969,-0.043481,0.178706,-0.05456,-0.128976,0.033601,-0.133976,-0.036805,-0.1328,0.043907,-0.003286,-0.085937,-0.081285,-0.037739,-0.031521,0.017684,-0.148506,0.01601,0.177931,0.070315,0.010405,0.026475,-0.16105,0.095291,0.124825,-0.058212,0.022766,-0.211765,0.052388,0.059511,-0.094712,-0.002775,-0.178232,-0.013107,-0.069412,-0.119461,-0.15082,0.096988,-0.085565,-0.133406,0.026685,-0.038391,-0.159174,0.175024,-0.007393,0.078262,0.00256,0.031204,0.027908,0.030701,0.183693,-0.158038,0.067221,0.053973,-0.145542,-0.103655,0.038818,0.10352,0.142223,-0.24003,-0.155623,0.0377,-0.10307
canon_Method_00442,0.191631,-0.184579,0.059591,-0.078574,0.057427,-0.346208,0.032956,0.049896,-0.205401,0.061878,0.527395,0.061178,-0.213203,0.157379,0.346915,0.027148,-0.074184,-0.091951,-0.266629,0.212285,0.500978,0.187462,-0.619307,-0.288535,-0.392099,0.018419,-0.300875,-0.011085,-0.094638,-0.362463,0.039437,-0.45852,-0.010319,0.432431,0.020603,-0.023099,-0.182868,-0.527888,0.302642,0.845176,-0.134331,0.081655,0.094006,0.207585,-0.366602,0.274757,0.086072,0.116115,0.135798,-0.498338,-0.201007,0.009224,0.45793,0.157237,0.639464,0.136665,0.116189,-0.132935,-0.317781,-0.269654,0.665675,-0.657683,-0.356045,0.561914,0.634549,-0.455586,0.265002,0.389197,-0.158879,-0.278871,0.134353,-0.343456,-0.308095,-0.398085,0.162567,-0.296621,-0.392342,-0.428939,0.087453,0.146154,0.152666,-0.607627,0.205855,0.791455,0.160819,0.340562,-0.179429,0.042391,0.278908,0.243866,0.06284,0.070371,-0.498154,0.541777,0.324691,-0.10376,-0.298393,-0.321982,-0.171064,-0.265615,0.121725,-0.468149,0.335239,-0.194434,-0.299619,0.13934,0.137469,-0.501677,0.556879,-0.27015,0.040261,0.111146,0.445178,-0.252812,0.293494,0.298083,-0.533695,0.208714,-0.105671,-0.545524,-0.282521,0.20498,0.256456,0.483962,-0.734672,-0.236091,0.617115,-0.209832
canon_Method_00444,0.066724,-0.013886,0.049188,-0.060045,-0.0195,-0.014535,0.132944,0.037706,-0.071431,-0.047624,0.065438,0.091462,0.008442,0.149766,0.089872,-0.057927,0.023126,0.018573,-0.0549,-0.073814,0.098213,0.062978,-0.164923,-0.041129,-0.234598,0.112141,-0.030366,0.077503,0.047187,-0.006412,-0.024168,0.000563,0.045213,0.034393,-0.012184,-0.11612,-0.063585,-0.040798,-0.058733,0.142245,-0.039704,0.154133,-0.067782,0.127584,-0.038315,-0.023031,-0.013041,0.030473,-0.021927,-0.057387,-0.082675,0.014497,0.090529,0.11325,0.076895,-0.04469,-0.046611,0.045543,-0.050502,-0.009606,0.074235,-0.06407,-0.081458,0.119501,0.159539,-0.130397,-0.095459,-0.016835,-0.097346,-0.111632,0.080716,-0.137081,-0.073234,-0.120763,0.108651,0.033513,-0.146684,-0.021175,-0.04207,-0.039684,0.092586,-0.141814,0.009822,0.089595,0.043849,0.008778,-0.02959,-0.148019,0.080947,0.104698,-0.08129,0.123431,-0.145919,0.111626,0.055674,-0.023239,-0.027224,-0.058855,0.014283,-0.037334,-0.097503,-0.205186,0.055705,-0.113842,-0.105912,0.059112,-0.013153,-0.114741,0.145969,0.090386,0.028565,0.07786,0.098998,-0.010186,-0.006692,0.14591,-0.151476,-0.072288,0.011615,-0.037808,0.031223,-0.018899,0.052624,0.150028,-0.193608,-0.17644,0.077028,-0.100658
canon_Method_00445,0.077656,-3.7e-05,0.014921,-0.00976,-0.059364,-0.054362,0.044548,0.075679,0.057749,0.012894,0.005047,-0.020306,0.006962,0.094864,0.125275,-0.046872,0.047996,-0.000651,-0.082829,0.009446,0.091655,0.049289,-0.11398,-0.02358,-0.122001,0.06141,-0.028724,-0.015054,0.053801,-0.012027,0.007962,-0.007665,-0.053245,0.047249,-0.044817,-0.023935,-0.021988,0.001689,0.043963,0.073349,-0.090556,0.080355,-0.005103,0.010365,0.009202,0.01062,-0.011446,0.043561,0.007769,-0.025002,-0.103421,0.014337,0.157894,0.066886,0.091008,0.073038,-0.037716,0.03149,-0.026133,0.000916,0.05462,-0.055804,-0.109554,0.10487,0.201448,-0.111517,-0.042369,-0.031079,-0.046132,-0.145799,0.026578,-0.02856,-0.089878,-0.048581,0.045735,-0.043755,-0.080128,0.01856,-0.03205,0.02722,0.019283,-0.128602,0.049563,0.022909,0.027759,-0.019002,0.009372,-0.025301,0.096384,0.000895,-0.039151,0.015816,-0.12219,0.036807,0.06199,-0.00933,0.001121,-0.056572,-0.054735,-0.050047,-0.087032,-0.099543,0.040494,-0.030311,-0.082204,0.045409,-0.021036,-0.093786,0.048209,0.053033,0.051645,0.053286,0.091415,0.048705,-0.044383,0.123343,-0.191468,-0.035104,0.042643,-0.050972,-0.045337,-0.063086,0.054658,0.128805,-0.084698,-0.090507,0.162026,-0.0786
canon_Method_00447,0.077813,-0.033444,0.044004,-0.0323,-0.032239,-0.0127,0.065806,0.031931,0.034024,-0.030851,-0.004763,0.041884,-0.013817,0.115883,0.104477,-0.054742,0.055913,0.029029,-0.05594,-0.023684,0.090471,0.054927,-0.116402,-0.044747,-0.111469,0.087696,-0.047892,0.026292,0.083796,0.001351,0.025971,0.012356,-0.023888,0.03737,-0.018391,-0.079974,-0.021952,-0.004604,0.013554,0.085735,-0.103294,0.067637,-0.02539,0.024035,0.023134,-0.017536,0.005485,0.040163,-0.02324,0.003017,-0.104528,0.026964,0.159204,0.101359,0.067903,0.034634,-0.025262,0.042109,-0.053582,-0.039482,0.072889,-0.078233,-0.075789,0.131437,0.181091,-0.085052,-0.093142,0.009861,-0.074661,-0.150829,0.019117,-0.061871,-0.070764,-0.076599,0.070989,-0.001921,-0.107009,-0.00468,-0.039577,-0.033424,0.027242,-0.119549,0.033646,0.046069,0.002378,0.004689,0.005487,-0.08959,0.097718,0.034684,-0.063262,0.022233,-0.113223,0.045226,0.060866,-0.020273,0.04752,-0.066435,-0.033832,-0.060309,-0.091527,-0.097655,0.004759,-0.059109,-0.09707,0.059101,-0.050298,-0.098675,0.095199,0.035536,0.051495,0.014376,0.04621,0.066882,-0.021971,0.109944,-0.167642,-0.05614,0.04992,-0.0578,-0.021172,-0.063788,0.060585,0.131424,-0.124418,-0.12746,0.096952,-0.081024
canon_Method_00448,0.101931,-0.052922,0.005172,-0.040077,-0.037289,-0.008029,0.030501,0.034855,0.018737,-0.023124,-0.021855,-0.010078,-0.023857,0.1177,0.135938,-0.074697,0.039621,0.02031,-0.078748,-0.01892,0.067316,0.035928,-0.136861,-0.018168,-0.110185,0.084733,-0.030234,-0.011045,0.074759,-0.007629,-0.003131,-0.014994,-0.015824,0.031308,-0.028977,-0.036945,-0.048068,-0.011436,0.030515,0.095498,-0.084085,0.060163,-0.001578,0.041274,0.027539,-0.020938,-0.000956,0.017992,-0.006673,-0.029343,-0.090621,0.000777,0.162831,0.093311,0.060831,0.058474,-0.044707,0.041674,-0.047433,-0.0293,0.093762,-0.046387,-0.081621,0.14677,0.14549,-0.083812,-0.066707,0.006163,-0.075506,-0.171615,0.036242,-0.065653,-0.078379,-0.054737,0.073339,-0.014006,-0.092608,0.013507,-0.022116,-0.012761,0.011212,-0.128797,0.043398,0.041033,-0.016601,-0.011708,-0.008327,-0.059746,0.091807,0.013914,-0.038888,0.041176,-0.108158,0.060742,0.06581,-0.001167,0.012539,-0.069312,-0.041327,-0.056543,-0.046306,-0.101386,0.019844,-0.038863,-0.091831,0.061378,-0.027919,-0.106502,0.091285,0.044565,0.04457,0.052965,0.080987,0.051889,-0.019342,0.086469,-0.170301,-0.036124,0.059312,-0.037202,-0.012193,-0.021284,0.036568,0.141021,-0.092172,-0.098214,0.138803,-0.068139
canon_Method_00449,0.061207,-0.003529,-0.0026,-0.043425,-0.04142,-0.026115,0.047097,0.041645,0.068638,-0.016768,0.016476,0.01363,0.021533,0.100215,0.120332,-0.045646,0.074733,0.014282,-0.059643,-0.02411,0.079859,0.053738,-0.13077,-0.047261,-0.130484,0.107109,-0.039663,-0.006913,0.094386,0.006195,-0.001418,-0.015019,-0.018784,0.021083,-0.044941,-0.011507,-0.033095,0.012387,0.009424,0.060943,-0.088458,0.08346,-0.023944,0.019192,0.032043,-0.047326,-0.020786,0.001723,-0.027014,-0.014485,-0.085342,0.021156,0.140926,0.102109,0.057121,0.029742,-0.049127,0.062273,-0.0474,-0.054922,0.048519,-0.046827,-0.083931,0.108002,0.158458,-0.087422,-0.055964,4.6e-05,-0.067586,-0.155333,0.025728,-0.058463,-0.070729,-0.033112,0.071685,0.004713,-0.063273,0.027273,-0.040182,-0.042428,0.007431,-0.106134,0.027416,0.026663,-0.002076,-0.021685,-0.005999,-0.093768,0.080464,0.027958,-0.077938,0.063046,-0.123633,0.036023,0.077733,-0.004288,0.036699,-0.06521,-0.036513,-0.068929,-0.076046,-0.105664,0.010281,-0.058593,-0.070904,0.045552,-0.035956,-0.110209,0.091717,0.06207,0.060205,0.048535,0.0586,0.05911,-0.033215,0.119649,-0.173623,-0.060685,0.056796,-0.030297,-0.005397,-0.028521,0.04719,0.098616,-0.10185,-0.115289,0.114611,-0.06379
canon_Method_00450,0.070943,-0.024977,0.003209,-0.026493,-0.058197,-0.023706,0.071337,0.053614,0.053748,0.019013,0.007519,0.000499,0.022348,0.124115,0.111948,-0.062051,0.056491,0.012804,-0.061047,-0.003535,0.073436,0.021292,-0.124346,-0.024173,-0.118861,0.068754,-0.037878,0.011517,0.088,-0.007166,0.004723,0.015052,-0.029752,0.043541,-0.022715,-0.048234,-0.010268,0.007946,0.034123,0.092232,-0.102921,0.074841,-0.023015,0.010409,0.033067,-0.011517,-0.022067,0.049882,-0.000398,0.008794,-0.103783,0.019464,0.164877,0.086802,0.06493,0.046929,-0.039855,0.045388,-0.045618,-0.023556,0.049942,-0.080509,-0.078784,0.117395,0.207524,-0.094257,-0.071349,-0.009515,-0.056773,-0.154092,0.026981,-0.045664,-0.072697,-0.072459,0.068488,-0.03223,-0.091834,0.010995,-0.04692,-0.023328,0.017653,-0.124175,0.017601,0.024368,0.021297,-0.010204,0.017654,-0.046243,0.083969,0.017431,-0.038154,0.022732,-0.128758,0.029688,0.059552,-0.026147,0.030934,-0.069713,-0.02329,-0.05701,-0.082338,-0.100822,0.015055,-0.059976,-0.086212,0.047608,-0.047719,-0.081092,0.080797,0.065604,0.047064,0.058575,0.068662,0.06094,-0.040625,0.125545,-0.177871,-0.037227,0.058544,-0.042554,-0.022377,-0.068607,0.058881,0.134763,-0.094976,-0.12102,0.151033,-0.087257
canon_Method_00451,0.087994,-0.044118,-0.006919,-0.033919,-0.051446,-0.002943,0.07413,0.020052,0.027928,0.008724,-0.012233,-0.005166,0.015686,0.090938,0.091668,-0.059784,0.067169,0.048122,-0.092494,-0.027689,0.071434,0.017681,-0.111247,-0.044918,-0.08781,0.054513,-0.031148,-0.018568,0.082517,-0.011786,0.005512,0.015797,-0.005458,0.066639,-0.049253,-0.035721,-0.036245,-0.022972,0.034594,0.07607,-0.105493,0.058614,-0.032947,-0.01943,0.040168,-0.028106,-0.013093,0.017671,-0.003676,-0.018033,-0.098464,-0.011252,0.156216,0.094273,0.092233,0.047009,-0.02763,0.023326,-0.038697,-0.044526,0.087077,-0.058861,-0.103814,0.122076,0.159486,-0.066571,-0.044744,-0.000685,-0.07611,-0.148885,0.004459,-0.014579,-0.067295,-0.04262,0.076815,-0.004611,-0.079504,0.054577,-0.030082,-0.011705,-0.019821,-0.129368,0.050716,0.031256,0.016781,-0.009538,0.003941,-0.071809,0.103354,0.024768,-0.034871,0.018813,-0.150812,0.050201,0.060919,-0.022952,0.042806,-0.069749,-0.044703,-0.034257,-0.037669,-0.110288,0.010119,-0.07184,-0.091773,0.047398,-0.043527,-0.09123,0.097474,0.041343,0.038786,0.040794,0.059147,0.077822,-0.0211,0.13077,-0.169628,-0.022493,0.044057,-0.022449,-0.029909,-0.025011,0.072032,0.132418,-0.092206,-0.100821,0.128545,-0.069332
canon_Method_00452,0.093983,-0.029664,0.024322,-0.02492,-0.041993,-0.037647,0.070623,0.058907,0.003695,0.024052,0.040928,-0.011942,-0.007367,0.118694,0.117815,-0.057712,0.048401,0.026561,-0.073506,-0.00535,0.067543,0.015496,-0.111877,-0.016943,-0.121147,0.054808,-0.013598,0.020327,0.096116,-0.029577,0.03676,0.019815,-0.037543,0.058569,-0.014719,-0.044612,0.007045,-0.004064,0.031821,0.08681,-0.058344,0.085897,0.005188,0.033751,0.04179,-0.012694,-0.030076,0.02432,0.019115,-0.003596,-0.097592,0.016044,0.164386,0.101977,0.076992,0.045254,-0.015678,0.010797,-0.035858,-0.028,0.078733,-0.085842,-0.074619,0.121892,0.201702,-0.151256,-0.092524,-0.020461,-0.05132,-0.167144,0.050193,-0.039847,-0.072689,-0.061423,0.071459,-0.053141,-0.101425,-0.019227,-0.02974,0.01473,0.027,-0.13512,0.040619,0.027985,0.035733,0.014812,0.029877,-0.042987,0.105682,0.018592,-0.021762,0.006358,-0.108115,0.075175,0.045876,-0.013625,0.018817,-0.059077,-0.036672,-0.048204,-0.088841,-0.103943,0.026096,-0.045444,-0.081933,0.077648,-0.037719,-0.097471,0.099229,0.049436,0.045981,0.056118,0.085327,0.060929,-0.028095,0.126628,-0.150459,-0.00462,0.044186,-0.070227,-0.032599,-0.038743,0.033357,0.127845,-0.109445,-0.149138,0.142655,-0.092143
canon_Method_00453,0.053247,-0.013984,0.013704,-0.044579,-0.04972,-0.029353,0.057981,0.051337,0.048649,0.004522,0.016537,0.007992,0.02454,0.064986,0.083666,-0.053751,0.078417,0.018651,-0.044109,-0.050736,0.043127,0.014448,-0.116517,-0.042755,-0.103576,0.059918,-0.029188,-0.013236,0.097239,-0.028437,0.011448,-0.005227,-0.02412,0.048714,-0.049345,-0.012281,-0.012849,0.009724,-0.010521,0.052578,-0.090303,0.068891,-0.055926,0.01617,0.028396,-0.006506,-0.043339,0.003756,0.011565,-0.001847,-0.158594,0.025137,0.144128,0.113772,0.071398,0.029683,-0.056768,0.054948,-0.045722,-0.036388,0.082024,-0.080771,-0.086502,0.110444,0.197113,-0.078747,-0.06232,-0.050101,-0.052874,-0.151775,0.012821,-0.03521,-0.077201,-0.064754,0.059384,-0.021789,-0.062577,0.036886,-0.026822,-0.012013,-0.014914,-0.112967,0.040012,0.040715,0.033729,-0.021325,-0.005044,-0.049146,0.078434,0.011635,-0.061982,0.030901,-0.112291,0.070609,0.05398,-0.012839,0.027046,-0.046146,-0.032215,-0.031715,-0.053019,-0.102815,0.028204,-0.071227,-0.060127,0.056147,-0.046384,-0.08415,0.091978,0.055624,0.050749,0.037286,0.088754,0.053668,-0.015805,0.125933,-0.162409,-0.067501,0.036159,-0.038907,-0.002146,-0.05513,0.070117,0.096853,-0.117316,-0.115259,0.135323,-0.079749
canon_Method_00457,0.246446,-0.13559,0.390686,-0.203216,-0.418364,-0.200449,0.526516,0.345861,0.315801,-0.036454,0.413532,0.423253,0.323602,0.135016,-0.137143,-0.201368,0.218511,0.607365,-0.075252,-0.193257,0.588035,0.279068,0.087645,-0.53905,-0.233778,0.206851,-0.238685,0.116962,0.535365,0.173937,0.028016,0.408018,-0.12983,0.16996,-0.239978,-0.391169,0.270694,-0.074906,0.219475,-0.026758,-0.040401,0.571722,-0.457045,-0.313914,0.382155,0.12996,-0.107498,-0.033839,-0.352696,0.103297,-0.109508,-0.042339,0.228939,0.52059,0.557822,-0.2256,0.176472,-0.118897,-0.063657,-0.453712,0.199194,-0.404492,-0.472855,0.110055,0.694317,-0.53183,-0.405015,0.224445,-0.206737,-0.536789,-0.053257,0.032076,-0.141637,-0.230528,-0.026876,0.098377,0.181229,0.289518,-0.308279,-0.234209,-0.124995,-0.146552,-0.024854,0.198457,0.535065,0.089726,0.408517,-0.598782,0.339982,0.540132,-0.447534,-0.102279,-0.637874,-0.191222,0.249779,-0.288566,0.425577,-0.406458,0.12315,-0.026894,-0.438764,-0.154076,0.243231,-0.59808,-0.207675,-0.04259,-0.604425,-0.116277,0.42216,0.211649,0.263281,0.065539,-0.034757,0.478785,-0.189392,0.824584,-0.385442,0.082751,0.099732,-0.216717,-0.180035,-0.225481,0.350557,0.159932,-0.546347,-0.458796,-0.021979,-0.368889
canon_Method_00458,0.170086,-0.084156,0.294177,-0.148659,-0.31849,-0.15205,0.419373,0.284171,0.245601,0.038871,0.287611,0.352765,0.260267,0.154698,-0.136317,-0.16011,0.155932,0.451909,-0.102925,-0.162127,0.412785,0.212661,0.121939,-0.398558,-0.158804,0.125246,-0.114384,0.083842,0.441295,0.12283,0.051893,0.310569,-0.114464,0.13911,-0.273323,-0.277335,0.225809,-0.082811,0.156653,-0.062609,-0.005434,0.400285,-0.334513,-0.288381,0.297043,0.066609,-0.072358,-0.030755,-0.267181,0.046638,-0.10987,-0.056623,0.165569,0.405278,0.411464,-0.183242,0.146724,-0.13088,-0.028383,-0.326419,0.161355,-0.268703,-0.355641,0.076835,0.549727,-0.434967,-0.29924,0.145039,-0.130343,-0.44162,-0.03481,0.12529,-0.087798,-0.074092,-0.049064,0.050237,0.141369,0.22662,-0.229352,-0.166808,-0.115861,-0.091214,0.011308,0.088156,0.379112,0.131786,0.314466,-0.401486,0.288281,0.402204,-0.320114,-0.063226,-0.460313,-0.169763,0.173728,-0.235865,0.327914,-0.239989,0.107042,0.019511,-0.257578,-0.073265,0.17563,-0.482809,-0.147875,-0.026333,-0.484281,-0.047419,0.29406,0.218563,0.233423,0.079147,0.009883,0.400959,-0.128074,0.634273,-0.279601,0.019214,0.062173,-0.148887,-0.136366,-0.215525,0.237115,0.080558,-0.403857,-0.368015,-0.021064,-0.242868
canon_Method_00460,0.049801,-0.037518,0.046596,-0.048284,-0.043935,-0.055071,0.05806,0.05944,0.033703,-0.044733,-0.003366,0.006188,-0.000193,0.145265,0.137772,-0.07767,0.050401,0.018007,-0.04147,-0.051541,0.093469,0.044702,-0.121462,-0.045423,-0.093887,0.105077,-0.017001,0.032192,0.117885,-0.007212,-0.011712,0.011943,-0.030016,0.015147,-0.017486,-0.034121,-0.020175,0.023739,0.016166,0.056209,-0.075598,0.086626,-0.026475,0.041926,0.061287,0.002507,-0.037262,0.003535,-0.005845,-0.00265,-0.114791,0.047188,0.129157,0.109706,0.087154,0.023587,-0.0817,0.050527,-0.030654,-0.058149,0.092335,-0.070753,-0.037567,0.130443,0.193652,-0.076107,-0.119288,-0.0014,-0.04684,-0.160999,0.033356,-0.069315,-0.103433,-0.063093,0.063557,-0.009832,-0.097437,0.046626,-0.048693,-0.030221,-0.024496,-0.106248,0.04965,0.024922,0.040845,-0.040523,0.020107,-0.099716,0.09167,0.028385,-0.067606,0.051674,-0.145898,0.076186,0.077222,0.010531,0.005102,-0.063676,-0.033735,-0.060647,-0.071433,-0.090785,-0.00168,-0.062106,-0.08291,0.055767,-0.058744,-0.110807,0.076459,0.075188,0.055719,0.042512,0.066828,0.055602,-0.045984,0.132942,-0.15239,-0.055868,0.063658,-0.02052,-0.003095,-0.042352,0.040732,0.114997,-0.079813,-0.140826,0.114053,-0.043343
canon_Method_00461,0.665061,0.300624,0.097752,-0.083142,0.090381,-0.290524,0.33698,0.014431,0.198529,-0.237875,0.311487,-0.269819,-0.262441,0.330885,0.535182,-0.322032,0.289872,-0.024639,-0.22354,0.045813,0.620838,0.254425,-0.63117,-0.207558,-0.665365,0.082004,-0.786206,0.296325,0.368726,0.713168,0.374776,0.02938,-0.503403,-0.009482,-0.258253,0.069126,-0.180552,0.537977,0.138225,0.267182,-0.486927,0.686868,-0.485647,0.003229,0.108127,0.264772,-0.066289,0.385575,-0.226223,0.284016,-0.456702,-0.09412,0.465667,0.255889,0.164471,-0.047278,-0.064018,-0.055361,-0.770341,0.07613,-0.074017,-0.334393,-0.019776,0.215095,0.094154,-0.062893,0.140983,0.231577,-0.341471,-0.814394,-0.239246,-0.214356,-0.088546,-0.294591,0.440052,0.10248,-0.557582,-0.113034,-0.18545,-0.323526,0.532648,0.070488,0.068349,0.345581,0.315081,0.221283,-0.042351,-0.222118,0.309301,0.208954,-0.304419,0.06626,-0.360476,0.653496,0.244644,0.066356,0.329781,-0.545478,0.097066,-0.703673,-0.763028,-0.348957,0.276944,0.051867,-0.361959,-0.377208,-0.066031,-0.547849,0.148264,-0.294874,0.328492,0.164888,0.055012,0.435175,0.092848,0.082559,-0.852162,0.086284,0.350685,-0.205312,-0.175042,-0.403255,0.443242,0.51832,-0.111751,-0.179066,0.233106,-0.154797
canon_Method_00462,0.271607,-0.062417,0.109227,0.143438,0.047167,-0.139849,0.260574,0.082728,0.405734,-0.192853,0.076275,0.031302,0.006888,0.100829,0.803713,0.010605,0.011935,-0.025419,0.066858,0.293098,0.303465,0.34929,-0.361574,-0.287762,-0.039085,0.439126,-0.199166,0.447744,-0.033706,0.102102,0.082661,-0.121822,-0.069586,-0.222116,0.180632,-0.318705,-0.266497,-0.001094,0.277734,0.189664,-0.412123,0.226529,0.233045,-0.082204,0.352116,0.211893,-0.24258,0.191034,0.22742,-0.039614,-0.214228,0.343702,0.233221,0.072857,-0.006079,0.371844,0.048301,0.348581,0.077023,-0.20116,-0.068704,-0.290739,-0.395738,0.406609,0.523008,-0.039371,-0.387129,0.226226,-0.129589,0.161441,0.043205,-0.177917,-0.248753,-0.190427,0.20041,-0.449556,-0.053085,0.005374,0.030807,-0.232385,0.105158,-0.393173,-0.147348,-0.092805,0.02891,-0.129284,0.02948,-0.149733,0.108953,0.325103,0.050232,-0.236736,-0.463299,0.208932,-0.139029,0.164362,-0.046866,-0.07364,-0.226579,-0.233744,-0.504939,-0.389273,0.168453,-0.001249,-0.281352,0.133995,-0.289591,-0.402752,-0.17479,-0.207783,0.201332,0.011972,-0.023588,0.119344,0.039608,0.222325,-0.411888,0.101583,0.288749,-0.531435,-0.17663,-0.030399,0.179208,0.237962,-0.11809,-0.488482,0.586686,-0.245359
canon_Method_00463,0.730775,0.367677,0.108463,-0.088203,0.084146,-0.335457,0.387321,0.045946,0.217443,-0.249359,0.324402,-0.324697,-0.281175,0.371057,0.605411,-0.380747,0.325058,-0.025272,-0.296609,0.094278,0.671556,0.258803,-0.728223,-0.212934,-0.75718,0.077309,-0.859108,0.31152,0.430079,0.794673,0.410968,0.049995,-0.604381,0.009104,-0.298177,0.076853,-0.195236,0.605088,0.173193,0.308263,-0.555394,0.790678,-0.511473,0.034974,0.120602,0.316919,-0.094668,0.420053,-0.232913,0.26868,-0.502108,-0.100202,0.520429,0.273061,0.209828,-0.055926,-0.066844,-0.049358,-0.837274,0.059435,-0.057318,-0.392196,-0.062163,0.235543,0.124471,-0.100527,0.124743,0.217109,-0.375004,-0.911586,-0.263702,-0.226029,-0.117365,-0.318562,0.498561,0.092157,-0.587319,-0.103574,-0.218712,-0.313484,0.580469,0.06348,0.106631,0.400125,0.347033,0.258481,-0.0488,-0.236844,0.353699,0.247604,-0.359062,0.068319,-0.430175,0.715049,0.280906,0.060392,0.333844,-0.592837,0.106355,-0.788999,-0.856614,-0.398922,0.339782,0.073964,-0.422681,-0.393238,-0.092483,-0.633183,0.151459,-0.321813,0.341925,0.204151,0.083758,0.502686,0.106881,0.101113,-0.950045,0.101222,0.33874,-0.225648,-0.19185,-0.447023,0.487592,0.584353,-0.12986,-0.220445,0.272852,-0.205894
canon_Method_00465,0.067254,-0.047265,0.020668,-0.08426,-0.096414,-0.053011,0.105078,0.038647,0.097782,-0.09268,0.221437,0.139694,0.034948,0.026763,0.103506,-0.005539,0.012086,0.16168,0.05005,-0.086068,0.180221,0.063564,-0.098746,-0.115436,-0.078711,0.151448,-0.147046,0.117761,0.08854,0.026407,-0.034956,-0.003336,0.034202,0.010794,0.081374,-0.119714,0.034339,0.019012,0.107092,0.07056,-0.070769,0.2208,-0.168011,-0.020118,0.075808,0.048397,-0.05987,0.043178,-0.060599,0.027871,-0.020795,0.104987,0.084413,0.100316,0.132379,0.012215,-0.019469,0.053397,-0.045375,-0.104292,0.041859,-0.151402,-0.095692,0.106049,0.169598,-0.069356,-0.139435,0.143878,-0.059294,-0.117903,-0.010618,-0.169159,-0.040332,-0.203087,0.012779,0.047405,0.061507,0.042265,-0.072281,-0.044072,-0.015953,-0.082336,-0.076471,0.127789,0.083698,-0.073288,0.058077,-0.248496,0.066271,0.12418,-0.131148,-0.016679,-0.19599,-0.017367,0.086064,-0.05665,0.063595,-0.226209,0.031906,-0.06746,-0.317764,-0.178845,0.128415,-0.074122,-0.117945,0.022814,-0.10443,-0.123077,0.149361,-0.018468,0.009673,-0.014502,-0.073302,0.091926,-0.055911,0.182011,-0.192305,0.051527,0.08738,-0.129997,-0.124397,0.00594,0.082409,0.080396,-0.221263,-0.19142,-0.008892,-0.184489
canon_Method_00466,0.074257,-0.043892,0.037212,-0.056976,-0.063907,-0.03144,0.079597,0.034212,0.04288,-0.051541,0.032926,0.031031,-0.003133,0.129703,0.124018,-0.066463,0.077819,0.036731,-0.055588,-0.002173,0.123096,0.023862,-0.129982,-0.02695,-0.121267,0.108028,-0.057213,0.045755,0.112301,-0.002749,0.005503,0.022555,-0.041601,0.03606,0.026405,-0.064887,-0.007667,0.032415,0.047439,0.082334,-0.094418,0.122239,-0.063452,0.04582,0.072626,-0.004549,-0.020063,0.040625,-0.027454,0.018464,-0.089497,0.051807,0.1457,0.117407,0.054832,0.035878,-0.046609,0.074513,-0.059147,-0.057542,0.050972,-0.096081,-0.070186,0.101004,0.180464,-0.084337,-0.11871,0.023791,-0.07342,-0.15766,0.043888,-0.121484,-0.081485,-0.101038,0.063793,0.013945,-0.061377,0.015031,-0.034352,-0.042676,0.014867,-0.108851,0.025513,0.054733,0.027334,-0.022519,0.016326,-0.127935,0.08283,0.054002,-0.071721,0.036032,-0.160695,0.032524,0.083349,-0.006074,0.049855,-0.095556,-0.019558,-0.081244,-0.154716,-0.112943,0.016215,-0.051654,-0.076534,0.078198,-0.053812,-0.131137,0.096466,0.050593,0.046708,0.055743,0.034074,0.050167,-0.043744,0.121839,-0.171297,-0.035949,0.046101,-0.061544,-0.032846,-0.041065,0.067701,0.13609,-0.127164,-0.147743,0.075982,-0.093845
canon_Method_00467,0.063075,-0.014479,0.024605,-0.041298,-0.034413,-0.035825,0.057611,0.033968,0.044477,0.015822,0.00098,0.015124,0.017017,0.102206,0.101742,-0.064388,0.054868,0.036666,-0.088311,-0.015317,0.075682,0.043953,-0.102701,-0.016812,-0.095423,0.069864,-0.020866,0.019614,0.086179,0.00749,-0.008362,0.006982,-0.046815,0.030669,-0.042428,-0.058052,-0.012088,-0.000576,0.038347,0.074143,-0.084077,0.0766,-0.046598,0.023698,0.021122,-0.008735,-0.017887,0.038842,-0.014017,-0.021018,-0.094053,0.029933,0.134881,0.109585,0.055648,0.062607,-0.050687,0.041964,-0.039746,-0.005347,0.070813,-0.073139,-0.081881,0.117426,0.166439,-0.11012,-0.104781,0.000377,-0.068323,-0.158913,0.025696,-0.048379,-0.083465,-0.076555,0.063831,-0.009798,-0.065524,0.020473,-0.026702,-0.018123,0.011138,-0.108961,0.022645,0.050447,0.004444,0.015475,0.010365,-0.06346,0.085842,0.057663,-0.066869,0.024377,-0.121334,0.032567,0.059085,-0.009493,0.036224,-0.088781,-0.026203,-0.059868,-0.078087,-0.087003,0.037285,-0.050324,-0.070995,0.040011,-0.031306,-0.108915,0.095671,0.045061,0.063257,0.029478,0.077273,0.0551,-0.031677,0.098666,-0.17134,-0.044246,0.045669,-0.04822,-0.034288,-0.054601,0.067488,0.131448,-0.115612,-0.10879,0.084887,-0.081853
canon_Method_00469,0.070083,-0.013847,0.023693,-0.023933,-0.002331,-0.025885,0.079297,0.023943,0.004467,0.016597,-0.008753,0.002584,-0.043818,0.163689,0.154333,-0.045965,0.083558,0.072373,-0.076582,-0.057001,0.050696,0.062561,-0.095476,-0.001615,-0.109266,0.104665,-0.023797,0.118446,0.0927,0.056683,-0.016807,0.035994,-0.036757,0.02894,-0.096933,-0.131435,-0.01538,0.002797,0.006266,0.070896,-0.068078,0.096722,-0.047724,0.001918,0.03618,0.012114,0.001518,0.065776,-0.033931,0.019342,-0.113914,0.006472,0.209986,0.141352,0.012365,0.087308,-0.013059,0.100143,-0.04588,0.03655,0.027203,-0.043987,-0.038828,0.112653,0.225304,-0.108066,-0.148745,0.001502,-0.139986,-0.194182,0.041956,-0.117662,-0.08384,-0.103754,0.053069,-0.02859,-0.127097,-0.00826,-0.037832,-0.071337,0.039851,-0.124225,-0.010809,0.085462,-0.039218,-0.010022,0.103417,-0.080152,0.092517,0.020432,-0.086078,0.005407,-0.041741,0.049598,0.044477,-0.013551,-0.013824,-0.113203,-0.037679,-0.092869,-0.14731,-0.157421,-0.024426,-0.041564,-0.1161,0.081951,-0.070413,-0.075864,0.094942,0.082528,0.087202,-0.022178,0.076956,0.122472,-0.017731,0.08485,-0.125596,-0.029691,0.130102,-0.054033,-0.043273,-0.092399,0.046338,0.140568,-0.123118,-0.125299,0.11207,-0.079333
canon_Method_00470,0.073944,0.002185,0.034369,-0.030556,-0.046691,-0.014048,0.052149,0.071631,0.060347,-0.023018,0.012898,0.013506,0.017016,0.121724,0.115105,-0.060824,0.046284,0.009586,-0.067787,-0.017421,0.090148,0.052799,-0.090244,-0.014756,-0.123293,0.087141,-0.017334,-0.014046,0.102611,-0.018078,0.003758,0.011228,-0.031125,0.029002,-0.06093,-0.028873,-0.000207,0.011721,0.010889,0.059449,-0.087803,0.080186,-0.012613,0.007647,0.01911,-0.028058,0.002677,0.009266,-0.014952,-0.017584,-0.090227,0.031419,0.171523,0.097034,0.0622,0.02784,-0.049501,0.043191,-0.028506,-0.022391,0.063227,-0.057139,-0.092138,0.129879,0.199413,-0.101454,-0.074401,-0.026446,-0.052299,-0.164582,0.018096,-0.02728,-0.066906,-0.034854,0.055276,-0.022013,-0.083568,0.046913,-0.028379,-0.01757,0.008932,-0.125822,0.041662,0.015993,0.006722,-0.019297,0.008837,-0.061662,0.083675,-0.004519,-0.042636,0.039147,-0.107806,0.048219,0.075888,-0.026355,0.000937,-0.069986,-0.026457,-0.070422,-0.096697,-0.080126,0.007594,-0.036559,-0.098116,0.044607,-0.050584,-0.080433,0.083473,0.064254,0.062757,0.041331,0.059275,0.09776,-0.041638,0.098063,-0.173249,-0.066987,0.080025,-0.046242,-0.031602,-0.060553,0.031653,0.116722,-0.105619,-0.12682,0.121974,-0.055605
canon_Method_00471,0.092119,-0.019305,0.066578,-0.042777,-0.060911,-0.018725,0.069818,0.054456,0.024267,-0.02148,-0.030861,0.01138,-0.02338,0.120632,0.109337,-0.08515,0.061167,0.082275,-0.067219,-0.061328,0.084482,0.040613,-0.100579,-0.029725,-0.10629,0.076506,-0.014189,0.019165,0.107985,0.008395,0.009029,0.006015,-0.046946,0.043428,-0.090499,-0.093023,0.001103,0.006323,0.022722,0.018694,-0.051739,0.074124,-0.069005,0.022622,0.068914,0.005101,-0.001726,0.026684,-0.013804,0.016671,-0.120875,0.013911,0.176111,0.162192,0.060646,0.074397,-0.055769,0.083009,-0.023169,-0.005957,0.061991,-0.036816,-0.05792,0.138064,0.177089,-0.070343,-0.127141,-0.017828,-0.104698,-0.214893,0.029185,-0.103061,-0.084189,-0.065741,0.045379,0.022617,-0.108107,-0.011071,-0.022432,-0.034684,0.015716,-0.129634,0.037998,0.055564,-0.011592,-0.018953,0.069448,-0.069721,0.11995,0.008361,-0.128641,0.032293,-0.08651,0.037452,0.043643,0.02047,0.036586,-0.037381,-0.069533,-0.04257,-0.112293,-0.0854,0.02016,-0.029705,-0.11989,0.080873,-0.061855,-0.080053,0.072386,0.05468,0.062806,0.034122,0.069792,0.108222,-0.054325,0.104607,-0.161502,-0.035417,0.092727,-0.030875,-0.046714,-0.070778,0.054288,0.140133,-0.110042,-0.126072,0.135314,-0.087645
canon_Method_00472,0.087434,-0.022492,0.041547,-0.038418,-0.048056,-0.028185,0.076471,0.05848,0.020898,-0.007355,-0.011506,0.036311,-0.008561,0.120684,0.102609,-0.050162,0.044481,0.035099,-0.076794,0.006374,0.120104,0.033978,-0.107949,-0.069692,-0.09177,0.072583,-0.028201,-0.027797,0.077952,-0.030956,0.035463,0.016126,-0.034992,0.097828,-0.049998,-0.032293,-0.045857,-0.036777,0.018966,0.095509,-0.091697,0.070296,-0.008858,0.018185,0.054107,-0.013138,0.00159,0.048393,-0.014943,-0.029264,-0.129991,-9.5e-05,0.14627,0.096664,0.127825,0.011414,-0.027582,0.010938,-0.030306,-0.085535,0.080289,-0.101764,-0.121371,0.132722,0.201681,-0.090328,-0.040574,0.004996,-0.066153,-0.157763,0.025451,-0.045441,-0.051278,-0.063659,0.060681,-0.02004,-0.116644,0.013946,-0.041954,-0.000272,-0.005998,-0.109907,0.057122,0.05914,0.030077,-0.016063,0.004062,-0.065094,0.089583,0.039415,-0.062742,0.013398,-0.141352,0.043825,0.068834,-0.017112,0.031087,-0.042628,-0.029075,-0.066851,-0.067884,-0.106278,0.013168,-0.089935,-0.080054,0.058838,-0.062611,-0.0804,0.082326,0.033989,0.0343,0.046658,0.076001,0.049182,-0.030664,0.133935,-0.168143,-0.051736,0.020508,-0.035225,-0.018911,-0.03198,0.054698,0.133808,-0.131889,-0.089731,0.158562,-0.050697
canon_Method_00476,0.090292,-0.02249,0.032149,-0.020179,-0.035281,-0.046749,0.078715,0.068317,-0.012514,-0.013264,0.046517,0.029543,-0.003163,0.124477,0.104218,-0.075883,0.019205,0.058358,-0.090849,-0.028259,0.097502,0.028324,-0.1228,-0.029053,-0.116669,0.0683,0.02773,-0.006948,0.094631,-0.023057,0.056034,0.023704,-0.032734,0.066663,-0.07312,-0.037111,0.025581,0.032701,-0.00285,0.070757,-0.012953,0.076564,0.002521,0.070217,0.023059,-0.03446,-0.052037,0.011433,0.014607,-0.000409,-0.115355,0.012176,0.182059,0.135307,0.105835,0.050085,-0.037416,-0.003486,-0.028805,0.002324,0.103303,-0.05129,-0.065555,0.127316,0.187574,-0.123136,-0.084045,-0.035768,-0.056176,-0.180543,0.050891,-0.046529,-0.063861,-0.058261,0.053978,-0.008767,-0.093723,0.012077,-0.01903,0.009277,0.033017,-0.119157,0.044911,0.051242,0.012697,0.035843,0.017626,-0.075996,0.088703,-0.004789,-0.034523,0.041317,-0.095631,0.078967,0.048285,-0.001048,0.011602,-0.065616,-0.046912,-0.062641,-0.102633,-0.101928,0.026224,-0.048889,-0.10229,0.091365,-0.054037,-0.104938,0.074066,0.057677,0.062061,0.037874,0.079442,0.090707,-0.029061,0.11641,-0.153747,-0.035042,0.079783,-0.010048,-0.030379,-0.027254,0.003056,0.120069,-0.111271,-0.149641,0.148579,-0.045918
canon_Method_00477,0.042671,-0.046589,0.059115,-0.082656,-0.08231,-0.021164,0.064697,0.049155,0.009989,-0.019472,-0.005075,0.031008,-0.010014,0.127871,0.125246,-0.050861,0.053231,0.012091,-0.064901,0.020017,0.099721,0.020802,-0.115965,-0.046201,-0.104568,0.053054,-0.043403,-0.022883,0.062341,-0.0232,0.039419,-0.012994,-0.032904,0.035201,-0.020383,-0.026853,-0.008527,-0.019805,0.036016,0.063362,-0.079345,0.09757,-0.01196,0.046026,0.054421,0.011793,0.00661,0.050432,0.01713,0.002635,-0.10694,0.041969,0.145808,0.084343,0.064243,0.057289,-0.044458,0.038187,-0.008777,-0.016992,0.08905,-0.098666,-0.118268,0.099115,0.212869,-0.08417,-0.07066,-0.034357,-0.046103,-0.161945,0.029658,-0.076685,-0.043659,-0.098929,0.069677,0.004823,-0.070716,0.006202,-0.00964,0.023649,0.015749,-0.107835,0.064782,0.039176,-0.010012,-0.009317,0.001476,-0.078137,0.086033,0.007679,-0.070757,0.044816,-0.120081,0.027132,0.065486,0.006636,0.032478,-0.022028,-0.049477,-0.071145,-0.084254,-0.055705,0.052263,-0.071056,-0.100756,0.085829,-0.038419,-0.081776,0.095091,0.043524,0.016093,0.052886,0.054919,0.041811,-0.055803,0.126059,-0.203717,-0.057054,0.050219,-0.040589,-0.025978,-0.032001,0.059178,0.129422,-0.124022,-0.094996,0.130249,-0.055338
canon_Method_00478,0.05946,-0.023288,0.031235,-0.034853,-0.03917,0.021315,0.06036,0.058417,0.026744,-0.006199,0.000823,0.006663,-0.011196,0.131766,0.155867,-0.073087,0.038773,0.017558,-0.061672,-0.003757,0.052443,0.038961,-0.115166,-0.016417,-0.121067,0.073778,0.018954,-0.001509,0.065092,-0.057035,0.045994,-0.013454,-0.014704,0.040934,-0.054127,-0.02877,-0.009719,-0.018616,-0.007421,0.062631,-0.071161,0.047509,-0.015688,0.042149,0.065025,-0.022426,-0.017316,0.022879,0.01495,-0.010885,-0.129624,0.028666,0.165906,0.077644,0.083798,0.066795,-0.049241,0.056999,0.002765,-0.030514,0.061935,-0.057327,-0.099637,0.135118,0.21331,-0.077457,-0.092735,-0.047236,-0.053194,-0.148479,0.046942,-0.031378,-0.057556,-0.046545,0.054538,-0.021401,-0.106833,0.035767,-0.018992,0.045752,0.016033,-0.12539,0.053632,0.021235,0.040876,-0.029493,-0.003762,-0.059148,0.091171,-0.00053,-0.05135,0.033702,-0.102627,0.093444,0.039947,-0.000656,0.008394,-0.014251,-0.056497,-0.072689,-0.063459,-0.10296,0.001359,-0.057319,-0.1239,0.095221,-0.053117,-0.072998,0.08276,0.064862,0.036568,0.023764,0.068931,0.073228,-0.050945,0.119239,-0.157666,-0.047777,0.083105,-0.027323,-0.036702,-0.046512,0.027611,0.112947,-0.117491,-0.135233,0.149399,-0.062445
canon_Method_00479,0.085064,-0.016553,0.03473,-0.052201,-0.038503,-0.023793,0.079028,0.028823,0.015281,-0.018285,0.048641,0.025583,-0.008736,0.091598,0.121531,-0.033988,0.053935,0.030707,-0.045655,-0.03546,0.074712,0.036692,-0.123792,-0.062703,-0.123048,0.089081,-0.032168,0.001734,0.060401,-0.023132,0.010651,-0.027469,0.022408,0.062794,-0.056691,-0.015964,-0.042868,-0.047575,-0.001039,0.077824,-0.075261,0.090155,-0.055692,0.020644,0.021965,-0.013969,-0.01733,0.009929,-0.021652,-0.003651,-0.104924,0.018501,0.129729,0.110225,0.086825,0.025872,-0.049122,0.029203,-0.033517,-0.038947,0.084544,-0.087932,-0.084284,0.133628,0.154772,-0.070767,-0.073254,0.005853,-0.086866,-0.168215,0.00469,-0.098069,-0.08211,-0.077246,0.053508,0.011842,-0.091831,-0.016402,-0.02588,-0.027649,0.017641,-0.107854,0.038247,0.056867,0.022378,-0.019298,0.012399,-0.099559,0.09219,0.036826,-0.089374,0.046743,-0.100502,0.091325,0.046478,-0.002729,0.04769,-0.048601,-0.017573,-0.06576,-0.088154,-0.109071,0.048797,-0.067862,-0.122509,0.079183,-0.024876,-0.078103,0.099699,0.029742,0.038836,0.033145,0.067926,0.042016,-0.01552,0.141758,-0.165835,-0.033883,0.0611,-0.047514,-0.042502,-0.030967,0.042378,0.128954,-0.13292,-0.134903,0.147308,-0.08086
canon_Method_00480,0.06991,-0.007583,0.02679,-0.045003,-0.054927,-0.011687,0.0664,0.041016,0.046335,-0.005203,0.004453,-0.014746,0.014284,0.112879,0.130784,-0.07313,0.073163,0.028729,-0.090274,-0.032256,0.061099,0.057661,-0.129093,-0.02463,-0.111994,0.088598,-0.028425,0.023262,0.077935,0.017401,-0.024678,0.0074,-0.019118,0.005671,-0.046121,-0.065499,-0.01942,0.011917,0.022808,0.07196,-0.079712,0.092985,-0.021508,0.019439,0.02605,-0.007154,-0.011274,0.011721,-0.03048,-0.01116,-0.073216,0.008009,0.162676,0.084351,0.076074,0.048236,-0.044269,0.041045,-0.039961,-0.027513,0.072155,-0.037242,-0.090754,0.122903,0.162942,-0.09402,-0.099692,0.001961,-0.060959,-0.166639,0.02606,-0.034929,-0.093429,-0.043757,0.070584,-0.016256,-0.056917,0.040018,-0.036389,-0.009219,0.00356,-0.114664,0.038384,0.05184,0.007564,0.002471,0.035206,-0.077266,0.102694,0.025464,-0.076084,0.036757,-0.143147,0.083976,0.071625,-0.004518,-0.011525,-0.092043,-0.032084,-0.075826,-0.099569,-0.11235,0.006016,-0.024623,-0.09159,0.05257,-0.04044,-0.092941,0.069484,0.067195,0.068476,0.036331,0.053715,0.091999,-0.045264,0.08748,-0.165094,-0.044638,0.064539,-0.038834,-0.018497,-0.05867,0.037151,0.08398,-0.077302,-0.127131,0.091777,-0.069882
canon_Method_00481,0.06194,-0.011881,0.012012,-0.03445,-0.019982,-0.032088,0.063302,0.068726,0.042971,0.00205,0.003708,-0.027841,0.00886,0.135283,0.115531,-0.068083,0.084559,0.033273,-0.078757,-0.022738,0.090808,0.068197,-0.138804,-0.042937,-0.126635,0.106026,-0.017812,0.016983,0.098926,0.00015,-0.00274,0.035592,-0.031019,0.054052,-0.023201,-0.032244,0.009317,0.047543,0.032216,0.097215,-0.088459,0.0934,-0.014532,0.070644,0.024791,-0.030424,-0.038498,0.033676,0.007538,-0.016899,-0.110341,0.045284,0.156006,0.105829,0.059116,0.054716,-0.038947,0.037609,-0.052484,-0.025589,0.083154,-0.06856,-0.07904,0.122775,0.16931,-0.084523,-0.062357,-0.008137,-0.081236,-0.158766,0.046405,-0.067257,-0.084805,-0.071327,0.114263,-0.016083,-0.082597,0.035726,-0.009839,-0.018845,0.025982,-0.110915,0.011643,0.05556,0.006624,0.016283,0.020938,-0.05672,0.076514,0.037148,-0.047725,0.043083,-0.142391,0.053907,0.089845,0.017823,0.01758,-0.11758,-0.021185,-0.084527,-0.10316,-0.119337,0.037288,-0.033085,-0.081424,0.057152,-0.018248,-0.136917,0.083893,0.05143,0.037246,0.064729,0.047218,0.049538,-0.010972,0.122173,-0.202516,-0.01971,0.058751,-0.017327,-0.002721,-0.006311,0.069804,0.128958,-0.092519,-0.128167,0.128845,-0.050312
canon_Method_00482,0.02463,0.003528,0.044644,-0.061351,-0.035533,-0.015294,0.028739,0.063531,0.0619,-0.005626,0.026216,0.014078,0.022716,0.106525,0.112091,-0.079007,0.081159,0.0198,-0.105811,0.001282,0.06728,0.039873,-0.115797,-0.003256,-0.134378,0.120977,-0.038336,0.028709,0.087963,0.008656,-0.014136,-0.007724,-0.069928,-0.017104,-0.056191,-0.025531,0.031157,0.018977,0.046231,0.070294,-0.103605,0.104511,-0.006873,0.027726,0.006337,0.017138,-0.013836,0.005701,-0.019944,-0.035704,-0.098021,0.044786,0.148482,0.121453,0.072552,0.05121,-0.052487,0.0606,-0.020296,-0.040117,0.082262,-0.078045,-0.087332,0.111242,0.169112,-0.090532,-0.058806,0.017776,-0.071234,-0.156675,0.047988,-0.080328,-0.091547,-0.066462,0.094371,-0.009339,-0.055153,0.030147,-0.005859,-0.020543,0.017649,-0.100112,0.052129,0.057748,-0.02503,0.045907,0.025426,-0.078757,0.085614,0.011172,-0.049837,0.073351,-0.13573,0.069174,0.073951,-0.019444,0.003205,-0.113367,-0.033237,-0.064848,-0.11453,-0.076615,0.021953,-0.025962,-0.060669,0.06528,-0.039897,-0.135404,0.095185,0.048904,0.066951,0.047275,0.035247,0.051034,-0.010548,0.092048,-0.191389,-0.05516,0.057633,-0.055105,-0.009288,-0.049481,0.063766,0.094657,-0.104455,-0.147792,0.075957,-0.076122
canon_Method_00484,0.085624,-0.052028,0.039374,-0.039146,-0.052835,-0.001411,0.08205,0.059373,0.032208,-0.020407,-0.022386,0.01579,0.001638,0.136051,0.117211,-0.089227,0.049915,0.046173,-0.101146,-0.00401,0.078322,0.047575,-0.06823,-0.035586,-0.096449,0.088468,0.012067,0.019382,0.108625,-0.020075,0.021997,0.031137,-0.039481,0.034535,-0.05875,-0.075768,-0.019926,-0.00577,0.020871,0.076054,-0.080395,0.075233,-0.025553,0.011645,0.071377,-0.020502,-0.008378,0.017875,-0.014115,-0.001625,-0.131587,0.011417,0.174271,0.119777,0.079919,0.057432,-0.034791,0.023492,-0.013472,-0.055847,0.069002,-0.06764,-0.087801,0.127993,0.19445,-0.089127,-0.094827,-0.006628,-0.068529,-0.162499,0.046573,-0.042613,-0.087525,-0.056329,0.058386,0.006394,-0.09782,0.067592,-0.028224,-0.004402,0.0006,-0.104178,0.056842,0.026673,0.025115,-0.006971,0.050802,-0.070186,0.099517,0.051732,-0.056401,0.028417,-0.116664,0.036648,0.056841,0.011288,0.017366,-0.054078,-0.011224,-0.052255,-0.088746,-0.088956,0.001372,-0.074005,-0.097533,0.066226,-0.071174,-0.100767,0.063608,0.070627,0.071247,0.055192,0.070643,0.09899,-0.045466,0.098963,-0.1538,-0.045448,0.066573,-0.041715,-0.025452,-0.052761,0.032882,0.113672,-0.117419,-0.124403,0.101712,-0.043043
canon_Method_00485,0.335528,0.064543,-0.015095,-0.117298,0.009073,-0.304733,0.008125,0.04671,-0.261131,0.067746,0.563125,0.136617,-0.328551,0.118449,0.230887,0.167027,-0.262017,-0.133672,-0.138136,0.243906,0.502031,-0.053002,-0.834507,-0.537479,-0.517941,-0.030734,-0.229364,0.003824,-0.163874,-0.418125,0.271815,-0.378566,-0.117951,0.348555,0.042189,-0.101467,-0.518609,-0.432561,0.061265,0.852607,-0.271897,0.217131,-0.123425,0.347275,-0.287284,0.312497,0.075056,0.235585,0.067504,-0.339692,-0.510124,0.048896,0.473801,0.215858,0.921188,-0.008681,0.147177,0.006408,-0.445502,-0.552746,0.652889,-0.682152,-0.523728,0.631092,0.613233,-0.413827,0.257303,0.426537,-0.159647,-0.045762,-0.043675,-0.282969,-0.121096,-0.431591,0.13784,-0.234492,-0.479651,-0.372693,-0.040935,0.063538,0.126895,-0.665183,0.227812,0.782252,0.32663,0.206289,-0.235427,0.047098,0.198534,0.171203,-0.023144,-0.135699,-0.67459,0.614102,0.161977,-0.051369,-0.011715,-0.079146,-0.014846,-0.213794,0.164456,-0.656558,0.291049,-0.112181,-0.27155,0.18762,0.018816,-0.652435,0.581787,-0.403505,0.012047,0.182726,0.406648,-0.412406,0.470924,0.413131,-0.409904,0.20403,-0.126667,-0.458253,-0.096126,0.331641,0.445503,0.478717,-0.827995,-0.317367,0.848651,-0.375206
canon_Method_00486,0.082507,-0.050981,-0.022475,-0.063175,-0.066639,0.013331,0.136098,0.046212,0.046433,-0.039668,0.048823,0.046919,-0.005291,0.187654,0.103842,-0.033769,0.006306,0.056777,-0.131671,-0.032538,0.077235,0.032262,-0.135941,-0.024578,-0.140322,0.14104,-0.021555,0.060777,0.107007,-0.002509,0.028409,-0.01854,0.056471,0.005269,-0.02305,-0.047525,-0.034082,0.043755,0.010726,0.075014,-0.059989,0.142351,-0.042102,-0.004307,0.100212,-0.036508,-0.03998,0.075284,-0.047238,0.084106,-0.155264,-0.029887,0.184337,0.120327,0.066828,0.011787,-0.022438,0.050581,-0.048864,-0.053467,0.08266,-0.023259,-0.097379,0.099664,0.170063,-0.074006,-0.076665,-0.058927,-0.059683,-0.182229,-0.013012,-0.120017,-0.053497,-0.071506,0.082909,0.08063,-0.023574,0.102976,-0.024418,0.016432,0.043085,-0.096142,0.076532,0.005911,0.037849,-0.050556,-0.0104,-0.147321,0.124005,0.043392,-0.047724,0.059249,-0.153822,0.057599,0.051874,-0.016304,0.074806,-0.065441,0.012107,-0.049569,-0.197897,-0.118094,0.029497,-0.068282,-0.131734,0.103185,-0.027344,-0.081491,0.06957,0.028252,0.044905,0.036427,0.057197,0.047876,-0.014612,0.098008,-0.173562,-0.047427,0.044381,0.005229,-0.037749,-0.015862,-0.007547,0.124849,-0.126621,-0.188835,0.108545,-0.038773
canon_Method_00487,0.113947,-0.103295,-0.129562,-0.195825,-0.107275,-0.013137,0.184983,0.066812,0.119178,-0.196889,0.249227,0.026652,-0.105601,0.404158,0.116094,-0.014567,-0.060217,0.054974,-0.274931,-0.134771,0.173141,0.028984,-0.282437,-0.000575,-0.25231,0.374972,-0.17316,0.174511,0.17501,0.145312,0.04308,-0.110197,0.204622,-0.082058,0.144202,-0.058271,-0.025676,0.197291,-0.01979,0.109945,-0.044513,0.43795,0.131595,0.060269,0.205399,-0.135509,-0.055309,0.177557,-0.219845,0.378262,-0.229713,-0.22755,0.384602,0.208254,0.253963,-0.236322,0.072062,0.072516,-0.148401,-0.145744,0.227487,0.017117,-0.054241,0.035575,0.180329,-0.086302,0.08476,-0.165821,0.019376,-0.283994,-0.045414,-0.430284,-0.02942,-0.064676,0.112294,0.353043,0.106021,0.252605,-0.103797,0.108142,0.163167,-0.053304,0.365271,-0.042093,0.086854,-0.20151,-0.080267,-0.36212,0.211076,0.060929,-0.120417,0.207151,-0.374397,0.201322,0.066857,-0.105849,0.193811,-0.234365,0.067348,-0.040822,-0.525514,-0.052696,0.024994,-0.077956,-0.240174,0.179814,0.072921,-0.143171,-0.018153,-0.034327,0.100696,0.100001,0.110933,-0.033051,-0.004538,0.05546,-0.167954,-0.159481,0.101636,0.217922,0.002038,0.085281,-0.159865,0.242171,-0.027159,-0.361696,0.208547,0.211874
canon_Method_00488,0.126509,-0.101146,-0.175281,-0.152019,-0.171849,0.013145,0.221857,0.081867,0.116395,-0.119758,0.183448,0.071109,-0.038691,0.376157,0.097763,-0.011079,-0.078013,0.055231,-0.270967,-0.160861,0.10125,0.031478,-0.243868,0.033314,-0.230409,0.348609,-0.070574,0.145657,0.188913,0.075362,0.067129,-0.050566,0.194416,-0.093112,0.053769,0.006602,-0.027412,0.186166,-0.077599,0.129513,-0.048006,0.330361,0.058449,0.067748,0.187651,-0.177831,-0.128458,0.14392,-0.176975,0.373074,-0.21923,-0.179281,0.335521,0.196999,0.206706,-0.190101,0.013945,0.076616,-0.147262,-0.113109,0.160549,0.095533,-0.080522,0.037387,0.187027,-0.10745,0.0646,-0.195529,-0.022377,-0.2821,-0.039715,-0.333653,-0.031742,-0.06781,0.1332,0.379872,0.071418,0.305612,-0.019748,0.093808,0.155469,-0.073099,0.294376,-0.078852,0.090114,-0.187841,-0.034304,-0.352885,0.190378,0.062099,-0.048118,0.22122,-0.304997,0.162523,0.041902,-0.09236,0.217418,-0.207236,0.075995,-0.004052,-0.422551,-0.098641,-0.008647,-0.167174,-0.201011,0.215427,0.067298,-0.066335,0.047404,0.039021,0.084572,0.116538,0.095073,-0.046828,-0.017192,0.139808,-0.223719,-0.140328,0.09489,0.25671,0.052587,0.098475,-0.153934,0.176204,-0.077778,-0.40134,0.181729,0.19678
canon_Method_00489,0.204398,0.066241,-0.247863,-0.222707,-0.229602,0.247963,-0.421556,0.342352,0.170862,-0.043227,-0.164433,-0.156791,0.02106,-0.074507,0.267421,-0.157757,0.10114,0.243833,0.189854,-0.523058,0.093,0.219134,-0.212595,-0.222363,-0.448151,0.307256,-0.099241,-0.289911,0.192209,0.143106,-0.20947,0.233669,-0.011186,-0.265504,-0.154601,-0.094544,-0.026257,0.063466,0.232021,-0.08112,-0.109137,0.249982,0.005604,0.199268,0.254206,0.122312,-0.162513,0.017359,-0.080092,-0.044568,-0.218039,0.045081,0.431464,0.358868,0.276354,-0.229623,-0.347621,0.5645,0.076921,-0.17426,0.047955,-0.241443,-0.184975,0.253437,0.16658,0.22781,-0.391266,0.124087,-0.280551,-0.603204,-0.143628,-0.374176,0.05137,-0.088485,0.385107,0.022559,-0.032795,0.184546,-0.224496,-0.269045,-0.030055,-0.49172,0.114195,-0.055622,0.314895,-0.120052,0.250013,0.137671,0.311886,-0.33006,-0.307526,0.031105,-0.196562,0.063927,0.201911,0.237308,0.255857,0.125365,-0.026701,-0.317149,-0.330187,-0.103053,0.217592,0.288228,-0.198573,0.448862,-0.047073,-0.109563,-0.070284,0.046508,-0.087369,0.11817,0.073773,-0.000666,-0.182002,0.161648,-0.29321,-0.164809,0.084153,0.049654,-0.012021,-0.174891,0.156989,0.100964,-0.084693,-0.219464,0.182942,-0.26618
canon_Method_00490,0.183158,0.107311,-0.220317,-0.280357,-0.247537,0.315461,-0.549661,0.371654,0.091378,0.005512,-0.194746,-0.114095,0.08524,-0.137456,0.337905,-0.222223,0.12859,0.441419,0.241956,-0.582476,0.096793,0.391068,-0.291354,-0.241515,-0.490443,0.256167,-0.079739,-0.320728,0.24519,0.268291,-0.187513,0.397149,0.000702,-0.293273,-0.125775,-0.14251,0.035421,0.010017,0.284926,-0.109566,-0.136856,0.267625,-0.026,0.233752,0.389414,0.200118,-0.246007,0.118194,-0.114035,-0.070374,-0.272871,0.179181,0.493244,0.495098,0.408796,-0.271327,-0.393758,0.712335,0.154757,-0.24926,-0.014748,-0.35399,-0.190834,0.234847,0.125159,0.262913,-0.528854,0.31039,-0.359998,-0.727229,-0.139298,-0.4021,0.059683,-0.118084,0.523739,0.063789,-0.042208,0.249914,-0.319093,-0.321794,-0.069832,-0.606472,0.121445,-0.084635,0.424513,-0.166708,0.346907,0.15843,0.350644,-0.252152,-0.287284,0.077103,-0.303827,-0.045962,0.269213,0.450434,0.27528,0.128834,0.049548,-0.353384,-0.363986,-0.069613,0.297117,0.39513,-0.304935,0.606456,-0.032378,-0.113926,-0.28665,0.08442,-0.115629,0.152617,0.079352,0.052425,-0.257867,0.107731,-0.36743,-0.190219,0.101442,0.086168,-0.053337,-0.143811,0.337056,0.172588,-0.074311,-0.282921,0.153163,-0.258918
canon_Method_00492,0.048177,-0.031511,0.017889,-0.036906,-0.042499,-0.010847,0.041836,0.039323,0.039334,-0.001038,-0.002855,0.014324,0.003522,0.094298,0.13951,-0.073669,0.027546,0.028145,-0.094615,-0.012487,0.06404,0.045082,-0.109335,-0.026749,-0.108479,0.057101,-0.029225,-0.009049,0.077939,-0.015432,-0.011278,-0.007429,-0.020523,0.019075,-0.055283,-0.031791,-0.026874,-0.011622,0.014993,0.069074,-0.080532,0.061914,-0.033558,0.011176,0.033382,0.028452,-0.020537,0.022663,0.00506,-0.023103,-0.094361,0.027312,0.137397,0.088449,0.094201,0.041142,-0.030725,0.016214,-0.014066,-0.043732,0.074943,-0.060958,-0.083439,0.135875,0.186332,-0.080232,-0.048822,0.003871,-0.059117,-0.149604,0.021084,-0.027424,-0.084818,-0.068485,0.066441,-0.017503,-0.095246,0.059425,-0.026887,-0.01504,0.001119,-0.094779,0.038254,0.056146,0.027703,-0.019969,0.011762,-0.070921,0.101713,0.035996,-0.049197,0.045167,-0.128372,0.072693,0.067425,0.002266,-0.005868,-0.05476,-0.029259,-0.057996,-0.056791,-0.079588,0.014403,-0.074603,-0.096148,0.067915,-0.044827,-0.06812,0.089576,0.043982,0.064465,0.043121,0.079489,0.056726,-0.028744,0.099743,-0.1832,-0.052075,0.048353,-0.048117,-0.019463,-0.036114,0.038049,0.117453,-0.094471,-0.104803,0.133277,-0.052475
canon_Method_00493,0.107862,0.036631,-0.096456,-0.030173,-0.093839,-0.002627,0.049497,0.029138,-0.020897,-0.016434,0.051836,-0.037585,-0.063965,0.168736,0.145568,-0.113752,-0.032066,0.090751,-0.093962,-0.098018,0.183326,0.043679,-0.175256,-0.060488,-0.091201,0.038892,-0.068693,0.064645,0.137684,-0.007567,-0.004608,0.022132,-0.027028,0.108491,-0.042007,-0.144836,-0.00367,0.020543,0.117392,0.106166,-0.115089,0.102186,-0.082161,-0.016419,0.128652,-0.007278,-0.002692,0.059194,-0.012677,0.095132,-0.111774,0.066998,0.176086,0.179854,0.114557,0.092422,-0.041493,-0.06828,-0.107014,-0.010384,0.073408,0.010236,-0.144434,0.097233,0.121912,-0.072093,-0.150613,0.120197,-0.119805,-0.237626,-0.104324,-0.131061,-0.081678,-0.100974,0.13683,0.032365,-0.045226,0.04477,-0.098316,-0.016776,-0.05153,-0.126266,0.025248,0.002969,0.02095,-0.03081,0.109998,-0.074994,0.171827,0.034992,-0.098319,-0.062993,-0.218413,-0.095473,0.103463,-0.023557,0.176434,-0.098664,-0.047074,-0.0787,-0.202017,-0.179501,0.002795,0.00382,-0.16204,0.097937,-0.039905,-0.183133,-0.039765,-0.06367,0.070884,0.052251,-0.01984,0.089457,0.031533,0.072088,-0.205014,-0.041819,0.108197,-0.066475,-0.108372,0.025177,-0.007022,0.180133,-0.086608,-0.192054,0.078299,-0.180909
canon_Method_00495,0.107701,-0.048739,0.012,-0.026667,-0.069811,-0.01684,0.069021,0.039685,0.063447,0.002455,-0.017973,0.010237,0.005444,0.147817,0.117868,-0.061131,0.038255,0.032308,-0.07402,-0.031037,0.089835,0.050807,-0.13467,-0.015622,-0.127083,0.091321,-0.064958,-0.00391,0.095485,0.004937,-0.015988,0.009932,0.001436,0.041199,-0.026266,-0.041509,-0.02449,0.0143,0.015222,0.095486,-0.109349,0.0854,-0.015474,0.017084,0.023188,-0.021226,-0.010469,0.017116,-0.004132,-0.006118,-0.101472,-0.003335,0.16105,0.088577,0.094702,0.050784,-0.048019,0.041038,-0.05488,-0.032291,0.073912,-0.069556,-0.094362,0.143562,0.189525,-0.097655,-0.077249,-0.007288,-0.072438,-0.1905,0.028905,-0.037341,-0.092399,-0.055774,0.078615,-0.012294,-0.08733,0.039387,-0.044372,-0.022567,0.015647,-0.121918,0.05105,0.032303,0.025449,-0.017394,0.030719,-0.079597,0.10826,0.035957,-0.049081,0.036022,-0.148743,0.071275,0.093017,-0.009958,0.01166,-0.096271,-0.02463,-0.060132,-0.080839,-0.095149,0.011292,-0.042284,-0.114594,0.042938,-0.040698,-0.082756,0.089876,0.041693,0.075827,0.053985,0.049722,0.081688,-0.055852,0.105818,-0.18408,-0.036583,0.053678,-0.003808,-0.012951,-0.046779,0.031205,0.120916,-0.087332,-0.089457,0.110058,-0.057622
canon_Method_00497,0.525096,-1.131086,0.328886,-0.233961,-0.644338,0.61838,-0.032513,0.437371,-0.253248,0.168383,-1.125258,-0.386118,-0.194589,1.22071,0.668348,-0.264387,0.241056,0.332452,-0.701673,0.224055,0.056875,0.350784,-0.50999,-0.730625,-0.686186,0.221776,-0.241665,-0.138761,0.348101,0.277872,0.3441,-0.034925,-0.150442,0.011084,-0.450891,-0.23079,0.243448,-0.081367,0.280536,0.484021,-0.40642,-0.131146,0.800947,0.032862,0.560294,0.481203,-0.103958,0.48558,-0.149152,-0.152781,-0.188553,-0.545963,1.357173,-0.00291,0.715571,0.594446,0.090817,0.537531,0.107873,-0.328102,0.142597,-0.078427,-1.162326,0.837682,1.300451,-0.715667,-0.610664,0.13119,-0.879869,-0.968924,0.583195,-0.413821,-0.181905,-0.236604,0.519202,-0.057593,-1.166919,0.035886,0.083532,0.447048,-0.145488,-0.152286,0.386636,0.678647,0.248431,0.424248,0.480768,-0.145978,0.718467,-0.177721,0.073813,0.287165,-0.34353,1.083625,0.426243,0.57494,-0.201081,-0.389999,-0.477953,-0.63944,0.060105,0.011537,-0.383653,-0.371059,-0.644937,0.63227,-0.347398,0.337685,0.422528,0.460195,0.283167,0.089319,0.022919,1.092973,-0.230123,0.577628,-1.193519,0.207753,0.620341,0.038452,0.559615,0.079438,0.057536,0.489385,-0.153384,0.122113,0.781852,-0.06665
canon_Method_00502,0.0899,0.10504,0.0221,-0.112197,-0.021402,-0.014107,0.079101,0.063288,0.008999,-0.026244,-0.021413,0.138694,0.049234,0.175788,0.104552,-0.078865,0.115161,0.135472,-0.132739,-0.214073,0.083002,0.068851,-0.132795,-0.077668,-0.097057,0.068377,-0.046961,0.100893,0.159951,-0.01078,0.019885,0.010411,-0.081282,0.065822,-0.155403,-0.039305,-0.079119,0.074757,0.040622,0.074455,-0.090043,0.078879,-0.050397,0.052788,-0.076111,-0.074296,-0.071089,0.012745,0.004115,-0.050684,-0.129151,0.106623,0.195108,0.142842,0.06716,0.089466,-0.09515,0.138326,-0.095284,0.065188,0.097011,-0.06104,-0.092272,0.112849,0.189242,-0.122997,-0.192072,0.080381,-0.104307,-0.205852,0.02725,-0.08253,-0.037767,-0.128792,0.130077,0.079415,-0.056829,0.035812,-0.04749,0.014191,-0.043258,-0.028351,-0.007414,0.081658,0.018354,0.103094,0.007114,-0.124166,0.041862,0.106596,-0.16872,0.11594,-0.072566,0.059495,0.116254,-0.034797,0.011566,-0.159906,0.002131,-0.096579,-0.103605,-0.165027,0.028308,-0.014416,-0.193142,0.054502,-0.034967,-0.056118,0.111556,0.116167,0.13058,-0.080785,0.017364,0.159261,-0.083899,0.099519,-0.131003,-0.029171,0.1326,-0.086435,-0.029228,-0.019646,0.101174,0.094354,-0.118622,-0.158321,0.003483,-0.02079
canon_Method_00503,0.097311,-0.055485,0.044585,-0.022103,-0.053283,-0.00343,0.060342,0.054797,0.034145,-0.030038,0.013302,0.052988,-0.001264,0.160208,0.09868,-0.058806,0.029402,0.046828,-0.047809,0.000598,0.105092,0.029851,-0.100557,-0.038076,-0.114421,0.09429,-0.031979,0.001971,0.092821,0.002715,0.019975,0.057249,-0.005747,0.0495,-0.008383,-0.06431,-0.020362,0.002344,-0.000507,0.084196,-0.124396,0.121201,-0.015655,0.016741,0.056598,-0.01207,-0.020718,0.026689,-0.034071,-0.002302,-0.109144,0.034849,0.122826,0.082027,0.075317,0.023969,-0.037891,0.039052,-0.037557,-0.057412,0.077282,-0.092457,-0.09584,0.140444,0.176041,-0.075862,-0.061412,-0.006388,-0.074567,-0.135934,0.017534,-0.053995,-0.067255,-0.066783,0.077789,0.016492,-0.076047,0.049524,-0.035785,-0.038101,0.008222,-0.102104,0.03609,0.060329,0.015592,-0.008802,0.028053,-0.087557,0.091777,0.037468,-0.058952,0.018532,-0.114212,0.033155,0.086312,-0.019804,0.045534,-0.083658,0.001286,-0.0458,-0.116161,-0.089268,0.024239,-0.064486,-0.104563,0.057169,-0.038754,-0.079584,0.095468,0.05914,0.036251,0.037934,0.043664,0.051603,-0.030427,0.132171,-0.150739,-0.033663,0.049049,-0.036363,0.007327,-0.032039,0.058053,0.120834,-0.109254,-0.097476,0.070078,-0.059713
canon_Method_00504,0.049716,-0.034934,0.004688,-0.050945,-0.029167,0.004143,0.037157,0.046477,0.043155,-0.018658,-0.026389,0.01436,-0.019824,0.103181,0.12011,-0.0466,0.056045,0.026267,-0.094552,0.00199,0.036416,0.02179,-0.134183,-0.034485,-0.095518,0.077851,-0.017031,-0.02215,0.077797,-0.047211,0.006443,-0.026223,-0.05436,0.008495,-0.027704,-0.038838,-0.019048,-0.001774,0.034475,0.088387,-0.101405,0.054551,-0.025338,0.019007,0.057076,0.004116,-9.8e-05,0.021347,0.006239,-0.037673,-0.137391,0.037154,0.131561,0.094872,0.078954,0.058414,-0.053647,0.056247,-0.03579,-0.068771,0.068125,-0.08317,-0.096835,0.138809,0.202638,-0.055837,-0.050732,-0.001384,-0.058144,-0.134321,0.035083,-0.047943,-0.079071,-0.067239,0.07791,0.013973,-0.094538,0.042501,0.003119,-0.001018,0.017697,-0.106836,0.054188,0.03873,0.004501,0.008125,-0.018659,-0.050499,0.081677,0.041104,-0.06432,0.053842,-0.147062,0.03295,0.054733,0.012717,0.024842,-0.009673,-0.009804,-0.068031,-0.029233,-0.069037,0.00987,-0.04849,-0.090913,0.092631,-0.019046,-0.115013,0.085919,0.027862,0.056115,0.047922,0.075451,0.037793,-0.007415,0.087556,-0.213667,-0.085214,0.028415,-0.030607,-0.006869,-0.022964,0.086618,0.103431,-0.118855,-0.080192,0.133699,-0.068611
canon_Method_00507,0.173065,-0.378806,0.168687,-0.090786,-0.030029,-0.440338,0.07149,0.129265,-0.243043,0.122503,0.515586,0.080243,-0.148057,0.197517,0.408268,-0.109746,-0.001963,-0.050703,-0.42319,0.240096,0.554959,0.293733,-0.571029,-0.199046,-0.445442,0.066666,-0.359862,-0.073396,-0.047874,-0.423895,-0.064324,-0.496571,-0.0234,0.530139,-0.079924,-0.007802,0.053749,-0.647338,0.503694,0.985335,-0.10159,0.079078,0.247341,0.284104,-0.459185,0.347663,0.112726,0.151373,0.221137,-0.608126,-0.131161,-0.051856,0.545918,0.104348,0.648925,0.299722,0.060213,-0.210884,-0.244079,-0.189003,0.840875,-0.729666,-0.512973,0.648149,0.802639,-0.626893,0.308242,0.355287,-0.133987,-0.496124,0.321457,-0.362139,-0.463194,-0.506874,0.180405,-0.367906,-0.426997,-0.453873,0.188447,0.318991,0.14417,-0.643676,0.28559,0.896847,0.091155,0.467826,-0.088135,0.096995,0.414287,0.266355,0.123478,0.142733,-0.544809,0.56071,0.472417,-0.097274,-0.460779,-0.488739,-0.273173,-0.246932,0.170441,-0.437682,0.533792,-0.247846,-0.353847,0.131424,0.170037,-0.551142,0.755732,-0.132384,0.065747,0.172779,0.597343,-0.206481,0.187479,0.403335,-0.771057,0.306449,-0.140342,-0.626324,-0.367442,0.212464,0.2278,0.608169,-0.911002,-0.223376,0.627784,-0.246253
canon_Method_00508,0.062202,-0.020605,0.040989,-0.045219,-0.023212,0.005118,0.083702,0.042904,0.013796,-0.035006,0.007756,0.046558,-0.011697,0.152013,0.114148,-0.069087,0.057028,0.0418,-0.101185,0.011026,0.074364,0.036246,-0.130909,-0.007646,-0.143159,0.116761,-0.02639,0.002833,0.068844,-0.028435,0.041631,-0.008262,-0.019286,0.016945,-0.046589,-0.072755,-0.017195,0.024358,-0.011099,0.089792,-0.075347,0.083123,-0.02052,0.045321,0.047754,-0.033506,-0.016127,0.033267,-0.001579,-0.016185,-0.100398,0.043451,0.15709,0.096501,0.062571,0.065036,-0.030387,0.071179,-0.049872,-0.032147,0.062616,-0.056764,-0.124136,0.141623,0.184063,-0.10135,-0.112071,-0.006295,-0.08576,-0.144257,0.040794,-0.073043,-0.079825,-0.066924,0.065826,0.014086,-0.099336,0.025079,-0.010136,-0.002851,0.037269,-0.096946,0.033651,0.059029,-0.000291,0.035074,-0.017217,-0.088705,0.096827,0.045213,-0.076083,0.089654,-0.133791,0.065417,0.06946,0.014918,0.044158,-0.037547,-0.018486,-0.066463,-0.102128,-0.086496,0.030303,-0.082507,-0.108318,0.077512,-0.004185,-0.094773,0.076723,0.056117,0.071584,0.060864,0.033236,0.059761,-0.018038,0.091509,-0.192399,-0.079266,0.064755,-0.033073,-0.008557,-0.056567,0.046196,0.107001,-0.12391,-0.131038,0.090986,-0.081095
canon_Method_00509,0.061056,-0.022438,0.021511,-0.067305,0.019866,-0.017078,0.04353,0.072013,-0.035841,0.007529,0.051961,0.047413,-0.046631,0.151606,0.087145,-0.078729,0.057413,0.012192,-0.053928,0.03464,0.083152,0.030995,-0.137758,0.02962,-0.150236,0.121058,-0.018953,0.021093,0.052579,-0.040487,0.075763,-0.061311,0.019651,0.057454,-0.008675,-0.0467,-0.021183,-0.006495,-0.025153,0.110294,-0.092235,0.04402,-0.02578,0.0188,-0.016192,-0.049889,0.02191,0.022216,0.028378,-0.061438,-0.145978,0.092977,0.19476,0.163052,0.072769,0.045555,-0.046393,0.08737,-0.025573,-0.016908,0.06635,-0.104641,-0.09189,0.18203,0.189758,-0.050571,-0.031442,0.022279,-0.114969,-0.131781,0.035848,-0.170982,-0.047753,-0.061424,0.052622,-0.017347,-0.099035,-0.073236,-0.048501,-0.046973,0.040013,-0.142178,0.020487,0.077663,-0.010091,-0.014644,-0.005529,-0.099605,0.056841,0.016508,-0.069895,0.093417,-0.084239,0.097026,0.048149,-0.006166,0.043829,-0.017647,0.003449,-0.071624,-0.115679,-0.091675,0.047621,-0.048018,-0.108905,0.072623,0.008126,-0.098881,0.055267,-0.02574,0.041365,0.092898,0.049694,-0.002083,0.026527,0.130491,-0.184443,-0.056865,0.074142,-0.056034,-0.059496,-0.076585,0.115006,0.101978,-0.145081,-0.165311,0.163181,-0.106409
canon_Method_00512,0.075803,-0.041091,0.030999,-0.046372,-0.018606,-0.025312,0.059554,0.041886,0.007006,-0.026727,-0.03819,0.020128,-0.016967,0.152972,0.132458,-0.081303,0.066497,0.01432,-0.062544,-0.016112,0.089162,0.028778,-0.097401,-0.00651,-0.094625,0.092062,-0.027075,0.031942,0.097587,-0.001836,-0.001114,0.043298,-0.01761,0.057725,-0.00454,-0.067368,-0.022788,0.026151,0.014121,0.12346,-0.08294,0.076506,-0.017954,0.062814,0.018403,-0.033449,-0.020385,0.047587,-0.012593,-0.014755,-0.098615,0.034934,0.113596,0.09733,0.023103,0.0447,-0.058184,0.02868,-0.055033,-0.026202,0.065498,-0.087557,-0.049848,0.11917,0.161554,-0.082963,-0.08849,0.00548,-0.064291,-0.147323,0.052083,-0.084803,-0.094542,-0.06942,0.088914,0.029133,-0.111205,-0.002697,-0.031298,-0.046493,0.033685,-0.106636,0.017785,0.053085,-0.02424,0.009009,-0.002833,-0.061107,0.081569,0.039491,-0.050087,0.047714,-0.107968,0.01852,0.068438,0.000337,0.030784,-0.077482,-0.023219,-0.074353,-0.079325,-0.08298,0.017991,-0.049847,-0.090875,0.05684,-0.031504,-0.101599,0.10494,0.062396,0.046198,0.045522,0.062697,0.053974,-0.043784,0.083782,-0.162416,-0.042083,0.060072,-0.054934,-0.013084,-0.026343,0.040293,0.142461,-0.102311,-0.091078,0.052802,-0.060384
canon_Method_00513,0.305246,0.205375,0.021609,-0.387677,0.031587,-0.250784,0.789611,0.199894,0.34471,-0.291582,0.283197,-0.029135,0.104929,0.516681,0.714831,-0.387288,0.482857,-0.207703,-0.48074,0.005708,0.17142,0.084489,-0.204755,0.044979,-0.571066,0.48785,0.193333,-0.057834,0.58604,-0.246743,0.2693,-0.096902,-0.248028,0.595421,-0.670375,-0.362818,-0.108092,0.231471,0.056474,0.404115,-0.361326,0.502733,-0.121975,0.060255,0.403601,0.140788,0.345093,0.260507,0.014317,0.077199,-1.044219,0.18808,0.839936,0.707913,-0.000275,0.428978,0.055844,0.28457,-0.3807,-0.580848,0.455634,-0.598925,-0.23964,0.43962,1.553552,-0.617329,-0.423807,-0.589478,-0.18579,-1.014565,0.408437,-0.430798,-0.458317,-0.194229,0.057041,-0.111822,-0.552433,0.078915,-0.292088,0.039331,0.230222,-0.548481,0.098169,0.071691,-0.023338,0.262373,-0.220254,-0.333121,0.356896,0.108532,-0.242375,-0.117427,-0.655802,0.166406,0.23946,-0.388138,0.347841,-0.119447,-0.065402,-0.360432,-0.787813,-0.527416,-0.134782,-0.464536,-0.246536,0.039447,-0.422597,-0.683842,0.499618,0.079547,0.426365,0.268231,0.490002,0.120454,-0.096075,0.328307,-0.947635,-0.550029,0.166459,-0.490815,-0.444886,-0.553117,0.230518,1.039033,-0.725067,-0.697777,0.420732,-0.225125
canon_Method_00514,0.110284,-0.068075,-0.07662,0.173503,0.158577,-0.045496,0.166986,0.008445,0.113765,-0.072583,0.171732,0.013043,0.026297,0.039692,0.46125,-0.07453,0.078464,-0.009788,0.081342,0.146654,0.070615,0.129797,-0.225574,0.011102,-0.052553,0.292971,-0.022221,0.197514,0.014079,-0.032149,0.063884,-0.068795,0.061718,-0.036611,0.161244,-0.238613,-0.175402,-0.125489,0.068935,0.196894,-0.16953,0.008489,0.049109,-0.070663,0.15193,0.031227,-0.139474,0.071132,0.318732,-0.117964,-0.060846,0.102343,0.206387,0.037389,-0.077699,0.301978,0.087022,0.173288,0.046142,-0.098227,-0.005758,-0.195812,-0.097652,0.372665,0.37948,-0.096021,-0.140563,0.115584,-0.054222,0.038689,0.041124,-0.14471,-0.180042,-0.09224,0.06191,-0.288607,0.003677,-0.105301,0.031759,-0.152652,0.074337,-0.259726,-0.144447,0.003776,0.068002,0.021256,-0.013067,0.007914,0.019211,0.147315,0.231,-0.126753,-0.129991,0.157434,-0.095121,0.055833,-0.079684,-0.047117,-0.032483,-0.187176,-0.14483,-0.302226,0.071203,-0.01999,-0.120901,0.061322,-0.148941,-0.199817,0.023654,-0.106554,0.150394,0.027174,0.008542,0.008538,0.062663,0.102431,-0.180897,0.030997,0.178724,-0.284006,-0.091213,-0.060901,0.116213,0.205241,-0.111029,-0.256008,0.327709,-0.132887
canon_Method_00515,0.242908,-0.280229,-0.036294,-0.259042,0.001799,0.058708,-0.017694,-0.061761,-0.350384,-0.205232,-0.071731,-0.002098,-0.365733,0.320451,0.462889,-0.47706,-0.029736,0.048195,-0.14402,-0.423845,-0.127279,-0.081022,-0.173128,0.274193,0.079535,0.363391,0.404058,0.121942,0.3759,-0.318469,0.055855,-0.009278,-0.038684,0.079761,-0.031823,-0.179179,-0.207286,0.150999,-0.015794,0.162765,0.041248,0.058199,-0.195034,0.291732,0.288324,-0.284872,-0.171376,0.003332,0.150206,-0.002192,-0.32015,-0.027117,0.42838,0.266452,0.097605,0.213106,-0.196032,-0.200715,0.045255,0.056428,0.350568,0.102687,0.131078,0.565666,0.188542,-0.012163,-0.217334,-0.031508,-0.027024,-0.529315,0.219134,-0.185908,-0.079604,-0.26841,0.033216,0.197343,-0.359719,0.188424,-0.006592,-0.006783,-0.078792,-0.219081,0.206783,-0.07354,-0.193672,-0.207412,0.086432,-0.105679,0.244396,0.004177,-0.021171,0.046596,-0.096035,0.166969,-0.027894,0.048147,-0.133272,0.009223,-0.166359,-0.102734,0.086164,-0.17316,-0.309965,0.08907,-0.039647,0.312423,-0.189701,-0.457682,0.147878,0.227906,0.186358,0.083474,0.329311,0.086416,-0.107758,0.109544,-0.288663,-0.097571,0.338092,0.030895,0.052172,0.010945,-0.223086,0.429434,-0.257202,-0.453856,0.174256,-0.15243
canon_Method_00516,0.084349,-0.024486,0.014647,-0.086828,-0.06844,-0.032144,0.114212,0.010944,-0.005522,0.024896,-0.064868,-0.023933,0.008748,0.114006,0.162898,-0.091617,0.133436,0.016868,-0.075759,-0.053426,0.03418,0.071795,-0.191764,-0.034446,-0.076001,0.058573,0.016877,0.031851,0.103305,-0.006329,-0.035405,0.034519,-0.018603,0.084973,-0.047672,-0.055796,-0.093789,-0.01209,-0.009862,0.051444,-0.067371,0.110652,-0.128092,0.092882,0.024889,-0.059351,-0.066176,0.020024,0.007317,-0.058053,-0.088838,0.024933,0.118061,0.143056,0.083237,0.017186,-0.132506,0.059847,-0.053841,0.03386,0.047918,-0.071779,-0.010694,0.13813,0.132082,-0.107447,-0.168954,-0.058639,-0.103591,-0.243475,-0.007244,-0.152098,-0.080171,-0.104552,0.081269,-0.011748,-0.051544,-0.053861,-0.065581,-0.049506,0.047323,-0.09168,-0.013461,0.06852,-0.023028,-0.003719,-0.022003,-0.070223,0.158052,0.046979,-0.097597,0.078682,-0.098949,0.042296,0.022232,0.020706,0.073497,-0.08018,-0.051495,-0.04233,-0.038522,-0.128885,0.075363,-0.090889,-0.051315,0.049405,-0.103529,-0.094346,0.106644,0.059894,0.030424,0.044037,0.103207,0.027827,-0.124409,0.123029,-0.123116,-0.116084,-0.00214,-0.018307,0.005856,-0.053445,0.039066,0.20826,-0.147588,-0.149337,0.16023,-0.113687
canon_Method_00519,0.077187,-0.033677,0.021106,-0.07919,-0.037922,0.013249,0.060379,0.052737,0.02163,0.013106,0.006586,0.030761,0.009541,0.111168,0.081408,-0.059148,0.056159,0.036877,-0.105946,-0.009147,0.079059,0.036811,-0.104575,-0.03492,-0.126728,0.096244,0.010335,0.013917,0.079079,-0.01621,0.003268,0.002059,-0.046841,0.051651,-0.043328,-0.095502,-0.020222,-0.016162,0.035666,0.086916,-0.050633,0.101686,-0.073973,0.029695,0.052749,-0.040172,-0.016572,0.027027,-0.011613,-0.032797,-0.091462,0.034548,0.159842,0.132097,0.071552,0.078959,-0.027785,0.037186,-0.01593,-0.009429,0.073616,-0.068446,-0.087768,0.146982,0.182383,-0.109509,-0.121644,0.016995,-0.10439,-0.189565,0.062752,-0.099941,-0.05918,-0.07242,0.045699,-0.012815,-0.068613,-0.012077,-0.014474,-0.007418,0.01816,-0.139811,0.024425,0.071717,-0.005633,0.017039,0.024048,-0.050847,0.118799,0.042031,-0.072398,0.031305,-0.095048,0.039134,0.056375,0.002361,0.014373,-0.04958,-0.029315,-0.05346,-0.092799,-0.087159,0.016807,-0.046159,-0.080764,0.068882,-0.041988,-0.101871,0.078691,0.061143,0.048812,0.031721,0.070428,0.052354,-0.016043,0.10627,-0.165201,-0.037569,0.048699,-0.069546,-0.029549,-0.072573,0.07538,0.116707,-0.137032,-0.141951,0.12669,-0.099325
canon_Method_00521,0.047438,-0.010517,0.03208,-0.063909,-0.092875,-0.037777,0.091664,0.033361,0.034324,0.01258,-0.00215,0.020018,0.002278,0.133044,0.098887,-0.067437,0.073389,0.01215,-0.050693,0.02106,0.058936,0.000963,-0.170387,-0.018959,-0.131165,0.045249,-0.033577,-0.040671,0.021604,0.019004,0.007148,0.022055,0.003361,0.03093,-0.006547,-0.044438,-0.045894,0.014763,0.015456,0.067491,-0.090761,0.107655,-0.057112,0.060332,0.044992,0.006919,0.011537,0.07234,0.016786,0.017784,-0.10785,0.053611,0.157406,0.065164,0.039575,0.073156,-0.064699,0.086535,-0.023876,0.00297,0.044426,-0.096331,-0.131155,0.107479,0.216141,-0.095966,-0.087653,-0.056234,-0.060795,-0.171706,0.035378,-0.068806,-0.065214,-0.07664,0.059542,-0.006631,-0.070767,-0.013402,-0.021721,-0.007364,0.038482,-0.120304,0.041831,0.040315,-0.007939,-0.019381,-0.001434,-0.073833,0.096932,0.015434,-0.095727,0.056461,-0.142386,0.045381,0.058032,0.023851,0.028665,-0.050902,-0.011696,-0.074408,-0.10945,-0.099043,0.047669,-0.063224,-0.105267,0.093737,-0.019828,-0.062161,0.091603,0.0424,0.044094,0.084888,0.061315,0.035038,-0.07532,0.11313,-0.206207,-0.097544,0.012676,0.001786,-0.001011,-0.063196,0.084553,0.128766,-0.090972,-0.09807,0.150487,-0.068196
canon_Method_00522,0.03549,0.016742,-0.01256,-0.069925,-0.096986,-0.043901,0.107075,0.024409,0.031843,0.056363,0.004136,-0.005639,0.019247,0.124961,0.092071,-0.067943,0.074859,0.003735,-0.072654,-0.001525,0.047056,0.001686,-0.173222,-0.011242,-0.117833,0.028628,-0.011856,-0.030418,0.02969,0.027368,-0.01364,0.029769,-0.000253,0.064018,-0.014029,-0.02944,-0.064673,0.023169,0.031585,0.05465,-0.113873,0.115338,-0.076077,0.055202,0.043492,-0.004104,-0.011334,0.087876,0.018068,0.026493,-0.10799,0.068903,0.145089,0.089746,0.053254,0.061362,-0.077052,0.059421,-0.009442,0.005035,0.033873,-0.075577,-0.120973,0.081352,0.221883,-0.091585,-0.076149,-0.049052,-0.052564,-0.177948,0.02239,-0.050982,-0.052286,-0.0707,0.053145,-0.024702,-0.067465,-0.004057,-0.047148,-0.015428,0.024272,-0.131444,0.020324,0.013032,-0.003581,-0.047821,0.025286,-0.078959,0.094574,0.006462,-0.088572,0.033816,-0.151419,0.022389,0.057695,0.000526,0.046636,-0.057508,-0.023397,-0.07345,-0.11133,-0.106432,0.039841,-0.061661,-0.084459,0.09226,-0.045686,-0.090829,0.073867,0.05249,0.038437,0.089207,0.06467,0.031809,-0.08189,0.138427,-0.221276,-0.091794,0.009645,-0.000258,-0.027955,-0.06331,0.092607,0.125084,-0.082815,-0.111934,0.155059,-0.076339
canon_Method_00524,0.192503,-0.222995,-0.101362,0.183788,0.282832,-0.064025,0.258814,0.133252,0.158134,0.446472,0.003961,0.288864,0.111203,0.520043,0.099907,0.160022,-0.039154,0.569792,0.101927,-0.336303,0.563892,0.288352,-0.371975,-0.073543,-0.175982,0.562553,-0.289574,0.283724,0.496201,-0.004283,-0.021947,-0.07689,0.31233,-0.206583,0.555255,-0.056842,0.145736,-0.283389,-0.033317,0.245404,-0.902267,0.035883,-0.694765,-0.22436,-0.052586,-0.54131,0.10865,-0.161986,-0.406517,0.097112,-0.458705,0.255794,0.850883,0.503068,0.269688,0.166175,-0.261381,0.384167,-0.289406,0.097024,0.122985,-0.174574,0.118462,0.528666,0.522507,0.283921,-0.060886,0.272274,0.034593,-0.571648,0.174688,-0.146383,0.115793,0.018645,0.386101,0.107611,-0.836374,-0.326384,-0.077738,-0.068867,0.053701,-0.649546,0.207119,-0.19971,-0.195142,-0.692146,-0.046128,-0.556797,0.40261,-0.10343,0.169592,0.106052,-0.296975,-0.223873,-0.127074,-0.219874,0.396075,-0.362114,-0.275991,-0.061172,-0.346768,-0.507164,0.07288,-0.235598,-0.485687,0.22035,-0.172754,-0.720672,0.269167,0.033381,0.504763,-0.044931,0.187726,0.1207,0.245875,0.445484,-0.604359,-0.019446,0.400215,-0.101363,-0.132927,-0.123599,0.258775,0.667455,-0.504471,-0.413865,0.162076,0.00231
canon_Method_00527,0.040198,-0.006491,-0.01583,-0.130667,-0.054442,-0.011592,0.084128,0.088204,-0.01613,0.054638,0.054666,0.017716,-0.004991,0.114361,0.034858,-0.075555,0.018498,0.080869,-0.143408,-0.015396,0.087771,0.033766,-0.081829,-0.052824,-0.103711,0.082544,0.037877,0.092911,0.077252,-0.017827,-0.027402,-0.035192,-0.029278,0.047158,-0.088157,-0.132275,-0.062727,0.002165,0.099588,0.103253,-0.05559,0.122492,-0.14387,-0.000204,0.056517,-0.015091,0.010102,0.030196,0.001865,-0.054882,-0.100667,0.060444,0.185242,0.186634,0.129714,0.072099,-0.016532,0.051623,-0.015063,-0.015916,0.084464,-0.102285,-0.072518,0.165545,0.188592,-0.058906,-0.122671,0.041838,-0.145885,-0.199025,0.043309,-0.132808,-0.040775,-0.117882,0.052718,-0.037871,-0.047822,-0.041235,-0.041318,-0.035614,0.025735,-0.128436,0.02036,0.065239,0.028455,0.055637,0.039705,-0.036431,0.090495,0.073168,-0.078776,0.064433,-0.117022,0.032221,0.026614,0.025563,-0.011458,-0.055399,-0.016342,-0.066158,-0.115456,-0.104454,0.032066,-0.050596,-0.100667,0.08265,-0.030791,-0.134923,0.040077,0.025271,0.020739,0.033425,0.039374,0.02096,0.029469,0.079698,-0.143819,0.017418,0.015878,-0.106262,-0.088895,-0.077638,0.084938,0.122738,-0.144348,-0.171611,0.157498,-0.155013
canon_Method_00530,0.062804,-0.098146,0.026295,-0.055447,-0.054617,-0.026919,0.128707,0.003699,-0.006596,-0.038674,-0.007633,0.069532,-0.025505,0.114396,0.096758,-0.033615,0.05387,0.065795,-0.036361,-0.086714,0.095777,-0.016365,-0.181796,-0.068655,-0.104507,0.053001,-0.002694,-0.018808,0.013403,-0.022781,-0.012963,-0.002286,0.051304,0.035978,-0.018527,-0.071945,-0.091245,0.018964,-0.012077,0.055397,-0.086574,0.140147,-0.141226,0.082568,-0.003245,-0.056133,0.002726,0.038409,-0.03205,-0.036329,-0.115385,0.047065,0.16493,0.090037,0.089921,-0.008186,-0.094555,-0.002523,-0.080022,0.022405,0.116422,-0.044211,-0.108918,0.119552,0.134747,-0.032776,-0.057858,0.035704,-0.093277,-0.177954,0.007637,-0.145956,-0.027247,-0.142896,0.055836,0.03462,-0.123929,0.022936,-0.018655,-0.102015,0.03129,-0.093573,0.038224,0.056349,-0.005252,0.051197,-0.023045,-0.150687,0.08355,-0.001529,-0.183119,0.135702,-0.145403,0.021545,0.033722,-0.040523,0.0912,-0.039652,-0.032626,-0.056997,-0.093756,-0.101915,0.053314,-0.102906,-0.115462,0.106014,-0.002315,-0.101011,0.088678,0.012394,0.065932,0.071887,0.040286,-0.019809,-0.057299,0.072444,-0.28659,-0.09535,0.022728,-0.028147,-0.050917,-0.04578,0.053373,0.152953,-0.140656,-0.106924,0.143166,-0.061896
canon_Method_00531,0.153883,-0.348239,-0.003829,-0.180851,-0.058283,0.005401,0.280285,-0.061707,-0.075933,-0.014881,-0.040328,0.190941,-0.074343,0.157062,0.014369,0.020313,0.135452,0.231931,0.020277,-0.391616,0.172449,-0.182583,-0.473203,-0.178821,-0.172319,0.082308,-0.030607,-0.190969,-0.039302,-0.042609,-0.046233,0.106513,0.184996,0.093511,0.135791,-0.238311,-0.237682,0.038955,-0.103588,0.131352,-0.214409,0.281569,-0.48376,0.30719,-0.179292,-0.322994,-0.001296,-0.031771,-0.100584,-0.159287,-0.015724,0.057248,0.351958,0.175113,0.211815,-0.161405,-0.176675,-0.104801,-0.300774,0.176528,0.268214,0.027139,-0.118723,0.181627,0.071954,0.028179,0.021642,0.283104,-0.208284,-0.341302,0.08777,-0.411997,0.111315,-0.331097,0.061081,0.155768,-0.379474,-0.009166,0.01612,-0.496293,0.124656,-0.143652,0.081557,0.152517,-0.016517,0.352343,0.05475,-0.436674,0.000468,-0.087867,-0.4563,0.498798,-0.26089,-0.041674,-0.021073,-0.216773,0.396129,-0.133954,-0.023208,-0.109984,-0.091794,-0.195732,0.036161,-0.266186,-0.244529,0.233161,0.093874,-0.207917,0.201063,-0.055392,0.244899,0.196291,-0.073372,-0.178758,-0.190165,0.051438,-0.727544,-0.20489,-0.041526,0.157427,-0.038739,-0.076553,0.200659,0.313641,-0.132821,-0.123864,0.27631,-0.093945
canon_Method_00532,0.134173,-0.306285,0.034189,-0.184751,-0.059371,-0.010144,0.257897,-0.039612,-0.101879,-0.014079,-0.052816,0.194517,-0.103262,0.222978,0.031005,0.007866,0.078116,0.202702,0.036502,-0.352066,0.170729,-0.155006,-0.428283,-0.18363,-0.140946,0.059944,-0.031331,-0.123102,-0.049262,-0.031132,-0.000729,0.090462,0.164481,0.07976,0.130137,-0.250869,-0.249234,0.041554,-0.120341,0.121592,-0.212286,0.303508,-0.428999,0.285274,-0.148453,-0.25346,-0.003565,-0.004057,-0.112112,-0.133107,-0.075273,0.113754,0.304404,0.157924,0.230219,-0.157052,-0.211259,-0.084875,-0.263161,0.165295,0.241719,0.006394,-0.122774,0.186304,0.11648,0.047767,-0.028706,0.270244,-0.210667,-0.302307,0.0498,-0.412916,0.110558,-0.350529,0.070866,0.144814,-0.401753,-0.013775,-0.049733,-0.441942,0.105611,-0.122253,0.103312,0.1371,-0.005633,0.281066,0.034985,-0.424955,-0.013421,-0.094936,-0.452478,0.446867,-0.243608,-0.015769,-0.017661,-0.171563,0.353684,-0.107768,-0.020679,-0.110815,-0.146513,-0.143761,0.040257,-0.239063,-0.282958,0.218304,0.082419,-0.157094,0.136363,-0.068921,0.228113,0.176569,-0.07931,-0.162427,-0.175714,0.056767,-0.669234,-0.177608,-0.022636,0.132951,-0.060654,-0.072383,0.199908,0.284897,-0.134261,-0.127376,0.290108,-0.076767
canon_Method_00533,0.186529,-0.05915,-0.016041,-0.17919,-0.095154,0.031845,0.063846,0.040449,-0.099387,-0.062328,-0.019877,0.091733,-0.089456,0.169549,0.143561,-0.10905,0.000677,0.118984,-0.017586,-0.183574,0.046662,0.03556,-0.102259,-0.02375,0.001223,0.120152,0.040551,0.082818,0.181725,-0.031278,0.0311,0.009793,-0.027033,0.081193,-0.013046,-0.097344,-0.038171,0.069275,0.07715,0.077225,-0.035633,0.153121,-0.142738,0.110436,0.124526,-0.121331,-0.078358,0.021239,-0.017434,-0.007616,-0.137373,-0.001978,0.180658,0.177738,0.15692,0.027405,-0.105196,-0.022425,0.044407,-0.012906,0.13956,0.018404,-0.063136,0.238474,0.105744,0.018486,-0.170531,0.071442,-0.110908,-0.3163,0.039326,-0.152705,0.046228,-0.092062,0.085688,0.09139,-0.061363,0.044737,-0.048394,0.024253,-0.026009,-0.116089,0.040354,0.09087,-0.034998,-0.054157,0.045761,-0.119363,0.199974,-0.020408,-0.102794,0.004332,-0.092271,0.022942,0.02495,0.070996,-0.009239,-0.037832,-0.038844,-0.0761,-0.156664,-0.056712,-0.030336,0.028158,-0.10648,0.124527,-0.096698,-0.139187,0.050108,0.116476,0.003242,0.032024,0.027435,0.085493,-0.125699,0.136585,-0.138889,0.031682,0.131104,-0.043347,-0.071315,0.04382,-0.042949,0.138212,-0.193112,-0.216842,0.054092,-0.083066
canon_Method_00534,0.328337,-0.104947,-0.017754,-0.257073,-0.167352,0.06674,0.053335,0.035727,-0.205292,-0.091749,-0.049554,0.100834,-0.186182,0.253507,0.195064,-0.19478,-0.063914,0.188435,-0.022885,-0.293969,0.001846,0.027882,-0.072099,0.014863,0.041495,0.176471,0.119082,0.178515,0.300874,-0.039076,0.052631,0.048964,-0.030679,0.109596,-0.002261,-0.207195,-0.06918,0.160582,0.111495,0.122141,-0.008908,0.189245,-0.196494,0.173228,0.220934,-0.210713,-0.156666,0.018741,0.0255,0.029068,-0.218915,-0.043955,0.25126,0.243408,0.211689,0.068257,-0.174844,-0.060867,0.054233,0.001602,0.195014,0.078813,-0.043176,0.383015,0.082468,0.052184,-0.251069,0.083052,-0.141625,-0.442087,0.064264,-0.197099,0.099994,-0.145387,0.099804,0.150813,-0.104418,0.11103,-0.064492,0.075313,-0.04841,-0.123123,0.086753,0.100077,-0.05806,-0.111861,0.10246,-0.136378,0.277508,-0.010282,-0.106692,-0.018604,-0.082122,0.042479,0.010088,0.111942,-0.047724,-0.011706,-0.054087,-0.080809,-0.191376,-0.0337,-0.101851,0.10741,-0.135123,0.194459,-0.104615,-0.222143,0.012601,0.164085,0.002562,0.030672,0.04065,0.106566,-0.187391,0.15272,-0.10471,0.085034,0.218503,0.002341,-0.070651,0.103675,-0.102632,0.171996,-0.222922,-0.302515,0.041234,-0.140985
canon_Method_00536,0.043009,0.027838,0.061895,-0.03975,-0.023352,-0.053239,0.101809,0.086737,0.051028,-0.009056,0.089506,0.087061,-0.020804,0.179883,0.110464,-0.103159,0.016055,0.045479,-0.085847,0.013079,0.092744,0.055542,-0.133553,-0.004481,-0.15004,0.101402,0.009772,0.054953,0.031335,-0.034528,-0.030965,-0.012335,-0.032642,-0.005176,-0.047233,-0.055873,-0.03494,-0.01842,-0.047717,0.125622,-0.122607,0.148755,-0.067023,0.029892,0.007385,0.030476,0.021251,0.058412,-0.022686,0.013807,-0.148398,0.137354,0.14285,0.126794,0.065027,0.070343,-0.043089,0.081482,-0.062474,0.030595,0.040773,-0.050637,-0.094395,0.129276,0.232631,-0.081629,-0.040278,-0.057261,-0.076791,-0.094343,0.004069,-0.034938,-0.098873,-0.091001,0.117824,0.015846,-0.086378,0.10529,-0.064156,0.012649,0.060478,-0.092535,0.027763,0.045987,-0.009435,-0.044829,0.002438,-0.099771,0.061482,0.058637,-0.053415,0.072192,-0.133027,0.066958,0.060788,-0.022427,0.004803,-0.118504,0.021271,-0.060001,-0.160082,-0.128412,0.040521,-0.053718,-0.143841,0.102522,0.034793,-0.142696,0.02086,0.024936,0.074986,0.017314,0.067096,0.015529,-0.01468,0.103037,-0.21111,-0.119019,0.053512,-0.001383,-0.026619,-0.070348,0.095257,0.09164,-0.163876,-0.129618,0.092584,-0.081108
canon_Method_00537,0.08066,-0.019712,0.031325,-0.029906,-0.04998,-0.030761,0.077603,0.043559,0.032218,-0.0169,0.018028,0.009663,-0.024279,0.113866,0.115604,-0.041876,0.056648,0.021012,-0.088366,-0.016389,0.095789,0.055037,-0.146314,-0.065553,-0.113659,0.056869,-0.048468,0.000717,0.061922,-0.008695,0.009063,-0.021418,-0.023784,0.042331,-0.050486,-0.065011,-0.058906,-0.006799,0.020336,0.105489,-0.074637,0.07717,-0.042566,0.017841,0.031025,0.016681,-0.006852,0.043234,-0.013836,-0.019529,-0.112177,0.029488,0.147604,0.091334,0.075769,0.063533,-0.023825,0.04451,-0.063376,-0.025738,0.071195,-0.078571,-0.1182,0.133737,0.194838,-0.101913,-0.076548,-0.00355,-0.092376,-0.140719,0.006989,-0.069525,-0.077655,-0.085798,0.063854,-0.020818,-0.092956,0.01684,-0.041351,0.005996,0.024592,-0.100571,0.025683,0.059625,0.014421,-0.0026,-0.021103,-0.065207,0.088992,0.045568,-0.081373,0.022261,-0.123569,0.0662,0.076447,0.011156,0.038996,-0.039646,-0.041809,-0.075362,-0.080219,-0.12198,0.034952,-0.060453,-0.102154,0.04226,-0.025195,-0.116533,0.077076,0.018365,0.048639,0.028279,0.081669,0.054637,-0.011396,0.111357,-0.200414,-0.045127,0.052121,-0.061165,-0.045794,-0.049533,0.070968,0.128484,-0.117246,-0.090282,0.139535,-0.086092
canon_Method_00538,0.091848,0.00278,0.044116,-0.036056,-0.028645,-0.021278,0.077225,0.06617,0.024901,-0.043715,0.030258,0.053505,-0.036673,0.142547,0.096464,-0.079822,0.033761,0.027166,-0.073464,-0.015514,0.09692,0.048332,-0.106048,-0.010738,-0.134999,0.116245,0.00697,0.039377,0.05197,-0.047828,0.018813,-0.039396,2.9e-05,0.032884,-0.068499,-0.085839,-0.048924,-0.003692,-0.015964,0.139725,-0.075421,0.097935,-0.054097,0.031313,0.00022,0.009694,0.036469,0.04347,-0.032233,-0.021103,-0.140788,0.039631,0.174305,0.145856,0.064732,0.055415,-0.011448,0.053726,-0.095743,0.011277,0.07504,-0.072725,-0.092349,0.14756,0.184608,-0.09361,-0.05267,-0.027539,-0.103658,-0.108859,0.021498,-0.070781,-0.087572,-0.079572,0.075168,0.009225,-0.115645,0.054027,-0.06313,-0.007932,0.044342,-0.087048,0.01916,0.057906,-0.008751,-0.010637,-0.004133,-0.08718,0.094723,0.033972,-0.052019,0.05363,-0.0891,0.10808,0.059959,-0.037245,0.030095,-0.080996,-0.001008,-0.066439,-0.147179,-0.12109,0.017258,-0.046881,-0.122606,0.049823,0.019576,-0.120619,0.068742,0.000959,0.043688,0.003663,0.073056,0.027926,0.007541,0.092311,-0.148048,-0.061672,0.064468,-0.036708,-0.047494,-0.064645,0.068345,0.125686,-0.145571,-0.133968,0.1132,-0.093006
canon_Method_00539,0.107322,-0.009467,0.032496,-0.021317,-0.044502,-0.019497,0.066967,0.074311,0.042768,-0.042936,0.040164,0.058391,-0.032348,0.148033,0.103501,-0.074996,0.023344,0.003347,-0.085641,-0.016097,0.106176,0.043496,-0.103569,-0.024287,-0.152846,0.109397,-0.010921,0.037539,0.067955,-0.034666,0.001353,-0.031347,-0.02534,0.021969,-0.049658,-0.071762,-0.051955,0.004963,-0.006465,0.152789,-0.077388,0.109179,-0.019049,0.034262,0.006603,0.009737,-0.005239,0.037415,-0.038831,-0.030988,-0.123578,0.031642,0.163021,0.135988,0.107654,0.04108,-0.001698,0.054907,-0.090795,-0.011705,0.062961,-0.060753,-0.106006,0.152514,0.173471,-0.113559,-0.040363,-0.015149,-0.100231,-0.11263,0.01972,-0.059781,-0.098794,-0.06883,0.073199,0.009193,-0.097481,0.074633,-0.065068,-0.000235,0.045497,-0.095749,0.04449,0.085793,0.021845,0.006869,0.02113,-0.070716,0.101806,0.051479,-0.048977,0.056615,-0.11495,0.11303,0.076838,-0.061272,0.029746,-0.076892,0.012066,-0.074123,-0.129851,-0.123429,0.012503,-0.045394,-0.119181,0.047819,0.024358,-0.107494,0.05662,0.008949,0.041735,0.024923,0.071001,0.003452,0.007956,0.117437,-0.147749,-0.059373,0.047803,-0.030306,-0.031799,-0.054222,0.054697,0.10256,-0.144579,-0.122997,0.108996,-0.108877
canon_Method_00540,0.08062,-0.045579,0.012947,-0.029036,-0.07188,-0.011241,0.055651,0.035422,0.00112,0.002643,-0.015178,-0.019454,-0.017383,0.141009,0.131917,-0.089976,0.028967,0.027376,-0.084478,-0.020145,0.07554,0.045617,-0.119362,0.005948,-0.115558,0.065751,-0.009777,0.01579,0.061452,-0.019298,-0.01653,-0.017619,0.002618,0.0344,-0.047531,-0.057637,-0.009063,-0.024656,0.044924,0.085998,-0.071963,0.056277,-0.023503,0.028384,0.026584,-0.005477,0.004993,0.058631,0.017309,-0.011223,-0.10949,-0.003999,0.177558,0.089033,0.074922,0.087814,-0.062445,0.036648,-0.033784,0.011866,0.08532,-0.046403,-0.104558,0.144112,0.159264,-0.076067,-0.071809,-0.012338,-0.059829,-0.185972,0.051108,-0.078631,-0.077517,-0.085454,0.05729,-0.016576,-0.080359,0.020169,-0.014086,0.017683,0.019367,-0.122322,0.057717,0.040374,-0.005615,-0.027914,0.030883,-0.057762,0.111714,0.012481,-0.036849,0.029394,-0.095562,0.061451,0.055617,0.013629,-0.021172,-0.065262,-0.051131,-0.05708,-0.083661,-0.090446,0.038263,-0.024949,-0.122218,0.06897,-0.027594,-0.09178,0.065925,0.053909,0.043955,0.044935,0.075422,0.050963,-0.043283,0.096682,-0.178392,-0.00706,0.046214,-0.042164,-0.044406,-0.039174,0.023124,0.142212,-0.111228,-0.106579,0.123096,-0.072656
canon_Method_00541,0.075799,-0.034242,0.015048,-0.051955,-0.024735,-0.036194,0.043967,0.051573,0.052944,0.013823,0.01539,0.005599,0.009951,0.088059,0.084856,-0.037152,0.07826,0.029327,-0.071314,-0.013104,0.089046,0.048859,-0.131529,-0.044923,-0.107825,0.08736,-0.072586,-0.008532,0.05566,0.01726,-0.022728,-0.010376,-0.013973,0.059905,-0.018505,-0.032987,-0.00642,0.005002,0.035665,0.095737,-0.077273,0.091761,-0.029773,0.025804,0.001223,-0.021796,-0.006315,0.024728,-0.021506,-0.044736,-0.085,0.016323,0.138391,0.087892,0.062444,0.054073,-0.062248,0.075915,-0.045395,-0.019095,0.05662,-0.100721,-0.092332,0.114235,0.159706,-0.077864,-0.066721,0.00403,-0.09463,-0.153222,0.022474,-0.106593,-0.076828,-0.077649,0.069067,-0.027881,-0.048522,-0.015642,-0.01029,-0.018469,0.026173,-0.127437,0.020882,0.088899,0.002166,0.007407,0.009299,-0.057451,0.090213,0.04101,-0.068188,0.049989,-0.127786,0.061339,0.090527,0.012191,-0.012755,-0.086546,-0.027283,-0.070598,-0.074801,-0.107147,0.062174,-0.047056,-0.070783,0.052057,-0.016903,-0.110828,0.109021,0.030208,0.052715,0.048816,0.072776,0.04419,-0.029188,0.08704,-0.158067,-0.021894,0.035224,-0.040875,-0.02622,-0.043594,0.05373,0.094887,-0.112791,-0.071523,0.114885,-0.073947
canon_Method_00542,0.06224,-0.021,0.029194,-0.061443,-0.063434,-0.019138,0.074386,0.036943,0.030508,-0.00117,-0.010507,0.038817,-0.008927,0.12189,0.134475,-0.076218,0.035216,0.018453,-0.085153,-0.022893,0.083301,0.053686,-0.106546,-0.031586,-0.099458,0.080808,-0.011589,0.006315,0.083228,-0.015354,0.006582,-0.003322,-0.007728,0.054811,-0.06661,-0.04277,-0.035583,-0.006131,0.026269,0.08615,-0.086465,0.102752,-0.034655,0.029739,0.029998,0.011166,-0.006608,0.042347,-0.008043,-0.029354,-0.11212,0.036067,0.121316,0.097908,0.079212,0.049976,-0.061835,0.029952,-0.015379,-0.02275,0.072866,-0.079443,-0.114534,0.132036,0.178092,-0.075334,-0.064296,-0.01493,-0.081058,-0.173231,0.029702,-0.055971,-0.076673,-0.076056,0.088796,0.025317,-0.085837,0.008205,-0.042545,-0.014078,0.001942,-0.087998,0.050172,0.034109,-0.009062,-0.04185,-0.006777,-0.081803,0.090094,0.016853,-0.08582,0.049205,-0.11489,0.032816,0.057871,-0.010282,0.033167,-0.042489,-0.029072,-0.047795,-0.089841,-0.085639,0.051526,-0.060042,-0.106552,0.073299,-0.027264,-0.080037,0.086558,0.052786,0.017923,0.044235,0.069839,0.066742,-0.046281,0.11744,-0.190386,-0.040006,0.042957,-0.039142,-0.024379,-0.02929,0.060165,0.124236,-0.128462,-0.110216,0.127959,-0.069718
canon_Method_00543,0.052947,-0.025541,0.028851,-0.043834,-0.062143,-0.027995,0.073055,0.055974,0.006809,-0.005285,0.01837,0.012169,0.000374,0.13664,0.126258,-0.067333,0.050351,-0.0082,-0.058571,-0.005472,0.093568,0.018324,-0.13386,-0.013464,-0.116527,0.049579,-0.021495,-0.011443,0.056278,-0.033311,0.014934,-0.026657,-0.03709,0.052813,-0.024862,-0.038727,-0.022882,-0.021616,0.048498,0.058249,-0.03349,0.068704,-0.034524,0.023877,0.013667,-0.001676,0.000844,0.037067,0.013038,-0.020561,-0.117788,0.045837,0.132546,0.113184,0.064618,0.041553,-0.058967,0.045547,-0.034463,0.010088,0.061265,-0.091619,-0.06995,0.108675,0.194613,-0.098367,-0.09943,-0.033874,-0.079055,-0.185314,0.041251,-0.076549,-0.089677,-0.064957,0.052546,-0.025385,-0.080334,-0.029556,-0.026418,-0.003217,0.032232,-0.102705,0.039792,0.03083,0.014946,0.001034,-0.017205,-0.050198,0.106429,-0.004779,-0.085267,0.035296,-0.108182,0.032185,0.058121,0.013342,0.034037,-0.021977,-0.044573,-0.067802,-0.078504,-0.079425,0.054833,-0.046761,-0.097495,0.067673,-0.036729,-0.093316,0.080818,0.042093,0.034333,0.080291,0.094595,0.04541,-0.047652,0.10743,-0.175067,-0.067551,0.052015,-0.056995,-0.064144,-0.068177,0.045818,0.117502,-0.119235,-0.121423,0.147269,-0.080931
canon_Method_00544,0.083901,-0.04558,0.017269,-0.025758,-0.061087,-0.01532,0.071006,0.033807,0.005499,-0.016712,-0.011083,0.005685,-0.002216,0.129309,0.123092,-0.08638,0.046426,0.03483,-0.054886,-0.025222,0.080189,0.012462,-0.140199,-0.010772,-0.123268,0.043032,-0.02482,-0.010439,0.078295,-0.013904,0.015239,0.034991,-0.000531,0.050705,-0.032767,-0.04116,-0.02986,-0.006494,0.021461,0.049641,-0.07358,0.084295,-0.025628,0.033195,0.058661,-0.013325,-0.030291,0.031127,0.001554,0.017188,-0.107024,0.016163,0.154521,0.101728,0.064788,0.041323,-0.05818,0.04828,-0.0452,-0.003131,0.056188,-0.057532,-0.076898,0.113623,0.167531,-0.081089,-0.089736,-0.028115,-0.076699,-0.1817,0.026512,-0.049329,-0.074237,-0.064725,0.074798,0.007892,-0.081263,0.001886,-0.04289,-0.016242,0.012825,-0.112477,0.048082,0.028863,0.021837,-0.00836,0.015501,-0.076637,0.103368,-0.000658,-0.07271,0.037665,-0.11997,0.040682,0.045589,0.001278,0.068433,-0.045778,-0.039122,-0.054473,-0.074244,-0.095088,0.021107,-0.063073,-0.096811,0.07716,-0.03289,-0.07596,0.087462,0.061474,0.039062,0.074783,0.069231,0.081214,-0.050415,0.109113,-0.175504,-0.039799,0.049692,-0.014082,-0.025889,-0.046126,0.041478,0.129405,-0.08974,-0.105121,0.136668,-0.086891
canon_Method_00545,0.108892,-0.04478,0.024462,-0.056156,-0.085021,-0.044274,0.073444,0.029916,-0.01475,-0.015597,-0.004454,0.011726,-0.04259,0.157097,0.097149,-0.083672,0.086794,0.054281,-0.041486,-0.087884,0.10436,0.039698,-0.174977,-0.083513,-0.122194,0.072952,-0.032903,-0.024626,0.097258,0.016542,0.036255,0.060514,0.029638,0.066731,-0.04227,-0.053517,-0.041052,0.008549,0.017074,0.022492,-0.049133,0.088419,-0.040208,0.045719,0.055077,-0.044765,-0.013903,0.040783,-0.023951,0.014988,-0.09999,0.009464,0.184519,0.152048,0.104869,0.037721,-0.012347,0.049186,-0.032575,-0.013704,0.090246,-0.102238,-0.076528,0.103201,0.164667,-0.072002,-0.062912,0.006157,-0.068598,-0.191287,0.016345,-0.097501,-0.062368,-0.07588,0.076666,-0.007897,-0.11859,-0.004599,-0.077632,-0.071488,0.023912,-0.098011,0.046074,0.029829,0.038889,0.013415,0.053091,-0.138863,0.125741,0.039453,-0.113395,0.062839,-0.159173,0.048897,0.036838,0.002509,0.065313,-0.02789,-0.056115,-0.0544,-0.114567,-0.061223,-0.016445,-0.096611,-0.094582,0.115972,-0.068931,-0.099072,0.052654,0.040243,0.059156,0.056621,0.035183,0.055092,-0.038298,0.150282,-0.166342,-0.03827,0.026484,0.007194,-0.029668,-0.014015,0.049422,0.124948,-0.069163,-0.133013,0.146732,-0.051811
canon_Method_00546,0.076828,-0.076972,-0.002965,-0.074374,-0.051646,-0.02399,0.035287,0.014401,-0.061107,-0.015254,0.03127,0.014016,-0.07756,0.172302,0.101679,-0.016159,0.040668,0.047852,-0.077858,-0.123326,0.108689,0.046966,-0.219753,-0.057001,-0.120863,0.070163,-0.050213,-0.03776,0.07939,-0.002589,0.053616,0.000106,0.017406,0.066297,-0.045196,-0.047679,-0.008082,0.010475,0.052455,0.072594,-0.003727,0.038166,0.038409,0.030515,0.01573,-0.050119,-0.007435,0.044048,0.028086,-0.010526,-0.074625,0.033101,0.257236,0.143985,0.09989,0.105014,0.076845,0.003306,-0.037778,0.033747,0.083238,-0.091796,-0.129765,0.135248,0.177385,-0.126068,0.011302,0.019688,-0.102902,-0.165663,0.031367,-0.098348,-0.048292,-0.078776,0.043844,-0.050765,-0.181587,0.031187,-0.045436,-0.018167,0.040822,-0.135859,0.071679,0.078395,0.011442,0.097989,0.025247,-0.086673,0.130388,0.02603,-0.060032,0.076637,-0.149335,0.052875,0.059179,-0.027362,-0.006585,0.001484,-0.054886,-0.125082,-0.088618,-0.078505,-0.042893,-0.024159,-0.082464,0.103474,-0.026701,-0.146831,0.031431,0.052673,0.082802,0.075158,0.062566,0.087611,0.027937,0.103616,-0.227289,-0.015078,0.05488,-0.008917,-0.057555,-0.004383,0.039327,0.079668,-0.063508,-0.096095,0.167713,-0.073419
canon_Method_00547,0.171616,-0.082667,0.001427,-0.029075,-0.040307,-0.084372,0.073048,-0.024718,-0.03868,-0.052905,-0.011078,0.018829,-0.059069,0.195936,0.126178,-0.127668,0.094889,0.039221,-0.032773,-0.117841,0.146609,0.083953,-0.186014,-0.075304,-0.14312,0.050331,-0.038073,-0.018348,0.127236,0.004131,0.020051,0.081242,0.082834,0.123427,-0.020855,-0.083501,-0.077875,-0.0331,-0.019757,0.078383,-0.057892,0.05282,-0.050177,0.058713,0.041564,-0.119081,0.023683,-0.006047,-0.046868,-0.013977,-0.110961,-0.027249,0.194945,0.203676,0.125293,0.019122,-0.036318,0.000137,-0.112714,-0.014337,0.128535,-0.126673,0.004334,0.105864,0.136044,-0.060979,-0.017749,0.037226,-0.052991,-0.188586,0.04537,-0.096024,-0.102184,-0.057639,0.11455,0.010461,-0.214197,-0.07948,-0.092081,-0.134445,0.032156,-0.122425,0.083178,0.051478,0.050161,0.008937,0.04774,-0.189233,0.127581,0.061666,-0.104969,0.078969,-0.14688,0.078365,0.06505,0.020573,0.106307,-0.043283,-0.047637,-0.038426,-0.079928,-0.075764,-0.095239,-0.168069,-0.113387,0.117383,-0.047959,-0.085447,0.077139,0.022565,0.070137,0.043253,0.071771,0.055115,-0.021584,0.148243,-0.126493,-0.061229,0.008024,-0.016576,-0.005081,-0.012236,0.003853,0.153266,-0.077397,-0.151871,0.13986,0.020286
canon_Method_00549,0.411747,-0.186455,0.105898,-0.292837,-0.300591,-0.063179,0.277687,0.283076,0.200151,0.027591,-0.05705,0.012544,0.091322,0.596695,0.79899,-0.49726,0.3862,0.042862,-0.490852,-0.065687,0.399461,0.328094,-0.726365,-0.055006,-0.714173,0.414769,-0.064778,-0.12232,0.686315,-0.139623,0.050351,-0.002814,-0.227304,0.300128,-0.32781,-0.077843,-0.139684,-0.103839,0.183663,0.563869,-0.561231,0.413916,-0.142282,0.214562,0.314392,0.006227,-0.230796,0.207017,0.063403,-0.14022,-0.526902,0.123395,0.830328,0.59874,0.433998,0.347869,-0.321147,0.264413,-0.17791,-0.252113,0.386236,-0.405905,-0.593755,0.713106,1.200722,-0.616917,-0.373,-0.075971,-0.360635,-1.087075,0.42763,-0.277436,-0.611278,-0.437306,0.50255,0.006977,-0.545076,0.079928,-0.069156,-0.058012,0.029668,-0.677155,0.248614,0.265423,0.073682,-0.05618,0.040936,-0.405409,0.595393,0.230859,-0.255646,0.222075,-0.753812,0.292205,0.501,0.014136,0.240516,-0.269171,-0.366206,-0.359618,-0.257674,-0.531673,0.100346,-0.401946,-0.487364,0.434002,-0.238054,-0.529741,0.595214,0.407641,0.315429,0.287158,0.492721,0.262264,-0.246474,0.772908,-1.162287,-0.332156,0.176254,-0.254758,-0.078275,-0.298779,0.327272,0.820577,-0.636575,-0.675045,0.787398,-0.385315
canon_Method_00550,0.062967,-0.008581,0.002381,-0.035456,-0.049067,-0.016258,0.044822,0.064262,0.072551,-0.012517,-0.040937,-0.013363,0.009706,0.110791,0.132726,-0.064825,0.078446,-0.012746,-0.078428,-0.027075,0.074832,0.041578,-0.118899,-0.015129,-0.110702,0.101494,-0.02116,0.002876,0.1036,-0.00064,-0.007401,0.016363,-0.061874,0.02315,-0.034999,-0.028926,-0.02246,0.027786,0.054627,0.083518,-0.107617,0.083773,-0.028722,0.04449,0.031191,-0.010386,-0.016285,0.025005,-0.021471,-0.019779,-0.119191,0.024985,0.160221,0.106461,0.048468,0.059418,-0.067958,0.066923,-0.043065,-0.035182,0.067721,-0.05505,-0.089237,0.11084,0.202388,-0.092146,-0.094328,-0.031454,-0.070175,-0.176724,0.025066,-0.061509,-0.083848,-0.06684,0.068176,0.00496,-0.097453,0.044389,-0.035645,-0.009302,0.009792,-0.121191,0.034848,0.009718,0.007879,-0.008593,0.020483,-0.051871,0.098051,-0.006969,-0.055927,0.026757,-0.122298,0.033237,0.059988,0.01286,0.02808,-0.06814,-0.045011,-0.059022,-0.081632,-0.09266,0.026125,-0.045889,-0.084852,0.026987,-0.03596,-0.104888,0.079989,0.06687,0.034472,0.053734,0.074127,0.064034,-0.044514,0.117089,-0.201097,-0.038338,0.057088,-0.043983,-0.021007,-0.04396,0.058256,0.14039,-0.102116,-0.106846,0.133734,-0.073647
canon_Method_00551,0.08626,-0.039554,0.029834,-0.041513,-0.012275,-0.023563,0.057186,0.048785,0.034551,-0.032203,0.017865,0.004473,0.005766,0.114209,0.118957,-0.064801,0.081843,0.01591,-0.064275,-0.039431,0.083509,0.045942,-0.109587,-0.004371,-0.107548,0.110095,-0.035159,-0.00652,0.096083,-0.015849,0.004121,0.008248,-0.011925,0.052444,-0.017547,-0.034632,-0.020589,-0.018535,-0.001435,0.094912,-0.073019,0.083255,-0.021797,0.022045,0.034229,-0.055687,-0.030001,-0.006974,-0.038733,-0.023133,-0.093363,0.000198,0.158677,0.107293,0.057992,0.043794,-0.042482,0.035025,-0.051844,-0.021097,0.074845,-0.050614,-0.062149,0.110701,0.17315,-0.090115,-0.08483,-0.014224,-0.082423,-0.165147,0.053439,-0.067601,-0.094511,-0.043181,0.053586,-0.011923,-0.061015,0.020095,-0.025961,-0.016471,0.010845,-0.127388,0.030627,0.044708,0.016658,-0.017417,0.017467,-0.082401,0.085848,0.058731,-0.065252,0.040376,-0.103211,0.044662,0.068963,-0.01401,0.017453,-0.084379,-0.018847,-0.079441,-0.050496,-0.135538,0.000861,-0.066341,-0.078378,0.020423,-0.041826,-0.079034,0.099804,0.072527,0.069059,0.028693,0.088533,0.065919,-0.047333,0.110652,-0.150546,-0.049376,0.06068,-0.032954,-0.02346,-0.059554,0.042677,0.116205,-0.123295,-0.120531,0.082222,-0.052237
canon_Method_00552,0.084862,-0.024241,0.006728,-0.056998,-0.042282,-0.00489,0.051603,0.0519,0.05233,-0.00191,-0.026905,-0.01332,0.000617,0.086238,0.114272,-0.064382,0.099479,0.001767,-0.060607,-0.000966,0.064026,-0.030785,-0.120696,-0.014021,-0.126463,0.056879,-0.032114,-0.052564,0.088085,-0.030919,0.012059,0.029437,-0.028786,0.077002,-0.029962,-0.007889,-0.029065,-0.023744,0.017662,0.054067,-0.083498,0.071508,-0.018567,0.010997,0.044774,-0.040058,-0.023332,0.023841,-0.020496,-0.041305,-0.068946,-0.034815,0.147741,0.088646,0.052916,0.023522,-0.021031,0.038769,-0.030287,-0.047342,0.062915,-0.058427,-0.126046,0.118169,0.16098,-0.089719,-0.080666,-0.035204,-0.065113,-0.175365,0.022444,-0.050232,-0.066151,-0.04202,0.053515,-0.0276,-0.066686,-0.020248,-0.052736,-0.016483,-0.004818,-0.107965,0.045832,0.0125,0.032916,-0.027222,-0.001455,-0.029277,0.105944,-0.022164,-0.071875,-0.005676,-0.126047,0.023974,0.051319,-0.007856,0.045858,0.003196,-0.043531,-0.048331,-0.043666,-0.111922,0.013231,-0.060624,-0.053203,0.043192,-0.064648,-0.082794,0.112442,0.048179,0.0366,0.065422,0.087303,0.05525,-0.037567,0.148143,-0.183987,-0.043133,0.04713,-0.028951,0.009449,-0.053357,0.054116,0.150384,-0.104418,-0.105053,0.156447,-0.106432
canon_Method_00560,0.232589,0.260299,-0.00129,-0.104155,-0.088069,-0.197784,0.15206,0.208153,-0.109972,-0.235404,0.038541,-0.010616,0.031758,0.418908,0.203516,-0.004092,0.077658,0.153016,-0.262959,0.110851,0.182748,0.282063,-0.1039,-0.411669,-0.173345,0.284758,-0.019824,0.290242,0.205025,0.114484,0.061213,-0.160522,-0.12648,0.078493,-0.092369,-0.21111,-0.222027,0.157545,0.150796,0.08721,-0.018174,-0.040472,-0.106127,0.159711,0.153492,0.131505,0.038235,0.103333,-0.144718,-0.095376,-0.303894,-5e-05,0.450011,0.499369,0.054214,0.075365,-0.036674,0.171767,-0.280909,-0.202387,-0.027768,-0.265962,0.061568,0.076572,0.164697,-0.19829,-0.464597,0.182862,-0.227995,-0.157938,-0.107044,-0.303042,-0.053224,-0.079344,0.117561,0.033375,-0.220749,0.036107,-0.079677,-0.099371,-0.146112,-0.092698,0.059078,0.201251,0.10574,0.181523,-0.100996,-0.278436,0.252459,0.057346,-0.126729,0.004787,-0.240162,0.18659,0.162269,0.099937,-0.087292,-0.130561,-0.001288,-0.348763,-0.406875,-0.135367,0.091766,-0.138888,-0.277223,-0.172292,0.040963,-0.136297,0.119536,0.007654,-0.089209,-0.175835,-0.203738,0.198751,0.086209,0.212404,-0.091259,0.100203,0.112402,-0.221262,-0.282284,-0.047638,0.23352,0.138448,-0.04043,-0.2006,0.002788,-0.101356
canon_Method_00562,0.402895,0.44205,0.000435,-0.233506,-0.169403,-0.286183,0.222486,0.369069,-0.181021,-0.38236,-0.006183,-0.071158,0.047505,0.656103,0.312683,0.015342,0.196734,0.255791,-0.452265,0.242048,0.242486,0.457563,-0.181724,-0.694466,-0.304062,0.441244,-0.027028,0.366959,0.346137,0.169222,0.107566,-0.279092,-0.24273,0.157795,-0.16776,-0.32788,-0.390483,0.227361,0.277726,0.081241,0.01161,-0.111302,-0.180493,0.307759,0.294292,0.156989,0.080528,0.116459,-0.258141,-0.211255,-0.486177,-0.040468,0.769063,0.87456,0.091822,0.126934,-0.063987,0.363887,-0.446518,-0.391769,-0.030365,-0.426058,0.093192,0.082191,0.25399,-0.317583,-0.830451,0.298498,-0.417183,-0.314418,-0.194837,-0.522564,-0.051795,-0.084505,0.157231,0.042521,-0.339817,0.009967,-0.096061,-0.109294,-0.311917,-0.172717,0.12948,0.336682,0.181937,0.302528,-0.185199,-0.432406,0.475217,0.075565,-0.235049,-0.041574,-0.397519,0.252699,0.271711,0.249989,-0.167656,-0.11857,-0.028073,-0.581253,-0.591409,-0.22643,0.151138,-0.243022,-0.435174,-0.297504,0.049333,-0.157429,0.209494,0.001745,-0.187299,-0.29862,-0.353691,0.31691,0.085449,0.3474,-0.116975,0.167938,0.139104,-0.346395,-0.469574,-0.0643,0.38942,0.229467,-0.063526,-0.307861,-0.019268,-0.142038
canon_Method_00563,0.084668,-0.037005,0.00752,-0.042238,-0.014816,-0.018437,0.037064,0.049068,0.023091,-0.049201,-0.007049,-0.01345,-0.025922,0.120601,0.135961,-0.067734,0.064373,-0.019927,-0.08167,-0.000512,0.095649,0.025439,-0.109433,-0.013531,-0.089526,0.084142,-0.014811,-0.003306,0.101468,-0.025054,0.012608,-0.025754,-0.042281,0.032233,-0.030738,-0.020966,-0.020643,-0.004749,0.039182,0.091697,-0.090042,0.054296,0.006985,0.026497,0.021342,-0.015964,0.003572,0.027528,-0.012157,-0.0351,-0.108641,0.012193,0.157528,0.102652,0.065954,0.020807,-0.04969,0.035478,-0.036345,-0.056693,0.100782,-0.07638,-0.04566,0.126171,0.165103,-0.07808,-0.085358,-0.000199,-0.062437,-0.15972,0.050313,-0.079921,-0.08521,-0.048188,0.065398,-0.006108,-0.108126,-0.00561,-0.01067,-0.027456,0.021461,-0.112899,0.046561,0.038228,-0.011308,-0.005865,-0.010882,-0.061245,0.089997,0.002848,-0.038203,0.039245,-0.123735,0.066478,0.059473,0.002355,0.011254,-0.048537,-0.050314,-0.060685,-0.047431,-0.089441,-0.003554,-0.030028,-0.081937,0.054192,-0.03533,-0.11084,0.096066,0.040145,0.039238,0.049026,0.07081,0.045765,-0.025042,0.091097,-0.140663,-0.045639,0.054841,-0.06405,-0.027254,-0.040822,0.035414,0.136601,-0.105334,-0.117534,0.109608,-0.045179
canon_Method_00565,0.154816,-0.027102,0.040497,-0.060809,-0.030624,0.062009,0.107915,0.013272,-0.012645,-0.00155,0.048306,0.007407,-0.040646,0.155184,0.038333,-0.102613,0.024194,0.108567,-0.077138,-0.081063,-0.01227,0.038876,-0.118164,-0.041998,-0.102111,0.14861,0.032624,0.063319,0.028628,0.027358,0.022836,0.052986,-0.006216,-0.026416,-0.109901,-0.199408,0.032885,0.029844,-0.071283,0.028292,-0.104906,0.042457,-0.104056,0.009072,0.079154,-0.049626,-0.007886,0.000506,0.003777,-0.010874,-0.216044,0.04844,0.2702,0.08653,-0.021811,0.168978,-0.050809,0.164268,-0.082974,0.035609,0.106717,-0.005393,-0.042649,0.202495,0.250741,-0.067096,-0.158221,-0.028623,-0.155299,-0.162103,0.059313,-0.032287,-0.050306,-0.09529,0.059438,-0.002948,-0.083222,0.04693,-0.010608,-0.007827,0.063041,-0.158249,0.006048,0.067305,-0.054093,0.039895,0.046564,-0.078572,0.044649,0.117398,-0.087109,0.034521,-0.072731,0.095055,-0.003673,0.043476,0.053261,-0.077105,0.069165,-0.116201,-0.136761,-0.102035,0.038351,-0.014956,-0.184086,0.108239,-0.08213,-0.047804,0.058192,0.042184,0.116918,0.036062,0.06474,0.180176,0.064253,0.06821,-0.11029,-0.083762,0.13128,0.000756,0.020885,-0.161041,0.141677,0.053517,-0.120329,-0.081178,0.148439,-0.140114
canon_Method_00571,0.078623,0.000833,0.004099,-0.029328,-0.055548,-0.029819,0.082268,0.031887,0.013797,0.010733,0.035459,0.006091,-0.005177,0.122667,0.104963,-0.056281,0.046429,0.048132,-0.055492,-0.059725,0.067435,0.017029,-0.155117,-0.041462,-0.112495,0.071719,-0.032171,-0.004134,0.072019,-0.01557,0.018738,0.013599,-0.001303,0.043808,-0.037735,-0.039189,0.00797,0.022396,0.014138,0.062193,-0.08765,0.067098,-0.039733,0.034839,0.039349,-0.019802,-0.037265,0.029862,0.009064,0.023495,-0.102424,0.022361,0.163553,0.094992,0.059289,0.0733,-0.038718,0.042847,-0.061611,-0.014264,0.064165,-0.045463,-0.109747,0.130158,0.178623,-0.103707,-0.090903,-0.010233,-0.060538,-0.145046,0.01994,-0.045178,-0.050732,-0.083493,0.07793,0.009364,-0.085289,0.0222,-0.02621,0.000272,0.010021,-0.131216,0.013361,0.033615,0.028671,-0.013891,0.014776,-0.082031,0.082333,0.000206,-0.058808,0.030436,-0.136527,0.060696,0.043664,-0.007495,0.040761,-0.076831,-0.033602,-0.049853,-0.12744,-0.123639,0.031148,-0.037153,-0.093467,0.070131,-0.031414,-0.114388,0.086825,0.062499,0.046884,0.03615,0.048817,0.080506,-0.022444,0.120506,-0.204599,-0.018184,0.072348,-0.009214,-0.023581,-0.0287,0.058703,0.111162,-0.089831,-0.138888,0.128199,-0.072389
canon_Method_00573,0.0001,0.257599,0.518572,-0.491305,-0.32616,0.171851,0.026226,1.104937,0.381304,-0.051394,-0.048781,0.26756,0.081182,0.324637,0.576058,-0.039043,0.638601,0.077381,-0.290962,-0.479737,-0.258517,0.295689,-0.190394,-0.691834,0.119677,0.410856,0.103163,-0.113025,0.451432,-0.207206,0.044344,-0.40701,-1.072908,0.052615,-0.921028,0.021753,0.021468,-0.148703,0.42343,-0.14949,0.011995,0.094805,-0.065883,-0.364337,0.092433,0.539458,-0.439499,-0.042065,0.143112,-0.468079,-0.556103,0.113535,0.331704,0.161222,0.557197,0.355115,-0.120356,0.291218,0.269803,-0.482116,0.606112,-0.020885,-0.879925,0.861347,1.933491,-0.959857,-1.251052,-0.088273,-0.301608,-1.086967,-0.345701,0.27976,-0.308381,-0.131607,-0.047918,-0.562678,-0.146381,0.777616,0.003531,0.746273,-0.515071,0.113101,0.122496,-0.002937,0.161534,0.223676,-0.285623,0.167315,0.64351,0.083629,-0.734125,-0.257242,-0.523747,0.236376,0.108281,0.183197,-0.424407,0.140403,-0.2804,-0.44748,0.022728,-0.401424,0.380466,0.009687,-0.432815,-0.432401,-1.006345,-0.355844,0.813008,0.590064,0.457268,-0.144142,0.724994,1.260962,-0.296272,0.961106,-1.26783,-0.503537,1.145445,-0.501217,0.000494,-0.574584,0.397288,0.363514,-1.054593,-0.606999,0.546377,-0.682971
canon_Method_00579,0.073575,-0.059464,0.05639,-0.108015,-0.066174,-0.053743,0.19045,0.097072,0.07783,0.024006,0.199187,0.193008,0.036565,0.162643,-0.022566,-0.044816,0.059453,0.3279,0.027504,-0.170936,0.284167,0.130713,-0.083664,-0.209005,-0.11544,0.225637,-0.166071,0.227588,0.237954,0.09703,-0.063939,0.068978,0.032,-0.006536,0.146536,-0.123917,0.044783,-0.01266,0.110996,0.01515,-0.160416,0.252541,-0.340787,-0.051039,0.122898,-0.092249,-0.04109,-0.004762,-0.245549,0.059435,-0.002968,0.091814,0.225516,0.258655,0.226117,-0.056603,0.015391,0.085286,-0.085452,-0.111954,0.050333,-0.124455,-0.053332,0.056617,0.187581,-0.040329,-0.187886,0.248145,-0.050803,-0.202594,0.024986,-0.1621,0.069218,-0.120146,0.063696,0.114471,-0.061141,0.000872,-0.123558,-0.115839,-0.034022,-0.15832,-0.019012,0.087662,0.101551,-0.162438,0.133689,-0.374515,0.142637,0.165571,-0.1484,0.004795,-0.306382,-0.066488,0.010023,-0.11837,0.121846,-0.25724,-0.006636,-0.072155,-0.320548,-0.197259,0.041791,-0.155203,-0.108895,0.054998,-0.187762,-0.214165,0.153122,0.092609,0.156221,-0.027369,-0.067502,0.127493,-0.051928,0.325021,-0.152069,0.054549,0.141691,-0.082858,-0.082537,0.049769,0.124078,0.143399,-0.25849,-0.275829,-0.100578,-0.116082
canon_Method_00580,0.099354,0.115615,0.134419,-0.15855,-0.017167,0.04259,0.116644,0.157798,0.078804,-0.089763,0.025433,0.066887,-0.011852,0.281754,0.129942,-0.167711,0.217458,0.116608,-0.141377,-0.00494,0.10174,0.071647,-0.180285,-0.077298,-0.296304,-0.012302,-0.225097,0.080232,0.045236,0.11217,-0.013344,0.146691,-0.103275,-0.010569,0.035451,-0.042532,0.023903,0.050557,-0.001073,0.019651,-0.173026,0.069584,0.071862,-0.011856,0.021721,-0.097972,0.017711,-0.036751,-0.005573,0.069304,-0.178986,0.101935,0.237797,0.2811,0.003873,0.058422,-0.028863,0.310411,-0.076213,-0.00025,0.113664,-0.060175,-0.104676,0.173902,0.262533,-0.078587,-0.236163,0.081647,-0.194466,-0.129003,0.152555,-0.149224,0.009681,-0.173123,0.122709,0.042891,0.008568,-0.049485,-0.083975,0.067319,0.159616,-0.062668,0.014857,0.04784,-0.051054,0.070334,0.118345,-0.123206,-0.01153,0.081897,-0.167314,0.050029,-0.234204,0.061899,0.155699,0.094269,0.049514,-0.206512,-0.014222,-0.056798,-0.221188,0.020252,-0.001265,-0.062754,-0.249493,0.145058,-0.023582,-0.070817,-0.025905,0.121638,0.178554,0.085623,-0.053214,0.174351,-0.010194,0.06966,-0.165471,-0.009543,0.153494,0.018365,-0.063841,-0.097632,0.100912,0.009832,-0.08075,-0.0635,-0.065392,-0.114047
canon_Method_00581,0.067429,-0.059746,0.015286,-0.054479,-0.025838,0.006605,0.051474,0.053261,0.0629,-0.058532,-0.014506,0.035474,0.00931,0.116027,0.122977,-0.058892,0.063742,0.009028,-0.079836,-0.016965,0.0897,0.041124,-0.089087,-0.036802,-0.092238,0.091292,-0.016567,-0.005821,0.099839,-0.020752,0.020256,-0.02316,-0.015148,0.018749,-0.050048,-0.038094,-0.008142,-0.00654,0.029269,0.065735,-0.074998,0.056831,-0.021096,0.004835,0.04542,-0.000248,-0.00062,0.02055,-0.018638,-0.037271,-0.137155,0.022523,0.140324,0.12019,0.053984,0.036147,-0.060653,0.033028,-0.013288,-0.058789,0.077508,-0.07678,-0.09621,0.138945,0.173985,-0.065753,-0.074736,0.006466,-0.070918,-0.16122,0.052724,-0.107093,-0.091147,-0.057074,0.071939,0.01731,-0.077102,0.038428,-0.012689,-0.021082,-0.001214,-0.090125,0.039729,0.061829,-0.007867,-0.003607,-0.009253,-0.092759,0.08937,0.022813,-0.065015,0.073705,-0.123175,0.040334,0.075037,0.010241,0.0237,-0.034932,-0.03418,-0.05226,-0.065399,-0.071902,0.00336,-0.085323,-0.078297,0.069405,-0.030951,-0.101488,0.079286,0.057781,0.032858,0.047077,0.067544,0.064208,-0.002093,0.105691,-0.152219,-0.052445,0.065438,-0.068752,-0.012636,-0.037851,0.049085,0.101944,-0.13298,-0.090422,0.128899,-0.074225
canon_Method_00582,0.06683,-0.006279,0.015604,-0.044875,-0.021508,-0.012235,0.066168,0.03544,0.051349,-0.011137,0.036195,0.009364,0.021334,0.08455,0.09594,-0.047721,0.05429,0.019541,-0.050244,-0.019424,0.060152,0.021401,-0.094648,-0.034107,-0.112665,0.081996,-0.01882,-0.015094,0.119858,-0.023436,0.016543,0.014613,-0.037408,0.031014,-0.034894,-0.025877,0.005904,0.025276,0.010821,0.04187,-0.07813,0.073105,-0.02831,0.025244,0.063346,-0.037786,-0.022315,0.014922,-0.018584,0.015118,-0.127479,0.025837,0.159358,0.131089,0.074056,0.039263,-0.008663,0.046153,-0.04204,-0.072153,0.061981,-0.040266,-0.065173,0.098277,0.192865,-0.088805,-0.06851,-0.015472,-0.035719,-0.154762,0.050064,-0.032166,-0.057307,-0.042624,0.048304,0.003123,-0.071139,0.021536,-0.019904,-0.010291,0.008635,-0.128652,0.042953,0.013701,0.043107,-0.033244,0.021105,-0.100093,0.086613,0.00564,-0.037883,0.028712,-0.126605,0.065899,0.067037,-0.026146,0.042175,-0.034175,-0.051084,-0.037303,-0.069767,-0.096899,-0.02931,-0.079918,-0.057022,0.074885,-0.068243,-0.095957,0.075938,0.052933,0.069068,0.04861,0.066976,0.066133,-0.020324,0.12408,-0.141064,-0.040562,0.083635,-0.03668,-0.007241,-0.042554,0.038294,0.090652,-0.100595,-0.147761,0.13957,-0.067481
canon_Method_00585,0.063893,-0.02913,0.011084,-0.028317,-0.059943,-0.023318,0.063319,0.058629,0.001385,0.010882,0.047567,0.001752,0.006605,0.122639,0.121449,-0.075309,0.037038,0.019889,-0.094243,-0.02941,0.082925,0.034522,-0.128512,0.013894,-0.10165,0.078108,-0.006707,0.022704,0.0925,-0.018499,-0.021555,-0.020457,-0.013719,0.016318,-0.038357,-0.060544,-0.013893,-0.026397,0.042805,0.083151,-0.041882,0.076199,-0.039557,-0.000803,0.028492,0.004298,-0.00882,0.028631,0.01087,-0.016523,-0.091647,0.010608,0.149454,0.106545,0.082142,0.039583,-0.039285,0.032419,-0.048768,-0.011076,0.095068,-0.068919,-0.060997,0.142278,0.195448,-0.113248,-0.083878,0.008313,-0.052217,-0.191528,0.038814,-0.045479,-0.091796,-0.054936,0.056584,-0.028907,-0.078849,0.005935,-0.023252,-0.008611,0.01533,-0.125436,0.043124,0.042666,0.030821,-0.004656,0.027913,-0.052121,0.099983,0.028507,-0.051646,0.047366,-0.117307,0.071637,0.073759,-0.032213,-0.012862,-0.080613,-0.037191,-0.061056,-0.093959,-0.110647,0.025197,-0.04584,-0.101177,0.064477,-0.058549,-0.109736,0.090644,0.041549,0.051099,0.041614,0.083816,0.060071,-0.02299,0.115359,-0.157086,-0.053319,0.049307,-0.049805,-0.049672,-0.059136,0.042015,0.112853,-0.111178,-0.125194,0.128836,-0.075454
canon_Method_00586,0.07178,-0.022945,0.029468,-0.054573,-0.056053,-0.011249,0.06418,0.032412,0.009933,-0.008424,0.010413,0.043567,-0.015999,0.106696,0.115514,-0.054677,0.040714,0.032343,-0.065511,-0.016361,0.061138,0.025399,-0.102933,-0.008886,-0.080409,0.066338,-0.02789,-0.000429,0.054401,-0.020787,0.037977,-0.036789,-0.003592,0.018712,-0.046402,-0.062985,-0.012746,-0.025308,0.016144,0.079628,-0.054241,0.062327,-0.03055,0.010718,0.014871,7.3e-05,-0.00995,0.025276,0.017081,-0.005775,-0.095733,0.037012,0.126821,0.079172,0.057527,0.052534,-0.054846,0.042279,-0.028415,-0.015559,0.087399,-0.083217,-0.087263,0.147663,0.192575,-0.10532,-0.091508,-0.014101,-0.065984,-0.151112,0.038253,-0.06382,-0.076376,-0.089846,0.046785,-0.01817,-0.095505,-0.004452,-0.011052,0.006963,0.016239,-0.103542,0.043527,0.040059,0.017783,0.016539,0.004359,-0.065739,0.083811,0.015285,-0.05976,0.037746,-0.100973,0.07582,0.067262,0.003589,0.019388,-0.035262,-0.043516,-0.060341,-0.055084,-0.071505,0.020168,-0.052485,-0.105999,0.071094,-0.025816,-0.064688,0.094006,0.038892,0.062999,0.040299,0.059815,0.067147,-0.013341,0.105101,-0.168483,-0.045692,0.042951,-0.033176,-0.026237,-0.055965,0.067509,0.094465,-0.097615,-0.095365,0.126387,-0.094231
canon_Method_00587,0.098472,-0.023471,0.033678,-0.031642,-0.039964,-0.021847,0.067815,0.031312,0.026694,-0.007188,0.027391,0.019529,-0.004838,0.10728,0.128442,-0.046174,0.031766,0.04354,-0.069822,-0.012059,0.084701,0.036064,-0.117937,-0.030389,-0.129826,0.103475,-0.004623,0.009939,0.081046,-0.030119,0.012352,0.017095,-0.020526,0.053236,-0.026236,-0.055834,-0.032168,0.007411,0.011535,0.09485,-0.067087,0.085019,-0.047387,0.026061,0.03962,-0.021436,-0.022212,0.036844,-0.005153,-0.004823,-0.102069,0.012306,0.171193,0.082866,0.043251,0.074617,-0.032028,0.031591,-0.047433,-0.008962,0.056124,-0.068261,-0.106034,0.129531,0.166896,-0.101342,-0.098403,-0.018636,-0.066463,-0.13958,0.01099,-0.046995,-0.059881,-0.070795,0.065643,-0.019575,-0.092456,0.025036,-0.032128,0.006489,0.022793,-0.123155,0.018164,0.044834,0.013901,-0.004778,0.006287,-0.047296,0.088933,0.034939,-0.06704,0.015069,-0.106427,0.06505,0.055788,0.000379,-0.008551,-0.066232,-0.025475,-0.068281,-0.114686,-0.130934,0.039109,-0.031743,-0.091468,0.054616,-0.037641,-0.110121,0.094785,0.046972,0.047597,0.027925,0.084541,0.06073,-0.02084,0.102213,-0.163973,-0.036199,0.081738,-0.046367,-0.030969,-0.050275,0.051486,0.145955,-0.136758,-0.122225,0.112685,-0.074988
canon_Method_00588,0.206043,-0.050422,-0.14778,0.110966,-0.099214,-0.08947,0.209008,0.036926,0.022746,-0.014212,-0.069642,-0.090355,-0.043318,0.008748,0.306508,-0.004286,0.017469,-0.030767,-0.036989,-0.046534,0.171669,0.018626,-0.10587,0.019482,-0.167163,0.132796,-0.003065,0.08798,0.214585,-0.151853,-0.064023,0.192856,0.141997,0.160532,-0.114128,-0.050513,0.07975,-0.070836,-0.039693,0.127194,-0.117917,0.07649,0.105448,0.053771,0.036249,-0.094432,-0.072351,-0.057634,0.018218,0.107,-0.078188,-0.013026,0.122237,0.11748,-0.068498,0.108733,-0.037481,0.111075,-0.191703,-0.112337,0.006176,0.005151,-0.224616,-0.003199,0.197705,-0.068001,-0.054384,-0.083334,-0.130143,-0.128063,0.100458,-0.072176,-0.069695,-0.156519,0.076726,0.14663,-0.03146,-0.102911,0.0603,-0.009584,0.044514,-0.224469,0.013497,0.069867,-0.049581,-0.140656,0.059964,0.093313,0.080787,0.031455,-0.115811,-0.032737,-0.043701,0.030642,-0.104818,-0.215799,0.037264,-0.088917,0.039815,-0.048457,-0.236378,-0.166196,0.037496,-0.165627,-0.109819,0.120213,0.004766,-0.142064,0.354437,0.02996,-0.054226,0.077146,0.034932,0.121926,-0.020508,0.288511,-0.261832,0.058017,0.005821,-0.181314,-0.189146,-0.094025,-0.008371,0.167402,-0.237335,-0.229625,0.271805,0.040199
canon_Method_00589,0.069456,0.174168,-0.00591,-0.108349,0.001023,0.049267,0.087441,0.030127,-0.149438,0.131624,0.03332,0.065298,-0.023024,0.146383,0.030505,-0.097199,0.195411,0.187085,-0.281622,-0.00148,-0.004997,0.015322,-0.30943,-0.066636,-0.113383,-0.005529,0.047868,0.082362,0.063192,0.030034,0.112037,-0.011653,-0.104939,0.02694,-0.092622,-0.234778,0.124608,-0.027679,0.071985,0.14272,-0.218348,-0.039411,-0.080364,-0.04005,-0.035109,0.024483,0.018882,0.064925,0.086394,-0.061199,-0.046982,0.10223,0.205676,0.18634,0.054716,0.175562,0.107124,0.129713,-0.014893,0.134612,0.026831,-0.082413,-0.231082,0.00585,0.290779,-0.087622,-0.04352,-0.022293,-0.094801,-0.137018,0.106095,0.008578,0.056768,-0.198426,0.179118,-0.043022,-0.110057,-0.001091,0.042658,-0.024552,0.099086,-0.1334,-0.006601,0.129224,-0.106832,0.254283,-0.141402,0.032206,0.018258,0.072362,0.062907,0.131534,-0.151509,-0.003484,-0.034713,-0.013529,0.188126,-0.187703,-0.06097,-0.087605,-0.182574,-0.230072,-0.00311,0.004154,-0.031851,0.226366,0.051064,-0.222455,0.173136,0.002075,0.070467,0.09212,-0.057912,0.089351,0.007299,0.091742,-0.415518,0.000783,-0.02403,-0.019319,-0.000719,-0.012173,0.247116,0.275593,-0.083924,-0.192381,0.179971,-0.097753
canon_Method_00590,0.097849,0.249032,0.006227,-0.132202,0.02358,0.057107,0.072452,0.007409,-0.233085,0.149102,0.067952,0.094973,-0.026184,0.18408,-0.007302,-0.132025,0.26391,0.247858,-0.389512,0.004482,-0.021715,0.017335,-0.408673,-0.110031,-0.168429,-0.076697,0.067647,0.121309,0.059542,0.035147,0.160732,-0.046484,-0.118749,0.014052,-0.09248,-0.32719,0.173214,-0.074631,0.055948,0.190121,-0.285404,-0.100771,-0.102468,-0.092143,-0.075277,0.030317,0.071018,0.036566,0.126769,-0.101674,-0.027339,0.118927,0.223475,0.264061,0.100552,0.165402,0.18276,0.157449,-0.044432,0.179809,0.064997,-0.093611,-0.22879,-0.043206,0.31193,-0.113513,0.034031,0.00107,-0.053226,-0.146818,0.170764,0.036789,0.060137,-0.233135,0.22938,-0.051025,-0.16559,-0.058484,0.041421,-0.06762,0.161199,-0.192819,0.006588,0.162392,-0.123381,0.357298,-0.230282,0.029943,-0.038727,0.08856,0.092927,0.205264,-0.171088,0.059924,-0.104963,-0.034263,0.283617,-0.240183,-0.081444,-0.088227,-0.187829,-0.284803,-0.085109,0.016309,-0.006843,0.321321,0.122241,-0.221324,0.201492,-0.048048,0.085962,0.11412,-0.128311,0.067806,0.040031,0.092932,-0.48275,-0.004325,-0.112396,-0.023323,0.021267,0.01416,0.364153,0.332473,-0.003916,-0.234717,0.250762,-0.083631
canon_Method_00591,0.119339,0.343294,0.015428,-0.149409,0.040632,0.155957,0.115953,0.082366,-0.250959,0.250837,0.050139,0.110534,-0.039385,0.227732,-0.058862,-0.074279,0.327931,0.344279,-0.374493,-0.077959,-0.064252,-0.020358,-0.469587,-0.161843,-0.090041,-0.060234,0.111588,0.10227,0.095685,0.081328,0.152244,-0.084914,-0.138304,-0.009809,-0.173406,-0.368744,0.231242,-0.054171,0.045925,0.131864,-0.340584,-0.052652,-0.045247,-0.081675,-0.109066,0.049089,0.038694,-0.00103,0.182533,-0.171154,-0.04206,0.145749,0.224494,0.250412,0.09089,0.236908,0.178049,0.248458,-0.014437,0.181359,0.065138,-0.088091,-0.339867,-0.04738,0.356765,-0.100979,-0.04527,-0.068661,-0.105078,-0.139625,0.139481,0.058268,0.060297,-0.246242,0.326657,-0.091254,-0.12978,-0.004254,0.068367,-0.05951,0.114849,-0.152307,0.020849,0.210817,-0.151907,0.424312,-0.301525,0.063799,0.019122,0.120446,0.096562,0.233611,-0.215397,0.015211,-0.093784,0.017949,0.310882,-0.214484,-0.074577,-0.060929,-0.256055,-0.284803,0.003833,0.037725,-0.072474,0.374324,0.1724,-0.204603,0.230658,-0.053536,0.06172,0.148566,-0.19382,0.111218,0.034113,0.076217,-0.550028,-0.043785,-0.163399,0.010801,0.044444,0.015313,0.369641,0.297881,-0.011139,-0.288585,0.240706,-0.124842
canon_Method_00592,0.135158,0.300118,-0.014111,-0.190456,0.013917,0.075191,0.099487,-0.035492,-0.29311,0.144505,0.028691,0.147255,-0.01604,0.142406,0.043167,-0.146458,0.294353,0.270997,-0.421179,-0.027946,-0.059227,0.000157,-0.468823,-0.074978,-0.163497,-0.10169,0.027195,0.169693,0.076735,0.047346,0.211927,-0.023222,-0.132615,0.013636,-0.086273,-0.344489,0.195497,-0.058023,0.065227,0.19258,-0.285164,-0.0856,-0.154945,-0.059465,-0.08835,-0.002595,0.014307,0.071909,0.08709,-0.067888,0.016949,0.158991,0.233809,0.251444,0.091679,0.16935,0.164387,0.118902,-0.048129,0.249562,0.04005,-0.084578,-0.286785,-0.060404,0.361704,-0.103339,0.005679,-0.015418,-0.044832,-0.20266,0.137884,0.054314,0.137682,-0.271538,0.198193,-0.01546,-0.1675,-0.032961,0.028266,-0.00479,0.175718,-0.138396,-0.032799,0.171934,-0.188081,0.415947,-0.214209,0.018668,-0.027194,0.042526,0.09751,0.194679,-0.135448,-0.005018,-0.133334,-0.100259,0.363429,-0.271916,-0.123277,-0.11389,-0.224155,-0.333503,-0.077273,0.043084,-0.007249,0.346652,0.089546,-0.288303,0.273073,-0.044664,0.141138,0.087654,-0.159188,0.11704,0.000932,0.082346,-0.551106,0.0527,-0.052214,-0.015579,-0.00478,0.01054,0.341239,0.404975,-0.088268,-0.26078,0.172276,-0.110218
canon_Method_00593,0.223635,0.060245,0.0035,-0.048133,0.013509,-0.189468,0.005404,0.039943,-0.137546,0.03951,0.396252,0.103944,-0.188644,0.062791,0.181065,0.142873,-0.206989,-0.09781,-0.087217,0.169034,0.305236,-0.009011,-0.546298,-0.366748,-0.344589,0.010789,-0.137191,0.029317,-0.118607,-0.272673,0.191778,-0.264852,-0.104994,0.192804,0.031705,-0.062524,-0.330844,-0.277229,0.024591,0.565429,-0.180721,0.153771,-0.065082,0.247381,-0.180691,0.234737,0.025425,0.142157,0.056733,-0.218776,-0.342957,0.05307,0.292391,0.142056,0.601865,0.011934,0.091149,0.01089,-0.317082,-0.352651,0.415933,-0.450426,-0.350268,0.413859,0.408706,-0.293431,0.146263,0.268459,-0.093921,0.007893,-0.027846,-0.192427,-0.09913,-0.291548,0.092048,-0.163056,-0.317202,-0.209041,-0.007634,0.051998,0.106318,-0.436739,0.152798,0.537486,0.213986,0.169169,-0.158337,0.029398,0.118652,0.144988,-0.018633,-0.080835,-0.437535,0.454761,0.097294,-0.04856,-0.039112,-0.097638,-0.001248,-0.156436,0.099838,-0.455295,0.200188,-0.084723,-0.197323,0.129216,0.034541,-0.433919,0.379078,-0.286783,0.024707,0.100436,0.281992,-0.2683,0.327449,0.246593,-0.267402,0.124051,-0.077404,-0.327731,-0.048826,0.207099,0.285406,0.288129,-0.572781,-0.216203,0.524208,-0.268521
canon_Method_00594,0.074636,-0.002804,-0.01185,-0.031051,-0.013037,-0.039347,0.029743,0.047739,-0.002172,0.009361,0.058778,0.012366,-0.045665,0.095587,0.127325,-0.024478,-0.002966,-0.027415,-0.069862,0.01971,0.097202,0.013453,-0.169225,-0.056782,-0.137966,0.08096,-0.030433,0.01002,0.020068,-0.058668,0.031367,-0.074296,-0.030194,0.047996,-0.011036,-0.02836,-0.074606,-0.052904,0.02509,0.151861,-0.100075,0.079752,-0.02109,0.052544,-0.01099,0.020441,-0.000604,0.067181,0.000388,-0.053852,-0.114337,0.044292,0.152044,0.079974,0.119881,0.039739,-0.024519,0.042265,-0.062743,-0.036933,0.098347,-0.113026,-0.122036,0.149316,0.179703,-0.097524,-0.009241,0.030475,-0.071777,-0.106109,0.018121,-0.089631,-0.056318,-0.093437,0.067907,-0.026331,-0.102611,-0.012647,-0.012445,-0.009002,0.028406,-0.141798,0.04711,0.100653,0.013201,0.005672,-0.026549,-0.030997,0.075536,-0.004458,-0.030668,0.021731,-0.13207,0.103137,0.051993,-0.024793,-0.00465,-0.064101,-0.025105,-0.083739,-0.04279,-0.135098,0.050575,-0.03129,-0.072478,0.048947,0.007273,-0.13398,0.111544,-0.013592,0.01849,0.055943,0.097804,-0.011133,0.02758,0.118816,-0.188586,-0.020486,0.039595,-0.074512,-0.023576,0.004598,0.078068,0.138626,-0.161692,-0.120412,0.177042,-0.094347
canon_Method_00595,0.130851,0.038085,-0.007562,-0.030396,0.032993,-0.141053,0.006926,0.014253,-0.097064,0.040373,0.309876,0.10509,-0.120329,0.019651,0.086778,0.117321,-0.149274,-0.052476,-0.057197,0.114785,0.204287,-0.00886,-0.349819,-0.24062,-0.235926,0.005498,-0.106032,0.036564,-0.083938,-0.176865,0.129885,-0.187284,-0.060137,0.119639,0.031806,-0.042468,-0.211436,-0.173297,0.015724,0.388214,-0.116753,0.112865,-0.05963,0.168711,-0.14374,0.152375,0.010744,0.085262,0.032433,-0.1421,-0.221698,0.051804,0.168564,0.098779,0.388836,-0.014049,0.069169,-0.002862,-0.228274,-0.221686,0.272646,-0.32702,-0.220734,0.272076,0.258076,-0.200762,0.127842,0.193369,-0.071083,0.030686,-0.014908,-0.122574,-0.048159,-0.191881,0.053137,-0.097408,-0.200378,-0.146171,0.000186,0.009516,0.087775,-0.278048,0.076067,0.38325,0.136356,0.139179,-0.126679,0.010515,0.063762,0.109919,-0.013985,-0.034964,-0.268783,0.296789,0.08336,-0.050113,-0.019896,-0.070409,0.030781,-0.105219,0.050434,-0.304273,0.144461,-0.068127,-0.119577,0.080942,0.041815,-0.285672,0.268184,-0.201301,0.018369,0.069236,0.173505,-0.20096,0.243097,0.152481,-0.178671,0.083962,-0.057394,-0.212127,-0.02475,0.132251,0.191676,0.181161,-0.386512,-0.152998,0.325879,-0.195728
canon_Method_00596,0.117785,-0.006381,0.023671,-0.068678,-0.012027,-0.037632,0.080492,0.046188,0.034176,-0.026175,0.030235,-0.056604,-0.043069,0.136549,0.059325,-0.095322,0.110011,0.072595,-0.080482,-0.079197,0.057588,0.02616,-0.164017,-0.040762,-0.106227,0.103681,-0.03077,0.038758,0.105456,0.017326,-0.007185,0.094584,-0.057556,0.032662,-0.056425,-0.104888,-0.004901,0.046396,-0.042848,0.04741,-0.091526,0.052909,-0.050404,0.044339,0.034468,-0.047707,-0.064435,-0.040994,0.016946,-0.049754,-0.182884,0.045024,0.19458,0.109717,0.028406,0.10298,-0.051469,0.125907,-0.113597,-0.038787,0.120563,-0.054381,-0.047922,0.157863,0.215518,-0.078967,-0.148193,-0.026985,-0.102296,-0.17083,0.015452,-0.010441,-0.092428,-0.081981,0.083113,-0.020912,-0.060977,0.01789,-0.049646,-0.043054,0.007388,-0.17754,0.040691,0.040229,-0.004135,0.027978,0.020439,-0.052557,0.037929,0.093689,-0.090062,-0.008825,-0.147653,0.08025,0.056147,0.036697,0.044302,-0.076504,0.049114,-0.059663,-0.113714,-0.14739,0.014953,-0.001278,-0.129169,0.042478,-0.111202,-0.125602,0.073883,0.052582,0.096187,0.046348,0.095989,0.107962,0.007501,0.072359,-0.10617,-0.084997,0.085179,-0.005948,0.035735,-0.100856,0.093747,0.077483,-0.078378,-0.082248,0.135976,-0.093887
canon_Method_00597,0.090144,0.024555,0.030709,-0.086532,0.003633,-0.047093,0.095348,0.020468,0.003601,-0.059807,0.031574,-0.026768,-0.066083,0.151367,0.086193,-0.085635,0.138617,0.044799,-0.074202,-0.08235,0.052328,0.058773,-0.16562,-0.064131,-0.087466,0.099177,-0.023816,0.036566,0.100387,-0.009467,-0.001886,0.039191,-0.049256,0.051563,-0.051006,-0.113726,-0.05657,0.055737,-0.073352,0.095296,-0.067533,0.045017,-0.056097,0.088003,0.022943,-0.054551,-0.052942,-0.034603,0.02234,-0.05035,-0.185568,0.05286,0.154618,0.114142,-0.003902,0.082968,-0.072672,0.130483,-0.127195,-0.025523,0.124205,-0.066342,-0.037389,0.176092,0.197152,-0.077831,-0.157694,-0.028271,-0.116812,-0.126093,0.033759,-0.050319,-0.125416,-0.089634,0.07236,0.003455,-0.110223,0.00699,-0.048546,-0.041556,0.026479,-0.144123,0.03683,0.066652,-0.006215,0.03024,-0.043136,-0.075686,0.039942,0.122437,-0.101934,0.030465,-0.13082,0.11425,0.05648,0.049188,0.038663,-0.043163,0.040811,-0.089625,-0.082138,-0.179673,0.018988,-0.028253,-0.115632,0.030751,-0.07661,-0.163685,0.077834,0.052752,0.077672,0.0277,0.097366,0.062209,0.035172,0.07329,-0.104855,-0.127745,0.071601,-0.013272,0.034426,-0.061164,0.086235,0.09353,-0.102903,-0.0948,0.101794,-0.092436
canon_Method_00598,0.007813,0.099977,-0.009742,-0.05099,0.003623,0.049351,0.102583,0.119389,0.013309,-0.128445,0.075897,0.145714,-0.006427,0.152486,0.213309,-0.132423,0.030876,-0.134397,-0.166542,-0.086719,0.125707,0.054001,-0.112239,-0.165209,-0.166166,0.122084,-0.00684,0.008101,-0.016728,-0.071288,0.027847,-0.120353,-0.053298,0.000635,-0.211684,0.009794,-0.01127,-0.015426,-0.003946,0.091817,-0.133205,0.165012,-0.039922,0.018079,-0.035329,0.130545,0.04057,0.13082,-0.143095,0.034057,-0.164031,-0.007547,0.131754,0.192634,0.144079,0.038705,-0.062901,-0.014334,-0.057332,0.059911,0.140274,0.042398,-0.192118,0.036351,0.246698,-0.129403,-0.030593,-0.023025,-0.11852,-0.009967,-0.027914,-0.189934,-0.045501,-0.104774,0.230056,0.099984,-0.22083,0.142097,0.008539,-0.072095,0.11325,-0.116756,0.038694,0.126473,-0.06987,-0.023439,-0.031352,-0.128945,0.132816,-0.006997,-0.210879,0.173365,-0.223449,0.205069,-0.097882,-0.067825,0.05357,-0.093899,-0.049118,-0.065797,-0.218839,-0.097252,0.037296,-0.115655,-0.146865,0.062771,0.114886,-0.179008,0.072839,0.046454,-0.030427,-0.017052,0.103677,0.013265,-0.019606,0.02272,-0.143195,-0.160602,0.097902,-0.08455,0.003242,0.001135,-0.058157,0.222845,-0.291847,-0.331185,0.074902,-0.053001
canon_Method_00599,-0.002103,0.121138,-0.029003,-0.052249,0.015905,0.072731,0.109008,0.118324,-0.012737,-0.095046,0.101303,0.144975,-0.021453,0.121463,0.196483,-0.131149,0.016222,-0.165075,-0.194475,-0.095187,0.072062,0.050607,-0.094274,-0.156723,-0.191883,0.121762,0.033606,0.028237,-0.047679,-0.099965,0.047193,-0.180343,-0.056195,0.009726,-0.27113,0.032261,-0.000751,-0.051696,-0.020774,0.119559,-0.162959,0.159897,-0.08906,0.01218,-0.086748,0.158648,0.054613,0.144898,-0.169561,0.013072,-0.178657,-0.041556,0.139405,0.212354,0.136609,0.057327,-0.073545,-0.084134,-0.055155,0.11505,0.164107,0.056934,-0.198855,0.017367,0.234254,-0.125262,0.033039,-0.028383,-0.139143,0.007944,-0.037845,-0.220983,-0.020341,-0.126855,0.236699,0.122201,-0.277496,0.106173,0.028231,-0.084249,0.146874,-0.131845,0.016999,0.145641,-0.058842,-0.025381,-0.055701,-0.105447,0.140604,-0.03234,-0.223371,0.197061,-0.192075,0.22464,-0.1569,-0.118893,0.054542,-0.121331,-0.044751,-0.081882,-0.210197,-0.111843,0.0555,-0.13253,-0.149719,0.066376,0.138007,-0.175647,0.074975,0.048747,-0.047469,-0.037255,0.169904,-0.015257,0.041332,0.032505,-0.147447,-0.174105,0.104859,-0.118855,-0.006841,-0.018624,-0.082543,0.273818,-0.343637,-0.379298,0.091642,-0.090861
canon_Method_00600,0.007762,0.13451,-0.038977,-0.060863,0.004051,0.108,0.104305,0.130624,0.001454,-0.096124,0.095037,0.144731,-0.032285,0.129094,0.228721,-0.131625,0.035488,-0.202943,-0.19112,-0.079935,0.06743,0.039564,-0.114845,-0.163525,-0.215115,0.138009,0.021911,0.017997,-0.070825,-0.094696,0.065363,-0.184784,-0.049937,0.00965,-0.283144,0.049268,0.014688,-0.05279,-0.012937,0.120516,-0.173299,0.165471,-0.042647,0.020086,-0.095931,0.150997,0.04183,0.155239,-0.164903,0.01124,-0.157711,-0.051141,0.126954,0.211725,0.1313,0.055838,-0.093955,-0.046515,-0.054784,0.111596,0.166821,0.054968,-0.224418,0.013534,0.232462,-0.127538,0.005975,-0.050037,-0.152664,0.002072,-0.025098,-0.24077,-0.024324,-0.131417,0.25606,0.119249,-0.256885,0.085329,0.040077,-0.073039,0.157336,-0.134909,0.009205,0.145764,-0.073585,-0.022558,-0.063296,-0.118853,0.148168,-0.04748,-0.241269,0.217065,-0.199021,0.262302,-0.159858,-0.088687,0.048191,-0.108183,-0.057486,-0.109214,-0.208959,-0.116225,0.053388,-0.141178,-0.156327,0.070523,0.174882,-0.15594,0.099206,0.058514,-0.081011,-0.033172,0.161848,-0.007418,0.014572,0.015437,-0.146292,-0.193106,0.114223,-0.106599,0.009601,-0.012698,-0.098242,0.25307,-0.350962,-0.382276,0.0924,-0.092045
canon_Method_00601,0.130286,0.08516,-0.088145,-0.043162,-0.067433,-0.035883,0.06807,-0.003349,0.073735,0.019747,-0.020366,0.075073,0.054066,0.039509,0.233041,-0.149275,0.061371,0.174021,-0.133375,-0.044432,0.051223,0.167855,0.129919,-0.121101,-0.097655,0.058866,-0.089993,0.15026,0.101979,-0.012725,0.094602,0.154561,0.043914,0.154358,-0.170526,-0.067788,0.033628,0.07018,0.094135,0.311604,-0.117965,0.004686,-0.014632,-0.015905,0.195428,-0.038661,-0.010097,0.054915,0.007009,-0.09162,-0.185485,-0.100484,0.23,0.119466,0.051353,0.096253,-0.011438,6.9e-05,-0.145696,-0.084627,-0.12449,-0.206527,-0.185124,0.237637,0.200329,-0.06699,-0.127174,0.078292,-0.009458,-0.074306,-0.050762,-0.040038,0.038951,-0.06184,0.140723,0.014588,-0.133663,0.088948,-0.028424,-0.003516,0.045661,-0.211766,0.026485,0.154858,0.002147,0.001308,-0.049243,0.002059,0.138107,0.109895,-0.067422,-0.063516,-0.057386,0.061515,0.083218,-0.128181,-0.099563,-0.144788,-0.00805,-0.054402,-0.101359,-0.27274,-0.025084,-0.095212,-0.065892,0.013136,0.025006,-0.229153,0.097667,0.128611,0.052196,0.075571,0.162863,0.113701,0.058342,0.115286,-0.019213,0.037876,0.182971,-0.104814,-0.047653,0.081779,-0.150222,0.221906,-0.241929,-0.250114,0.030012,-0.220169
canon_Method_00602,0.054549,-0.025032,-0.006943,-0.017994,-0.031982,-0.015529,0.046277,0.02608,0.025803,-0.019476,-0.017933,-0.005883,-0.003233,0.082385,0.113537,-0.050205,0.042569,0.009156,-0.073464,-0.003001,0.066073,0.031191,-0.099547,-0.03111,-0.074454,0.053117,-0.01606,0.017219,0.063314,-0.016337,-0.005238,-0.003854,-0.040259,0.045356,-0.022932,-0.041957,-0.048215,0.011995,0.032678,0.07491,-0.06785,0.053488,-0.025038,0.021554,0.028344,0.013955,-0.006359,0.04776,0.000148,-0.013743,-0.097267,0.007991,0.112234,0.075679,0.039286,0.051653,-0.035393,0.029692,-0.035089,-0.028858,0.051011,-0.04924,-0.069164,0.105765,0.137181,-0.061643,-0.076913,-0.001048,-0.05768,-0.116939,0.016819,-0.04633,-0.068538,-0.066109,0.0573,-0.012293,-0.06206,0.028169,-0.013264,-0.008031,0.005201,-0.075805,0.020037,0.019119,0.004282,-0.009522,-0.005671,-0.026719,0.076902,0.035011,-0.03925,0.0117,-0.113195,0.037971,0.03755,0.0086,0.007025,-0.028363,-0.037755,-0.048518,-0.054117,-0.087107,0.019794,-0.032304,-0.05501,0.035057,-0.033153,-0.103472,0.049228,0.033535,0.034896,0.039855,0.069322,0.032152,-0.012988,0.083,-0.145719,-0.03684,0.040435,-0.054553,-0.023066,-0.018379,0.048304,0.114496,-0.083472,-0.078767,0.096876,-0.058025
canon_Method_00603,0.048662,-0.017328,0.032145,-0.028616,-0.037939,-0.020756,0.053916,0.042646,0.017439,0.012627,-0.006948,0.020917,0.005679,0.076737,0.083878,-0.063301,0.035675,0.014727,-0.069545,0.002947,0.061634,0.037849,-0.065458,-0.018562,-0.092964,0.074097,-0.001402,0.004383,0.069062,-0.016763,0.016988,0.021876,-0.036952,0.016732,-0.027219,-0.042413,0.000537,-0.008672,0.016028,0.062051,-0.075588,0.055273,-0.014584,0.028782,0.035017,0.009922,-0.016865,0.026809,0.001547,-0.021728,-0.08837,0.021031,0.126578,0.093046,0.06941,0.052574,-0.036867,0.022533,-0.01218,-0.029199,0.054265,-0.063745,-0.066148,0.100296,0.142794,-0.073363,-0.051285,-0.009848,-0.049343,-0.127334,0.041439,-0.042983,-0.0539,-0.050205,0.069475,-0.001864,-0.06244,0.019196,0.00294,-0.01395,0.026351,-0.100728,0.032508,0.045623,-0.008629,0.00192,0.019019,-0.051767,0.082399,0.026112,-0.022276,0.042956,-0.093022,0.047029,0.043326,-0.015904,0.024492,-0.06713,-0.032203,-0.031844,-0.057559,-0.056117,0.018219,-0.050461,-0.061732,0.068248,-0.027859,-0.085543,0.07463,0.033846,0.039065,0.023451,0.05918,0.038241,-0.014318,0.096586,-0.12802,-0.026088,0.033409,-0.049437,-0.008101,-0.043409,0.041959,0.113709,-0.09386,-0.107008,0.088356,-0.0533
canon_Method_00604,0.085226,-0.099613,0.025872,-0.071854,-0.05001,0.009525,0.102472,0.002278,-0.012907,-0.037434,-0.037533,0.055668,-0.046447,0.15798,0.097961,-0.040723,0.056877,0.079166,-0.048684,-0.090448,0.09229,-0.019305,-0.194172,-0.081642,-0.098778,0.054779,-0.008357,-0.042861,0.048416,-0.022465,0.013168,0.032248,0.039758,0.035204,-0.002429,-0.085187,-0.12048,0.024427,-0.046704,0.067328,-0.133746,0.137878,-0.12467,0.078869,0.019684,-0.05912,-0.010692,0.021644,-0.052135,-0.023041,-0.108646,0.047509,0.180798,0.095185,0.117444,0.000826,-0.082769,-0.010667,-0.077341,-0.00043,0.105891,-0.030695,-0.111917,0.141108,0.14202,-0.033901,-0.054809,0.044788,-0.112933,-0.160688,0.00051,-0.135695,-0.037984,-0.138748,0.070129,0.048159,-0.187521,0.0471,-0.055051,-0.14212,0.013058,-0.097273,0.062207,0.048972,0.010269,0.037804,0.005208,-0.154056,0.066554,0.009742,-0.167796,0.125183,-0.157492,0.035571,0.040687,-0.029783,0.123975,-0.044705,-0.027936,-0.063116,-0.085909,-0.096298,0.003338,-0.098181,-0.125795,0.128608,-0.014834,-0.108111,0.053839,0.006507,0.09219,0.069997,0.026917,-0.001668,-0.048258,0.084555,-0.282152,-0.09588,0.016233,0.001069,-0.017848,-0.035142,0.071605,0.158172,-0.102583,-0.090886,0.145025,-0.05449
canon_Method_00605,0.168819,-0.061927,-0.090041,0.081098,0.169295,-0.077188,0.258685,0.102876,0.088339,0.298339,0.133795,0.247958,0.093599,0.392567,-0.049109,0.139804,0.012748,0.544379,0.118324,-0.350341,0.422004,0.196987,-0.228052,-0.102295,-0.147883,0.447086,-0.238968,0.314178,0.379617,0.084578,-0.019229,0.041849,0.245502,-0.16278,0.48117,-0.080964,0.126905,-0.088673,0.045339,0.092197,-0.537536,0.082283,-0.554903,-0.129743,0.056075,-0.452596,0.043215,-0.181676,-0.360125,0.129185,-0.266209,0.225622,0.608525,0.424453,0.205787,0.025779,-0.097715,0.293735,-0.235341,0.023443,0.074671,-0.106668,0.128915,0.289631,0.385375,0.20295,-0.192629,0.271153,0.008044,-0.405333,0.136631,-0.129477,0.168807,0.024414,0.233731,0.155867,-0.521092,-0.196807,-0.082787,-0.063417,0.020501,-0.449589,0.116897,-0.129615,0.031107,-0.448764,0.020766,-0.510381,0.26391,0.031235,0.101904,0.066495,-0.304409,-0.14881,-0.11661,-0.169844,0.323835,-0.312213,-0.119443,-0.042772,-0.400971,-0.35255,0.018107,-0.19696,-0.343548,0.169333,-0.180284,-0.548152,0.1591,0.044269,0.427873,-0.078457,-0.06634,0.140663,0.191756,0.397452,-0.331187,0.047364,0.330169,-0.008614,-0.136136,-0.016999,0.234519,0.336441,-0.349202,-0.407391,0.010394,0.021642
canon_Method_00606,0.010013,0.035966,0.027676,-0.121026,0.03959,0.024347,0.040142,0.05121,0.149685,-0.122808,-0.006228,0.007211,-0.055371,0.182175,0.184851,-0.157696,0.107864,0.016311,-0.05027,-0.080545,0.069345,0.053122,-0.16222,-0.056051,-0.185766,0.097688,-0.015455,0.03773,0.051477,-0.033647,-0.008954,-0.092215,-0.018985,0.061269,-0.056429,-0.075616,-0.117874,0.0297,0.022103,0.038525,-0.135158,0.092894,-0.05932,-0.003062,0.071645,-0.035078,0.062494,0.068001,-0.053522,0.044238,-0.199994,0.052264,0.177738,0.108957,0.069612,0.122047,-0.039092,0.095368,-0.032832,-0.027837,0.04753,-0.002729,-0.067201,0.136801,0.1866,0.051872,-0.074398,-0.021936,-0.100054,-0.129365,-0.018618,-0.120067,-0.154752,-0.034691,0.066107,0.083616,-0.060346,0.084389,-0.111426,-0.057355,-0.007105,-0.08342,-0.014944,0.016325,-0.034161,-0.163531,-0.016663,-0.15354,0.092275,0.091359,-0.185295,0.044817,-0.16701,0.093114,0.014575,0.015048,-0.077779,-0.029427,-0.049218,-0.169481,-0.152487,-0.116764,-0.007855,0.010489,-0.089656,-0.022605,-0.082106,-0.191418,0.040304,0.075744,0.102094,0.056731,0.066124,0.039089,-0.037709,0.040443,-0.194688,-0.13433,0.169816,-0.068434,-0.028002,-0.063154,0.011703,0.088111,-0.091796,-0.174053,0.143944,-0.040198
canon_Method_00607,0.010989,-0.010485,-0.007151,-0.103531,0.070571,0.008287,0.058147,0.094317,0.179259,-0.18181,-0.044064,-0.008334,-0.042503,0.278374,0.216336,-0.181329,0.092127,0.042683,-0.027227,-0.113024,0.111065,0.082643,-0.150848,-0.099576,-0.214249,0.114101,-0.029161,0.117802,0.108221,0.00813,-0.010984,-0.096701,-0.044392,0.097506,0.032325,-0.097218,-0.081733,0.073903,0.062792,0.096008,-0.140062,0.081779,-0.053734,0.035682,0.091336,0.012487,0.021276,0.09808,-0.067178,0.122609,-0.215991,0.028566,0.18103,0.110267,0.067008,0.131087,-0.002961,0.060457,-0.055432,-0.055143,0.043494,0.013557,-0.052521,0.170315,0.240615,0.103771,-0.118902,-0.010308,-0.107265,-0.117221,-0.019697,-0.161822,-0.203768,-0.0443,0.125803,0.109213,-0.105382,0.125139,-0.189135,-0.099292,-0.021317,-0.033039,-0.027479,-0.01826,0.018717,-0.180373,-0.00894,-0.159506,0.064697,0.088407,-0.177034,0.041813,-0.184069,0.099957,0.031456,0.022527,-0.123151,-0.073832,-0.032099,-0.225479,-0.18364,-0.105054,-0.020089,0.015536,-0.110698,-0.098671,-0.128858,-0.236415,0.046901,0.107482,0.113372,0.072306,0.081648,0.049572,-0.007232,0.065705,-0.201394,-0.100364,0.202109,-0.094848,-0.003004,-0.011469,0.00996,0.102798,-0.098172,-0.163438,0.104207,-0.04205
canon_Method_00608,0.145775,-0.029731,0.01734,-0.115332,-0.450417,-0.219913,0.25864,0.085771,0.372196,0.277165,0.369399,0.482468,0.044518,0.458579,0.318596,-0.072427,-0.11119,-0.255395,-0.309491,-0.176003,0.056725,0.458926,-0.180193,-0.302606,-0.44376,0.562719,-0.207561,0.190517,0.025675,-0.078608,0.045013,-0.282002,-0.035571,-0.307216,0.209947,-0.533068,-0.150162,0.116828,-0.156809,0.41398,-0.202345,0.138766,-0.212674,-0.117141,-0.111649,-0.026634,0.022293,0.134891,0.088174,0.426241,-0.530138,0.390367,0.608645,0.279676,0.291471,0.393338,-0.215196,0.429487,-0.17337,0.446552,-0.24504,-0.208989,-0.187672,0.520663,0.878369,-0.484075,-0.09812,-0.197312,-0.108067,-0.403769,0.330582,-0.27169,-0.311214,-0.523699,-0.046566,0.023827,-0.121878,0.634703,-0.001557,-0.042562,0.152758,-0.338332,-0.011831,0.487965,-0.052892,0.087003,0.211098,-0.365094,0.207294,0.573892,-0.053907,0.669063,-0.221501,0.488229,0.469171,-0.187941,0.075437,-0.495968,0.140705,-0.517672,-0.219997,-0.257832,-0.240249,-0.313967,-0.336889,0.251322,0.385803,-0.107829,0.293676,0.22821,0.564332,-0.128713,0.109997,0.008451,-0.249151,0.387558,-0.635289,-0.547313,0.429495,0.197746,-0.227339,-0.653895,0.402401,-0.262527,-0.491795,-0.384894,0.192346,-0.157498
canon_Method_01165,0.070019,-0.037573,0.040403,-0.040278,-0.038749,-0.012238,0.064239,0.076602,0.021533,-0.00441,0.021622,0.044274,-0.004835,0.135081,0.138699,-0.068028,0.0197,0.010555,-0.062283,0.008246,0.085638,0.061963,-0.130343,-0.02329,-0.141544,0.114312,-0.011841,0.022827,0.066057,-0.022868,0.019317,-0.005048,-0.026057,0.029481,-0.046622,-0.062926,-0.01192,-0.016281,-0.000295,0.099024,-0.060658,0.09278,-0.020013,0.030498,0.028527,0.001493,-0.019972,0.036396,0.00296,-0.016607,-0.091878,0.028342,0.171518,0.097335,0.063087,0.068086,-0.039344,0.056512,-0.024046,0.00789,0.065001,-0.07216,-0.104227,0.135019,0.191024,-0.10708,-0.115741,-0.025482,-0.078421,-0.164552,0.050359,-0.086453,-0.06495,-0.063387,0.057674,-0.018777,-0.082496,0.003723,-0.006715,-0.000517,0.049419,-0.109253,0.026192,0.071124,-0.001269,0.011838,0.004391,-0.058395,0.102379,0.027757,-0.064953,0.043823,-0.091471,0.07925,0.065948,0.000838,-0.022911,-0.075148,-0.01998,-0.089092,-0.104668,-0.129816,0.050282,-0.037474,-0.115961,0.070074,-0.045838,-0.087324,0.092267,0.051547,0.05413,0.034831,0.074783,0.051966,-0.022618,0.102133,-0.159293,-0.036471,0.088715,-0.054759,-0.036879,-0.073971,0.025344,0.11798,-0.163143,-0.146992,0.111645,-0.086976
canon_Method_01465,-0.227467,-0.369432,0.190164,-0.349597,-0.488656,0.044448,-0.065201,0.299415,0.471179,0.124076,-0.584538,0.096965,0.173116,0.349113,0.321872,-0.469973,0.603654,-0.382515,-0.272017,0.440851,0.304173,-0.359245,-0.46351,0.062165,-0.261598,0.170779,-0.102418,-0.444298,0.348159,-0.143004,-0.030723,0.200199,-0.676633,0.174827,0.118698,-0.152521,-0.10185,-0.238555,0.28123,0.209427,-0.655713,0.308559,-0.42978,0.202535,0.268666,0.478213,0.107169,0.458993,0.190659,-0.081956,-0.445101,0.381053,0.010699,0.319085,-0.024652,0.085433,-0.438792,0.281657,0.14999,-0.257348,0.189592,-0.77747,-0.484281,0.502595,0.912118,-0.2479,-0.416397,-0.085475,-0.1364,-0.820367,0.02563,-0.593249,-0.573653,-0.605285,0.36481,0.156867,-0.473964,-0.200728,0.011144,-0.496689,0.0738,-0.112142,0.436751,-0.104721,-0.196434,0.047674,-0.225614,0.14876,0.304176,0.003582,-0.285022,0.027624,-0.799479,-0.612172,0.147607,0.164815,0.572435,0.191284,-0.063356,-0.137879,0.10238,0.206363,0.229624,-0.468365,0.103314,0.209955,-0.37684,-0.609661,0.571816,0.145677,0.030838,0.560765,0.74639,-0.223219,-0.264334,0.933741,-1.439376,-0.691801,-0.152941,-0.355578,0.282809,-0.53181,0.888944,1.150747,-0.742125,0.021873,0.675655,-0.634826
canon_Method_01523,0.123642,0.014439,0.009377,-0.022224,0.024908,-0.138477,0.004773,0.021425,-0.097715,0.009802,0.248547,0.062741,-0.115507,0.042552,0.123885,0.059151,-0.11054,-0.020596,-0.062606,0.060413,0.177951,0.050283,-0.318332,-0.203849,-0.197429,0.00826,-0.110352,0.046329,-0.063876,-0.148976,0.079938,-0.171163,-0.026337,0.108224,0.019709,-0.056159,-0.164782,-0.16627,0.025415,0.350488,-0.114828,0.071825,-0.00332,0.12864,-0.12473,0.13762,0.029514,0.050573,0.048969,-0.118238,-0.188931,0.05859,0.202171,0.089924,0.335759,0.038493,0.053196,0.005859,-0.182001,-0.180949,0.257436,-0.268692,-0.16423,0.25815,0.266898,-0.163316,0.101199,0.177729,-0.056551,0.003605,0.015492,-0.097449,-0.07947,-0.189886,0.065584,-0.10603,-0.210765,-0.100818,0.011372,0.039724,0.066757,-0.278421,0.091863,0.341546,0.124793,0.101734,-0.080093,-0.004372,0.06248,0.113303,0.001965,-0.016606,-0.245937,0.279444,0.098769,-0.03843,-0.059955,-0.096121,-0.016621,-0.107973,0.040425,-0.252169,0.097408,-0.058551,-0.149066,0.091003,0.053443,-0.251213,0.230787,-0.152791,0.047981,0.041831,0.141863,-0.130422,0.185249,0.1223,-0.169155,0.083882,-0.01979,-0.185987,-0.054563,0.13357,0.152274,0.168052,-0.312549,-0.133409,0.283912,-0.119836
canon_Method_01920,0.07177,-0.015335,0.036213,-0.032719,-0.042677,-0.001841,0.095825,0.060191,0.030977,-0.017426,0.042657,0.060998,0.028977,0.119341,0.104152,-0.083825,0.055005,0.023416,-0.092823,-0.085306,0.054702,0.044566,-0.06635,-0.028997,-0.117382,0.116439,0.013181,0.05388,0.121423,-0.029556,0.018241,-0.010203,-0.037698,0.007027,-0.070448,-0.072609,-0.004108,-0.000556,0.007472,0.064094,-0.047449,0.08672,-0.02358,0.007544,0.029129,-0.033109,-0.022718,0.023149,-0.006341,-0.003034,-0.130238,0.007852,0.169255,0.130287,0.076817,0.039203,-0.033834,0.004782,-0.032164,-0.020986,0.078477,-0.034228,-0.084058,0.120286,0.184892,-0.145158,-0.07347,-0.025154,-0.058782,-0.171128,0.072581,-0.028717,-0.080196,-0.061704,0.045197,0.002726,-0.090492,0.054686,-0.049518,-0.036713,0.000234,-0.106105,0.020059,0.010528,0.023149,-0.008897,0.045371,-0.108685,0.118824,0.040214,-0.049174,0.027574,-0.09312,0.071118,0.027307,-0.071536,0.040552,-0.07514,-0.053482,-0.045957,-0.071334,-0.095627,-0.00711,-0.064439,-0.067314,0.059246,-0.057282,-0.075213,0.108548,0.101033,0.069261,0.007219,0.067661,0.09871,-0.02389,0.139635,-0.154226,-0.036102,0.099979,-0.067093,-0.042181,-0.079039,0.033442,0.103914,-0.137021,-0.159303,0.084217,-0.092511
canon_Method_01951,0.194224,-0.176186,-0.130427,0.172084,0.272019,-0.085707,0.282492,0.130046,0.14981,0.455867,0.081491,0.297735,0.121341,0.504413,0.017425,0.188894,-0.01348,0.617325,0.117958,-0.369115,0.587829,0.297415,-0.336566,-0.097631,-0.184077,0.567318,-0.31455,0.315601,0.503411,0.032339,-0.019942,-0.067153,0.325828,-0.183338,0.580478,-0.075643,0.156653,-0.25818,0.020765,0.203274,-0.841154,0.052765,-0.734529,-0.231061,-0.013813,-0.580232,0.097169,-0.194629,-0.435278,0.097656,-0.431089,0.257932,0.822537,0.548541,0.281305,0.115979,-0.212653,0.387316,-0.306467,0.07657,0.118417,-0.176204,0.140875,0.483714,0.514901,0.284663,-0.098368,0.32766,0.013359,-0.574885,0.183885,-0.161084,0.153445,0.056764,0.373616,0.141611,-0.791721,-0.351647,-0.081408,-0.090582,0.046049,-0.646943,0.185689,-0.180442,-0.114891,-0.646398,-0.021144,-0.579887,0.39666,-0.054669,0.16203,0.112113,-0.320179,-0.235046,-0.124851,-0.230911,0.436661,-0.367348,-0.240985,-0.060241,-0.39815,-0.497464,0.062771,-0.257369,-0.47141,0.209266,-0.190571,-0.71496,0.258675,0.029249,0.515026,-0.062487,0.096022,0.138468,0.263352,0.4891,-0.554149,0.010259,0.409147,-0.095917,-0.16671,-0.095603,0.290793,0.594411,-0.488733,-0.459063,0.126931,0.003125
canon_Method_01980,0.320307,-0.058298,0.144209,0.233364,0.059339,-0.23718,0.290509,0.088092,0.406788,-0.175516,0.04678,-0.051329,-0.023366,0.232031,1.002985,0.022159,0.056797,-0.015863,0.070504,0.415756,0.344904,0.384594,-0.521726,-0.312492,-0.052871,0.470105,-0.260384,0.547393,-0.053735,0.130218,0.085851,-0.099377,-0.111539,-0.182703,0.270504,-0.38718,-0.354908,-0.009777,0.328482,0.314783,-0.491687,0.237536,0.40541,-0.085364,0.414073,0.227182,-0.286453,0.307183,0.331567,-0.062373,-0.210679,0.418401,0.33967,0.030651,-0.028633,0.444282,-0.001388,0.467402,0.098231,-0.198389,-0.074164,-0.381033,-0.466526,0.537322,0.755205,-0.11007,-0.518156,0.190273,-0.173691,0.17308,-0.005324,-0.198961,-0.351345,-0.324505,0.27118,-0.607696,-0.110948,0.008181,-0.03882,-0.223224,0.150684,-0.454502,-0.166153,-0.090999,0.030101,-0.203093,0.045577,-0.105509,0.112529,0.376819,0.074168,-0.324161,-0.549091,0.277452,-0.143636,0.217225,-0.197771,-0.073556,-0.343411,-0.306513,-0.572236,-0.50257,0.195024,0.057772,-0.342475,0.198889,-0.312957,-0.477603,-0.218045,-0.193505,0.223331,0.026311,0.064421,0.163319,-0.007387,0.27695,-0.479162,0.114515,0.358109,-0.562628,-0.221595,-0.048779,0.213182,0.346276,-0.061374,-0.547473,0.726264,-0.316505
canon_Metric_00001,0.282612,-0.168121,-0.041495,-0.234794,-0.150773,0.073162,0.002282,-0.000301,-0.269116,-0.130661,-0.048831,0.096889,-0.256071,0.279247,0.245322,-0.276019,-0.130032,0.153456,-0.003345,-0.321571,-0.061136,-0.048254,-0.094606,0.107063,0.069015,0.248716,0.232541,0.185227,0.28163,-0.121085,0.06005,0.003814,0.0137,0.055492,0.005185,-0.202393,-0.136565,0.138234,0.067566,0.092537,0.024539,0.170915,-0.244934,0.210054,0.244392,-0.189118,-0.186169,0.034938,0.084445,0.037657,-0.217002,-0.023247,0.280165,0.224312,0.204464,0.073656,-0.196308,-0.108828,0.091745,0.049395,0.225596,0.087765,-0.012896,0.432348,0.082997,0.068513,-0.223703,0.027102,-0.1094,-0.459545,0.069348,-0.238815,0.076985,-0.226221,0.068245,0.193649,-0.140693,0.151067,-0.049245,0.062156,-0.063503,-0.107445,0.138563,0.080752,-0.107976,-0.152757,0.131273,-0.136923,0.286909,-0.045451,-0.058086,-0.003064,-0.059957,0.134283,-0.034688,0.076489,-0.092901,0.002962,-0.063798,-0.077268,-0.117282,-0.035252,-0.153336,0.113723,-0.121946,0.228902,-0.106535,-0.252791,0.035744,0.168075,0.030652,0.036965,0.123499,0.065178,-0.185813,0.168912,-0.137664,0.083675,0.239297,0.023713,-0.034479,0.088839,-0.145193,0.248551,-0.255195,-0.342145,0.094481,-0.163383
canon_Metric_00003,0.306117,-0.177126,-0.078093,-0.265018,-0.117466,0.098179,-0.017278,-0.00535,-0.259867,-0.14739,0.019463,0.116004,-0.265085,0.267247,0.255687,-0.277151,-0.139931,0.210341,-0.007397,-0.384898,-0.062812,-0.010204,-0.095405,0.104104,0.090048,0.287621,0.224738,0.177575,0.339415,-0.136432,0.050626,0.00064,0.028982,0.082008,0.020506,-0.16695,-0.108745,0.156222,0.065305,0.102773,0.015976,0.185844,-0.289416,0.215208,0.247588,-0.276788,-0.220898,-0.00861,0.049757,0.016399,-0.224661,-0.014198,0.304463,0.263467,0.23505,0.10458,-0.194669,-0.115152,0.093836,0.02788,0.262649,0.114878,0.015398,0.451916,0.078001,0.089088,-0.219557,0.074516,-0.1141,-0.506728,0.062399,-0.260444,0.099249,-0.20254,0.072874,0.204322,-0.123385,0.175274,-0.040008,0.057736,-0.085298,-0.164724,0.115131,0.08654,-0.116192,-0.165577,0.139114,-0.141911,0.299904,-0.02347,-0.047436,0.018218,-0.052785,0.115816,0.009857,0.08091,-0.142192,-0.033611,-0.047134,-0.103386,-0.1474,-0.052881,-0.157839,0.133606,-0.106549,0.234208,-0.129961,-0.298249,0.060727,0.17903,0.051001,0.046495,0.133579,0.096975,-0.176778,0.161669,-0.153213,0.10221,0.299274,0.02868,-0.033837,0.103528,-0.181155,0.230631,-0.292246,-0.370383,0.07364,-0.159132
canon_Metric_00004,0.274051,-0.145911,-0.025315,-0.23977,-0.134038,0.077198,0.014944,0.023682,-0.215445,-0.131921,0.006232,0.112076,-0.191958,0.254256,0.221179,-0.219714,-0.078944,0.185328,-0.001231,-0.316444,-0.017765,-0.000419,-0.105325,0.073022,0.048194,0.221739,0.165186,0.162396,0.269652,-0.078507,0.052974,0.025756,-0.012537,0.052217,0.029416,-0.193072,-0.08967,0.151139,0.068811,0.072763,0.021527,0.184367,-0.237952,0.185924,0.212269,-0.210195,-0.184197,0.004251,0.039772,0.035148,-0.181491,-0.015163,0.267522,0.220693,0.198073,0.070031,-0.164057,-0.077298,0.074313,0.035922,0.201211,0.069693,-0.012149,0.386988,0.089732,0.038949,-0.262996,0.072617,-0.102586,-0.442946,0.053847,-0.225434,0.07633,-0.176382,0.058306,0.151044,-0.101486,0.11129,-0.05779,0.041484,-0.055544,-0.132047,0.084501,0.089383,-0.076347,-0.092828,0.125479,-0.143376,0.284627,-0.014797,-0.073931,-0.006235,-0.081587,0.100094,-0.006578,0.098322,-0.080371,-0.015349,-0.036708,-0.095077,-0.159419,-0.042048,-0.111385,0.113957,-0.109389,0.190306,-0.140768,-0.250941,0.032869,0.150234,0.058746,0.033385,0.071281,0.104214,-0.157849,0.139634,-0.13223,0.067748,0.264796,-0.00125,-0.038398,0.06408,-0.130965,0.194267,-0.249146,-0.332436,0.038952,-0.164573
canon_Metric_00006,0.069947,-0.029068,0.037802,-0.054427,-0.046671,-0.028701,0.077898,0.049919,0.056993,-0.043404,0.053494,0.060103,0.006203,0.078761,0.113922,-0.043612,0.056897,0.058912,-0.030677,-0.014938,0.11662,0.029271,-0.098702,-0.079354,-0.106929,0.102546,-0.066009,0.049692,0.080681,-0.002906,0.000665,0.019552,-0.023218,0.015503,0.014334,-0.064569,-0.019384,0.007702,0.035389,0.062563,-0.080499,0.123895,-0.052404,-0.000134,0.049064,0.010881,-0.025396,0.034783,-0.040667,-0.005848,-0.06736,0.025741,0.122147,0.104353,0.095296,0.009801,-0.019364,0.048401,-0.041993,-0.074125,0.049831,-0.09587,-0.089683,0.096858,0.15887,-0.08959,-0.088231,0.037114,-0.056145,-0.129616,0.009352,-0.074778,-0.057609,-0.086963,0.061225,0.005511,-0.048836,0.030425,-0.051645,-0.045108,0.001815,-0.095594,0.018248,0.0527,0.049781,-0.034824,0.017247,-0.123225,0.091706,0.055085,-0.07107,0.0121,-0.152313,0.030772,0.045096,-0.04297,0.048951,-0.098853,-0.029368,-0.06812,-0.150057,-0.125571,0.03896,-0.058429,-0.06893,0.049543,-0.077767,-0.096685,0.110276,0.028609,0.029127,0.01748,0.022638,0.05391,-0.031728,0.154436,-0.162093,-0.013138,0.066408,-0.069339,-0.023801,-0.021862,0.058039,0.120893,-0.134592,-0.150806,0.088004,-0.102884
canon_Metric_00010,0.493351,-0.182791,0.674897,-0.419354,-0.20766,-0.1132,0.069757,0.813653,0.498941,-0.727562,-0.081528,-0.064583,-0.183241,0.631394,0.078491,-0.386629,0.283925,0.106328,-0.123287,0.594455,0.828557,-0.287613,0.014805,-0.536813,-0.874517,0.777133,0.06412,-0.302937,0.971964,-0.540346,0.598852,0.317772,-0.699558,0.381151,0.121042,0.398119,0.403489,0.468217,-0.122317,0.148151,-0.49758,0.662299,0.113181,0.123962,1.091978,-0.164923,0.110673,-0.221024,-0.334594,-0.118284,-1.336205,0.121223,0.907211,1.467167,0.89629,-0.189364,-0.291398,0.564237,0.076455,-1.097587,0.331465,-0.911041,-0.111305,0.431617,1.091391,0.037787,-0.281215,-0.253692,-0.668933,-0.656358,0.487969,-0.807563,-0.308112,-0.103227,0.548485,0.258094,-0.701509,-0.333745,0.056209,-0.269396,0.062653,-0.876068,0.547339,0.175321,0.343502,-0.433211,0.251758,-0.336402,0.633921,-0.133851,-0.293226,0.042367,-0.544117,0.393484,0.330029,0.23291,0.217051,0.267655,-0.13196,0.03581,-0.817982,-0.151879,-0.326365,-0.500743,0.020406,0.822217,-0.480792,-0.652837,-0.134724,0.031688,-0.249137,0.500956,0.326496,-0.33957,0.451268,0.815999,0.031693,-0.390567,0.347811,-0.427117,0.274049,-0.179549,0.125383,0.453678,-0.635982,-0.975673,1.380101,-0.157968
canon_Metric_00023,0.249729,-0.048554,0.337309,-0.191217,-0.068575,-0.043563,0.00309,0.408777,0.220947,-0.4075,0.009765,0.010798,-0.107001,0.299722,0.028715,-0.152343,0.058342,0.105013,-0.03761,0.293884,0.428763,-0.135776,0.037901,-0.2831,-0.408392,0.406364,0.019713,-0.098858,0.4388,-0.234219,0.287185,0.144369,-0.309252,0.134731,0.111738,0.146498,0.197302,0.25784,-0.072876,0.068502,-0.191976,0.342219,0.056255,0.056631,0.531833,-0.053737,0.063597,-0.106279,-0.192431,-0.047184,-0.634124,0.070977,0.434489,0.740606,0.446824,-0.084266,-0.113944,0.291444,0.031463,-0.527327,0.127223,-0.449366,-0.01292,0.200783,0.464832,0.063761,-0.132456,-0.086064,-0.353745,-0.260469,0.193769,-0.430245,-0.117855,-0.0473,0.247095,0.130293,-0.301071,-0.16734,0.023892,-0.147763,0.074435,-0.422595,0.256738,0.129731,0.169176,-0.198853,0.122099,-0.160646,0.29216,-0.071909,-0.166501,0.02987,-0.218518,0.221804,0.130744,0.115793,0.074024,0.110946,-0.01059,-0.020532,-0.497443,-0.068282,-0.139167,-0.195186,0.005007,0.399091,-0.195645,-0.314062,-0.134217,-0.045985,-0.140243,0.210456,0.092467,-0.189091,0.264389,0.325591,0.107744,-0.163554,0.198487,-0.232651,0.105198,-0.071805,0.032697,0.157875,-0.298621,-0.473605,0.622403,-0.070979
canon_Metric_00024,0.283084,-0.080109,0.387063,-0.255342,-0.075793,-0.074812,0.009174,0.489993,0.269022,-0.486955,-0.017648,-0.00806,-0.149158,0.365751,0.038918,-0.180987,0.127333,0.08541,-0.054731,0.339867,0.536435,-0.152431,0.033566,-0.362894,-0.488376,0.495327,-0.013942,-0.125498,0.545036,-0.280753,0.314137,0.157236,-0.3828,0.190998,0.135047,0.218801,0.230341,0.301271,-0.076735,0.079107,-0.24628,0.420232,0.059896,0.070922,0.61397,-0.088516,0.099955,-0.129138,-0.267583,-0.07196,-0.759567,0.089783,0.549935,0.902802,0.537342,-0.125789,-0.14598,0.359869,0.046577,-0.638236,0.164633,-0.549435,-0.011216,0.221471,0.578306,0.080245,-0.155291,-0.078041,-0.439053,-0.363749,0.238336,-0.56736,-0.138983,-0.06128,0.295802,0.15465,-0.402647,-0.239095,0.013924,-0.180666,0.061996,-0.507267,0.290943,0.134543,0.197595,-0.279611,0.15011,-0.206255,0.357886,-0.109052,-0.220106,0.013472,-0.294801,0.233548,0.165362,0.1384,0.095998,0.143836,-0.06432,-0.03547,-0.58537,-0.069279,-0.174961,-0.231451,0.009598,0.447013,-0.253221,-0.422353,-0.14107,-0.045574,-0.165749,0.253048,0.123375,-0.213089,0.296685,0.411305,0.086442,-0.196521,0.260317,-0.283988,0.115016,-0.101206,0.046268,0.221055,-0.381158,-0.565677,0.754179,-0.085455
canon_Metric_00025,0.243691,-0.065762,0.364214,-0.185048,-0.053477,-0.055307,0.002818,0.397825,0.213644,-0.433001,-0.003797,0.016173,-0.130978,0.312028,0.014078,-0.144654,0.061413,0.099678,-0.035369,0.305274,0.446918,-0.129003,0.054411,-0.303036,-0.387291,0.396552,0.01166,-0.086104,0.450151,-0.250398,0.285191,0.158817,-0.320138,0.134427,0.127309,0.158378,0.206002,0.264379,-0.101625,0.04059,-0.223105,0.348186,0.060707,0.072467,0.538875,-0.067719,0.094802,-0.114261,-0.216476,-0.031146,-0.690903,0.090318,0.454762,0.778959,0.444095,-0.094777,-0.135817,0.295057,0.039295,-0.523934,0.129576,-0.464408,0.027631,0.193567,0.46398,0.111617,-0.13863,-0.077333,-0.365619,-0.284202,0.174815,-0.484006,-0.11576,-0.050275,0.257948,0.133799,-0.346208,-0.200654,0.009157,-0.160155,0.059139,-0.428754,0.258497,0.120463,0.149093,-0.228561,0.128236,-0.166631,0.313526,-0.116354,-0.189416,-0.005073,-0.200846,0.198998,0.126018,0.129602,0.090755,0.134049,-0.041999,-0.005708,-0.520899,-0.033993,-0.137519,-0.182871,-0.007727,0.405383,-0.181743,-0.321997,-0.16148,-0.062242,-0.145932,0.178651,0.112711,-0.2113,0.262785,0.30874,0.146238,-0.156589,0.206955,-0.256041,0.08849,-0.078222,0.035713,0.17718,-0.307352,-0.46149,0.612634,-0.0732
canon_Metric_00026,0.484151,-0.27337,0.768623,-0.42501,-0.287092,-0.112226,0.057953,0.83498,0.429947,-0.793944,-0.150243,0.02822,-0.228074,0.720271,0.173416,-0.418654,0.231016,0.11103,-0.130159,0.726306,0.911459,-0.330304,0.031797,-0.563865,-0.85099,0.767669,0.026892,-0.320881,0.900355,-0.568226,0.552893,0.355866,-0.679036,0.340112,0.238146,0.3165,0.384021,0.414848,-0.181535,0.179814,-0.361,0.703403,0.131936,0.185257,1.079642,-0.067972,0.185793,-0.125753,-0.348444,-0.076228,-1.290558,0.131029,0.937994,1.348302,0.904258,-0.128361,-0.27363,0.528385,0.185228,-1.073294,0.306487,-0.963537,-0.144315,0.462533,1.087595,0.036775,-0.320648,-0.271088,-0.653636,-0.698108,0.397939,-0.914379,-0.322286,-0.179074,0.474095,0.251767,-0.767564,-0.391549,0.038884,-0.241586,0.130436,-0.809738,0.639106,0.209403,0.341699,-0.473542,0.268382,-0.252033,0.710057,-0.209042,-0.37891,0.008839,-0.489874,0.412206,0.243442,0.307185,0.145917,0.313997,-0.097808,-0.049861,-0.834678,-0.076219,-0.25199,-0.491034,0.007494,0.797567,-0.466461,-0.655662,-0.184003,0.015637,-0.277792,0.4948,0.358822,-0.356941,0.346857,0.785306,0.019073,-0.399522,0.403818,-0.465593,0.241684,-0.237386,0.084347,0.485136,-0.758269,-0.884236,1.347419,-0.144155
canon_Metric_00027,0.048663,-0.050152,0.026715,-0.046937,-0.039862,-0.004806,0.045416,0.047858,0.021971,0.010048,0.008581,0.032543,0.003251,0.117136,0.096316,-0.063664,0.046148,0.040266,-0.070005,-0.028151,0.0609,0.050356,-0.12134,-0.017013,-0.085128,0.078685,-0.045794,-0.001126,0.050029,-0.014559,0.013928,-0.019257,-0.000141,0.048352,-0.037006,-0.068453,-0.011756,-0.043601,0.049623,0.079796,-0.08722,0.060969,-0.04207,0.002312,0.018571,0.018093,-0.002877,0.047084,0.023989,-0.022763,-0.086566,0.02446,0.167748,0.070379,0.041706,0.099666,-0.026441,0.033113,-0.039856,0.006453,0.073415,-0.070821,-0.117906,0.142989,0.180077,-0.092835,-0.066499,0.011461,-0.091542,-0.156808,0.036418,-0.071028,-0.054259,-0.086926,0.049239,-0.011089,-0.08563,0.01384,-0.00957,0.001553,0.016214,-0.123435,0.030018,0.048387,-0.015166,0.018205,0.009426,-0.049952,0.067308,0.034934,-0.048938,0.027787,-0.121625,0.029852,0.072555,0.00585,0.011796,-0.074646,-0.021842,-0.065227,-0.075397,-0.095958,0.057431,-0.039673,-0.079173,0.051866,-0.028797,-0.094568,0.104569,0.048906,0.051064,0.037668,0.074482,0.070923,-0.032332,0.093704,-0.209708,-0.033832,0.056226,-0.055983,-0.032369,-0.055064,0.070743,0.117951,-0.118349,-0.066127,0.101137,-0.073364
canon_Metric_00028,0.085532,-0.046858,-0.010791,-0.04743,-0.058532,-0.026572,0.048316,0.02793,0.023488,0.00867,0.033712,0.015428,0.00744,0.120738,0.123794,-0.055354,0.07554,0.002054,-0.06476,-0.022748,0.090817,0.030292,-0.138989,-0.028639,-0.112444,0.082971,-0.044384,-0.039163,0.099301,-0.019514,-0.010111,-0.024999,-0.009933,0.058809,-0.013625,-0.015964,-0.038582,-0.024475,0.035354,0.09757,-0.070142,0.069151,-0.037385,0.031788,0.037961,-0.038699,-0.027646,0.017485,-0.018053,-0.026369,-0.053818,0.019121,0.152615,0.081262,0.091446,0.029701,-0.026281,0.030199,-0.027507,-0.024828,0.065951,-0.073708,-0.10488,0.128997,0.176816,-0.101277,-0.064359,0.021493,-0.069533,-0.186681,0.038279,-0.069269,-0.071665,-0.057166,0.044652,-0.00446,-0.070527,0.020721,-0.028985,-0.017003,-0.005705,-0.120864,0.026196,0.06143,0.018621,-0.006224,0.010564,-0.053857,0.101375,0.036846,-0.050151,0.040457,-0.141057,0.039719,0.105446,-0.015363,-0.001549,-0.064004,-0.04736,-0.085915,-0.050476,-0.121814,0.011211,-0.066041,-0.07095,0.042733,-0.056076,-0.095645,0.109522,0.053431,0.05152,0.071988,0.084086,0.068976,-0.057711,0.126027,-0.214758,-0.033594,0.048505,-0.027913,-0.036483,-0.050847,0.024778,0.114766,-0.102492,-0.112172,0.120274,-0.06349
canon_Metric_00031,0.098857,-0.065687,0.123318,-0.144686,-0.215112,-0.131609,0.242835,0.107728,0.141952,-0.072379,0.323287,0.250732,0.104067,0.057367,-0.004559,-0.041241,0.086496,0.343472,0.052274,-0.13128,0.339899,0.142143,-0.052125,-0.293965,-0.107268,0.144332,-0.234864,0.198614,0.199613,0.146655,-0.0287,0.142825,-0.03467,0.047341,0.05762,-0.249309,0.085605,0.033982,0.167849,0.007717,-0.033741,0.358262,-0.354034,-0.108434,0.180306,0.096025,-0.068529,0.049034,-0.210198,0.110649,0.047686,0.088604,0.108618,0.217823,0.272011,-0.115131,0.085105,0.025163,-0.06997,-0.183393,0.024043,-0.214483,-0.169721,0.026914,0.26872,-0.17764,-0.273335,0.249132,-0.110758,-0.205999,-0.067332,-0.152702,-0.003178,-0.253204,-0.03447,0.095317,0.094334,0.080501,-0.191439,-0.119075,-0.050475,-0.039341,-0.120743,0.165915,0.264166,-0.055708,0.197145,-0.435664,0.11492,0.314681,-0.260284,-0.080287,-0.351186,-0.098928,0.109494,-0.113191,0.216498,-0.314548,0.046318,-0.075522,-0.436415,-0.174957,0.161451,-0.228214,-0.143618,-0.022122,-0.291166,-0.130959,0.205898,0.021113,0.074638,-0.020317,-0.162521,0.219216,-0.119707,0.397666,-0.228686,0.088778,0.096178,-0.146494,-0.160809,-0.040759,0.191864,0.090666,-0.288772,-0.302454,-0.089685,-0.254928
canon_Metric_00033,0.064364,0.178312,-0.091243,-0.194187,0.115515,0.05882,-0.096778,-0.079907,-0.101973,-0.092741,0.285676,0.069545,-0.054716,-0.011211,0.190102,-0.011544,-0.066773,0.278476,-0.240752,-0.086691,0.190328,-0.239845,-0.427087,0.126535,-0.316592,0.444114,0.03633,-0.010821,0.087622,0.147275,-0.121405,-0.101367,-0.04905,-0.095652,-0.014884,-0.013015,-0.136539,0.269007,0.067112,0.154812,-0.157364,0.42793,-0.163702,-0.185144,0.018894,-0.055143,0.231075,0.151026,-0.131832,-0.20939,-0.080687,0.007457,0.237893,0.650338,0.306423,-0.112915,0.119576,-0.054897,-0.245909,-0.113125,0.077167,-0.343027,-0.043322,0.335413,0.211094,-0.218989,-0.004134,0.189037,-0.409563,-0.320127,0.014793,-0.279941,-0.129016,-0.067858,0.230473,0.008864,0.08321,0.000153,-0.121576,-0.367703,0.177789,-0.4318,0.001399,0.191725,-0.123735,-0.055853,-0.217829,-0.351871,0.071719,-0.007071,-0.38948,0.519497,-0.595937,0.112737,0.324993,-0.462487,-0.016164,-0.213204,0.023139,-0.430395,-0.695065,-0.284687,-0.000971,0.128931,0.006489,0.286026,0.01731,-0.699768,0.269926,-0.265375,0.01756,0.063809,-0.037404,0.001932,0.428614,0.185704,-0.389003,-0.294027,0.131123,-0.106602,-0.025837,0.012285,0.254738,0.26619,-0.1948,-0.254454,0.369415,-0.534253
canon_Metric_00035,0.05525,-0.042814,0.012342,-0.057976,-0.048929,0.001796,0.04844,0.036879,0.059152,0.008425,-0.015624,-0.007053,-0.00494,0.094873,0.118226,-0.074103,0.0684,-0.016897,-0.101972,0.042419,0.081086,0.015842,-0.108812,-0.012108,-0.11516,0.083055,-0.026777,-0.039211,0.083864,-0.038671,0.014225,0.006586,-0.038207,0.042205,-0.015551,-0.032873,-0.014103,-0.041326,0.04344,0.075789,-0.09667,0.072066,-0.027626,0.031797,0.049799,-0.016001,0.007716,0.044681,0.011993,-0.014157,-0.080372,0.013707,0.151377,0.085841,0.059091,0.048947,-0.028418,0.056469,-0.001288,-0.043793,0.061465,-0.072817,-0.097328,0.106749,0.169397,-0.076221,-0.058753,-0.03222,-0.065695,-0.180513,0.075425,-0.057727,-0.058373,-0.057616,0.075317,0.014519,-0.071751,0.012494,-0.004547,-0.008439,0.01101,-0.113423,0.062508,0.034298,-0.009371,0.002038,0.009165,-0.04206,0.099889,0.016219,-0.036694,0.042264,-0.123935,0.031972,0.054011,0.008428,0.030514,-0.034006,-0.032172,-0.06304,-0.034997,-0.092397,0.0125,-0.067043,-0.058932,0.081644,-0.038529,-0.093314,0.106045,0.06295,0.025367,0.081931,0.075857,0.025749,-0.044153,0.114016,-0.191557,-0.066312,0.016098,-0.030824,-0.003006,-0.047833,0.056423,0.127246,-0.12582,-0.106672,0.122556,-0.052864
canon_Metric_00039,0.072116,-0.039392,0.038252,-0.031666,-0.031853,-0.013698,0.060389,0.0408,0.039513,-0.009939,-0.001245,0.011618,0.023188,0.090762,0.092923,-0.078124,0.056866,0.044568,-0.074777,-0.031631,0.042743,0.04051,-0.0985,-0.006019,-0.111981,0.084161,-0.005695,0.009023,0.103314,-0.00666,-0.001309,0.003776,-0.012318,0.01611,-0.052131,-0.060955,-0.00922,-0.015938,0.004883,0.060644,-0.078872,0.053264,-0.037825,0.009593,0.044104,0.004215,-0.012711,0.014804,0.009124,-0.024686,-0.10544,0.015167,0.148854,0.096921,0.059009,0.067461,-0.042485,0.046088,-0.019235,-0.033795,0.078964,-0.051643,-0.075426,0.145116,0.176061,-0.080533,-0.071361,-0.016579,-0.068242,-0.158785,0.053844,-0.036003,-0.067191,-0.061949,0.076443,0.004106,-0.082082,0.017819,-0.006356,-0.038213,0.012696,-0.109847,0.049567,0.033913,0.014411,0.009257,0.023637,-0.054448,0.08125,0.040835,-0.036467,0.059874,-0.107584,0.060833,0.059337,0.007185,0.031125,-0.076862,-0.023145,-0.036638,-0.057447,-0.083839,0.021327,-0.052157,-0.081834,0.078165,-0.055934,-0.098063,0.093308,0.047472,0.071617,0.038771,0.059954,0.077919,-0.014883,0.11561,-0.171033,-0.049479,0.055654,-0.04638,-0.01128,-0.055198,0.049748,0.12746,-0.106032,-0.107178,0.118407,-0.070278
canon_Metric_00040,0.049603,-0.037956,0.000705,-0.040287,-0.031884,0.009986,0.031481,0.062383,0.033858,-0.018783,0.008958,0.01141,0.007145,0.103622,0.116542,-0.076308,0.016965,0.049237,-0.090789,-0.013686,0.052404,0.052656,-0.082109,0.004269,-0.096373,0.100705,0.005327,0.040076,0.085168,-0.006256,0.00506,-0.031396,-0.044951,-0.019338,-0.05657,-0.065605,-0.010563,-0.013573,0.02887,0.07165,-0.070025,0.04796,-0.042247,0.017667,0.038005,0.028816,-0.006831,0.028335,0.008428,-0.034142,-0.111842,0.022563,0.151611,0.106502,0.07174,0.078069,-0.022362,0.032228,-0.033869,-0.03092,0.067833,-0.058086,-0.069041,0.149314,0.173871,-0.085223,-0.080966,0.008591,-0.077456,-0.170966,0.041765,-0.06195,-0.0755,-0.052152,0.066077,0.004612,-0.061358,0.079683,0.013921,-0.025448,0.02616,-0.116615,0.040698,0.041978,-0.002263,0.061246,0.022002,-0.042292,0.087152,0.04108,-0.054348,0.079083,-0.117119,0.073487,0.047306,-0.012358,0.011333,-0.08682,-0.005489,-0.060936,-0.072178,-0.077163,0.017171,-0.038379,-0.087131,0.052555,-0.05212,-0.098476,0.073709,0.034006,0.077712,0.028964,0.058753,0.064889,0.013961,0.091703,-0.170904,-0.051405,0.042751,-0.060898,-0.035794,-0.059641,0.071626,0.101133,-0.100015,-0.103058,0.108209,-0.090688
canon_Metric_00041,0.164439,-0.103194,-0.012093,-0.147537,-0.071238,0.037095,0.009743,-0.000846,-0.179322,-0.087139,0.004458,0.052635,-0.166359,0.187093,0.201396,-0.194852,-0.050872,0.097393,-0.031986,-0.206514,-0.009305,0.001442,-0.126615,0.076375,-0.012225,0.159058,0.13568,0.115453,0.180211,-0.083145,0.034266,-0.01641,0.014266,0.028623,-0.0033,-0.117023,-0.08187,0.091207,0.034742,0.06648,-0.007668,0.106468,-0.148209,0.145197,0.154736,-0.133013,-0.111349,0.025172,0.034536,0.018088,-0.16543,0.013345,0.211168,0.171975,0.115926,0.062949,-0.130081,-0.050589,0.028052,0.044853,0.165616,0.033877,-0.000712,0.284201,0.085952,0.000536,-0.162702,0.035351,-0.094355,-0.298896,0.061493,-0.17029,0.000512,-0.148039,0.049365,0.103622,-0.128043,0.078534,-0.032697,0.004203,-0.009896,-0.112674,0.090097,0.063158,-0.051554,-0.074171,0.071946,-0.101119,0.172486,0.006247,-0.058898,0.037016,-0.071423,0.107382,0.000676,0.060163,-0.036777,-0.017143,-0.04692,-0.077781,-0.079951,-0.079089,-0.078021,0.063621,-0.098819,0.165869,-0.07519,-0.194731,0.050062,0.105295,0.040857,0.045226,0.088594,0.061125,-0.102844,0.101025,-0.13841,0.008957,0.155698,0.003771,-0.015491,0.022843,-0.069959,0.179307,-0.161659,-0.249128,0.088507,-0.111
canon_Metric_00043,0.334884,-0.105783,0.154913,0.208036,0.038334,-0.219876,0.318156,0.086805,0.481636,-0.232095,-0.019954,-0.013597,-0.012366,0.179179,1.096187,0.012334,0.07726,-0.09199,0.078331,0.463942,0.398978,0.431044,-0.455223,-0.346575,-0.075525,0.536576,-0.227945,0.549904,-0.077692,0.094949,0.079891,-0.1637,-0.084894,-0.207066,0.223366,-0.376699,-0.362568,-0.048324,0.358308,0.27934,-0.528077,0.24377,0.386933,-0.110207,0.457479,0.270948,-0.235274,0.305687,0.300186,-0.070284,-0.262028,0.382968,0.351814,0.038882,-0.058138,0.499521,0.044378,0.459811,0.135505,-0.244037,-0.083609,-0.346994,-0.516686,0.521464,0.71287,-0.030732,-0.512698,0.202085,-0.138974,0.199409,0.050365,-0.248581,-0.33102,-0.264572,0.245939,-0.614841,-0.08894,-0.019978,0.03107,-0.241503,0.134216,-0.491864,-0.178591,-0.151145,0.00208,-0.205763,0.040037,-0.127024,0.15178,0.377768,0.082053,-0.355957,-0.571594,0.267988,-0.208799,0.226745,-0.140958,-0.029346,-0.365728,-0.29257,-0.571859,-0.512621,0.184251,0.009938,-0.32689,0.185496,-0.345454,-0.490919,-0.220226,-0.217335,0.215775,0.015588,0.030207,0.142462,-0.031569,0.276927,-0.514568,0.113341,0.376542,-0.657416,-0.23843,-0.05578,0.172854,0.345823,-0.124104,-0.585523,0.792046,-0.265719
canon_Metric_00044,0.078814,-0.006907,0.013133,-0.026476,-0.045456,-0.014576,0.061894,0.042138,0.037475,-0.001354,0.035038,-0.000198,0.009246,0.108353,0.128538,-0.074292,0.047369,0.040548,-0.097922,-0.003203,0.060706,0.042592,-0.106838,-0.014764,-0.110346,0.079367,-0.040654,0.029306,0.066112,-0.002878,-6e-05,0.002604,-0.029572,0.041369,-0.038193,-0.06404,-0.005585,0.013765,0.051109,0.107291,-0.076988,0.072868,-0.007907,0.023438,0.032681,0.002268,-0.011298,0.024328,0.010791,-0.008334,-0.092121,0.002541,0.145177,0.097976,0.058556,0.074987,-0.015037,0.019097,-0.058601,-0.026254,0.069657,-0.070008,-0.086024,0.132437,0.16823,-0.094379,-0.071798,-0.015197,-0.063867,-0.148452,0.038801,-0.046764,-0.073771,-0.062136,0.082046,-0.015767,-0.049618,0.035098,-0.014835,0.012427,0.030349,-0.116604,0.03372,0.043398,-0.001101,0.019283,-0.00628,-0.047529,0.089405,0.034807,-0.040923,0.018491,-0.136627,0.066766,0.07277,-0.01768,-0.012093,-0.06924,-0.029482,-0.069269,-0.091822,-0.112707,0.042295,-0.021257,-0.076875,0.046978,-0.028852,-0.115096,0.085004,0.038502,0.062449,0.044908,0.058598,0.062884,-0.012218,0.080252,-0.164097,-0.01798,0.059925,-0.052743,-0.018792,-0.034751,0.048911,0.106447,-0.102557,-0.107738,0.102844,-0.078607
canon_Metric_00045,0.054632,-0.03969,0.025874,-0.064074,-0.040008,-0.012669,0.050182,0.065275,0.045025,0.027069,0.023515,0.028892,-0.009696,0.11944,0.094465,-0.069411,0.04641,0.025487,-0.073239,0.01152,0.068884,0.018002,-0.118216,-0.000697,-0.110514,0.088342,0.010657,-0.038061,0.050793,-0.042741,0.012409,-0.015861,-0.019199,0.04039,-0.049274,-0.040666,0.000171,-0.045641,0.026233,0.071423,-0.080551,0.083278,-0.078264,0.005812,0.0353,-0.007969,-0.015808,0.040757,0.020476,-0.029897,-0.104089,0.052562,0.15667,0.101049,0.058506,0.076002,-0.049382,0.04216,0.001614,0.000277,0.060126,-0.075156,-0.102376,0.142363,0.205119,-0.088605,-0.040096,-0.009132,-0.067232,-0.184844,0.027401,-0.047093,-0.045685,-0.077851,0.049155,-0.01324,-0.064615,-0.007347,0.0032,-0.002651,0.024788,-0.121435,0.036489,0.033829,-0.003136,0.000292,0.017442,-0.03546,0.083882,0.019017,-0.049207,0.046828,-0.099339,0.02682,0.06789,-0.001031,-0.000535,-0.058824,-0.013853,-0.073181,-0.078347,-0.086223,0.045706,-0.044676,-0.077595,0.085335,-0.059551,-0.110631,0.099863,0.055887,0.055415,0.062396,0.097045,0.05056,-0.028262,0.118204,-0.214121,-0.057199,0.061619,-0.056589,-0.035951,-0.08208,0.066966,0.130727,-0.137103,-0.121852,0.146927,-0.088143
canon_Metric_00047,0.106842,-0.029944,0.034496,-0.019367,-0.024395,0.004379,0.049035,0.035497,0.037633,-0.021542,-0.007497,0.022731,0.008093,0.092268,0.130586,-0.063139,0.068952,0.026963,-0.088016,-0.018939,0.051866,0.044192,-0.099875,-0.035522,-0.114929,0.086424,-0.002248,-0.006163,0.092163,-0.040957,0.018707,0.01556,-0.035139,0.03081,-0.060363,-0.067997,-0.007046,-0.017105,-0.014444,0.076404,-0.108455,0.060582,-0.014447,0.028784,0.050886,-0.018763,-0.005855,-0.008112,-0.007513,-0.028389,-0.132668,-0.005162,0.157596,0.116115,0.080004,0.062554,-0.038263,0.047334,-0.037032,-0.056522,0.084621,-0.075614,-0.104403,0.144841,0.172925,-0.103942,-0.063138,-0.020849,-0.065758,-0.158969,0.054193,-0.033403,-0.100751,-0.052183,0.082912,-0.006462,-0.110925,0.044225,-0.000412,-0.011216,0.025913,-0.127947,0.071485,0.050917,0.014925,0.007908,0.013985,-0.054148,0.111239,0.02792,-0.059472,0.029005,-0.110395,0.071579,0.066296,-0.011603,0.045862,-0.057093,-0.043138,-0.043743,-0.033712,-0.103981,0.005976,-0.057777,-0.103545,0.07619,-0.025673,-0.099143,0.095783,0.034512,0.060062,0.03403,0.088254,0.065829,-0.013874,0.109608,-0.152665,-0.041882,0.069368,-0.060785,0.001263,-0.066394,0.048068,0.124302,-0.121803,-0.113909,0.122947,-0.083693
canon_Metric_00048,0.358952,-0.370391,0.176446,-0.165699,-0.328808,-0.08644,0.393966,0.269125,0.248182,-0.042543,-0.262691,-0.030083,0.066726,0.676678,0.840704,-0.488671,0.468085,0.047004,-0.52318,0.131893,0.430645,0.156442,-0.746438,-0.063989,-0.693861,0.503466,-0.065815,-0.103096,0.606185,-0.209624,0.089493,0.091694,-0.228732,0.266596,-0.194348,-0.189293,-0.073557,-0.07093,0.169865,0.526915,-0.602265,0.375173,-0.052337,0.194664,0.259972,-0.074947,-0.078086,0.240402,0.108969,-0.113473,-0.604632,0.039997,0.980638,0.49197,0.260537,0.373038,-0.291579,0.275754,-0.115354,-0.238512,0.456611,-0.446534,-0.544308,0.783499,1.160779,-0.535945,-0.502118,-0.235357,-0.311858,-0.997225,0.248343,-0.262853,-0.551012,-0.332023,0.468904,-0.095522,-0.571285,0.094371,-0.059676,-0.049751,0.092917,-0.743673,0.365393,0.208314,0.027987,-0.077108,0.070583,-0.287833,0.658839,0.135647,-0.166414,0.216842,-0.748287,0.262467,0.376078,0.094232,0.057568,-0.205009,-0.268905,-0.331882,-0.239025,-0.576009,0.100933,-0.386281,-0.504188,0.45645,-0.344488,-0.57339,0.592287,0.408751,0.314699,0.37117,0.575289,0.339887,-0.24218,0.692255,-1.137112,-0.380547,0.244631,-0.230511,-0.041286,-0.305733,0.379627,0.816263,-0.650636,-0.640442,0.839177,-0.441684
canon_Metric_00050,0.091234,-0.024966,0.022433,-0.006034,-0.053534,-0.013043,0.06613,0.0348,0.035714,-0.001525,0.046404,0.01175,0.024942,0.046162,0.103264,-0.050732,0.044663,0.055121,-0.073097,-0.01944,0.058899,0.012272,-0.103279,-0.046571,-0.124011,0.047516,-0.027016,-0.008685,0.053623,-0.016754,0.015531,-0.007867,0.006427,0.028606,-0.051066,-0.049689,-0.009055,-0.026226,0.035158,0.064211,-0.060184,0.06867,-0.05489,-0.019455,0.046148,0.007069,-0.026876,0.016076,0.017049,-0.015763,-0.110484,-0.019809,0.142312,0.094971,0.084175,0.061394,-0.03707,0.014539,-0.048561,-0.033854,0.071541,-0.050525,-0.107946,0.135608,0.172164,-0.092784,-0.0616,-0.006462,-0.057274,-0.164016,0.015764,-0.030203,-0.067859,-0.051563,0.055238,-0.045525,-0.05172,0.029526,-0.027821,0.005508,0.013279,-0.116934,0.045816,0.052596,0.017975,-0.002751,0.000667,-0.046732,0.118137,0.021179,-0.053394,0.017569,-0.106339,0.074292,0.048564,-0.034268,-0.001232,-0.048565,-0.04127,-0.018635,-0.072362,-0.116996,0.041807,-0.059258,-0.10188,0.071543,-0.037688,-0.086968,0.094396,0.028893,0.048164,0.040822,0.092357,0.078231,-0.012202,0.102094,-0.170109,-0.001686,0.047795,-0.051793,-0.039695,-0.057881,0.052506,0.102539,-0.125746,-0.109678,0.158341,-0.094328
canon_Metric_00051,0.094557,-0.041808,0.027913,-0.039748,-0.031019,-0.022657,0.031416,0.038912,0.027189,-0.003848,-0.008894,0.005519,-0.000758,0.077266,0.120618,-0.057404,0.051315,0.01462,-0.04866,-0.027274,0.084647,0.018315,-0.131743,-0.019052,-0.113963,0.080243,-0.040404,-0.017178,0.071592,0.001822,-0.011982,-0.011985,-0.029569,0.039242,-0.016358,-0.023569,-0.021996,0.001376,0.016221,0.075355,-0.076721,0.088221,-0.019405,0.038309,0.032272,-0.017351,-0.036384,0.01758,-0.014796,-0.018465,-0.093298,0.015804,0.156315,0.088923,0.080704,0.032925,-0.040288,0.047762,-0.035867,-0.029754,0.088319,-0.065845,-0.070355,0.12738,0.143783,-0.088893,-0.05948,-0.002587,-0.059793,-0.169931,0.03921,-0.082127,-0.079053,-0.057302,0.065648,-0.024581,-0.079371,-0.002067,-0.027183,-0.030613,0.018799,-0.133523,0.045943,0.053344,-0.001173,-0.017348,0.015583,-0.055234,0.093152,0.027105,-0.071121,0.030581,-0.121918,0.070875,0.051329,-0.019651,0.023723,-0.068456,-0.052651,-0.055114,-0.054866,-0.116064,0.003225,-0.046562,-0.067901,0.062041,-0.037977,-0.097774,0.093555,0.042187,0.062451,0.055183,0.098117,0.027046,-0.04463,0.115219,-0.160432,-0.043903,0.034626,-0.021985,0.008759,-0.038228,0.043617,0.143487,-0.113593,-0.104283,0.129476,-0.064994
canon_Other_00003,0.512011,-0.625282,-0.087907,-0.558448,-0.107977,0.209533,-0.116235,-0.18554,-0.607579,-0.235174,0.124249,0.144009,-0.585406,0.33522,0.463248,-0.734707,-0.04731,0.246438,-0.215992,-0.840433,-0.170392,-0.300281,-0.185061,0.484048,0.199006,0.612713,0.559901,0.027356,0.521864,-0.548262,0.128653,0.109495,0.017782,0.165882,0.014624,-0.32953,-0.092129,0.130613,0.12237,0.131253,0.213036,0.157715,-0.380761,0.27899,0.457168,-0.634619,-0.29546,-0.117403,0.317329,-0.008388,-0.270276,-0.246656,0.77051,0.546716,0.274566,0.402436,-0.15862,-0.462046,0.038303,0.220341,0.654,0.134334,0.114135,0.987329,0.102486,-0.068928,-0.14015,0.185569,-0.049669,-1.015004,0.385883,-0.33235,0.108761,-0.447409,-0.140072,0.302892,-0.400517,0.176437,0.084675,0.041745,-0.182382,-0.359522,0.322751,0.014223,-0.410811,-0.084344,0.316596,-0.099551,0.574786,0.001008,0.026378,0.004612,-0.156468,0.186882,-0.094779,-0.099395,-0.194598,-0.03376,-0.219776,-0.136363,0.109087,-0.153344,-0.38481,0.251277,0.049535,0.478199,-0.316792,-0.662184,0.395878,0.234743,0.360309,0.186574,0.486795,0.152434,-0.16671,0.248161,-0.530116,0.064991,0.591833,0.159719,0.02831,-0.000152,-0.310252,0.611044,-0.516705,-0.717964,0.224026,-0.4569
canon_Other_00005,0.143347,0.163542,-0.4497,-0.108238,-0.314964,0.132367,-0.1791,-0.022103,-0.194803,-0.040617,0.030761,-0.287217,-0.262146,0.325282,0.303329,-0.372147,-0.164708,0.125639,-0.078839,-0.402772,0.328159,0.022897,-0.455068,-0.148525,-0.049125,-0.116791,-0.165819,-0.000745,0.258821,-0.067259,-0.087299,0.101971,-0.056939,0.328033,-0.086477,-0.348538,0.062006,0.061995,0.45031,0.162352,-0.188304,0.117068,-0.114492,-0.051614,0.385373,0.028828,-0.006075,0.137348,0.074579,0.45954,-0.108743,0.221582,0.219167,0.308671,0.239636,0.244391,-0.179542,-0.243466,-0.207853,0.056593,0.07893,0.207276,-0.425516,0.06869,0.101167,-0.00468,-0.386308,0.464342,-0.26255,-0.624883,-0.435704,-0.450825,-0.147426,-0.280892,0.352514,0.12193,-0.033616,0.026932,-0.302739,-0.018753,-0.260828,-0.172933,0.085989,-0.156457,-0.021811,-0.138495,0.404211,0.004832,0.42378,-0.130046,-0.261608,-0.300942,-0.499643,-0.484141,0.27459,0.016826,0.626052,-0.074778,-0.160449,-0.184192,-0.391003,-0.291528,-0.073021,0.229499,-0.306285,0.284543,-0.019264,-0.408609,-0.389655,-0.324085,0.124805,0.123472,-0.154461,0.131477,0.036765,0.047403,-0.513413,-0.146436,0.364407,-0.036594,-0.213823,0.182942,-0.112163,0.424459,-0.041174,-0.29634,0.128853,-0.536813
canon_Other_00006,0.487433,-0.187734,0.276132,0.235645,0.004465,-0.162899,0.451286,0.105472,0.679742,-0.265845,-0.126397,0.022848,-0.012182,0.181136,1.36625,0.018781,0.203183,-0.063417,0.112451,0.506986,0.427467,0.583909,-0.568269,-0.492027,-0.013188,0.697573,-0.352893,0.615955,-0.026574,0.208634,0.213676,-0.145099,-0.169059,-0.258663,0.213585,-0.50907,-0.406585,-0.074727,0.481049,0.333867,-0.749375,0.334581,0.532655,-0.179621,0.613444,0.24227,-0.420652,0.357971,0.401781,-0.11649,-0.295201,0.444846,0.449811,0.108948,-0.03358,0.663683,0.094427,0.642967,0.234392,-0.359887,-0.082503,-0.468087,-0.786017,0.672365,0.940915,-0.081002,-0.690257,0.281883,-0.286101,0.188901,0.107197,-0.272766,-0.446172,-0.265904,0.365003,-0.811203,-0.076969,0.036679,0.052985,-0.34067,0.128757,-0.617538,-0.222496,-0.178144,-0.054539,-0.206141,0.084198,-0.210053,0.261221,0.566252,0.150356,-0.438271,-0.705359,0.310627,-0.202428,0.333387,-0.114068,-0.019451,-0.431963,-0.345164,-0.69047,-0.624065,0.263433,-0.018881,-0.419691,0.24945,-0.547791,-0.584201,-0.253422,-0.253926,0.351141,0.003518,0.060847,0.257284,-0.078062,0.400868,-0.671747,0.155037,0.499832,-0.854242,-0.228116,-0.087158,0.240079,0.45698,-0.205963,-0.757449,0.978708,-0.32528
canon_Other_00008,0.112415,0.093941,0.173329,0.097373,-0.194748,-0.143303,0.066291,0.092221,-0.078839,0.003771,-0.078638,-0.08781,-0.078188,0.20987,0.181183,-0.186849,-0.105503,0.051557,-0.106473,-0.06034,0.003337,0.047913,-0.036608,0.055271,-0.118236,0.041154,0.012768,0.26188,-0.017088,-0.039724,-0.052519,0.018518,-0.056294,-0.135349,-0.085723,-0.229516,0.043793,0.122998,0.07964,0.103805,-0.178041,0.099157,0.086766,0.022498,0.020152,0.237266,0.01055,0.12421,0.195876,0.185001,-0.318303,0.061776,0.201919,0.041166,0.068644,0.208028,-0.22568,0.078106,-0.073196,0.141574,0.165332,-0.076065,-0.102721,0.272645,0.284952,-0.075067,-0.210689,-0.214797,0.01568,-0.177024,-0.016492,-0.016853,-0.096937,-0.265855,0.077427,-0.096358,-0.096032,0.185285,-0.042057,0.146891,0.027163,-0.107348,0.105049,-0.017523,-0.057795,-0.114047,0.137908,-0.011806,0.13136,-0.059172,-0.054246,-0.09569,-0.091489,0.182892,-0.045049,-0.009788,-0.033064,-0.17029,-0.108578,0.090293,-0.240615,0.048011,0.132231,0.16967,-0.344102,0.142824,0.128453,-0.112496,0.003162,0.048548,0.020896,-0.086017,0.078602,0.078482,-0.093934,0.083809,-0.110446,0.059201,0.123392,-0.052557,-0.125374,-0.073326,0.146107,0.182457,-0.071579,-0.094482,0.116908,-0.209154
canon_Other_00009,0.122415,-0.274742,0.306317,-0.390599,-0.42753,-0.239642,0.455404,0.218275,0.261105,-0.163669,0.529593,0.402878,0.173285,0.022917,0.001811,-0.158054,0.389537,0.697551,0.115203,-0.237624,0.57669,0.210197,-0.083873,-0.487364,-0.217056,0.279559,-0.437372,0.277757,0.41799,0.259368,-0.116638,0.297698,-0.103188,0.196078,0.121232,-0.418804,0.221578,0.051271,0.440325,0.022307,-0.048191,0.631108,-0.654494,-0.129879,0.359141,0.16112,-0.173991,0.103321,-0.412736,0.160165,0.184024,0.106259,0.222933,0.322986,0.474699,-0.182713,0.154732,0.114749,-0.050706,-0.454572,0.116913,-0.405037,-0.328013,0.004858,0.560177,-0.294645,-0.553801,0.4527,-0.185374,-0.43264,-0.008041,-0.323235,-0.033817,-0.561991,-0.063474,0.218639,0.270849,0.11814,-0.315185,-0.162963,-0.133918,-0.05253,-0.271131,0.340268,0.48685,-0.131499,0.421629,-0.827074,0.191523,0.688363,-0.448494,-0.212268,-0.697323,-0.261757,0.223001,-0.111495,0.299641,-0.64597,0.069044,-0.105365,-0.743905,-0.342201,0.321068,-0.441439,-0.125575,-0.070777,-0.647758,-0.293925,0.493665,0.144429,0.09432,-0.030508,-0.239836,0.416582,-0.388266,0.7804,-0.444705,0.218996,0.148677,-0.260701,-0.248934,-0.044584,0.384637,0.19738,-0.589727,-0.492494,-0.239818,-0.430472
canon_Other_00011,0.181361,-0.170137,0.219636,-0.227896,-0.323704,-0.177497,0.345763,0.106937,0.27509,-0.298524,0.50071,0.310458,0.120035,-0.007466,0.191224,-0.033875,0.144404,0.560612,0.186841,-0.185945,0.510658,0.214959,-0.210272,-0.452298,-0.168824,0.361109,-0.449852,0.36063,0.206084,0.188707,-0.127468,0.177573,0.00102,0.040418,0.321939,-0.390378,0.066031,0.15663,0.291658,0.066514,-0.182636,0.63594,-0.495257,-0.022206,0.309983,0.167276,-0.208132,0.112781,-0.247469,0.178236,0.045173,0.256598,0.205474,0.233381,0.346972,-0.049049,-0.022076,0.189988,-0.085019,-0.343763,0.021293,-0.371689,-0.278418,0.126559,0.366119,-0.124677,-0.455944,0.360357,-0.134806,-0.2181,-0.057706,-0.427872,-0.043086,-0.601431,0.04628,0.143251,0.213741,0.146549,-0.254186,-0.144943,-0.083047,-0.149032,-0.274589,0.312615,0.355473,-0.296388,0.264191,-0.767488,0.15669,0.491993,-0.384372,-0.16081,-0.565482,-0.074864,0.162162,-0.066508,0.2269,-0.639704,0.024731,-0.151382,-0.866875,-0.44811,0.323394,-0.212131,-0.235113,0.047225,-0.386272,-0.322147,0.332561,-0.053329,-0.005726,-0.1096,-0.295228,0.224982,-0.296179,0.563641,-0.401497,0.239969,0.176019,-0.292592,-0.249177,0.047724,0.281361,0.216305,-0.468172,-0.471219,-0.099015,-0.476498
canon_Other_00013,0.226832,-0.035922,-0.20481,0.167339,-0.130661,-0.120547,0.261092,0.079189,0.045141,-0.035308,-0.089428,-0.120592,-0.057928,-0.036027,0.387349,0.054538,0.0025,-0.072689,-0.043567,0.00365,0.213173,0.018594,-0.11021,0.039232,-0.235174,0.170546,0.007182,0.138837,0.253476,-0.234989,-0.105079,0.282787,0.176483,0.188038,-0.139684,0.001539,0.172863,-0.068171,-0.063966,0.146459,-0.161042,0.086008,0.259632,0.119492,0.019265,-0.124779,-0.099568,-0.136673,0.050497,0.146081,-0.082625,0.007866,0.106853,0.126083,-0.08797,0.157261,-0.022815,0.181694,-0.243279,-0.172882,-0.02089,0.018487,-0.291473,-0.084282,0.247409,-0.071335,0.000784,-0.11507,-0.137183,-0.091498,0.167586,-0.088817,-0.080425,-0.169941,0.092506,0.229478,-0.009832,-0.162199,0.146896,0.002501,0.083763,-0.294931,0.015421,0.107223,-0.091901,-0.159077,0.06217,0.165496,0.071803,0.026897,-0.134152,-0.027764,-0.012021,0.068509,-0.171401,-0.333016,0.00354,-0.111857,0.077011,-0.054323,-0.339001,-0.169948,0.04753,-0.235744,-0.131795,0.174271,0.060804,-0.168438,0.506032,0.009113,-0.120713,0.068479,0.003785,0.130754,0.014112,0.363014,-0.321611,0.103897,0.000434,-0.268968,-0.255514,-0.086375,-0.035334,0.13523,-0.284272,-0.293983,0.347318,0.108698
canon_Other_00016,0.049626,0.149263,0.067931,-0.164949,-0.03994,-0.03673,0.080992,0.095502,-0.024415,-0.019229,-0.009986,0.135452,0.029098,0.234539,0.082658,-0.107983,0.098738,0.13769,-0.131424,-0.200862,0.076014,0.030662,-0.095267,-0.09298,-0.121973,0.092239,-0.029195,0.120597,0.173911,-0.059175,0.03333,0.0265,-0.069325,0.070385,-0.163695,0.002664,-0.074945,0.097399,0.021398,0.059607,-0.089089,0.08044,-0.061369,0.06072,-0.032034,-0.0619,-0.049675,0.006617,0.045236,0.003038,-0.193969,0.144916,0.193128,0.140805,0.07749,0.082338,-0.095143,0.155952,-0.08619,0.041209,0.085399,-0.081138,-0.048157,0.094688,0.207805,-0.067069,-0.206152,0.03974,-0.098624,-0.18587,0.075761,-0.100113,-0.035078,-0.139785,0.147493,0.121675,-0.063146,0.056597,-0.069993,0.015179,-0.04513,-0.022784,0.034285,0.072339,0.022395,0.068033,-0.014017,-0.118771,0.028309,0.077668,-0.168435,0.138447,-0.073558,0.084164,0.135357,-0.006373,-0.000297,-0.129807,0.009018,-0.109348,-0.110538,-0.125487,-0.043126,-0.016674,-0.175482,0.099601,-0.002461,-0.05601,0.073247,0.132888,0.110221,-0.076328,-0.005339,0.1117,-0.087582,0.078121,-0.069902,-0.096768,0.141315,-0.071026,-0.035821,0.002358,0.106986,0.08637,-0.125521,-0.191539,0.016194,-0.009912
canon_Other_00020,0.185266,-0.145721,-0.062477,-0.14055,-0.039489,0.040979,0.015022,-0.048103,-0.197347,-0.069384,0.052596,0.052732,-0.184692,0.153446,0.196282,-0.209432,-0.040704,0.101104,-0.073167,-0.299771,-0.023321,-0.040141,-0.126381,0.116365,0.03082,0.159994,0.149051,0.055158,0.176532,-0.15471,0.062311,-0.014723,0.048586,0.068351,-0.029704,-0.156496,-0.08001,0.029552,0.020022,0.075203,0.016551,0.04093,-0.162982,0.109983,0.127563,-0.170273,-0.097148,-0.004098,0.079624,0.007691,-0.142841,-0.009509,0.270652,0.201148,0.097424,0.12591,-0.069605,-0.138777,-0.01442,0.077806,0.211478,0.034584,-0.010194,0.329572,0.091042,-0.028992,-0.090118,0.084523,-0.053889,-0.333546,0.079196,-0.137433,0.003974,-0.183971,-0.00772,0.107102,-0.172469,0.05198,-0.019075,-0.009123,-0.015112,-0.147118,0.074614,0.018222,-0.1051,-0.059136,0.059464,-0.087564,0.173114,0.005126,-0.042406,0.008107,-0.069577,0.078419,-0.007184,-0.019635,0.003762,-0.019832,-0.072242,-0.053748,-0.016009,-0.116259,-0.096759,0.055978,-0.068926,0.176303,-0.085057,-0.231628,0.105321,0.045457,0.111647,0.047165,0.13066,0.075628,-0.035069,0.089846,-0.213788,0.006639,0.205083,-0.014501,-0.046556,0.003353,-0.084945,0.235833,-0.189951,-0.274704,0.110125,-0.148896
canon_Other_00023,0.092996,-0.022864,0.035002,-0.020931,-0.072736,-0.015429,0.082904,0.06448,0.03756,-0.032266,-0.026899,-0.004299,0.000854,0.120074,0.11774,-0.101232,0.074925,0.005924,-0.067041,0.001305,0.074917,0.039358,-0.081546,-0.031323,-0.103078,0.082001,-0.004193,0.007392,0.084489,-0.047001,0.027637,0.000663,-0.035976,0.060483,-0.080516,-0.064702,-0.019465,-0.026124,0.015196,0.099608,-0.04025,0.069043,-0.026401,0.027593,0.043513,0.010429,-0.00647,0.034235,0.010435,-0.035816,-0.131464,-0.029508,0.145482,0.095956,0.056051,0.027548,-0.025412,0.009267,-0.027872,-0.046397,0.101123,-0.074926,-0.099808,0.128202,0.179684,-0.122937,-0.09799,-0.036715,-0.051682,-0.172782,0.029495,-0.071644,-0.097778,-0.062802,0.066151,-0.032518,-0.088467,0.023975,-0.033991,-0.000448,0.02153,-0.091864,0.049364,0.020977,0.022357,0.003415,0.016389,-0.040744,0.13378,0.034027,-0.043172,0.009721,-0.109654,0.083475,0.039878,-0.015347,0.046956,-0.037932,-0.037911,-0.045395,-0.067645,-0.100635,0.037115,-0.072571,-0.083728,0.048294,-0.052836,-0.077378,0.099666,0.062149,0.020222,0.05034,0.096602,0.049623,-0.017945,0.130737,-0.138089,-0.036167,0.044688,-0.085844,-0.033285,-0.060317,0.036042,0.148686,-0.149368,-0.127562,0.105469,-0.103412
canon_Other_00035,0.193254,-0.143419,0.221141,-0.267462,-0.354927,-0.182723,0.38597,0.086892,0.280814,-0.275513,0.540537,0.374699,0.107597,-0.034969,0.163258,-0.02615,0.204971,0.551501,0.142633,-0.196038,0.519086,0.200963,-0.164476,-0.488782,-0.197994,0.338618,-0.427936,0.339907,0.199458,0.142569,-0.084478,0.148899,-0.000597,0.096103,0.237212,-0.436703,0.081647,0.093101,0.301823,0.13238,-0.131471,0.602587,-0.555804,-0.040163,0.28833,0.177314,-0.1496,0.125696,-0.23437,0.150333,0.030379,0.207868,0.203489,0.261089,0.357444,2.3e-05,0.017266,0.154353,-0.096503,-0.359191,0.059652,-0.388739,-0.337798,0.126986,0.412238,-0.20224,-0.465039,0.361714,-0.15676,-0.248143,-0.030997,-0.401629,-0.059678,-0.615632,0.046946,0.15228,0.209685,0.115123,-0.237384,-0.122474,-0.078933,-0.167161,-0.272251,0.379398,0.326568,-0.219203,0.234782,-0.764887,0.187766,0.545295,-0.412546,-0.179065,-0.574914,-0.073235,0.172096,-0.051373,0.250415,-0.614805,0.022024,-0.113416,-0.81976,-0.472264,0.364403,-0.272534,-0.224781,0.03245,-0.360514,-0.369914,0.369891,-0.047363,-0.007595,-0.114839,-0.25102,0.227613,-0.244581,0.576113,-0.429851,0.206334,0.175448,-0.3297,-0.24986,0.070695,0.303306,0.227062,-0.557231,-0.486638,-0.126783,-0.496928
canon_Other_00036,0.054322,-0.018665,0.005624,-0.044883,-0.030657,0.001518,0.053142,0.043992,0.015532,0.017953,-0.018704,0.027048,0.009048,0.132859,0.124963,-0.058151,0.058604,0.036894,-0.111719,-0.02438,0.054093,0.052419,-0.143897,-0.030769,-0.09843,0.082873,-0.003531,0.016806,0.068828,0.001754,-0.026011,-0.019689,-0.017296,0.043869,-0.053378,-0.053848,-0.055994,-0.021825,0.022055,0.101086,-0.098908,0.078302,-0.026352,0.015254,0.010247,0.001738,-0.017516,0.043746,-0.022343,-0.061888,-0.10752,0.030263,0.146577,0.095812,0.063912,0.067125,-0.049031,0.04805,-0.032166,-0.028368,0.072511,-0.071101,-0.100122,0.140322,0.171934,-0.078372,-0.071167,-0.004619,-0.099378,-0.160333,0.012652,-0.0797,-0.076278,-0.082351,0.089589,-0.011612,-0.088138,0.045846,-0.021908,-0.018242,0.016314,-0.107183,0.032556,0.069244,-0.019374,0.014014,0.001714,-0.06533,0.092414,0.059692,-0.06275,0.0645,-0.119509,0.060971,0.074011,-0.005766,-0.010664,-0.089481,-0.029952,-0.076069,-0.066516,-0.123202,0.032264,-0.051443,-0.103881,0.070041,-0.038055,-0.097549,0.091242,0.052855,0.055248,0.03594,0.063388,0.053691,-0.022992,0.093809,-0.205026,-0.066384,0.028463,-0.052885,-0.032121,-0.03932,0.070462,0.13235,-0.123258,-0.094374,0.11617,-0.075051
canon_Other_00037,0.370153,-0.281549,-0.13022,-0.376707,-0.324949,0.162184,-0.118182,-0.010522,-0.278732,-0.274,0.181711,0.297663,-0.282312,0.358932,0.197346,-0.311578,-0.342788,0.395143,0.133188,-0.485726,-0.015136,-0.019846,-0.102246,0.121632,0.094366,0.337482,0.19972,0.286414,0.427849,-0.008341,0.071285,-0.035324,0.091584,0.012179,0.086772,-0.258103,-0.078026,0.191821,0.205776,0.061876,0.032554,0.329821,-0.495961,0.202811,0.348066,-0.311351,-0.380172,-0.047798,0.034783,0.04722,-0.157431,0.040145,0.251266,0.324344,0.414899,0.00876,-0.238769,-0.113168,0.175144,0.068028,0.305557,0.082566,-0.101545,0.465636,0.064126,0.153976,-0.334447,0.143473,-0.22638,-0.734611,-0.075777,-0.550437,0.171929,-0.323154,0.092838,0.323313,0.001822,0.217396,-0.047418,0.077517,-0.169248,-0.098914,0.167675,0.275551,-0.099802,-0.071829,0.313521,-0.207154,0.472571,-0.012802,-0.02144,0.03461,-0.152732,0.218085,0.034951,0.127897,-0.178327,0.01158,0.015798,-0.098825,-0.327753,0.105873,-0.11532,0.216247,-0.192308,0.216173,-0.109049,-0.353368,0.015786,0.197104,0.015026,0.114408,0.062306,0.070999,-0.298097,0.302253,-0.185048,0.313941,0.372433,0.034555,-0.031551,0.16825,-0.235597,0.206978,-0.438162,-0.478106,0.03785,-0.303055
canon_Other_00046,-0.015251,0.250147,-0.004985,-0.107838,0.016165,0.041525,0.218974,0.174692,-0.050412,-0.152748,0.163981,0.204204,-0.028647,0.113125,0.295324,-0.124023,0.038115,-0.278735,-0.226497,-0.087306,0.152598,0.042653,-0.156265,-0.255405,-0.251234,0.167675,-0.004376,0.027817,-0.14734,-0.145184,0.032686,-0.259169,-0.032284,0.070816,-0.324325,0.064219,0.061782,-0.04603,-0.028554,0.175706,-0.167852,0.268719,-0.035875,0.02606,-0.12847,0.215556,0.073839,0.226091,-0.275874,0.078255,-0.182264,-0.047151,0.160813,0.242975,0.132541,0.045714,-0.090542,-0.05428,-0.122195,0.180941,0.231995,0.08401,-0.346418,-0.086943,0.309231,-0.169973,-0.019638,-0.085653,-0.191626,0.107439,-0.049176,-0.305733,0.025388,-0.207653,0.311975,0.118875,-0.276916,0.100934,0.060701,-0.079922,0.222712,-0.157778,-0.041968,0.212608,-0.05398,-0.058692,-0.068584,-0.141047,0.168638,-0.014766,-0.358955,0.24813,-0.255119,0.336053,-0.255117,-0.144007,0.066349,-0.136335,-0.053224,-0.080734,-0.33098,-0.152599,0.172476,-0.203805,-0.220258,0.0532,0.262516,-0.235119,0.131424,0.012539,-0.159603,-0.093248,0.170454,-0.080582,0.002728,-0.002673,-0.087399,-0.204722,0.067587,-0.130141,-0.096978,0.025318,-0.143885,0.343836,-0.443729,-0.553517,0.042567,-0.074423
canon_Other_00052,0.043645,0.168702,-0.079543,-0.146033,0.074797,0.054761,-0.092253,-0.073489,-0.076054,-0.051897,0.210554,0.050425,-0.039932,-0.026984,0.14299,-0.021947,-0.062806,0.186066,-0.182563,-0.051143,0.116448,-0.187551,-0.294838,0.138328,-0.229383,0.347567,0.041346,0.007718,0.054175,0.127295,-0.088203,-0.067798,-0.054769,-0.086592,-0.007835,-0.004635,-0.095435,0.226412,0.057676,0.110105,-0.117664,0.33995,-0.104543,-0.136184,-0.009902,-0.032688,0.172575,0.130968,-0.090976,-0.140434,-0.035699,-0.002041,0.147124,0.462758,0.203148,-0.106061,0.085097,-0.065348,-0.189285,-0.073002,0.032997,-0.224727,-0.009444,0.239192,0.144513,-0.184586,-0.00534,0.14963,-0.274849,-0.237376,0.004194,-0.192148,-0.078966,-0.026774,0.154264,-0.009497,0.08249,0.00926,-0.096844,-0.292967,0.130932,-0.299158,-0.011839,0.119405,-0.11604,-0.03492,-0.154873,-0.242349,0.049424,-0.017991,-0.264053,0.385729,-0.419722,0.076595,0.240258,-0.360947,-0.028097,-0.183751,0.040115,-0.321085,-0.521135,-0.187109,-0.007277,0.134924,0.014628,0.190344,0.023024,-0.508844,0.192321,-0.18059,0.016356,0.039599,-0.044496,0.001622,0.315067,0.120975,-0.247129,-0.224079,0.113071,-0.065305,-0.01586,0.013368,0.18518,0.186134,-0.129844,-0.199572,0.226165,-0.411343
canon_Other_00053,-0.032931,0.007594,-0.100522,-0.250595,0.156731,0.003554,0.069804,0.102231,0.343064,-0.383703,-0.048445,0.006623,-0.035547,0.460144,0.297044,-0.376437,0.171424,0.054058,-0.032061,-0.271674,0.190581,0.125919,-0.212347,-0.190769,-0.347571,0.15313,-0.023734,0.160739,0.137015,0.004811,-0.021389,-0.235542,-0.057183,0.205257,0.057136,-0.170714,-0.174511,0.185865,0.201467,0.090181,-0.074805,0.064752,-0.085331,-0.018861,0.134085,-0.004459,0.04807,0.210174,-0.117301,0.296856,-0.323048,-0.017854,0.205963,0.201051,0.087599,0.175973,0.137469,-0.018411,-0.054387,-0.12688,0.065927,0.17235,-0.001247,0.175839,0.323817,0.254409,-0.093364,0.070174,-0.117173,-0.116567,-0.053512,-0.236133,-0.346573,-0.028392,0.14431,0.307273,-0.083169,0.281014,-0.391855,-0.160756,-0.128074,0.076233,-0.095272,-0.159083,0.032289,-0.325997,-0.077277,-0.321617,0.024288,0.191796,-0.315875,0.083793,-0.347911,0.16698,0.024308,0.023108,-0.250741,-0.09408,-0.088917,-0.388083,-0.31842,-0.095305,-0.131332,0.056246,-0.118692,-0.33496,-0.232873,-0.436062,-0.017076,0.152399,0.168,0.192114,0.061914,0.045272,-0.008777,0.013497,-0.288057,-0.150906,0.35859,-0.190989,0.059479,0.114368,-0.028721,0.041337,-0.043907,-0.186433,0.159893,0.025718
canon_Other_00055,0.112666,-0.256353,0.043971,-0.188239,-0.014579,-0.010627,0.191588,-0.046941,-0.072412,-0.007898,-0.033871,0.188776,-0.075677,0.145742,0.02573,0.030116,0.07045,0.190053,0.008192,-0.276653,0.12259,-0.132306,-0.341628,-0.178022,-0.136345,0.08511,-0.073777,-0.130185,-0.037649,-0.05896,-0.006053,0.04803,0.117733,0.075035,0.123911,-0.213487,-0.209704,0.000359,-0.094804,0.124629,-0.17196,0.224358,-0.355554,0.244973,-0.151669,-0.21459,0.011361,-0.008905,-0.062453,-0.137907,-0.014865,0.062532,0.271244,0.134204,0.188827,-0.111245,-0.135115,-0.059966,-0.225314,0.114779,0.183741,-0.010253,-0.110537,0.160951,0.105816,0.053287,0.031513,0.264626,-0.146122,-0.229954,0.074164,-0.337298,0.10014,-0.265673,0.033773,0.108301,-0.327742,-0.024358,0.00751,-0.370992,0.093478,-0.10113,0.079283,0.153146,-0.01896,0.249592,0.041395,-0.364687,-0.004722,-0.065633,-0.359137,0.357146,-0.19154,0.013028,-0.034575,-0.156206,0.240689,-0.104609,-0.013277,-0.122941,-0.060193,-0.144758,-0.008205,-0.197054,-0.219249,0.197389,0.090873,-0.195467,0.151249,-0.094146,0.221761,0.10735,-0.086943,-0.129295,-0.136455,0.042631,-0.55304,-0.188625,0.002879,0.115563,-0.005295,-0.047455,0.197862,0.214052,-0.117343,-0.103425,0.228115,-0.061241
canon_Other_00056,0.049867,-0.061239,0.064678,-0.063654,-0.071543,0.003753,0.087761,0.07149,-0.01006,-0.022967,0.050958,0.093425,0.020616,0.147371,0.105218,-0.06939,0.021355,0.086018,-0.06585,0.012261,0.047409,0.07147,-0.098735,-0.03903,-0.13128,0.067216,-0.012912,-0.002901,0.072143,-0.029514,0.039044,0.002897,0.001899,0.034661,-0.055668,-0.064,0.018255,-0.042327,-0.035748,0.079005,-0.05504,0.09412,-0.043311,0.012344,0.070528,0.013746,0.009959,0.022185,-0.015955,0.009191,-0.102367,0.031264,0.169206,0.102057,0.090249,0.056042,-0.016955,0.039534,-0.014388,-0.030781,0.086079,-0.077142,-0.105887,0.135477,0.211697,-0.129393,-0.102631,-0.016557,-0.05572,-0.178718,0.077523,-0.019931,-0.062865,-0.07853,0.058412,-0.00482,-0.096046,0.009041,-0.016824,-0.000982,0.070426,-0.123829,0.053587,0.061306,0.039518,0.022098,0.013016,-0.08376,0.10116,0.041685,-0.05959,0.074011,-0.108066,0.086762,0.054965,-0.016088,0.026138,-0.059341,-0.010505,-0.051161,-0.092107,-0.092319,0.001537,-0.089286,-0.139209,0.112049,-0.056035,-0.045538,0.098869,0.071557,0.074063,0.008607,0.062142,0.07225,-0.027656,0.109118,-0.152549,-0.054333,0.058297,-0.057176,-0.043499,-0.083428,0.046523,0.115307,-0.153661,-0.15303,0.085501,-0.086305
canon_Other_00066,0.054032,-0.03756,0.0287,-0.058668,-0.056969,-0.011336,0.12201,0.100712,0.036722,-0.062093,0.058948,0.126218,0.070002,0.140976,0.080175,-0.003187,0.048034,0.062077,-0.219607,0.056239,0.11236,0.062002,-0.067456,-0.035053,-0.208579,0.09039,-0.040131,0.042591,0.087497,0.01174,0.018789,-0.022459,-0.047512,-0.06955,-0.077575,-0.101019,0.043799,0.054008,0.066009,0.072219,-0.067852,0.030998,-0.018941,-0.05106,0.099396,0.019822,0.075063,0.022356,-0.028779,-0.061277,-0.141023,0.020262,0.201648,0.189641,0.066085,0.036712,0.034031,0.078706,-0.047566,-0.077227,0.055122,-0.101725,-0.09775,0.114952,0.21561,-0.123095,-0.112646,0.022833,-0.118711,-0.1327,0.143384,-0.076121,-0.085986,-0.01336,0.079476,0.018329,-0.054865,0.084158,0.042172,-0.020529,0.087177,-0.135477,0.052225,0.062796,0.023874,0.201374,0.021233,-0.054616,0.114224,0.116124,-0.085724,0.120887,-0.198977,0.044854,0.08228,-0.043052,0.014898,-0.013466,0.015834,-0.045749,-0.16466,-0.043419,0.005003,-0.055088,-0.095845,0.137166,-0.048138,-0.104047,0.035971,0.03761,0.126855,0.040401,-0.011497,0.133112,0.089647,0.039462,-0.136988,-0.066692,0.086803,-0.08335,-0.086844,-0.108535,0.106237,0.030417,-0.166143,-0.158131,0.100466,-0.104043
canon_Other_00069,0.020098,0.033713,0.043923,-0.034018,0.012059,-0.047197,0.012693,0.125097,0.113376,-0.008665,0.019252,0.031183,0.06386,0.102201,0.137628,-0.113996,0.08162,-0.070211,-0.14385,-0.033231,0.209758,0.131721,-0.108715,-0.034678,-0.170645,0.165799,-0.018535,0.0375,0.122115,0.057422,-0.025906,0.055894,-0.100031,-0.098021,-0.001847,0.050637,0.138029,0.073791,0.073012,0.055516,-0.228773,0.102795,-0.067875,0.074223,-0.011242,0.071578,0.002433,0.006898,-0.040992,0.010087,-0.082999,0.046268,0.190952,0.106245,0.037466,0.005327,0.028464,-0.039866,-0.111224,-0.083665,0.180912,-0.097398,-0.086379,0.172894,0.184674,-0.162681,-0.019012,0.033495,-0.076465,-0.085782,-0.004424,-0.006361,-0.085902,-0.075475,0.185264,-0.015908,-0.038696,0.236516,0.059088,-0.10238,0.022929,-0.080285,0.003339,0.023928,-0.059245,0.158612,0.025927,-0.072274,0.122311,-0.029402,-0.009385,0.073326,-0.180369,-0.006694,0.123056,-0.025603,0.118453,-0.16636,0.026653,-0.120215,-0.250516,-0.154953,-0.004721,-0.056361,-0.114096,-0.004551,-0.079055,-0.14921,0.094677,0.092019,0.13509,0.03435,-0.05265,0.009219,0.069313,0.043426,-0.321218,-0.010085,-0.028893,-0.07795,-0.01846,0.008761,0.014391,0.174707,-0.141137,-0.078943,0.05439,-0.076551
canon_Other_00070,0.150747,-0.067871,0.035504,0.146084,0.07824,-0.080755,0.162678,0.017404,0.227069,-0.09407,0.040749,0.006008,0.009224,0.084525,0.536421,0.009565,0.062045,-0.01069,0.075739,0.168204,0.151839,0.225388,-0.245988,-0.136404,-0.004451,0.286691,-0.139478,0.310138,-0.014633,0.073915,0.035727,-0.082625,0.006996,-0.092491,0.156394,-0.235368,-0.187452,-0.055569,0.156267,0.177457,-0.26764,0.110222,0.155622,-0.070505,0.193556,0.070231,-0.139904,0.123306,0.184266,-0.09082,-0.072493,0.176534,0.189846,0.031787,-0.028666,0.251308,0.051266,0.254243,0.048957,-0.116843,-0.032166,-0.210302,-0.23132,0.29868,0.359096,-0.031023,-0.239615,0.169497,-0.122339,0.096073,0.019102,-0.154039,-0.188162,-0.122803,0.135546,-0.337363,-0.009326,-0.042172,0.001923,-0.166946,0.059558,-0.261472,-0.123961,-0.037639,-0.001092,-0.057797,0.026973,-0.043115,0.078503,0.225659,0.094849,-0.145682,-0.231635,0.142414,-0.076455,0.079097,-0.075342,-0.052954,-0.128258,-0.184128,-0.28699,-0.295031,0.109361,0.012332,-0.158288,0.060669,-0.196354,-0.256822,-0.045013,-0.137657,0.155749,-0.021225,0.008599,0.054936,0.016369,0.126433,-0.214471,0.076018,0.17477,-0.366349,-0.139847,-0.017701,0.114969,0.198458,-0.099328,-0.299248,0.345577,-0.144643
canon_Other_00080,0.162586,0.175421,-0.362557,0.000572,-0.387377,0.002277,0.011785,-0.021137,-0.075006,-0.05954,0.073426,-0.261292,-0.215548,0.477855,0.364031,-0.364609,-0.151204,0.018252,-0.210139,-0.214858,0.530317,0.040369,-0.517389,-0.187684,-0.168846,-0.174102,-0.252576,0.040681,0.320397,-0.048744,-0.02238,0.060404,-0.091241,0.384556,-0.081041,-0.312602,0.114924,0.116969,0.46767,0.253761,-0.292995,0.202046,-0.05928,-0.040346,0.3856,0.076392,0.071286,0.222348,0.013707,0.49873,-0.211655,0.24699,0.260526,0.371238,0.277412,0.312308,-0.149475,-0.305946,-0.282025,0.040483,0.091872,0.172148,-0.498172,0.035803,0.227782,-0.132809,-0.355079,0.416415,-0.268648,-0.602015,-0.407418,-0.455657,-0.290344,-0.289688,0.42283,0.142593,-0.085112,0.054456,-0.260713,0.020039,-0.246516,-0.152908,0.147742,-0.081052,-0.0228,-0.095206,0.36175,-0.10097,0.432822,-0.115566,-0.299728,-0.261656,-0.648856,-0.497278,0.323734,-0.034277,0.6853,-0.197694,-0.247744,-0.135151,-0.527124,-0.316163,-0.064735,0.069561,-0.387527,0.238633,0.050471,-0.431624,-0.338892,-0.292263,0.134629,0.160676,-0.152938,0.181657,0.057952,0.102819,-0.651153,-0.153888,0.336661,-0.130029,-0.229823,0.212304,-0.106366,0.461794,-0.089724,-0.351745,0.241465,-0.514482
canon_Other_00082,0.208403,-0.37529,0.158077,-0.069617,0.025531,-0.437853,0.094375,0.100354,-0.21789,0.104188,0.573731,0.082094,-0.190985,0.22471,0.443373,-0.063856,0.004575,-0.073464,-0.383887,0.25802,0.635215,0.316116,-0.631266,-0.30119,-0.48357,0.056802,-0.419778,-0.044216,-0.051231,-0.436237,-0.004802,-0.512786,0.01158,0.572038,-0.037342,-0.023117,-0.010475,-0.662889,0.462841,1.020581,-0.174459,0.103177,0.179169,0.217521,-0.430404,0.336235,0.109991,0.138109,0.186461,-0.615929,-0.194181,-0.014978,0.612787,0.20072,0.676245,0.271309,0.09926,-0.182086,-0.316362,-0.234903,0.825143,-0.818186,-0.451811,0.684775,0.850623,-0.596956,0.32753,0.398086,-0.216163,-0.488191,0.267678,-0.462343,-0.436692,-0.506069,0.210456,-0.329839,-0.47618,-0.530488,0.16451,0.212527,0.194294,-0.742276,0.234897,0.986092,0.138183,0.460456,-0.140574,0.01589,0.413183,0.279168,0.094181,0.151139,-0.559698,0.599298,0.45478,-0.12394,-0.430918,-0.490431,-0.270922,-0.305721,0.097591,-0.483778,0.474773,-0.301003,-0.394462,0.192955,0.194964,-0.525045,0.747732,-0.214974,0.05912,0.142243,0.580941,-0.239541,0.246754,0.408509,-0.776392,0.278412,-0.110489,-0.688826,-0.40849,0.179122,0.285599,0.633585,-0.927926,-0.276937,0.710098,-0.251961
canon_Other_00088,0.096249,0.05284,0.030529,-0.085335,-0.009671,0.043607,0.070966,0.027196,-0.048963,-0.069601,-0.012562,0.036369,-0.062936,0.089438,0.218071,-0.085909,0.003065,-0.001405,-0.162688,-0.114582,0.029058,0.074151,-0.157919,-0.032005,-0.058665,0.084371,-0.025177,0.037779,0.037179,-0.025573,0.086154,-0.038933,-0.028216,-0.078529,-0.153469,-0.082507,-0.008429,0.134227,0.041279,0.039278,-0.133,0.067726,-0.043214,0.040181,0.040504,0.02696,-0.043012,0.008219,0.024343,-0.021298,-0.187021,0.057191,0.165686,0.159769,0.071096,0.117517,-0.097056,-0.001096,-0.095849,0.020456,0.144132,-0.036115,-0.14503,0.146723,0.199235,-0.105463,-0.110636,-0.037475,-0.093296,-0.163419,0.076898,-0.075282,-0.10884,-0.08661,0.073251,-0.012448,-0.135697,0.128666,-0.028053,0.078026,0.050114,-0.100414,0.012034,0.015405,-0.073617,0.047569,5.6e-05,-0.102883,0.138004,0.007078,-0.152745,0.002683,-0.142041,0.03237,0.020087,-0.094023,0.06382,-0.027573,-0.145112,-0.082954,-0.106714,-0.044219,0.009863,0.091309,-0.118842,0.124746,0.091143,-0.159782,0.073646,0.025777,0.070563,0.026525,0.076921,0.059421,-0.029967,-0.004779,-0.21801,-0.014871,0.132499,-0.113028,-0.04898,-0.036246,0.062912,0.076764,-0.187879,-0.149791,0.048924,-0.148509
canon_Other_00091,0.117991,-0.072362,-0.06975,0.074631,0.163318,-0.106384,0.236397,0.106858,0.035405,0.348859,0.14927,0.241639,0.037748,0.439097,-0.085027,0.120346,-0.016255,0.543023,0.07134,-0.31525,0.429392,0.203819,-0.268389,-0.108828,-0.171088,0.488897,-0.273592,0.344773,0.348944,0.065968,-0.04885,0.021579,0.237945,-0.171417,0.536534,-0.084386,0.132804,-0.115728,0.062258,0.12498,-0.591658,0.103489,-0.596535,-0.129624,0.028682,-0.445999,0.042489,-0.124927,-0.379078,0.112518,-0.241132,0.260447,0.626036,0.395503,0.204091,0.038068,-0.09139,0.322818,-0.236256,0.046169,0.049106,-0.152587,0.124293,0.288507,0.393158,0.222257,-0.176778,0.272606,-0.024526,-0.375076,0.159328,-0.18877,0.166345,0.005488,0.279379,0.192268,-0.553934,-0.24337,-0.059316,-0.06342,0.017041,-0.441986,0.154385,-0.100374,0.026709,-0.472184,0.031449,-0.487624,0.254995,0.078892,0.119777,0.115532,-0.297048,-0.11846,-0.070723,-0.161432,0.304359,-0.365287,-0.067072,-0.078713,-0.409203,-0.361506,0.019929,-0.197776,-0.332455,0.20309,-0.173003,-0.596457,0.164057,0.037207,0.425381,-0.074999,-0.042883,0.094306,0.197553,0.41578,-0.372445,0.039197,0.305383,-0.00747,-0.092904,-0.016322,0.293155,0.362878,-0.383494,-0.378019,0.009805,0.034929
canon_Other_00122,0.053015,-0.029447,0.02514,0.000736,-0.034149,-0.036747,0.050786,0.041813,-0.003994,-0.016954,0.009087,0.0102,-0.021225,0.118493,0.102153,-0.066098,0.001158,0.03579,-0.053778,-0.009971,0.097902,0.03294,-0.096453,-0.014936,-0.072062,0.061529,-0.026059,0.048008,0.046705,-0.007715,-0.008643,0.005571,0.003373,0.022822,0.011964,-0.061494,-0.014011,-0.019896,0.014129,0.068298,-0.079869,0.061591,-0.017975,0.020053,0.024621,0.02469,0.001746,0.032729,0.011197,0.014313,-0.092217,0.048662,0.141194,0.079028,0.0536,0.030182,-0.039176,0.040024,-0.033781,0.001146,0.062544,-0.085907,-0.034136,0.117157,0.144518,-0.043805,-0.072096,0.010505,-0.046385,-0.117683,0.000124,-0.065967,-0.05674,-0.077803,0.053363,-0.016094,-0.087581,0.007393,-0.028891,-0.032053,0.02585,-0.098688,0.037983,0.036347,0.005733,-0.02092,0.040256,-0.054496,0.072918,0.010451,-0.034544,0.011282,-0.090627,0.058779,0.043718,-0.008033,0.014168,-0.083775,-0.011368,-0.059909,-0.101304,-0.064307,0.02346,-0.012687,-0.100742,0.066255,-0.027299,-0.065501,0.04786,0.014859,0.045896,0.026025,0.035766,0.050647,-0.027202,0.079338,-0.115144,-0.019781,0.042358,-0.045232,-0.047425,-0.050424,0.048443,0.114764,-0.068406,-0.090286,0.092813,-0.039394
canon_Other_00125,0.047266,-0.052601,0.026153,-0.030595,-0.075095,-0.021206,0.066646,0.043885,0.049407,-0.004816,-0.011069,-0.010706,0.013453,0.098699,0.111085,-0.08183,0.074819,-0.000152,-0.047627,0.020035,0.075787,-0.001509,-0.102226,-0.036099,-0.126616,0.059589,-0.050319,-0.019973,0.081588,-0.024026,0.013298,0.001806,-0.015408,0.057107,-0.019974,-0.046215,-0.005179,-0.043771,0.012865,0.09915,-0.081737,0.060608,-0.030892,0.006807,0.059118,0.017409,-0.003893,0.030382,0.005627,0.00589,-0.114768,0.00224,0.150568,0.074919,0.040529,0.028838,-0.046448,0.060554,-0.034652,-0.056995,0.065173,-0.088436,-0.095858,0.110468,0.209829,-0.068073,-0.073076,-0.030803,-0.043967,-0.156323,0.033597,-0.070828,-0.094038,-0.091421,0.067986,-0.007674,-0.08425,-0.013939,-0.037182,-0.013372,-0.002964,-0.109626,0.057381,0.032167,0.036043,-0.032276,0.010384,-0.04473,0.096336,0.02693,-0.035775,0.007536,-0.140219,0.059482,0.056011,-0.005929,0.029586,-0.020806,-0.039595,-0.047886,-0.032826,-0.088363,0.00347,-0.073666,-0.086266,0.060694,-0.047064,-0.071629,0.090337,0.059309,0.03696,0.0668,0.101938,0.036723,-0.047587,0.141573,-0.148116,-0.072671,0.020789,-0.057355,-0.023391,-0.07625,0.082647,0.136997,-0.120367,-0.082872,0.138951,-0.089014
canon_Other_00126,0.101609,-0.002534,0.002588,-0.024862,-0.020363,0.015995,0.071352,0.041492,0.035213,-0.006785,0.008797,0.016594,-0.005179,0.116137,0.133448,-0.025001,0.033521,0.011335,-0.061087,-0.008123,0.074964,0.032717,-0.126317,-0.005165,-0.162411,0.090296,-0.009847,0.011374,0.063701,-0.041236,0.024475,-0.020428,-0.009371,0.025981,-0.029866,-0.04666,-0.052954,-0.009922,-0.027607,0.095777,-0.096206,0.082981,-0.063733,0.033031,0.01855,-0.038083,0.010736,0.028821,-0.032554,-0.006799,-0.13267,0.005402,0.152351,0.084623,0.068075,0.032643,-0.052279,0.022255,-0.077945,-0.001458,0.04343,-0.064751,-0.094256,0.150934,0.146731,-0.081781,-0.063426,-0.01621,-0.079879,-0.1644,0.017164,-0.05992,-0.068661,-0.062591,0.079926,-0.007369,-0.107329,0.011097,-0.038813,-0.030366,0.046664,-0.163146,0.04343,0.033399,-0.000964,-0.024108,-0.018835,-0.042992,0.113329,-0.004599,-0.058553,0.041903,-0.113981,0.072635,0.044217,-0.05547,0.026897,-0.05017,-0.046349,-0.065594,-0.065073,-0.146848,0.006744,-0.057,-0.099536,0.047591,0.00059,-0.108344,0.095902,0.050407,0.05555,0.036333,0.089541,0.015764,-0.003942,0.119023,-0.169711,-0.053908,0.046727,-0.039714,-0.039914,-0.052658,0.060098,0.161969,-0.136638,-0.132593,0.13703,-0.102866
canon_Other_00128,0.098339,-0.344716,-0.089036,-0.020792,0.282696,-0.497323,-0.268177,0.673874,0.209647,0.530332,0.472744,-0.029171,0.012121,0.763976,0.403936,-0.792886,-0.190413,0.382228,-0.448459,9.3e-05,0.287741,0.096694,-1.058414,0.364689,-0.571341,0.120942,-0.179404,0.242639,0.565681,0.319164,-0.430955,0.364806,-0.388932,0.103665,0.373097,-0.149788,0.017794,0.587983,0.156486,0.123777,-0.552225,0.379819,0.108642,0.454471,-0.210977,0.107354,-0.678015,0.210928,0.039539,-0.273456,-0.588539,0.686554,0.649366,0.70069,0.800439,0.43543,-0.398132,0.145168,-0.071678,-0.08808,0.317165,-0.151991,0.49784,0.719243,1.075536,-0.422396,-0.378806,0.574383,-0.312657,-0.935951,0.213201,-0.093535,-0.524852,-0.253847,0.10602,-0.205953,-0.467088,-0.08101,-0.352002,-0.181991,0.009963,-0.738256,0.119064,0.360069,-0.145155,0.069528,0.290119,-0.257662,-0.250596,-0.270556,-0.221371,-0.040457,-0.781258,0.224948,0.536178,0.034272,-0.496315,-1.157004,-0.115849,0.08147,-0.733855,-0.19483,-0.25898,0.052756,-0.084999,0.201173,-0.199285,-0.459265,-0.224227,-0.067843,0.474227,0.180937,0.547951,0.418388,-0.255667,0.39167,-0.763379,-0.048668,0.435937,0.0187,0.092524,-0.240607,0.35006,0.510286,0.282923,-0.169169,1.130882,-0.112497
canon_Other_00133,0.042121,-0.017066,0.014577,-0.044127,-0.041063,-0.024252,0.066813,0.046885,0.034901,-0.012357,0.031278,0.027914,0.014132,0.096456,0.102154,-0.07611,0.026738,0.039376,-0.073155,-0.007634,0.047573,0.043179,-0.123086,-0.030423,-0.104185,0.08813,-0.021259,0.004592,0.083657,-0.029123,-0.002501,0.003355,-0.008647,-0.005502,-0.014768,-0.041675,-0.023092,-0.007036,0.003099,0.078048,-0.082628,0.066629,-0.067238,0.021663,0.059283,-0.003805,-0.007878,0.007327,-0.003482,-0.003156,-0.104705,0.053827,0.160777,0.091067,0.070214,0.058438,-0.033612,0.035627,-0.022529,-0.030067,0.068506,-0.067095,-0.071553,0.134576,0.183724,-0.080444,-0.071448,-0.014785,-0.045077,-0.128771,0.039184,-0.019157,-0.08372,-0.055704,0.084162,-0.015212,-0.078585,0.069742,-0.02297,-0.032947,0.02359,-0.13204,0.057425,0.026683,0.033068,-0.016058,0.000139,-0.073547,0.074664,0.072877,-0.055031,0.072457,-0.144167,0.052657,0.058196,-0.007012,0.016774,-0.06578,-0.020312,-0.061558,-0.079445,-0.096053,0.005943,-0.060828,-0.086567,0.074072,-0.040284,-0.129278,0.082016,0.030848,0.075692,0.043755,0.070062,0.03218,-0.009064,0.105523,-0.164575,-0.069865,0.032624,-0.025898,-0.01864,-0.037673,0.061717,0.111636,-0.098392,-0.130682,0.11715,-0.058627
canon_Other_00136,0.071199,-0.040556,0.011327,-0.006032,-0.053584,-0.029593,0.049281,0.040012,0.027141,-0.024606,0.007445,-0.010083,-0.003823,0.119654,0.119116,-0.069103,0.023468,0.008324,-0.070022,-0.019749,0.104973,0.032444,-0.12456,-0.018942,-0.105835,0.077904,-0.024958,0.032754,0.084995,0.001727,-0.01707,0.005449,-0.023714,0.02123,0.001141,-0.069452,-0.036393,0.012616,0.044397,0.095268,-0.068734,0.059649,-0.036966,0.009216,0.04515,0.014963,-0.008057,0.042269,0.003405,0.004179,-0.085795,0.020252,0.136305,0.0653,0.067963,0.042902,-0.024263,0.028972,-0.041114,-0.021734,0.051801,-0.071669,-0.077778,0.129098,0.160932,-0.075024,-0.095549,0.01237,-0.060556,-0.136051,-0.00423,-0.067622,-0.084213,-0.075627,0.068452,-0.003413,-0.098216,0.022236,-0.031597,-0.040756,0.007327,-0.105725,0.056588,0.027166,0.020482,-0.00516,0.012602,-0.043978,0.080651,0.035192,-0.048344,0.020059,-0.12681,0.051534,0.057841,0.006687,0.007398,-0.063071,-0.023692,-0.077703,-0.09093,-0.091638,0.008927,-0.028419,-0.071608,0.051194,-0.056861,-0.114739,0.06944,0.024615,0.055575,0.053121,0.073801,0.040775,-0.021104,0.115712,-0.182349,-0.034093,0.055972,-0.047957,-0.01401,-0.040231,0.056472,0.147426,-0.081395,-0.093235,0.124131,-0.061391
canon_Other_00137,0.127967,0.360091,0.389358,0.098722,-0.286132,-0.27866,0.128448,0.231001,-0.016658,-0.052506,-0.249127,-0.263423,-0.061504,0.294748,0.448479,-0.456631,-0.095744,0.034623,-0.260745,-0.145033,-0.031081,0.129654,-0.088198,0.060557,-0.293203,0.124715,0.175449,0.445061,0.052649,-0.05307,-0.123885,-0.045532,-0.249357,-0.228865,-0.349553,-0.28207,0.032817,0.377051,0.324569,0.138202,-0.323216,0.216728,0.170174,0.139589,0.095348,0.497898,-0.075073,0.226346,0.284067,0.21098,-0.615268,0.107911,0.2251,0.119599,0.106706,0.393205,-0.520596,0.126531,-0.105536,0.092772,0.354737,-0.000751,-0.260444,0.435845,0.546785,-0.186401,-0.447171,-0.426719,0.050726,-0.312315,-0.006887,0.066825,-0.240929,-0.403339,0.248387,-0.092449,-0.174754,0.429281,-0.045578,0.343848,0.001721,-0.119156,0.18216,-0.168259,-0.130401,-0.276282,0.126519,-0.025849,0.210276,-0.134107,-0.233797,-0.098374,-0.319955,0.288432,-0.115251,0.05817,-0.115864,-0.272035,-0.30006,0.238978,-0.381787,0.030186,0.319184,0.301306,-0.541348,0.141429,0.224435,-0.433736,-0.022098,0.220575,-0.033497,-0.096262,0.203711,0.111478,-0.151552,0.249679,-0.314849,0.072588,0.252854,-0.138671,-0.078111,0.048517,0.226498,0.406294,-0.0958,-0.23912,0.349101,-0.396291
canon_Other_00138,0.067894,-0.048568,0.004595,-0.020555,-0.05394,-0.000707,0.056057,0.047775,0.03774,0.035824,-0.017723,-0.024055,0.015406,0.118963,0.118433,-0.043084,0.056545,0.031264,-0.082342,-0.007805,0.05005,0.027795,-0.14793,-0.045176,-0.105821,0.067822,-0.032045,-0.015546,0.067487,0.010295,-0.0076,0.002777,-0.018724,0.0412,-0.039605,-0.049859,-0.027433,-0.004547,0.028037,0.077809,-0.060785,0.055931,-0.017888,0.006124,0.036318,-0.008535,-0.046785,0.057206,0.007147,-0.005323,-0.07482,0.004174,0.17255,0.07605,0.07737,0.068165,-0.036831,0.055146,-0.012405,-0.026325,0.04051,-0.054899,-0.122031,0.111905,0.184297,-0.092098,-0.112591,-0.02033,-0.062761,-0.15037,0.006336,-0.040527,-0.059872,-0.066083,0.064242,-0.047042,-0.074324,0.015749,-0.025898,0.02084,0.001675,-0.115113,0.025548,0.02986,0.044905,-0.011751,0.03601,-0.037926,0.100334,0.034286,-0.044085,0.007472,-0.114498,0.064468,0.059941,0.005677,0.011281,-0.048568,-0.032877,-0.057657,-0.060756,-0.107679,0.016144,-0.050743,-0.082119,0.070621,-0.057091,-0.086751,0.075723,0.045405,0.050798,0.045482,0.065133,0.073015,-0.041338,0.113626,-0.171645,-0.024974,0.041355,-0.034358,-0.022853,-0.049754,0.059128,0.126743,-0.092427,-0.080304,0.137283,-0.067677
canon_Other_00191,0.131373,-0.016879,0.042322,-0.181297,-0.45946,-0.203486,0.234791,0.082149,0.391754,0.295958,0.370118,0.546719,0.030045,0.44015,0.294356,-0.050576,-0.089545,-0.266424,-0.318831,-0.220966,0.046634,0.485294,-0.192923,-0.373173,-0.452863,0.571158,-0.228714,0.182783,-0.016236,-0.066547,0.049742,-0.349405,-0.059405,-0.324059,0.179699,-0.546155,-0.183939,0.135297,-0.140644,0.398703,-0.177524,0.141319,-0.237686,-0.120443,-0.151642,-0.034651,0.025493,0.129313,0.054648,0.396687,-0.548162,0.398907,0.569604,0.320619,0.33433,0.409195,-0.222488,0.453155,-0.152472,0.460712,-0.262989,-0.197225,-0.251718,0.549908,0.87931,-0.482004,-0.080778,-0.158276,-0.15503,-0.40347,0.333876,-0.317894,-0.313094,-0.511243,-0.057423,0.040148,-0.136088,0.640198,0.007698,-0.050327,0.164655,-0.311461,-0.019696,0.540969,-0.073552,0.11026,0.170259,-0.411346,0.219955,0.607035,-0.144425,0.785576,-0.234757,0.504156,0.498927,-0.175992,0.0439,-0.472081,0.130939,-0.552102,-0.200463,-0.25126,-0.228691,-0.345037,-0.324371,0.249328,0.412852,-0.117552,0.298461,0.22891,0.578252,-0.106983,0.099941,0.010315,-0.225905,0.379359,-0.677684,-0.596594,0.480021,0.190717,-0.22571,-0.653237,0.396522,-0.35139,-0.52414,-0.385211,0.218255,-0.178183
canon_Other_00193,0.065294,-0.02795,0.004078,-0.025908,-0.052297,-0.02093,0.03989,0.074786,0.030249,-0.006987,-0.017558,-0.014286,0.015592,0.135633,0.113696,-0.081966,0.062062,0.025925,-0.071966,-0.02419,0.081423,0.032352,-0.132316,-0.019303,-0.100981,0.087603,-0.003499,0.005364,0.127109,-0.00572,-0.025006,0.026205,-0.032722,0.048228,-0.024753,-0.01202,-0.032652,0.016552,0.024859,0.078725,-0.101995,0.106936,-0.03795,0.036864,0.050018,-0.001079,-0.051484,0.03084,-0.003399,-0.022332,-0.106221,0.023592,0.12754,0.091101,0.083891,0.005803,-0.045945,0.030477,-0.040152,-0.080384,0.081934,-0.064553,-0.073676,0.127968,0.169733,-0.085953,-0.088153,-0.006305,-0.041382,-0.167176,0.010105,-0.035543,-0.093463,-0.05895,0.084182,0.001019,-0.078228,0.047747,-0.06591,-0.031779,-0.013883,-0.098831,0.062574,0.018148,0.042484,-0.024619,0.029582,-0.056671,0.091229,0.01841,-0.0464,0.018426,-0.146161,0.047073,0.070882,-0.010866,0.032804,-0.064582,-0.02613,-0.043088,-0.062551,-0.086859,-0.003057,-0.058911,-0.072672,0.056552,-0.076366,-0.106924,0.095866,0.06774,0.063392,0.049964,0.081212,0.056975,-0.036385,0.143861,-0.174751,-0.041056,0.026179,-0.036806,-0.002066,-0.011768,0.054381,0.158381,-0.087952,-0.123162,0.116774,-0.072217
canon_Other_00194,0.771988,-0.020364,0.278466,0.186168,-0.412592,0.23549,0.227394,0.948521,0.369675,0.505095,-0.28247,0.617091,0.465109,1.002604,0.331174,-0.191502,-0.505329,0.329411,-0.292881,0.259527,0.382147,0.241591,-0.328928,0.145952,-0.514982,0.685522,0.291685,-0.360279,0.723139,0.073989,0.340408,0.788821,-0.171412,-0.042513,-0.179707,-0.079432,0.340516,0.114787,-0.153255,0.433055,-0.721039,1.118996,-0.01652,0.477817,0.089604,-0.074487,-0.698152,0.332517,0.062965,-0.152142,-0.298201,0.350294,0.419882,0.087921,0.321957,0.25298,-0.69849,-0.112131,0.160009,0.067316,-0.00229,-0.474833,-0.874844,1.021076,0.837025,-0.932899,-0.384027,-0.681141,-0.400117,-0.828661,0.032214,0.241743,-0.292469,-0.027607,0.536263,0.133567,-0.255847,0.727685,-0.218099,0.117973,0.449156,-0.361453,0.225414,0.019609,-0.035768,0.266062,0.199277,0.009869,0.649764,-0.30268,-0.048944,0.281184,-0.145343,-0.282288,0.604362,-0.250959,0.1807,-0.842212,0.371348,-0.318939,-0.771947,-0.189609,0.806467,-0.224623,-0.814242,0.322485,0.004976,0.105888,0.478683,0.589379,0.06825,0.231139,0.514911,0.313988,-0.503391,0.865762,-1.161965,0.050222,-0.034139,0.264438,0.195893,-0.293329,0.171276,0.774868,-0.88167,-0.400445,0.260848,-0.663712
canon_Other_00195,0.168945,-0.164416,0.24424,-0.31132,-0.395821,-0.177608,0.364999,0.164444,0.254487,-0.260934,0.55417,0.399088,0.147896,-0.00734,0.058135,-0.078491,0.197368,0.606437,0.161342,-0.267416,0.513153,0.177212,-0.112879,-0.456073,-0.184796,0.29586,-0.409878,0.291214,0.281181,0.173531,-0.095402,0.212087,-0.036523,0.093434,0.195636,-0.432216,0.131919,0.119174,0.278464,0.047919,-0.072574,0.619862,-0.603215,-0.071908,0.306468,0.178375,-0.143394,0.070669,-0.306786,0.179574,0.060615,0.176879,0.194961,0.298475,0.44029,-0.125206,0.02672,0.102938,-0.087185,-0.358782,0.072292,-0.383745,-0.270188,0.087722,0.417462,-0.226755,-0.463918,0.379083,-0.148279,-0.341781,-0.07209,-0.358685,-0.036196,-0.583929,-0.037159,0.21156,0.202045,0.161542,-0.290103,-0.147977,-0.109406,-0.09737,-0.237672,0.348091,0.405668,-0.208018,0.317178,-0.801459,0.184573,0.534906,-0.477742,-0.127764,-0.565778,-0.113359,0.200759,-0.108064,0.313475,-0.622,0.064835,-0.093475,-0.792532,-0.376362,0.296467,-0.301734,-0.225165,0.015513,-0.448626,-0.281212,0.411613,0.02036,0.031414,-0.072618,-0.271627,0.299262,-0.309991,0.634457,-0.395237,0.190544,0.177272,-0.252382,-0.247405,0.003149,0.302355,0.201239,-0.530239,-0.487902,-0.187816,-0.479311
canon_Other_00196,0.139272,-0.089798,0.183091,-0.165687,-0.252784,-0.131833,0.290956,0.110143,0.157007,-0.101404,0.371629,0.293332,0.106166,0.046923,-0.033757,-0.03473,0.107385,0.407168,0.055746,-0.140758,0.377259,0.135458,-0.024109,-0.329818,-0.14345,0.182883,-0.259378,0.168072,0.191237,0.125006,-0.009912,0.17113,-0.001107,0.080113,0.077986,-0.289826,0.113162,0.013425,0.143468,0.042081,-0.053344,0.412903,-0.387255,-0.113564,0.202373,0.099006,-0.075555,0.044286,-0.206555,0.109171,0.008939,0.08097,0.126214,0.229808,0.309711,-0.109395,0.073855,0.017166,-0.065169,-0.230535,0.044123,-0.281923,-0.241252,0.079292,0.316157,-0.198657,-0.25301,0.240216,-0.124522,-0.216415,-0.051122,-0.160942,-0.005835,-0.317173,-0.00025,0.10711,0.141697,0.08304,-0.200502,-0.145029,-0.04241,-0.087594,-0.127678,0.237519,0.290093,-0.060501,0.202597,-0.478797,0.145657,0.354572,-0.2798,-0.072303,-0.377467,-0.074333,0.139241,-0.135968,0.228641,-0.378482,0.077707,-0.064961,-0.47939,-0.238093,0.194566,-0.253861,-0.142147,0.013361,-0.289983,-0.151119,0.254165,0.007567,0.059349,-0.028404,-0.146488,0.200815,-0.128042,0.448525,-0.243492,0.101422,0.084336,-0.162836,-0.157489,-0.035487,0.221211,0.112821,-0.376847,-0.307459,-0.084693,-0.303047
canon_Other_00197,0.060081,-0.004014,0.02526,-0.046255,-0.041182,-0.022775,0.048732,0.061526,0.023414,0.01495,-0.022794,-0.011271,0.010527,0.092649,0.117614,-0.065333,0.093395,0.037715,-0.068175,-0.045078,0.074299,0.062922,-0.131788,-0.049258,-0.087927,0.083813,-0.024898,0.011836,0.076472,0.002154,-0.014998,0.015621,-0.068838,0.053878,-0.063723,-0.031293,-0.019926,0.008245,0.050638,0.073353,-0.096782,0.050119,-0.020473,0.037409,0.022459,-0.001742,-0.064283,0.033987,-0.00774,-0.036378,-0.087746,0.007375,0.132402,0.100547,0.074718,0.065204,-0.046712,0.073439,-0.035753,-0.023255,0.07358,-0.063055,-0.100105,0.114185,0.190205,-0.094474,-0.116036,-0.011344,-0.077375,-0.176003,0.006072,-0.06667,-0.078325,-0.069745,0.072115,-0.029095,-0.054826,0.02741,-0.014027,0.010488,-0.013144,-0.103393,0.030145,0.048523,0.019866,-0.002515,0.021002,-0.049286,0.095798,0.039465,-0.071664,0.00955,-0.136635,0.061213,0.065561,0.022249,0.00511,-0.082093,-0.053518,-0.062337,-0.071794,-0.10348,0.061228,-0.040255,-0.078155,0.032078,-0.05863,-0.123104,0.098552,0.052799,0.051324,0.041972,0.079224,0.075335,-0.027129,0.139989,-0.202899,-0.029281,0.060047,-0.037114,-0.004834,-0.032054,0.057676,0.135116,-0.106787,-0.101095,0.10908,-0.08719
canon_Other_00200,0.082217,0.000639,0.026669,-0.043638,-0.078528,-0.043526,0.074841,0.038278,0.015329,-0.0002,-0.019416,-0.015627,-0.000831,0.122093,0.129527,-0.076304,0.058892,0.025213,-0.072372,0.000895,0.071491,0.025003,-0.115759,-0.005951,-0.118108,0.052781,0.006144,-0.000811,0.096224,0.000617,0.023104,0.051306,-0.041448,0.057148,-0.028993,-0.053009,-0.021179,0.036242,0.013729,0.062746,-0.069765,0.074707,-0.024027,0.030238,0.05982,-0.017669,-0.00209,0.04517,0.009232,0.030049,-0.123077,0.024432,0.15194,0.099019,0.052159,0.045611,-0.04004,0.035154,-0.027712,-0.008993,0.035444,-0.056362,-0.068843,0.107283,0.192012,-0.099976,-0.10628,-0.045041,-0.03259,-0.150877,0.02578,-0.023956,-0.088224,-0.073565,0.06305,0.000188,-0.096174,0.011002,-0.03821,-0.031543,0.027868,-0.112848,0.044917,-0.001076,0.010088,-0.031923,0.021071,-0.0681,0.080113,0.027644,-0.054192,0.003914,-0.119113,0.044304,0.062691,0.001119,0.044023,-0.049581,-0.025509,-0.049963,-0.090598,-0.078435,0.002389,-0.041939,-0.074633,0.056228,-0.05239,-0.109394,0.055034,0.0707,0.041461,0.054184,0.052689,0.051886,-0.058744,0.113604,-0.18602,-0.065741,0.045371,-0.0259,-0.030239,-0.060915,0.061261,0.142207,-0.07359,-0.114845,0.137735,-0.05366
canon_Other_00201,0.074362,-0.037985,0.001962,-0.018256,-0.061178,-0.023322,0.080059,0.035007,0.029392,-0.017758,-0.011722,0.002835,0.006714,0.100913,0.13016,-0.056133,0.065686,0.002174,-0.07617,-0.006034,0.090038,0.022834,-0.126908,-0.015826,-0.11873,0.061933,-0.005897,-0.022811,0.072859,-0.027936,0.025375,-0.00391,-0.008925,0.053729,-0.065198,-0.03303,-0.024828,-0.012701,0.0287,0.063716,-0.076207,0.059069,-0.021318,0.020802,0.03673,-0.017145,-0.009442,0.050063,-0.00544,0.003512,-0.113492,0.011248,0.15999,0.102334,0.043145,0.043497,-0.032172,0.028754,-0.035862,-0.003267,0.062816,-0.049663,-0.097939,0.104981,0.1711,-0.091305,-0.064188,-0.034032,-0.054905,-0.148904,0.037461,-0.05163,-0.064801,-0.059363,0.059162,-0.008391,-0.084556,0.021148,-0.013091,-0.012141,0.017919,-0.120957,0.040824,0.01026,0.004135,-0.00873,-0.003676,-0.055133,0.089084,-0.008938,-0.045646,0.035317,-0.110384,0.028888,0.050004,-0.005386,0.051943,-0.029892,-0.052468,-0.05435,-0.090368,-0.105392,0.024404,-0.063857,-0.078879,0.055325,-0.022508,-0.088245,0.085404,0.054883,0.026824,0.059077,0.060359,0.05856,-0.052268,0.112276,-0.194587,-0.040303,0.038034,-0.034934,-0.03395,-0.041054,0.033391,0.143075,-0.096052,-0.11829,0.147881,-0.060636
canon_Other_00205,0.0826,-0.03773,0.036539,-0.025002,-0.056972,0.005568,0.06038,0.064273,0.080572,-0.021708,0.007557,0.029983,0.024329,0.132222,0.122376,-0.082964,0.025269,0.023535,-0.095454,0.00526,0.091396,0.043938,-0.07429,-0.003406,-0.0921,0.095821,-0.013274,-0.007082,0.112837,-0.008463,0.0275,0.025437,-0.029376,0.011711,-0.039972,-0.045455,-0.002151,0.016765,0.027874,0.106491,-0.106918,0.092509,-0.014956,0.004162,0.062145,-0.015838,-0.005249,0.021881,-0.008725,-0.00945,-0.154672,0.043915,0.145043,0.09731,0.059641,0.06894,-0.061112,0.029314,-0.036199,-0.036769,0.077937,-0.096836,-0.106722,0.160408,0.208904,-0.081811,-0.066164,-0.016083,-0.066462,-0.140586,0.059007,-0.028099,-0.086651,-0.047624,0.091076,0.012479,-0.066411,0.07532,-0.003202,-0.02921,0.019899,-0.1297,0.057854,0.041459,0.010923,-0.004504,0.011413,-0.068877,0.083741,0.032343,-0.038357,0.074665,-0.121907,0.054908,0.102412,0.012101,-0.006034,-0.076662,0.005896,-0.059083,-0.07628,-0.091038,-0.001007,-0.075803,-0.085511,0.066114,-0.025749,-0.095782,0.085454,0.072236,0.041274,0.071971,0.076639,0.052233,-0.020762,0.100832,-0.170164,-0.051456,0.03051,-0.03121,0.00556,-0.049788,0.061568,0.127761,-0.099086,-0.092444,0.107023,-0.06662
canon_Other_00206,0.072534,-0.023817,0.025311,-0.0249,-0.047251,0.034767,0.038082,0.068381,0.102831,-0.037368,-0.061348,-0.032669,0.042606,0.134475,0.133977,-0.089718,0.049,0.016398,-0.092634,-0.033846,0.065994,0.038165,-0.115027,0.001639,-0.120879,0.117557,-0.031185,-0.012801,0.111602,-0.011818,0.003973,-0.009764,-0.021318,-0.00363,-0.020365,-0.017864,0.003866,0.045388,0.015001,0.091897,-0.116627,0.080715,0.005074,0.030507,0.062076,-0.038784,-0.001956,0.003061,-0.028581,-0.03256,-0.146697,0.029962,0.170986,0.088236,0.049698,0.071785,-0.086462,0.081768,-0.047291,-0.059332,0.091842,-0.064453,-0.099439,0.17929,0.196231,-0.044649,-0.094782,-0.030635,-0.091471,-0.148613,0.055148,-0.059201,-0.097579,-0.029097,0.112429,0.000577,-0.069304,0.077203,0.004009,-0.019758,0.008066,-0.127119,0.070221,0.020815,0.000787,-0.023155,-0.004354,-0.070275,0.094084,-0.005643,-0.044589,0.097554,-0.12772,0.08578,0.087425,0.024449,-0.018061,-0.077913,-0.024473,-0.063347,-0.061203,-0.098305,-0.006872,-0.064363,-0.082392,0.050569,-0.015508,-0.093929,0.080492,0.09165,0.050943,0.082637,0.056867,0.043695,-0.014064,0.08699,-0.160827,-0.065511,0.064455,0.002825,0.038932,-0.025994,0.040558,0.123217,-0.076057,-0.102969,0.133192,-0.054547
canon_Other_00207,0.08347,-0.005683,-0.00435,0.019272,-0.034472,-0.014745,0.106045,0.055584,0.070493,-0.026943,0.026702,-0.017985,0.028106,0.101307,0.098836,-0.073791,0.041697,0.02081,-0.098081,-0.027437,0.103631,0.047483,-0.08162,-0.010529,-0.118977,0.061448,-0.016929,0.050444,0.111349,-0.017281,0.017142,0.010606,-0.040013,0.034856,-0.076161,-0.092685,-0.038063,0.020541,0.043912,0.099889,-0.080478,0.074066,-0.051661,-0.01622,0.048913,0.015719,-0.013575,0.033565,0.004899,-0.010624,-0.147896,-0.007413,0.165906,0.140902,0.060806,0.042952,-0.051709,0.007555,-0.089658,-0.045796,0.087156,-0.094649,-0.104143,0.161811,0.188867,-0.075051,-0.076388,0.006939,-0.064247,-0.139972,0.023871,-0.03865,-0.08566,-0.046976,0.071436,-0.034314,-0.067403,0.035823,-0.062729,-0.026793,0.007665,-0.128516,0.014833,-0.004347,0.03367,-0.007062,-0.01561,-0.050905,0.097809,0.038322,-0.054843,0.021357,-0.133989,0.051252,0.054679,-0.031357,0.065091,-0.056379,-0.03244,-0.058693,-0.080217,-0.112877,0.014464,-0.045443,-0.11307,0.0207,-0.037158,-0.129731,0.062163,0.015926,0.054032,0.060712,0.057954,0.052397,0.015235,0.128314,-0.165991,-0.021449,0.029513,-0.094877,-0.070612,-0.062853,0.076164,0.139281,-0.065315,-0.138207,0.152553,-0.123778
canon_Other_00209,0.04821,-0.038638,0.018707,-0.052549,-0.042272,-0.01511,0.077111,0.049185,0.012982,0.015914,0.034267,0.022477,0.014457,0.079143,0.091909,-0.040064,0.045838,0.048038,-0.062982,-0.003884,0.064562,0.032444,-0.095539,-0.040178,-0.087262,0.06189,-0.022184,0.001916,0.070283,-0.021124,0.010692,-0.014756,-0.013495,0.03939,-0.049568,-0.030468,-0.009498,-0.027072,0.027477,0.056521,-0.048276,0.058643,-0.03704,0.000756,0.039513,0.004658,-0.007057,0.026665,-0.004352,-0.021987,-0.10424,0.019849,0.139748,0.098988,0.079279,0.04269,-0.021275,0.036904,-0.023817,-0.032178,0.064065,-0.081248,-0.071647,0.109397,0.166238,-0.078102,-0.069029,0.002336,-0.060252,-0.137098,0.033798,-0.058477,-0.0535,-0.048288,0.044265,-0.02779,-0.057982,-0.014613,-0.007925,-0.018501,0.019214,-0.106485,0.019441,0.048737,0.02478,0.008316,0.003558,-0.0537,0.085661,0.043765,-0.052928,0.053288,-0.095451,0.056232,0.04348,-0.010734,0.018105,-0.043348,-0.023461,-0.053141,-0.072626,-0.08929,0.023144,-0.072866,-0.075265,0.076182,-0.064102,-0.083485,0.076796,0.0239,0.050993,0.052732,0.060807,0.059394,0.004753,0.109437,-0.15419,-0.043454,0.044214,-0.045359,-0.032385,-0.049603,0.046927,0.091178,-0.117245,-0.116132,0.128311,-0.070381
canon_Other_00212,0.044554,-0.020635,0.039216,-0.074602,-0.019559,-0.015985,0.070605,0.065315,0.012779,-0.015127,-0.002043,0.009891,-0.007424,0.115567,0.094341,-0.056208,0.076177,0.045462,-0.071809,0.008843,0.087301,0.04371,-0.105115,-0.057599,-0.089318,0.09618,-0.012307,0.014017,0.085745,-0.01838,-0.008348,0.015026,-0.041576,0.062242,-0.042106,-0.037441,-0.038544,-0.019517,0.015789,0.076487,-0.059801,0.087714,-0.040225,0.025179,0.029773,-0.005126,-0.00759,0.027278,-0.036188,-0.044701,-0.095704,0.006909,0.154131,0.109976,0.070176,0.034528,-0.032114,0.057597,-0.016133,-0.040639,0.075614,-0.088274,-0.081425,0.106063,0.18442,-0.084577,-0.112959,-0.008169,-0.097014,-0.161989,0.024827,-0.075628,-0.05736,-0.067191,0.075062,-0.020469,-0.083319,-0.015743,-0.039082,-0.0359,0.00396,-0.106708,0.020376,0.055903,0.024423,-0.016541,0.009895,-0.062475,0.092801,0.038823,-0.059055,0.034958,-0.101607,0.032032,0.063896,0.031959,0.002727,-0.057628,-0.026838,-0.070726,-0.085845,-0.108394,0.029317,-0.07231,-0.068208,0.059546,-0.081561,-0.107179,0.098643,0.047262,0.036864,0.022765,0.068658,0.037146,-0.028946,0.118369,-0.148418,-0.044633,0.0329,-0.04418,-0.020223,-0.050022,0.061934,0.124413,-0.123627,-0.112814,0.103983,-0.047727
canon_Other_00213,0.238749,-0.088255,0.166799,0.101637,0.02149,-0.15735,0.298434,0.063671,0.429407,-0.225665,0.122954,0.081236,0.048902,0.021915,0.733326,0.061908,0.075326,0.073122,0.195918,0.230026,0.341962,0.375668,-0.317003,-0.370936,0.025235,0.42642,-0.27776,0.494335,-0.028815,0.183019,0.026371,-0.051338,-0.05156,-0.19002,0.251272,-0.365784,-0.234522,0.00474,0.279725,0.135259,-0.36806,0.293358,0.154798,-0.10995,0.341666,0.214925,-0.280414,0.163481,0.128196,-0.027785,-0.087721,0.343567,0.154182,0.048555,0.009477,0.285693,0.064107,0.373315,0.074342,-0.24133,-0.095173,-0.303414,-0.375527,0.339915,0.455874,-0.011626,-0.44894,0.282442,-0.133969,0.205687,0.011976,-0.218755,-0.205085,-0.263936,0.140786,-0.424504,0.045473,-0.014234,-0.029106,-0.248868,0.051805,-0.325688,-0.270116,-0.061153,0.106232,-0.179328,0.088544,-0.262564,0.058369,0.423137,-0.01975,-0.290801,-0.448528,0.138528,-0.14629,0.141256,-0.003235,-0.177228,-0.219901,-0.208299,-0.562984,-0.424121,0.217658,-0.043525,-0.252328,0.054249,-0.380027,-0.358759,-0.113523,-0.208872,0.166952,-0.063274,-0.106186,0.132442,-0.05433,0.291761,-0.333078,0.168196,0.277425,-0.540185,-0.191987,-0.022026,0.204197,0.196524,-0.121971,-0.47419,0.459103,-0.258359
canon_Other_00214,0.052746,0.001713,0.018144,-0.050979,-0.041286,-0.012217,0.071189,0.053604,0.07763,-0.00585,0.028709,0.032528,0.027464,0.082554,0.097216,-0.05866,0.063033,0.004059,-0.059883,-0.025928,0.077317,0.024914,-0.094887,-0.036195,-0.111602,0.082378,-0.009989,-0.002263,0.090718,-0.020448,0.026263,-0.002054,-0.031347,0.029198,-0.054101,-0.013894,-0.008045,0.007936,0.014154,0.045743,-0.094816,0.089549,-0.052864,0.016759,0.043792,-0.026962,-0.020645,0.018475,-0.025977,-0.002766,-0.102951,0.032205,0.106665,0.112615,0.047269,0.015843,-0.046806,0.047817,-0.030779,-0.052622,0.058032,-0.061879,-0.09549,0.107391,0.179674,-0.0906,-0.067658,-0.030052,-0.045757,-0.155051,0.020861,-0.050628,-0.067577,-0.046431,0.061708,0.004178,-0.05701,0.031473,-0.02409,-0.015432,0.017123,-0.101135,0.022756,0.034078,0.012946,-0.023391,0.00297,-0.093319,0.091501,0.015793,-0.075197,0.045753,-0.126143,0.045954,0.055152,-0.022084,0.033447,-0.054744,-0.01838,-0.041528,-0.069042,-0.110629,0.031428,-0.078121,-0.077229,0.060026,-0.045528,-0.084147,0.10333,0.065946,0.045188,0.04972,0.059724,0.046455,-0.014445,0.124324,-0.157604,-0.056951,0.045536,-0.040246,-0.007603,-0.044929,0.049106,0.098782,-0.119308,-0.12524,0.117808,-0.083376
canon_Other_00217,0.064953,-0.046216,-0.024938,-0.069363,-0.049852,0.013305,0.105542,0.067763,0.065008,-0.046307,0.025866,0.046977,0.042658,0.118209,0.133809,-0.041829,0.07321,0.034249,-0.161687,-0.018126,0.09429,0.059816,-0.110297,-0.026516,-0.153015,0.070219,-0.047001,-0.004559,0.108078,-0.011695,-0.011089,-0.037535,-0.032939,0.015369,-0.073304,-0.043067,0.004308,-0.006174,0.07133,0.06026,-0.074557,0.022982,-0.033637,-0.036605,0.078266,-0.007996,0.028289,0.010963,-0.010756,-0.050283,-0.140293,0.005792,0.177646,0.153574,0.061845,0.047692,-0.023552,0.066606,-0.037129,-0.055159,0.083789,-0.051894,-0.092933,0.110996,0.205992,-0.082599,-0.092316,0.005817,-0.086889,-0.18272,0.071218,-0.067119,-0.081075,-0.022038,0.059919,-0.006775,-0.028749,0.039096,0.034777,-0.010357,0.017378,-0.120852,0.047415,0.021291,0.007435,0.094906,0.008664,-0.061258,0.113865,0.055572,-0.085773,0.070202,-0.17342,0.044025,0.102718,0.001574,0.019685,-0.02838,-0.021753,-0.051885,-0.092011,-0.076466,0.007124,-0.063113,-0.078435,0.091285,-0.084364,-0.076872,0.072711,0.061891,0.106331,0.062063,0.041188,0.146803,0.022008,0.047408,-0.177593,-0.056085,0.085592,-0.082306,-0.088407,-0.071805,0.048053,0.050063,-0.117932,-0.126359,0.127452,-0.058242
canon_Other_00226,0.083783,-0.054483,0.048092,-0.105254,-0.02684,-0.093705,0.211203,0.094358,0.055541,0.068814,0.243389,0.208205,0.028299,0.159759,-0.040101,-0.019514,0.062193,0.405582,0.061707,-0.230216,0.294295,0.153068,-0.118647,-0.22399,-0.11087,0.264518,-0.198075,0.281911,0.245778,0.126223,-0.067745,0.074041,0.032504,-0.042066,0.196529,-0.164966,0.040264,-0.003972,0.108669,0.014636,-0.196373,0.249872,-0.405831,-0.064326,0.113556,-0.119433,-0.037532,-0.041788,-0.267133,0.059325,-0.0469,0.121517,0.27919,0.305741,0.248168,-0.068963,-0.001092,0.117697,-0.125724,-0.095437,0.061173,-0.154448,-0.007136,0.095018,0.214154,-0.020003,-0.222551,0.278493,-0.048738,-0.225966,0.01743,-0.183696,0.093856,-0.134226,0.070367,0.105296,-0.10698,-0.032519,-0.137908,-0.132256,-0.02438,-0.208003,-0.036572,0.083811,0.114397,-0.199843,0.152203,-0.426026,0.149683,0.196037,-0.150167,0.005231,-0.342675,-0.073971,-0.00661,-0.129007,0.140959,-0.293428,-0.018448,-0.064208,-0.390091,-0.234672,0.043245,-0.146367,-0.151307,0.078041,-0.211081,-0.294022,0.154069,0.065454,0.206198,-0.056953,-0.075778,0.152953,-0.015509,0.34796,-0.170777,0.075276,0.183275,-0.072669,-0.124073,0.031267,0.173956,0.156481,-0.288885,-0.337103,-0.103115,-0.14904
canon_Other_00229,0.080156,-0.041869,0.019857,-0.023625,-0.048663,-0.002981,0.059592,0.045755,0.065803,-0.039482,-0.011654,-0.001022,0.009844,0.135787,0.128028,-0.057252,0.075209,-0.002399,-0.098621,-0.020234,0.113625,0.054046,-0.089893,-0.02386,-0.115445,0.094054,-0.022115,0.017409,0.115389,0.006428,0.018023,0.004443,-0.022146,0.051184,-0.042463,-0.054381,-0.019632,-0.014848,0.039587,0.112575,-0.081569,0.082859,0.003845,0.000229,0.025931,-0.025541,-0.010112,0.033913,-0.031137,-0.01856,-0.095768,-0.002962,0.148807,0.086189,0.045069,0.024146,-0.015828,0.028447,-0.058583,-0.059257,0.063256,-0.076522,-0.082969,0.11626,0.173773,-0.105786,-0.084951,-0.013502,-0.083849,-0.174068,0.026507,-0.052628,-0.100294,-0.044467,0.072333,-0.018063,-0.088253,0.026885,-0.058976,-0.019463,-0.00576,-0.111555,0.039712,0.02944,0.015362,0.001785,0.010266,-0.075434,0.088735,0.013305,-0.039851,0.008092,-0.12305,0.04969,0.089,-0.031349,0.026768,-0.058597,-0.02033,-0.061443,-0.065659,-0.108893,-0.003795,-0.049489,-0.101046,0.021565,-0.049728,-0.053954,0.104148,0.074571,0.039512,0.049055,0.083878,0.075588,-0.049199,0.127846,-0.157931,-0.030612,0.042123,-0.049699,-0.020437,-0.042894,0.031312,0.128114,-0.098238,-0.09666,0.091558,-0.076135
canon_Other_00230,0.079966,-0.216342,-0.113224,0.000702,0.24794,-0.367968,-0.183615,0.472027,0.131243,0.367538,0.407841,-0.015835,-0.029563,0.559261,0.282779,-0.527461,-0.186006,0.261626,-0.324827,0.021778,0.245588,0.061143,-0.765014,0.252616,-0.399454,0.059841,-0.157938,0.182862,0.383702,0.244717,-0.284649,0.233209,-0.238425,0.067165,0.305216,-0.107022,-0.006402,0.40619,0.08972,0.078778,-0.367322,0.259413,0.081092,0.308007,-0.177521,0.070023,-0.454723,0.14271,0.013547,-0.188598,-0.430865,0.528364,0.471956,0.51305,0.590174,0.267226,-0.246013,0.085543,-0.076554,-0.055495,0.193102,-0.106691,0.388863,0.475242,0.730334,-0.263232,-0.242202,0.442902,-0.212766,-0.625514,0.151105,-0.040246,-0.368891,-0.157675,0.047402,-0.165964,-0.33582,-0.093915,-0.278873,-0.143962,0.035194,-0.555318,0.080675,0.253164,-0.067589,0.03024,0.185134,-0.179116,-0.206056,-0.201937,-0.148264,-0.030421,-0.534497,0.181008,0.385871,0.00776,-0.357413,-0.802284,-0.060544,0.03854,-0.54873,-0.165096,-0.206411,0.043957,-0.0799,0.146496,-0.129114,-0.304419,-0.214242,-0.105379,0.333077,0.126638,0.37254,0.304586,-0.155297,0.251457,-0.48777,-0.037058,0.310724,-0.002815,0.01343,-0.177359,0.243645,0.324308,0.243802,-0.132969,0.835825,-0.037145
canon_Other_00231,0.089072,-0.283237,-0.110717,-0.013304,0.284665,-0.455836,-0.214623,0.585893,0.175394,0.438202,0.475898,-0.013408,-0.010625,0.679915,0.332285,-0.66703,-0.19272,0.336716,-0.401078,0.000134,0.292954,0.070352,-0.909831,0.310345,-0.503137,0.079608,-0.174313,0.247808,0.492046,0.287025,-0.364375,0.285907,-0.343728,0.084344,0.344717,-0.130669,0.007319,0.532297,0.138721,0.108247,-0.435639,0.323594,0.111526,0.386352,-0.199686,0.095449,-0.574528,0.182484,-0.001905,-0.260606,-0.529451,0.623926,0.566128,0.637909,0.743854,0.319848,-0.309791,0.104,-0.079003,-0.097136,0.260359,-0.132592,0.482854,0.589351,0.923302,-0.371112,-0.33842,0.528723,-0.266826,-0.810439,0.207433,-0.063299,-0.449959,-0.18389,0.061851,-0.195149,-0.402829,-0.100576,-0.331479,-0.165085,0.022856,-0.667802,0.093538,0.303335,-0.117177,0.04805,0.222233,-0.231596,-0.241997,-0.250705,-0.208733,-0.041419,-0.683996,0.210001,0.462053,-0.009127,-0.443322,-0.985027,-0.103805,0.076971,-0.672856,-0.168657,-0.246506,0.063685,-0.093119,0.167789,-0.181334,-0.391227,-0.234515,-0.082446,0.402589,0.144181,0.453902,0.369731,-0.197754,0.328915,-0.600187,-0.051931,0.396235,-0.012688,0.043282,-0.204743,0.290506,0.423504,0.288512,-0.168455,1.020554,-0.060178
canon_Other_00232,0.076698,-0.33932,-0.122288,-0.016954,0.272932,-0.484155,-0.254696,0.637323,0.199958,0.491355,0.46076,-0.03393,-0.015043,0.750042,0.383455,-0.740344,-0.184351,0.339785,-0.446867,0.013676,0.312727,0.077931,-1.00707,0.327723,-0.517491,0.084516,-0.179739,0.219207,0.545207,0.317263,-0.411467,0.327392,-0.376433,0.126523,0.365294,-0.139672,0.012086,0.549935,0.172335,0.10717,-0.476198,0.355078,0.11271,0.414432,-0.20921,0.116601,-0.6232,0.217027,0.006599,-0.267752,-0.544649,0.66935,0.61327,0.663603,0.78258,0.372,-0.361318,0.109643,-0.061765,-0.107488,0.290886,-0.14901,0.479772,0.639787,1.01919,-0.385911,-0.350803,0.553475,-0.294247,-0.895524,0.196814,-0.078598,-0.508974,-0.208988,0.062082,-0.194034,-0.447293,-0.080307,-0.362347,-0.170191,-0.00721,-0.709204,0.130666,0.318085,-0.115401,0.046038,0.246576,-0.237602,-0.250816,-0.283555,-0.20847,-0.068152,-0.749874,0.190838,0.508438,0.031155,-0.484747,-1.059452,-0.108983,0.066746,-0.697979,-0.178564,-0.267634,0.046604,-0.07851,0.172769,-0.206258,-0.421337,-0.230401,-0.071079,0.41939,0.204343,0.529068,0.414988,-0.265907,0.402248,-0.719597,-0.037876,0.412854,0.005172,0.05424,-0.214354,0.326073,0.494801,0.296518,-0.145589,1.110238,-0.076293
canon_Other_00233,0.0751,-0.044538,-0.015218,-0.061611,-0.036666,0.00623,0.03852,0.069551,0.015016,-0.025901,-0.008012,0.043872,-0.035793,0.186997,0.105246,-0.07908,0.049039,0.001723,-0.064408,0.010064,0.049771,-0.000547,-0.108165,-0.020295,-0.117387,0.108876,-0.034293,0.022946,0.119334,-0.017134,0.036085,-0.006756,-0.062026,0.032295,-0.011064,-0.103197,-0.062644,0.005551,-0.012819,0.097612,-0.078091,0.084915,-0.00739,0.03243,0.051257,0.001363,-0.026846,0.046217,0.010748,-0.049151,-0.110744,0.02392,0.137865,0.105532,0.036777,0.025139,-0.044049,0.042005,-0.040313,-0.011447,0.053323,-0.124515,-0.081848,0.162104,0.216162,-0.095898,-0.154774,-0.002937,-0.083502,-0.178425,0.02069,-0.09995,-0.099966,-0.075502,0.059122,-0.005349,-0.105802,-0.010071,-0.047419,-0.005838,0.041368,-0.088769,0.000874,0.045011,0.011256,0.018808,-4e-06,-0.030462,0.10078,0.007071,-0.046503,-0.005123,-0.08796,0.051888,0.094275,-0.004913,0.007195,-0.051841,0.003325,-0.112857,-0.120132,-0.104354,0.005665,-0.039951,-0.075236,0.050308,-0.066059,-0.094213,0.105069,0.046001,0.038427,0.044369,0.090591,0.061975,9.2e-05,0.105936,-0.173567,-0.048115,0.079807,-0.042069,-0.031676,-0.07985,0.065138,0.147039,-0.122823,-0.12815,0.08322,-0.099923
canon_Other_00234,0.070502,-0.045811,0.022141,-0.046319,-0.034144,-0.02859,0.057367,0.013259,-0.028968,-0.080599,-0.012028,0.032614,-0.032959,0.150762,0.159066,-0.072945,0.023053,-0.000759,-0.086355,-0.028391,0.06355,0.063265,-0.113706,-0.063685,-0.122595,0.069757,-0.019199,0.03014,0.107854,-0.0378,0.033171,-0.055805,-0.024945,0.014201,-0.043873,-0.089392,-0.075714,0.01166,0.016862,0.095539,-0.026998,0.031588,0.012447,0.053493,0.063435,0.002145,0.037608,0.027905,0.027949,-0.027937,-0.134048,0.02775,0.146566,0.145056,0.083632,0.041867,-0.02086,0.013801,-0.05139,-0.024579,0.086725,-0.086034,-0.080654,0.161828,0.182797,-0.087112,-0.132518,0.008329,-0.041308,-0.163441,0.0409,-0.085255,-0.131855,-0.063006,0.069068,0.020204,-0.159444,-0.008838,-0.002143,0.004532,0.036363,-0.074895,0.051186,0.05718,0.028636,0.044603,-0.007091,-0.053655,0.122785,0.02893,-0.079807,0.031287,-0.11551,0.100233,0.075209,0.03256,0.005646,-0.011309,-0.021301,-0.120337,-0.090067,-0.088746,-0.012232,-0.036288,-0.131968,0.083686,-0.015873,-0.140826,0.085331,0.016627,0.072108,0.035004,0.048598,0.064201,0.001722,0.058658,-0.154813,-0.063775,0.078917,-0.066502,-0.046783,-0.020981,0.031027,0.130677,-0.129574,-0.127272,0.081267,-0.035309
canon_Other_00239,0.081975,-0.029742,0.006567,-0.0523,-0.036184,0.005177,0.056524,0.051999,0.030707,0.005719,-0.020363,-0.013244,0.002117,0.097053,0.136987,-0.064748,0.06629,0.003559,-0.095054,-0.007148,0.061006,0.031753,-0.107854,-0.020467,-0.114042,0.08801,0.011474,-0.021833,0.089494,-0.030143,0.012513,-0.018405,-0.040006,0.04394,-0.085688,-0.033743,-0.023088,-0.008015,0.040407,0.083743,-0.080312,0.058122,-0.016233,0.037567,0.042782,-0.008742,-0.016229,0.030077,-0.003127,-0.034752,-0.104513,-0.01579,0.151626,0.098471,0.062315,0.064815,-0.027605,0.035974,-0.034097,-0.040525,0.080012,-0.043683,-0.116104,0.130193,0.159918,-0.092378,-0.071051,-0.028169,-0.079638,-0.157516,0.055595,-0.036282,-0.083961,-0.053423,0.07196,0.003305,-0.086126,0.027253,-0.010292,0.005567,0.006276,-0.108091,0.04468,0.020816,0.000995,0.020008,-0.009185,-0.032474,0.105479,0.027689,-0.056769,0.02074,-0.121681,0.061463,0.066711,0.013417,0.019459,-0.028555,-0.042193,-0.054819,-0.034947,-0.113533,0.032352,-0.035137,-0.056647,0.057241,-0.026189,-0.10612,0.07988,0.054501,0.024693,0.069345,0.091378,0.06183,-0.014564,0.112697,-0.189332,-0.043054,0.033748,-0.034146,0.000948,-0.026941,0.045739,0.131526,-0.10141,-0.104053,0.135036,-0.076733
canon_Other_00241,0.087506,-0.042984,0.036892,-0.055143,-0.044073,0.024247,0.073804,0.052449,0.058553,-0.004798,-0.007286,0.003052,0.010258,0.101529,0.12666,-0.064244,0.084812,0.034953,-0.068621,0.006108,0.076104,0.020887,-0.10055,-0.032649,-0.124231,0.081104,-0.002853,-0.02532,0.06838,-0.012402,0.019364,0.007613,-0.02205,0.025656,-0.04607,-0.059573,-0.021655,-0.02694,0.027966,0.075916,-0.068277,0.075203,-0.043365,0.009739,0.058387,-0.026013,-0.013645,0.021542,0.002347,-0.018139,-0.085882,0.002595,0.157081,0.088362,0.045197,0.057199,-0.042829,0.054578,-0.025839,-0.031632,0.059326,-0.065,-0.111015,0.136077,0.192777,-0.099413,-0.11265,-0.035419,-0.065018,-0.172145,0.030934,-0.056628,-0.066025,-0.052881,0.060102,-0.02204,-0.070993,0.014951,-0.015842,0.015106,0.023387,-0.129215,0.027265,0.017855,0.029225,-0.018687,0.008176,-0.048445,0.09996,0.024683,-0.065313,0.026992,-0.12477,0.055334,0.0488,0.024614,0.021324,-0.039228,-0.039868,-0.064729,-0.069204,-0.119632,0.01854,-0.053631,-0.072047,0.049928,-0.061885,-0.097243,0.101245,0.053622,0.059835,0.045111,0.087039,0.073907,-0.033218,0.120024,-0.184115,-0.039588,0.06778,-0.046333,-0.008711,-0.060143,0.055483,0.139651,-0.11893,-0.115537,0.128443,-0.076105
canon_Other_00242,0.065534,-0.02926,0.03098,-0.051537,-0.072117,-0.019911,0.049281,0.068055,0.045447,-0.003983,-0.041786,-0.002198,0.014737,0.107838,0.126091,-0.097481,0.0693,0.037872,-0.086999,-0.020738,0.068972,0.041902,-0.12506,-0.026576,-0.109862,0.085272,-0.012133,-0.008502,0.115499,0.006588,-0.018633,0.00147,-0.069569,0.025516,-0.074241,-0.046724,-0.02251,0.037667,0.058252,0.055929,-0.075296,0.08269,-0.05463,0.043284,0.054597,-0.000793,-0.032205,0.026331,-0.012787,-0.035174,-0.110849,0.014444,0.131309,0.095085,0.075813,0.061881,-0.079248,0.056756,-0.01467,-0.050867,0.080564,-0.045145,-0.118042,0.128846,0.170478,-0.083018,-0.1126,-0.016912,-0.063313,-0.195097,0.029845,-0.061614,-0.103685,-0.063887,0.087955,0.010687,-0.054067,0.038992,-0.003614,0.018712,0.012324,-0.091604,0.047769,0.026447,-0.016739,-0.001136,0.008429,-0.0508,0.120971,0.045191,-0.09026,0.039316,-0.138949,0.02448,0.057862,0.033897,0.016199,-0.057354,-0.04256,-0.048597,-0.059065,-0.096645,0.061128,-0.04628,-0.064512,0.050341,-0.04728,-0.14019,0.08597,0.079798,0.039401,0.074916,0.081464,0.076725,-0.047309,0.120692,-0.195069,-0.039773,0.043662,-0.03639,-0.009796,-0.026949,0.033393,0.126402,-0.118054,-0.105152,0.115772,-0.075585
canon_Other_00243,0.50216,-0.170043,-0.368605,0.313115,-0.29761,-0.252816,0.603187,0.115144,0.042049,-0.081221,-0.191644,-0.265263,-0.107317,-0.016512,0.825987,0.027693,0.082486,-0.144163,-0.130798,-0.016329,0.489837,0.051558,-0.216466,0.129739,-0.498708,0.363068,0.050143,0.210501,0.607569,-0.486284,-0.177226,0.605473,0.405518,0.473378,-0.328018,0.008797,0.350951,-0.184631,-0.131215,0.320511,-0.269315,0.158661,0.508933,0.213202,0.103022,-0.311646,-0.184384,-0.247573,0.111555,0.300759,-0.174953,-0.079655,0.261989,0.29735,-0.242454,0.303959,-0.034476,0.291854,-0.492938,-0.386851,0.000975,0.017864,-0.606945,-0.151124,0.555134,-0.208272,-0.014491,-0.26558,-0.284115,-0.260342,0.39663,-0.1694,-0.230635,-0.367077,0.209374,0.445591,-0.063279,-0.350134,0.285081,-0.023763,0.171576,-0.620371,0.042833,0.19258,-0.162857,-0.363298,0.154448,0.308517,0.175588,0.091396,-0.223532,-0.077729,-0.0513,0.109973,-0.317006,-0.631779,0.043879,-0.200191,0.113299,-0.078902,-0.624942,-0.396448,0.051595,-0.544085,-0.252473,0.373193,0.034829,-0.327377,1.046785,0.134499,-0.233171,0.210272,0.060224,0.280176,-0.020094,0.773281,-0.670375,0.211881,-0.031069,-0.5331,-0.491955,-0.199202,-0.120019,0.352169,-0.605175,-0.608989,0.70051,0.266391
canon_Other_00244,0.059792,-0.038326,0.01332,-0.04313,-0.035015,-0.007072,0.047269,0.058393,0.0392,-0.015098,0.004777,0.034965,-0.002984,0.102285,0.102387,-0.060846,0.025852,0.035636,-0.082269,-0.003118,0.069248,0.03647,-0.092828,-0.030881,-0.099705,0.100208,-0.014608,0.009535,0.076471,-0.001429,0.008106,-0.004016,-0.034406,0.032761,-0.0371,-0.031034,-0.013473,0.031022,0.027244,0.064668,-0.089396,0.095703,-0.045674,0.033457,0.043324,0.004074,-0.011919,0.048421,-0.010808,-0.013055,-0.112194,0.020989,0.125322,0.120507,0.078264,0.045637,-0.053101,0.038533,-0.030358,-0.046791,0.056853,-0.062386,-0.081261,0.11332,0.171653,-0.080238,-0.083027,0.002825,-0.075796,-0.170611,0.025981,-0.081367,-0.072087,-0.074431,0.071266,0.017773,-0.06357,0.027946,-0.018943,-0.018505,0.023127,-0.081975,0.030274,0.046302,-0.018978,-0.009727,0.014387,-0.081831,0.107558,0.026676,-0.064576,0.052083,-0.115775,0.027362,0.054302,-0.024946,0.02014,-0.061974,-0.021984,-0.061043,-0.101587,-0.075174,0.024996,-0.04862,-0.060586,0.064947,-0.042372,-0.106031,0.077532,0.047604,0.03053,0.045017,0.061591,0.041201,-0.010388,0.11057,-0.167891,-0.038869,0.059495,-0.057111,-0.007528,-0.029842,0.036771,0.102404,-0.122187,-0.104065,0.096721,-0.095527
canon_Other_00245,0.059674,-0.021766,-0.01513,-0.021503,-0.040674,-0.024613,0.059668,0.0211,0.034013,-0.019456,0.02976,0.003715,0.005851,0.08278,0.130663,-0.063391,0.021869,-0.002203,-0.063471,-0.020923,0.088687,0.042009,-0.089478,0.012178,-0.070381,0.071472,-0.006722,0.015212,0.083025,-0.023817,-0.014295,-0.025707,0.001348,0.025989,-0.026129,-0.034342,-0.025296,-0.018015,0.046956,0.064345,-0.030126,0.079887,-0.03052,0.002834,0.018315,-0.030333,0.016223,0.019255,-0.01867,-0.01453,-0.066337,-0.004686,0.122208,0.075533,0.070771,0.008562,-0.037597,-0.015909,-0.026629,-0.021093,0.064129,-0.043113,-0.045072,0.105783,0.129304,-0.078448,-0.052131,-0.003778,-0.005013,-0.16064,0.022207,-0.029147,-0.072831,-0.0294,0.01455,-0.015558,-0.04475,0.01731,-0.044188,0.002776,0.002598,-0.097696,0.039145,0.017152,0.008308,-0.036046,0.01604,-0.055919,0.109088,0.001487,-0.043921,0.011479,-0.117143,0.034014,0.055972,-0.029539,-0.018496,-0.038436,-0.042403,-0.050539,-0.067779,-0.082238,0.006348,-0.026759,-0.079582,0.035173,-0.036314,-0.086532,0.064465,0.051643,0.043161,0.037874,0.065235,0.05059,-0.056135,0.084027,-0.11923,-0.032511,0.031361,-0.046731,-0.066303,-0.032535,-0.013017,0.108794,-0.084309,-0.114179,0.093158,-0.051135
canon_Other_00246,0.266661,-0.331185,-0.062115,-0.255099,0.020134,0.098601,-0.016194,-0.089897,-0.359089,-0.199741,-0.081206,-0.031627,-0.37597,0.316279,0.484637,-0.47414,-0.021557,0.063153,-0.153925,-0.437012,-0.134059,-0.064566,-0.178211,0.315335,0.074493,0.392919,0.420487,0.120572,0.371929,-0.312524,0.04573,-0.029399,0.008237,0.090136,-0.05735,-0.197283,-0.202277,0.123852,-0.011628,0.16983,0.045304,0.041765,-0.213147,0.276598,0.277104,-0.32507,-0.166214,0.00357,0.142929,-0.011287,-0.320335,-0.059434,0.46022,0.281746,0.063285,0.243869,-0.212637,-0.190328,0.02659,0.082759,0.367579,0.142481,0.141632,0.574015,0.154789,-0.01196,-0.229535,-0.02048,-0.056722,-0.573438,0.247066,-0.22355,-0.084413,-0.262775,0.036515,0.192499,-0.335237,0.173211,0.02119,-0.006568,-0.066013,-0.235766,0.194523,-0.063306,-0.218717,-0.198484,0.098217,-0.095291,0.271201,0.001676,-0.016121,0.075179,-0.060028,0.191308,-0.006428,0.051547,-0.136468,-0.009323,-0.150124,-0.130879,0.081308,-0.188714,-0.303993,0.106829,-0.037653,0.311874,-0.174405,-0.434834,0.160648,0.230167,0.180895,0.089466,0.322674,0.088202,-0.112038,0.09435,-0.287373,-0.083339,0.341865,0.01907,0.024051,-0.007609,-0.234018,0.44218,-0.265109,-0.44772,0.155054,-0.146749
canon_Other_00247,0.081605,-0.0583,0.016552,-0.04787,-0.042058,0.011986,0.062174,0.023683,0.036559,-0.014566,-0.01224,0.004794,-0.01212,0.105081,0.150867,-0.052941,0.080753,0.017855,-0.098403,0.015791,0.073832,0.022319,-0.140911,-0.011558,-0.138577,0.060621,-0.037329,-0.013094,0.082567,-0.007809,0.002298,-0.000258,-0.011935,0.029728,-0.026273,-0.049515,-0.034036,0.006807,0.011475,0.0776,-0.067776,0.044293,-0.015188,0.041571,0.050054,-0.021431,0.02013,0.035112,-0.00024,-0.017077,-0.088869,0.018732,0.163474,0.095081,0.038083,0.075219,-0.015656,0.052685,-0.035598,-0.030186,0.062355,-0.07129,-0.083588,0.133428,0.165118,-0.077209,-0.078656,2.2e-05,-0.076696,-0.154626,0.062536,-0.069996,-0.081685,-0.049744,0.072983,-0.017036,-0.090632,-0.017621,0.001784,-0.018438,0.034209,-0.141787,0.046624,0.054326,-0.000823,0.027572,-0.003304,-0.054859,0.089803,0.022778,-0.04561,0.052792,-0.127973,0.043685,0.066606,0.027488,0.032273,-0.033193,-0.041404,-0.090907,-0.068113,-0.106919,-0.00177,-0.060983,-0.091495,0.085458,-0.035585,-0.090256,0.073375,0.035306,0.066754,0.06366,0.056897,0.064219,-0.017895,0.061997,-0.200214,-0.067339,0.037338,-0.048458,-0.025271,-0.064383,0.058457,0.13554,-0.080904,-0.096694,0.140672,-0.051899
canon_Other_00248,0.071699,-0.029401,0.005218,-0.039346,-0.047746,-0.037532,0.054314,0.046926,0.032958,0.004915,-0.004471,0.008266,-0.0072,0.108543,0.096266,-0.053514,0.054324,0.017356,-0.068962,-0.0061,0.101229,0.032433,-0.116197,-0.035118,-0.095815,0.071952,-0.034505,0.007536,0.061207,-0.008543,-0.00026,-0.005961,-0.027833,0.047789,-0.019769,-0.042404,-0.031203,-0.002027,0.031041,0.082969,-0.083467,0.072917,-0.049071,0.003085,0.025095,0.003506,-0.001458,0.04552,-0.002968,-0.006887,-0.095102,0.015831,0.14232,0.091212,0.066246,0.041395,-0.031411,0.029592,-0.030713,-0.022579,0.06382,-0.075495,-0.07713,0.115506,0.178525,-0.077121,-0.049013,0.011294,-0.062188,-0.151574,0.020082,-0.053877,-0.063993,-0.069574,0.052872,-0.00929,-0.085236,-0.002708,-0.039733,-0.03704,0.008962,-0.116828,0.0263,0.032795,0.018695,-0.020801,0.012125,-0.052632,0.070107,0.018423,-0.044247,0.008532,-0.119203,0.027709,0.067563,-0.001656,0.039194,-0.051388,-0.029923,-0.06114,-0.066499,-0.092713,0.024165,-0.041868,-0.071363,0.033623,-0.047958,-0.103903,0.07722,0.039683,0.034146,0.050315,0.073867,0.030764,-0.026771,0.129168,-0.172027,-0.037994,0.036584,-0.054878,-0.026236,-0.048904,0.063207,0.127769,-0.089066,-0.101344,0.133605,-0.060322
canon_Other_00375,0.079483,-0.032544,0.041116,-0.04902,-0.045476,-0.023676,0.088315,0.04394,0.017425,-0.014714,-0.001627,0.033393,0.000594,0.148443,0.117009,-0.056833,0.066938,0.041666,-0.079748,-0.007225,0.066314,0.03359,-0.117963,-0.022568,-0.10255,0.109223,-0.019045,0.000963,0.091701,-0.003964,0.003653,0.04323,-0.018252,0.063649,-0.007279,-0.054888,-0.02648,0.052233,0.013659,0.076114,-0.074637,0.089435,-0.003487,0.02828,0.059792,-0.059923,-0.028645,0.032577,-0.007288,0.003494,-0.112444,0.023752,0.165268,0.09305,0.050714,0.059749,-0.035865,0.066938,-0.035325,-0.022166,0.053877,-0.043652,-0.082111,0.140428,0.182383,-0.0805,-0.122448,-0.02696,-0.060321,-0.167563,0.047325,-0.055529,-0.052852,-0.059749,0.075115,-0.005838,-0.04945,0.024486,-0.012713,0.011621,0.024177,-0.10652,0.012899,0.033754,0.004835,-0.012823,0.018034,-0.069083,0.100211,0.048833,-0.028511,0.030575,-0.106759,0.052459,0.076328,0.022262,-0.014036,-0.062894,-0.01013,-0.083317,-0.103165,-0.102851,0.004606,-0.050611,-0.089682,0.078754,-0.06211,-0.084825,0.072576,0.07886,0.052638,0.03284,0.043615,0.072284,-0.056377,0.089228,-0.151513,-0.047559,0.071817,0.006063,-0.011405,-0.053063,0.047413,0.090497,-0.108911,-0.115975,0.090184,-0.044798
canon_Other_00376,0.071959,-0.019296,0.031425,-0.029459,-0.024796,-0.028102,0.071401,0.038163,0.018432,0.007443,-0.01784,0.024077,-0.010454,0.144334,0.114741,-0.045181,0.073907,0.035384,-0.081284,-0.012373,0.050675,0.049166,-0.129089,-0.027202,-0.091604,0.084958,-0.013751,0.013948,0.087152,-0.002721,-0.000244,0.04538,-0.038801,0.056887,-0.021519,-0.068372,-0.037088,0.035008,-0.00995,0.101537,-0.095585,0.070208,0.001332,0.042635,0.025992,-0.025996,-0.035902,0.032604,0.000159,-0.009428,-0.107194,0.04226,0.165533,0.09578,0.04698,0.054986,-0.038694,0.066266,-0.038151,-0.019788,0.05657,-0.062658,-0.076394,0.139293,0.19399,-0.104637,-0.109438,-0.026459,-0.06153,-0.147681,0.045954,-0.037361,-0.079349,-0.065482,0.080516,-0.032703,-0.10807,0.024381,-0.011575,0.008045,0.030042,-0.108433,0.019401,0.031451,0.007304,0.008119,-0.000766,-0.057834,0.074034,0.049015,-0.023771,0.033234,-0.095516,0.04097,0.066942,0.013614,0.00943,-0.064907,-0.039332,-0.077063,-0.078496,-0.094244,-0.00649,-0.049355,-0.097558,0.063271,-0.044351,-0.096669,0.090733,0.071447,0.073542,0.017891,0.069455,0.055608,-0.038213,0.086411,-0.161044,-0.05375,0.072753,-0.027025,-0.009218,-0.046826,0.074654,0.106503,-0.0996,-0.114818,0.097077,-0.051316
canon_Other_00377,0.070469,-0.032229,0.047705,-0.012405,-0.022819,0.029123,0.043727,0.034394,0.074389,-0.029358,-0.026539,0.013984,0.010013,0.09831,0.1553,-0.04688,0.058623,0.01399,-0.07769,0.001362,0.034684,0.051872,-0.113133,-0.051914,-0.143189,0.095321,0.000835,0.009532,0.079937,-0.008428,-0.009082,0.006412,-0.019888,0.00758,-0.050399,-0.059145,-0.03018,0.012108,-0.025809,0.05863,-0.101096,0.093082,-0.038799,0.041186,0.037869,-0.028346,-0.013575,0.015935,-0.047252,0.006591,-0.106481,0.00918,0.205811,0.091648,0.049031,0.066031,-0.05806,0.066837,-0.033174,-0.007532,0.052745,-0.036894,-0.091773,0.107562,0.184933,-0.105297,-0.088986,-0.042527,-0.083693,-0.168584,0.031989,-0.058162,-0.08202,-0.056657,0.080408,-0.024706,-0.100003,0.088057,-0.033605,-0.007103,0.009272,-0.13587,0.053552,0.061155,-0.008424,-0.01338,0.052151,-0.065492,0.11061,0.009209,-0.064266,0.039245,-0.098739,0.078252,0.063834,-0.021071,0.020947,-0.085455,-0.069287,-0.069113,-0.075831,-0.116252,-0.001103,-0.080184,-0.069548,0.076873,-0.046268,-0.075805,0.098819,0.062707,0.062004,0.004903,0.095733,0.039232,-0.072605,0.083316,-0.187096,-0.047953,0.054701,-0.026257,0.014281,-0.093653,0.043504,0.127376,-0.11616,-0.12285,0.13754,-0.070142
canon_Other_00378,0.075816,-0.033653,0.034566,-0.046552,-0.040307,-0.000944,0.061495,0.042885,0.032665,-0.002665,0.005717,0.009356,0.004785,0.097185,0.110261,-0.039133,0.045119,0.045777,-0.081185,-0.021595,0.057184,0.043595,-0.099876,-0.055714,-0.111533,0.084521,-0.028186,4.9e-05,0.047209,-0.011742,0.01938,0.004665,-0.014395,0.042977,-0.046107,-0.056385,-0.010687,-0.009353,0.028294,0.07825,-0.084855,0.065184,-0.032025,-0.010014,0.0312,0.004143,-0.030105,0.05368,0.005184,-0.019277,-0.093739,0.002132,0.174047,0.093949,0.042813,0.0903,-0.013705,0.052302,-0.038594,-0.018885,0.051024,-0.064717,-0.113722,0.139788,0.17378,-0.085129,-0.051864,-0.004483,-0.104304,-0.139199,0.022722,-0.043743,-0.049195,-0.076904,0.058089,-0.015934,-0.05955,0.024515,-0.003775,-0.00448,0.019768,-0.103344,0.02119,0.066332,-0.002673,0.008153,-0.007031,-0.047977,0.090753,0.029042,-0.038388,0.036059,-0.10869,0.062647,0.049761,-0.013949,0.007502,-0.071971,-0.033522,-0.077652,-0.075035,-0.116622,0.032124,-0.060011,-0.064196,0.060642,-0.04264,-0.088379,0.100571,0.031873,0.046903,0.024028,0.059073,0.079128,-0.012319,0.113134,-0.186012,-0.036286,0.06748,-0.036019,-0.01622,-0.048043,0.076781,0.101226,-0.104584,-0.087924,0.128299,-0.090448
canon_Other_00379,0.081149,-0.026236,0.010738,-0.041433,-0.070669,-0.004494,0.064534,0.015202,0.012933,-0.001844,-0.038553,-0.015868,-0.000201,0.121968,0.140159,-0.08262,0.037377,0.034096,-0.098186,-0.012901,0.065411,0.023557,-0.152076,-0.018254,-0.122248,0.059198,-0.017792,0.027914,0.084734,0.018148,-0.017332,-0.013024,-0.021611,0.029685,-0.01855,-0.090085,-0.084001,0.015518,0.020125,0.076237,-0.059947,0.070505,-0.068072,0.018533,0.059905,-0.003226,-0.013062,0.047121,-0.015432,-0.009995,-0.120815,0.000953,0.164065,0.081828,0.075128,0.048393,-0.028432,0.060969,-0.059256,-0.00749,0.032334,-0.038852,-0.097057,0.132197,0.171392,-0.07225,-0.134015,-0.000584,-0.094147,-0.181189,0.026374,-0.064935,-0.084952,-0.058512,0.071841,-0.010717,-0.08781,0.013278,-0.048962,-0.032171,0.011174,-0.116161,0.052655,0.046666,0.007917,-0.009652,0.011,-0.045461,0.100443,0.050793,-0.091781,0.047889,-0.12798,0.043586,0.043202,0.018808,0.027984,-0.030377,-0.052066,-0.066762,-0.069084,-0.121256,0.001322,-0.039926,-0.084417,0.074598,-0.056112,-0.10793,0.047553,0.04373,0.065225,0.047681,0.086429,0.057349,-0.0401,0.091027,-0.175505,-0.060908,0.040203,-0.024394,-0.025101,-0.060069,0.039045,0.141674,-0.073544,-0.089406,0.135153,-0.100324
canon_Other_00380,0.199859,-0.07198,0.12534,-0.1504,-0.223375,-0.148716,0.284271,0.132052,0.184267,-0.113879,0.393051,0.265045,0.124956,0.081089,0.029708,-0.043931,0.093482,0.444224,0.053012,-0.166728,0.426164,0.180299,-0.134491,-0.348869,-0.190058,0.246902,-0.314718,0.245864,0.245856,0.161722,-0.074213,0.172049,0.007295,0.046619,0.171517,-0.296412,0.078452,0.082877,0.17662,0.072879,-0.154834,0.46519,-0.429579,-0.060186,0.216837,0.050483,-0.109344,0.026685,-0.247647,0.137187,-0.040071,0.136625,0.21203,0.277181,0.336049,-0.094887,0.031051,0.088657,-0.130274,-0.234862,0.063413,-0.287963,-0.200119,0.100174,0.333659,-0.170446,-0.33254,0.279929,-0.118221,-0.269696,-0.070163,-0.228446,-0.033295,-0.336135,0.048076,0.100371,0.100833,0.127819,-0.222575,-0.14493,-0.036879,-0.169504,-0.128285,0.227327,0.29353,-0.127479,0.204089,-0.5393,0.16378,0.351903,-0.313405,-0.079985,-0.462809,-0.079695,0.159229,-0.131388,0.218914,-0.454668,0.059069,-0.113202,-0.597587,-0.29909,0.188267,-0.221419,-0.196123,0.021112,-0.272171,-0.258845,0.257542,-0.008984,0.116397,-0.037008,-0.154504,0.20769,-0.13199,0.464711,-0.279574,0.124358,0.13179,-0.160052,-0.199097,-0.005241,0.215069,0.168202,-0.376985,-0.379127,-0.073525,-0.322957
canon_Other_00381,0.162284,-0.065713,0.163138,-0.170696,-0.226766,-0.129907,0.294502,0.155946,0.154471,-0.084786,0.335781,0.277382,0.140203,0.046785,-0.038718,-0.06765,0.112153,0.413843,0.033484,-0.171753,0.356015,0.156334,-0.036868,-0.344129,-0.130954,0.167067,-0.20736,0.181123,0.281603,0.137311,-0.01787,0.192905,-0.026191,0.081244,-0.004607,-0.28025,0.100705,0.029563,0.146804,-0.000729,-0.022209,0.38123,-0.368489,-0.121851,0.225844,0.068487,-0.090821,-0.001589,-0.240496,0.078874,-0.010804,0.036942,0.151572,0.287509,0.34035,-0.136916,0.099254,-0.001679,-0.087023,-0.25898,0.066644,-0.243829,-0.219562,0.054331,0.311897,-0.242203,-0.281663,0.231546,-0.132307,-0.26979,-0.064115,-0.109934,-0.026248,-0.236479,-0.025099,0.10526,0.107759,0.122659,-0.217617,-0.133723,-0.074798,-0.097529,-0.093659,0.176465,0.330923,-0.022698,0.219579,-0.4625,0.157207,0.344131,-0.312687,-0.073517,-0.388494,-0.092188,0.127381,-0.148844,0.248677,-0.31467,0.06717,-0.064237,-0.418792,-0.197221,0.15412,-0.296702,-0.154675,-0.003561,-0.331547,-0.143697,0.238174,0.040881,0.10776,-0.018865,-0.130679,0.250904,-0.125101,0.446652,-0.225059,0.09713,0.09478,-0.133414,-0.153802,-0.059958,0.189521,0.10928,-0.320849,-0.338474,-0.068127,-0.266362
canon_Other_00384,0.028406,-0.314402,0.269894,-0.017004,-0.052326,0.296512,0.031956,0.091306,0.377111,-0.263715,0.035215,0.264019,0.301625,0.023976,0.258067,-0.263744,0.083563,-0.06341,-0.130336,-0.08033,0.038935,-0.007714,0.13072,0.159955,-0.388575,0.338452,-0.052736,-0.182759,0.318532,-0.287818,0.194923,-0.027042,0.144682,-0.190389,-0.194966,0.05337,0.499182,-0.302016,-0.080903,0.119601,-0.442803,0.167562,0.065718,-0.014572,0.109828,0.020638,0.157357,-0.196695,0.024536,0.06623,-0.352602,0.033156,0.270014,0.269085,-0.049997,0.114695,-0.16001,-0.021032,-0.015048,-0.291495,0.403113,-0.197956,-0.178429,0.394836,0.520264,-0.224155,0.203901,-0.045472,0.105755,-0.457636,0.453616,-0.069755,-0.274505,-0.046101,0.243446,0.200815,-0.26289,0.198843,0.241162,-0.238542,0.20083,-0.366755,0.301824,0.09653,-0.149156,0.16524,-0.089956,-0.365977,0.247088,-0.148188,-0.029198,0.499781,-0.20177,0.146245,0.103755,-0.284815,0.227311,-0.239644,-0.060069,0.065691,0.074235,0.076009,-0.081057,-0.470815,-0.220215,0.334935,0.021864,0.074427,0.626078,0.281925,0.236741,0.148555,0.184507,0.176512,-0.026627,0.271015,-0.501875,-0.251839,0.176017,-0.155412,0.162776,-0.225131,0.155075,0.306754,-0.467829,-0.273568,0.175704,-0.188137
canon_Other_00385,0.180233,-0.691839,0.511921,-0.019518,-0.212711,0.511664,0.125232,0.130647,0.802553,-0.463566,0.029324,0.487577,0.62441,0.080093,0.511801,-0.484945,0.230367,-0.098104,-0.342297,-0.112739,0.227247,0.061343,0.206061,0.234358,-0.790346,0.641991,-0.093361,-0.445861,0.709432,-0.538998,0.339454,-0.036662,0.224598,-0.211422,-0.413991,0.125297,0.929091,-0.628609,-0.019205,0.342507,-0.796427,0.316833,0.125678,-0.087455,0.274625,0.033898,0.281022,-0.319997,0.046831,0.0335,-0.626825,0.003808,0.584567,0.550587,-0.009004,0.251782,-0.216621,-0.110629,-0.015094,-0.643069,0.760682,-0.468866,-0.442545,0.824261,1.079555,-0.585645,0.408277,-0.029541,0.189227,-0.952114,0.902655,-0.091451,-0.627267,-0.067315,0.499118,0.389688,-0.510858,0.337693,0.479102,-0.44511,0.345011,-0.73558,0.616173,0.160946,-0.180537,0.348015,-0.173492,-0.69511,0.52291,-0.181753,-0.027129,0.892917,-0.458159,0.246323,0.334299,-0.468684,0.447125,-0.488935,-0.12309,0.040534,0.232303,0.131223,-0.103356,-0.938588,-0.351914,0.594967,-0.053917,0.020641,1.221452,0.600203,0.459071,0.373136,0.401407,0.362069,-0.041544,0.664344,-1.080692,-0.489416,0.293011,-0.326324,0.356089,-0.433443,0.316901,0.649791,-0.909317,-0.544952,0.388322,-0.387976
canon_Other_00386,-0.046284,-0.604346,0.568398,-0.088538,-0.133794,0.55426,0.046396,0.256805,0.711882,-0.450275,0.065955,0.481828,0.541766,0.071031,0.538041,-0.559798,0.245079,-0.134196,-0.314811,-0.05328,0.101691,-0.036122,0.241487,0.312506,-0.779848,0.61644,-0.097751,-0.435955,0.591378,-0.561235,0.385981,-0.108122,0.129884,-0.324998,-0.439519,0.093179,0.924565,-0.603631,-0.097643,0.245609,-0.829951,0.292628,0.150415,-0.063724,0.204686,0.112069,0.3136,-0.318263,0.069902,0.040817,-0.708435,0.068971,0.554108,0.490734,-0.040841,0.281557,-0.327043,-0.047352,0.06035,-0.52091,0.75834,-0.440915,-0.433404,0.778987,1.137665,-0.493233,0.339674,-0.150667,0.173871,-0.96949,0.836686,-0.118898,-0.571609,-0.14535,0.410927,0.299254,-0.548411,0.389029,0.477211,-0.383819,0.361009,-0.669564,0.595433,0.200055,-0.300023,0.309484,-0.157421,-0.619033,0.509815,-0.270914,-0.073598,0.91477,-0.495704,0.275409,0.225502,-0.520023,0.339218,-0.428547,-0.186827,0.116482,0.149742,0.120389,-0.104967,-0.907593,-0.376088,0.644135,-0.0285,0.067114,1.180048,0.531273,0.471607,0.318946,0.4984,0.345181,-0.035595,0.606326,-1.096892,-0.49115,0.342736,-0.362273,0.308748,-0.485273,0.376349,0.629969,-0.981608,-0.524191,0.412734,-0.401826
canon_Other_00387,0.026906,-0.60678,0.578166,-0.055849,-0.131079,0.54348,0.098707,0.239713,0.709319,-0.442279,0.034883,0.469596,0.569543,0.082167,0.559139,-0.556825,0.269641,-0.13296,-0.323779,-0.090832,0.065761,-0.011451,0.247919,0.309,-0.719228,0.604325,-0.042012,-0.370377,0.683347,-0.568233,0.388844,-0.056067,0.116555,-0.305769,-0.461794,0.10946,0.930273,-0.584357,-0.086843,0.249796,-0.777831,0.277866,0.139436,-0.016441,0.263843,0.077043,0.223986,-0.307008,0.087818,0.047904,-0.684006,0.034236,0.524069,0.50775,-0.075934,0.257009,-0.335206,-0.057474,0.039804,-0.585896,0.786768,-0.39965,-0.386779,0.768314,1.168934,-0.586986,0.254822,-0.154185,0.203598,-0.990765,0.873694,-0.082323,-0.588604,-0.079632,0.440826,0.309618,-0.571933,0.377955,0.484731,-0.337532,0.295147,-0.687458,0.57129,0.107233,-0.231854,0.328739,-0.170569,-0.63917,0.521386,-0.258701,-0.058944,0.877789,-0.43164,0.266173,0.20942,-0.494583,0.411805,-0.377202,-0.206471,0.136728,0.223889,0.110169,-0.124828,-0.885015,-0.403012,0.618745,-0.080585,0.054041,1.213515,0.631406,0.448008,0.298388,0.511523,0.402366,-0.049703,0.636437,-1.060701,-0.485949,0.371413,-0.358166,0.338197,-0.447086,0.308066,0.639898,-0.956601,-0.565123,0.409181,-0.429426
canon_Other_00389,-0.124155,-0.243682,0.092531,-0.179512,-0.304354,0.032429,-0.088258,0.153949,0.262068,0.078949,-0.369952,0.060772,0.096159,0.20887,0.162039,-0.283453,0.31629,-0.2287,-0.139523,0.228762,0.175064,-0.197895,-0.240389,0.0437,-0.115251,0.073071,-0.063285,-0.252518,0.166995,-0.016386,-0.05958,0.126325,-0.371123,0.084836,0.091454,-0.118763,-0.073456,-0.118743,0.180875,0.111001,-0.336258,0.158318,-0.25041,0.095835,0.155497,0.279724,0.064476,0.276358,0.120175,-0.022661,-0.198949,0.189638,-0.049249,0.136553,-0.041398,0.040318,-0.251231,0.157738,0.08699,-0.128452,0.079799,-0.438314,-0.262874,0.269245,0.46882,-0.117175,-0.241325,-0.006341,-0.07874,-0.463411,-0.012274,-0.390159,-0.324181,-0.357396,0.180258,0.111133,-0.254862,-0.112698,-0.012239,-0.322041,0.033496,0.000582,0.233988,-0.053319,-0.117282,0.051333,-0.089628,0.093361,0.161721,-0.001483,-0.178084,0.004363,-0.439824,-0.365637,0.088866,0.102332,0.326619,0.093682,0.004955,-0.102981,0.074898,0.174094,0.134481,-0.223637,0.056087,0.097055,-0.192911,-0.30871,0.29394,0.063099,-0.009855,0.327861,0.399087,-0.128113,-0.149814,0.496982,-0.802818,-0.35561,-0.107324,-0.185926,0.174664,-0.30415,0.501778,0.642088,-0.390193,0.099767,0.339242,-0.352696
canon_Other_00391,-0.1605,-0.469277,0.201813,-0.360283,-0.602209,0.044795,-0.097124,0.323659,0.419626,0.221144,-0.744376,0.049467,0.108866,0.521118,0.36842,-0.532206,0.696097,-0.379571,-0.290452,0.49322,0.362199,-0.294955,-0.532284,-0.010056,-0.284752,0.136268,-0.086289,-0.494905,0.303925,0.009863,-0.091265,0.2901,-0.709286,0.247343,0.13217,-0.160141,-0.178204,-0.199339,0.285835,0.211369,-0.601826,0.2968,-0.406094,0.253012,0.332285,0.455113,0.025527,0.579841,0.198225,-0.055023,-0.331582,0.31018,0.067134,0.220989,-0.017989,0.119668,-0.423461,0.349019,0.210552,-0.239084,0.136584,-0.78037,-0.564846,0.458969,0.993123,-0.319498,-0.558007,-0.073662,-0.231041,-0.9034,0.008795,-0.681492,-0.609863,-0.654501,0.335988,0.161995,-0.568732,-0.253442,-0.039477,-0.448295,0.043553,-0.01305,0.448635,-0.110966,-0.155544,0.008008,-0.09591,0.132749,0.348933,-0.033704,-0.304133,-0.048653,-0.8058,-0.581211,0.21713,0.316896,0.544242,0.172833,-0.041425,-0.246112,0.101274,0.232489,0.239946,-0.387214,0.078776,0.224569,-0.413582,-0.590378,0.50297,0.21292,-0.053322,0.599855,0.704623,-0.152052,-0.377803,0.978417,-1.501578,-0.60445,-0.153255,-0.313552,0.349823,-0.536635,0.864838,1.185585,-0.719174,0.130728,0.76255,-0.52969
canon_Other_00392,-0.259521,-0.460098,0.227944,-0.337493,-0.601886,0.024778,-0.092201,0.302903,0.538332,0.17648,-0.653011,0.127377,0.204383,0.406216,0.359943,-0.497521,0.656022,-0.38486,-0.302992,0.466443,0.353805,-0.257793,-0.483544,0.06002,-0.284766,0.163099,-0.205017,-0.473519,0.364172,-0.057986,-0.120487,0.268855,-0.697329,0.157415,0.114336,-0.104016,0.005883,-0.237446,0.373932,0.248185,-0.642228,0.335638,-0.353216,0.191417,0.214901,0.494445,0.122312,0.463934,0.251986,-0.092452,-0.318225,0.323596,0.022467,0.236854,0.003745,0.127938,-0.418842,0.27519,0.135609,-0.241733,0.23543,-0.815447,-0.526038,0.478539,0.971239,-0.341033,-0.392228,-0.050381,-0.100467,-0.949244,0.058403,-0.626427,-0.631397,-0.628048,0.356982,0.167562,-0.475212,-0.175648,0.013556,-0.479477,0.036423,-0.045333,0.447564,-0.084048,-0.251556,0.118781,-0.137713,0.112998,0.39494,0.022668,-0.26083,0.020277,-0.867051,-0.608636,0.25079,0.155559,0.524409,0.076728,-0.047307,-0.136446,0.10044,0.29284,0.303796,-0.455037,0.078922,0.210768,-0.358111,-0.558513,0.671981,0.245482,0.043951,0.541964,0.711487,-0.133194,-0.389636,0.974419,-1.572086,-0.627553,-0.140285,-0.296054,0.300963,-0.512932,0.881617,1.13876,-0.772062,0.081081,0.583876,-0.569098
canon_Other_00393,-0.222158,-0.376208,0.21784,-0.366387,-0.494511,0.029835,-0.079571,0.305992,0.444582,0.09178,-0.672273,0.019572,0.166853,0.379533,0.387497,-0.524781,0.712339,-0.444782,-0.292099,0.456542,0.31057,-0.367016,-0.462516,0.033125,-0.252684,0.205173,-0.057383,-0.442172,0.363504,-0.148597,-0.054683,0.15742,-0.774796,0.204995,0.081582,-0.141615,-0.150349,-0.190416,0.288888,0.216801,-0.624404,0.271262,-0.370195,0.26721,0.326334,0.461926,0.047471,0.508113,0.165809,-0.090731,-0.475823,0.342534,0.034936,0.327915,-0.092491,0.114255,-0.475795,0.311216,0.186607,-0.267801,0.207065,-0.775084,-0.51935,0.464861,0.961404,-0.31276,-0.536366,-0.150751,-0.194434,-0.854249,0.070844,-0.662667,-0.603827,-0.646178,0.360128,0.170705,-0.49974,-0.213339,0.062937,-0.459286,0.021659,-0.091734,0.4475,-0.135456,-0.207127,0.011955,-0.241553,0.160718,0.322903,-0.038112,-0.342703,0.019431,-0.799915,-0.582254,0.152295,0.247389,0.549683,0.235158,-0.1514,-0.160318,0.130637,0.166653,0.256324,-0.446499,0.155225,0.167574,-0.382236,-0.701467,0.59399,0.220474,-0.021524,0.588222,0.804433,-0.222875,-0.31991,0.968663,-1.468732,-0.679019,-0.117897,-0.424883,0.313406,-0.538339,0.86779,1.189747,-0.787814,0.02287,0.71695,-0.667863
canon_Other_00394,-0.243695,-0.425186,0.203754,-0.383141,-0.524463,0.041668,-0.066755,0.336361,0.486235,0.19265,-0.619502,0.136843,0.173274,0.414497,0.334123,-0.463326,0.670471,-0.381535,-0.284349,0.495948,0.305877,-0.329948,-0.516665,0.008198,-0.265002,0.187419,-0.127737,-0.497757,0.371411,-0.11795,-0.054819,0.252353,-0.693126,0.242599,0.156407,-0.077356,-0.118502,-0.292241,0.26387,0.252551,-0.676726,0.355038,-0.431374,0.229509,0.296389,0.474821,0.069673,0.478129,0.193978,-0.137183,-0.378284,0.378379,0.016311,0.279115,0.062016,0.059264,-0.396392,0.29563,0.160732,-0.311905,0.189633,-0.829113,-0.507,0.475461,0.97508,-0.301556,-0.40989,-0.072719,-0.143346,-0.861122,0.02061,-0.601272,-0.611704,-0.625599,0.374772,0.145446,-0.52172,-0.203323,-0.035033,-0.486757,0.015881,-0.092636,0.479248,-0.080924,-0.151471,0.026425,-0.193175,0.130617,0.348821,0.058558,-0.233487,0.004508,-0.834311,-0.591242,0.202563,0.192557,0.542422,0.154428,-0.043396,-0.156926,0.149198,0.212832,0.211361,-0.498125,0.132592,0.231976,-0.449093,-0.577587,0.616473,0.179666,0.01261,0.55222,0.764234,-0.214235,-0.316656,1.009235,-1.503693,-0.682568,-0.171691,-0.323121,0.330018,-0.51333,0.889085,1.170986,-0.762934,0.03774,0.700997,-0.566298
canon_Other_00395,0.054363,-0.096283,-0.019761,0.029485,-0.155605,-0.148982,0.386299,0.092485,0.170809,0.258414,0.232347,-0.154323,0.248947,0.142568,0.345946,-0.236674,0.238726,-0.143692,0.201066,0.052233,0.100898,-0.086047,-0.272658,0.114341,-0.483998,0.499566,0.107898,0.193479,0.053116,0.040452,-0.171316,0.017869,0.18005,0.209071,-0.031856,0.107616,-0.087388,-0.194613,-0.072697,0.119734,-0.062746,0.540072,-0.356776,0.051836,-0.024951,-0.089021,-0.249831,0.255783,0.00069,0.044537,-0.003106,-0.147587,0.323598,-0.006384,-0.096466,-0.031067,-0.301406,0.262153,-0.04897,0.239883,-0.02268,-0.098251,-0.108202,0.085896,0.34027,-0.297909,-0.288952,-0.426007,-0.111798,-0.51687,-0.017693,-0.441626,-0.04966,-0.233687,0.179016,-0.249335,0.295505,-0.313489,-0.200602,-0.140398,0.015782,-0.314443,-0.182366,0.119145,0.068011,-0.395085,0.236946,-0.226967,0.393633,-0.080594,-0.060555,0.115182,0.02955,0.338398,0.013338,-0.088425,-0.252975,-0.507984,-0.016896,-0.083834,-0.302378,-0.66742,0.366857,-0.194225,0.07166,-0.034705,-0.326821,0.033456,0.487344,0.427288,-0.102066,0.079784,0.365169,-0.190415,-0.403627,0.643893,-0.151321,-0.034535,0.077388,-0.083245,-0.063607,-0.281973,-0.037332,0.448211,-0.511506,-0.47593,0.384578,-0.336088
canon_Other_00396,0.477321,-0.251914,-0.385628,0.308362,-0.320116,-0.308202,0.325261,0.378426,0.547666,0.367652,-0.454856,-0.88587,0.425291,0.296785,0.546515,-0.506073,0.753122,-0.093867,-0.668323,-0.213074,0.310821,0.243581,-0.224982,0.18358,-0.53371,0.271897,-0.036278,-0.227587,1.031789,0.00442,-0.302434,0.422595,-0.533694,0.631656,-0.477112,-0.073563,0.429024,0.234818,0.725283,0.529448,-0.392242,-0.072928,0.395387,-0.165097,0.002584,-0.283459,-0.370308,0.039626,0.240356,-0.22577,-0.386708,-0.587649,1.144198,0.494605,0.218485,0.368415,-0.019549,-0.134569,-0.277308,-0.333206,0.549428,-0.037691,-0.18862,0.4341,1.024039,-0.850685,-0.242383,-0.355159,0.061408,-1.110072,0.43306,0.535544,-0.633929,0.200789,0.320398,-0.536939,-0.247722,0.348318,-0.068949,0.165912,-0.325885,-0.771487,0.051514,-0.418311,0.348308,0.215042,0.289624,0.300303,0.50571,-0.020344,0.566379,-0.311756,-0.695689,0.051052,0.567083,-0.141886,0.102915,-0.520297,-0.399131,-0.037608,0.116797,-0.398006,-0.040598,-0.112441,0.010746,-0.340738,-0.519896,-0.592372,0.607537,0.72323,0.367129,0.439231,0.555033,0.577764,-0.23331,0.707322,-0.851503,0.137685,0.137961,-0.105961,-0.150002,-0.202769,0.085066,0.784307,0.014697,-0.355175,0.815048,-0.190223
canon_Other_00397,0.41911,-0.207571,-0.303419,0.295513,-0.344489,-0.300285,0.377232,0.44291,0.619265,0.324232,-0.4538,-0.813046,0.523245,0.233708,0.508993,-0.567511,0.773466,-0.026486,-0.705417,-0.200215,0.360896,0.214407,-0.130092,0.16974,-0.521906,0.240265,-0.009021,-0.198868,1.09368,0.00733,-0.304309,0.497429,-0.606732,0.539213,-0.572863,-0.05179,0.509141,0.284076,0.769873,0.408891,-0.322594,-0.013313,0.341516,-0.197485,0.06495,-0.197792,-0.375032,0.072905,0.232084,-0.110148,-0.439045,-0.551563,1.043057,0.547535,0.180325,0.323891,-0.054287,-0.161804,-0.246738,-0.386228,0.537906,-0.017872,-0.220919,0.383902,1.073175,-0.887686,-0.308339,-0.378327,0.090191,-1.114611,0.416886,0.571151,-0.636999,0.181316,0.291213,-0.456304,-0.156725,0.442968,-0.024588,0.201023,-0.343484,-0.636465,0.02848,-0.5109,0.344754,0.246253,0.323515,0.230331,0.538745,0.05103,0.487723,-0.308069,-0.757943,-0.02678,0.517697,-0.113998,0.163254,-0.500446,-0.386852,0.082901,0.054441,-0.297865,-0.001779,-0.196269,0.03117,-0.320398,-0.563782,-0.589243,0.62823,0.81713,0.325553,0.415392,0.52981,0.632424,-0.284502,0.748575,-0.912004,0.125495,0.18092,-0.133435,-0.113802,-0.255556,0.132834,0.719129,-0.008582,-0.373185,0.730111,-0.176352
canon_Other_00398,0.478008,-0.243949,-0.333926,0.338996,-0.398098,-0.25812,0.356798,0.381594,0.604433,0.389242,-0.388837,-0.821785,0.498399,0.306754,0.463457,-0.539189,0.62258,-0.037612,-0.677895,-0.264021,0.345402,0.257813,-0.135757,0.222209,-0.542474,0.265748,-0.030395,-0.215854,1.051043,0.023091,-0.3256,0.503304,-0.519944,0.538026,-0.421436,-0.134145,0.568853,0.240755,0.764484,0.462998,-0.418169,-0.059844,0.360194,-0.222938,0.005477,-0.254518,-0.389702,0.026475,0.274791,-0.130907,-0.413674,-0.553903,1.149045,0.517131,0.200465,0.394132,-0.018438,-0.169333,-0.257505,-0.320371,0.554241,-0.071936,-0.169295,0.470739,1.071954,-0.865749,-0.250553,-0.329097,0.098823,-1.168537,0.446107,0.589572,-0.62623,0.213236,0.296134,-0.562457,-0.214766,0.386191,0.013214,0.190499,-0.241983,-0.806884,0.040368,-0.384393,0.328723,0.241541,0.378596,0.283062,0.592259,-0.046173,0.600966,-0.278504,-0.661298,0.031426,0.547491,-0.201386,0.091616,-0.599793,-0.392567,0.009714,0.030642,-0.316623,-0.040701,-0.093321,-0.060445,-0.290273,-0.470744,-0.565131,0.603746,0.768853,0.418445,0.416593,0.532832,0.637805,-0.279089,0.73953,-0.828453,0.255782,0.22069,-0.10771,-0.126613,-0.233812,0.128887,0.805107,-0.049735,-0.427363,0.754153,-0.237342
canon_Other_00399,0.069263,0.03615,-0.136868,0.027557,-0.204694,-0.011647,-0.001848,-0.022771,-0.01557,-0.031438,0.07147,-0.073045,-0.067651,0.241255,0.191201,-0.15704,-0.107293,-0.01997,-0.071607,-0.07693,0.267472,0.038568,-0.224313,-0.059558,-0.105917,-0.042309,-0.124266,0.027198,0.115073,-0.041195,-0.007143,0.000561,-0.008509,0.110892,-0.001303,-0.128841,0.06018,0.014793,0.222176,0.151866,-0.145676,0.125426,-0.022379,-0.020481,0.151374,0.066155,0.035263,0.109474,0.00698,0.235355,-0.08756,0.123157,0.126689,0.1307,0.145174,0.158259,-0.056684,-0.129408,-0.124059,0.039581,0.059448,0.047184,-0.219235,0.058257,0.144925,-0.067391,-0.128714,0.197817,-0.100198,-0.264045,-0.160282,-0.214399,-0.145981,-0.166799,0.193551,0.053239,-0.052941,0.043302,-0.074845,0.009188,-0.085226,-0.067085,0.087385,0.018468,-0.016023,-0.027669,0.164629,-0.053752,0.198274,-0.059742,-0.114224,-0.082069,-0.297601,-0.161735,0.167356,-0.033438,0.262947,-0.140563,-0.093975,-0.06321,-0.259517,-0.130098,0.007193,0.026336,-0.20201,0.117832,0.037283,-0.184119,-0.115063,-0.128862,0.070641,0.07213,-0.055403,0.061231,0.033055,0.058591,-0.330279,-0.047991,0.158548,-0.10811,-0.1106,0.080103,-0.06519,0.197761,-0.087274,-0.169759,0.107928,-0.203168
canon_Other_00400,0.063759,-0.007457,0.013368,-0.061739,-0.166243,-0.057921,0.062707,0.026728,0.152098,0.105831,0.139507,0.24146,-0.000927,0.168663,0.121882,-0.000271,-0.041095,-0.077451,-0.125989,-0.090375,0.010385,0.196381,-0.070203,-0.147009,-0.148033,0.206423,-0.105533,0.054424,-0.009056,-0.028477,0.029887,-0.149583,-0.018966,-0.151621,0.07039,-0.231309,-0.071807,0.044958,-0.053402,0.151197,-0.093648,0.036344,-0.07422,-0.044689,-0.0702,0.014972,0.011627,0.049874,0.022499,0.148869,-0.191755,0.163905,0.195974,0.117594,0.12416,0.17898,-0.081404,0.149999,-0.062415,0.151805,-0.086264,-0.079139,-0.112247,0.234775,0.339461,-0.177716,-0.016739,-0.016963,-0.064638,-0.138819,0.113884,-0.102907,-0.127022,-0.202415,-0.026792,0.031036,-0.061056,0.266731,0.010698,-0.012013,0.065322,-0.104844,0.000189,0.219235,-0.033157,0.074235,0.053427,-0.149954,0.076668,0.242442,-0.058327,0.297529,-0.099195,0.17182,0.190879,-0.071989,0.029854,-0.181724,0.056583,-0.215763,-0.071164,-0.067918,-0.088091,-0.122515,-0.158921,0.100311,0.165891,-0.036114,0.126558,0.049355,0.235872,-0.062392,0.014163,0.038746,-0.05747,0.123446,-0.276314,-0.212532,0.192074,0.05318,-0.088915,-0.2262,0.169527,-0.139338,-0.186835,-0.123683,0.048176,-0.059365
canon_Other_00401,0.05059,0.065337,-0.207584,0.019927,-0.316799,-0.015445,-0.011684,-0.007134,0.023009,0.011771,0.106646,-0.161068,-0.09192,0.267877,0.241945,-0.221409,-0.147718,-0.040509,-0.10827,-0.100686,0.355735,0.03685,-0.271689,-0.061322,-0.125498,-0.075484,-0.153679,0.042277,0.150401,-0.014819,-0.013833,-0.00539,-0.023481,0.14606,-0.050969,-0.148034,0.144129,0.052876,0.374117,0.139138,-0.172168,0.174022,-0.027756,-0.062693,0.1663,0.088231,0.053336,0.166661,0.026042,0.34558,-0.053385,0.160755,0.141117,0.222253,0.195961,0.211978,-0.089543,-0.178046,-0.139477,0.070658,0.029829,0.09613,-0.273755,-0.002592,0.155412,-0.087048,-0.166849,0.271364,-0.116088,-0.389858,-0.20439,-0.280084,-0.165323,-0.18175,0.241308,0.047191,0.026468,0.041655,-0.094751,0.021037,-0.103932,-0.041921,0.062249,0.013456,-0.045308,-0.005118,0.23644,-0.080583,0.260151,-0.133969,-0.166308,-0.10013,-0.38462,-0.268963,0.241551,-0.043744,0.374233,-0.211404,-0.155741,-0.089583,-0.377201,-0.115312,0.029068,0.089304,-0.266117,0.115122,0.061535,-0.21146,-0.188306,-0.170519,0.053123,0.122356,-0.144296,0.132782,-0.001484,0.066388,-0.444438,-0.043915,0.217502,-0.133068,-0.181235,0.092567,-0.08616,0.213244,-0.070879,-0.208551,0.177692,-0.282013
canon_Other_00407,0.171365,0.027065,0.07736,-0.089731,-0.051553,-0.038466,0.0711,0.240845,-0.041402,-0.05876,-0.081232,0.102349,0.030986,0.27574,0.069631,0.013354,0.094724,0.123945,0.010136,-0.003212,0.193882,0.053102,-0.179881,-0.129082,-0.171875,0.03722,-0.036764,0.106489,0.115556,0.165666,0.063352,0.01249,-0.020558,-0.03254,0.041324,-0.092486,-0.00945,0.017152,-0.188506,0.031575,-0.071511,0.16902,-0.038115,0.089784,-0.013357,-0.041957,-0.059412,-0.034532,-0.115765,-0.083417,-0.089942,0.050975,0.250019,0.120807,0.193553,-0.158001,-0.06057,0.162379,-0.077853,-0.046546,0.014405,-0.091674,-0.160494,0.150775,0.181189,-0.245459,-0.245211,0.071033,-0.246373,-0.190831,-0.08589,-0.150425,-0.115798,-0.059019,0.184422,0.033308,-0.206284,0.025316,-0.178938,-0.116174,0.052282,-0.003018,0.172634,0.200812,0.204133,0.108128,-0.021499,-0.282762,0.09643,-0.058213,-0.181551,0.112044,-0.17248,0.264362,0.001715,-0.006841,0.336794,0.01079,-0.057168,-0.097568,-0.129507,-0.025978,-0.045688,-0.192322,-0.342748,0.190997,-0.032085,0.04399,0.038305,-0.035411,0.133873,0.030736,-0.127627,0.157167,-0.126238,0.18389,-0.134082,-0.145376,-0.054818,-0.065083,0.100857,-0.107978,0.057894,0.045789,-0.044188,-0.170559,0.160685,-0.167192
canon_Other_00409,-0.204125,-0.207267,-0.23617,-0.188173,-0.064529,-0.148495,0.026283,0.238538,-0.000368,0.169707,-0.109867,-0.259295,-0.03512,0.241874,0.690595,-0.165473,0.190164,-0.058513,-0.118948,-0.218515,0.116637,0.37246,-0.561491,0.161797,-0.014515,0.092707,0.222403,-0.322035,0.115619,-0.07423,-0.047515,-0.279837,0.018347,0.105402,-0.440319,0.451255,0.208254,0.020697,0.361492,-0.115404,-0.187586,-0.23866,-0.137,0.310563,-0.035747,-0.076689,-0.144042,0.14811,0.233268,0.000999,-0.281362,0.456598,0.494468,0.300552,-0.038062,0.4072,-0.41964,0.299627,0.166041,0.362285,0.126906,0.002998,-0.060487,-0.003607,0.635307,0.00432,-0.050845,-0.180946,-0.202555,-0.645714,0.180359,-0.245322,-0.195968,-0.127171,0.122215,-0.002732,-0.15956,0.107281,0.325393,0.247182,-0.060476,-0.32405,-0.072808,-0.095399,-0.158201,-0.108531,0.058943,-0.155136,0.011035,-0.300427,-0.196611,0.410154,-0.150645,-0.040044,0.341474,0.430231,-0.015785,-0.163208,-0.200729,-0.294949,-0.228435,-0.118108,0.172021,-0.008951,-0.221556,0.199856,-0.032135,-0.319332,0.158657,0.284001,-0.044104,0.346122,0.146516,0.343962,-0.425107,0.169005,-0.976887,-0.211184,0.143982,0.1117,-0.264335,-0.173772,-0.004338,0.130988,-0.136798,-0.183292,0.634,0.27614
canon_Other_00410,-0.3068,-0.436827,-0.432851,-0.386014,-0.181109,-0.339516,0.177148,0.429448,0.010464,0.317306,-0.266405,-0.536382,-0.056787,0.508767,1.360122,-0.363902,0.552483,-0.164925,-0.342354,-0.286851,0.206598,0.659107,-1.167687,0.271956,-0.145373,0.216963,0.409712,-0.629556,0.27622,-0.206108,-0.099325,-0.491077,-0.053367,0.340997,-0.839526,0.767837,0.236868,0.047925,0.710603,-0.111732,-0.338905,-0.424898,-0.284435,0.546206,0.001485,-0.184621,-0.24166,0.327656,0.459745,-0.058826,-0.626018,0.732722,1.071059,0.58821,-0.000541,0.774646,-0.790062,0.607987,0.234961,0.646856,0.287176,-0.073208,-0.221551,0.108158,1.340702,-0.08106,-0.248295,-0.464642,-0.476252,-1.319306,0.392251,-0.421771,-0.437645,-0.238362,0.237542,-0.100096,-0.405232,0.123251,0.499094,0.522106,-0.117903,-0.687085,-0.082291,-0.131906,-0.261781,-0.227999,0.080864,-0.279872,0.122182,-0.444252,-0.387836,0.704416,-0.387428,-0.003906,0.666993,0.857703,-0.095454,-0.193541,-0.426189,-0.624536,-0.358912,-0.42506,0.382664,-0.076603,-0.448654,0.334607,-0.151361,-0.691377,0.348422,0.575102,-0.059459,0.703498,0.454973,0.68357,-0.815001,0.406716,-1.91333,-0.495463,0.197434,0.218587,-0.521828,-0.424775,0.112204,0.375992,-0.283073,-0.415077,1.353437,0.413137
canon_Other_00411,-0.294059,-0.448886,-0.376579,-0.408973,-0.211971,-0.271323,0.151494,0.430016,0.012004,0.287347,-0.370948,-0.551558,-0.094338,0.616489,1.359024,-0.394276,0.462471,-0.109337,-0.357872,-0.317061,0.271659,0.627588,-1.15731,0.287831,-0.20024,0.206936,0.311121,-0.649062,0.280961,-0.116678,-0.095651,-0.464105,-0.016928,0.249078,-0.817146,0.752891,0.295207,0.029784,0.696823,-0.1138,-0.393669,-0.378778,-0.211621,0.592083,-0.029556,-0.15988,-0.24781,0.362742,0.437577,-0.038892,-0.570512,0.747583,1.056675,0.479895,-0.061315,0.852794,-0.788554,0.601669,0.329679,0.589898,0.307688,-0.013147,-0.273414,0.178859,1.322456,-0.075073,-0.173602,-0.425267,-0.364895,-1.332748,0.361742,-0.42785,-0.461704,-0.27338,0.29134,-0.029389,-0.373244,0.244717,0.572826,0.49737,-0.097867,-0.659119,-0.056108,-0.239316,-0.289375,-0.277194,0.070046,-0.288071,0.145072,-0.529429,-0.363652,0.753273,-0.469032,-0.051145,0.655491,0.803725,-0.042312,-0.259542,-0.471421,-0.589688,-0.385523,-0.247942,0.291649,-0.085782,-0.4435,0.467601,-0.115831,-0.694725,0.374879,0.636175,-0.01731,0.692854,0.322821,0.676343,-0.856033,0.39845,-1.999144,-0.45269,0.332068,0.202053,-0.463556,-0.316089,0.019523,0.414833,-0.298379,-0.334063,1.272286,0.477063
canon_Other_00412,0.100251,-0.039344,-0.072344,-0.061975,-0.059014,0.040843,0.014471,-0.003448,-0.072486,-0.040545,0.003196,-0.008579,-0.111568,0.158712,0.176249,-0.129596,-0.022512,0.046276,-0.092402,-0.131634,0.090704,0.027428,-0.149903,0.004184,-0.03561,0.094509,0.010102,0.053677,0.131046,-0.041018,-0.002702,0.012353,-0.013427,0.066884,-0.023766,-0.124022,-0.035149,0.015684,0.079167,0.105671,-0.090596,0.070368,-0.082991,0.042592,0.106236,-0.038686,-0.015791,0.059145,0.011577,0.057529,-0.101982,0.037826,0.184695,0.153411,0.072664,0.117407,-0.061845,-0.061155,-0.051464,0.02124,0.093033,0.012522,-0.077146,0.174118,0.121343,-0.042089,-0.126775,0.096436,-0.101062,-0.243137,-0.016321,-0.14515,-0.070148,-0.116829,0.088575,0.052819,-0.099165,0.044185,-0.050939,-0.026868,-0.035212,-0.111214,0.033821,0.014035,-0.060014,-0.034256,0.067525,-0.064071,0.143918,0.009837,-0.062357,-0.013013,-0.146055,-0.046917,0.0623,-0.021003,0.09061,-0.078387,-0.065806,-0.1034,-0.117898,-0.120578,-0.038154,0.032649,-0.120499,0.105576,-0.036102,-0.186203,0.032555,-0.001298,0.075696,0.022055,0.03582,0.08226,-0.018315,0.069191,-0.21505,-0.045232,0.150174,-0.051348,-0.0534,0.004129,-0.023146,0.20156,-0.126077,-0.16534,0.069215,-0.138919
canon_Other_00415,0.665687,-0.148437,-0.037946,0.220075,-0.158182,0.277587,0.189877,0.109284,0.183319,-0.328743,-0.319521,-0.032554,0.040703,0.184014,0.168167,-0.175547,0.03828,0.102279,-0.174875,-0.378653,0.156743,-0.319702,0.103317,0.144088,-0.258049,0.380028,0.033411,0.253077,0.396622,0.038652,-0.083549,-0.06764,-0.043345,0.046673,0.051337,-0.886483,-0.392686,0.105582,-0.020455,0.115202,-0.176193,0.091475,-0.630288,0.156044,0.306284,0.175069,-0.186925,0.114367,-0.065792,0.001984,-0.594154,-0.222476,0.179799,0.543098,-0.036969,-0.055363,-0.065757,0.1631,-0.290973,-0.372949,0.397353,-0.132423,0.095673,0.700861,0.102671,-0.087716,-0.733497,0.269593,-0.027827,-0.576368,-0.247681,-0.300833,-0.208267,-0.092805,0.128312,0.106287,-0.028156,-0.000584,-0.194707,-0.405838,0.080514,-0.343353,0.10119,0.224641,0.275626,0.244724,-0.147419,-0.17999,0.356331,0.157914,-0.286046,0.095084,-0.209237,0.221362,-0.151457,-0.105558,0.512509,0.025772,0.042575,0.216967,-0.045154,-0.038536,0.049436,-0.049299,-0.322176,0.237769,-0.565583,-0.27286,0.484731,-0.027994,0.225348,0.103165,0.024517,0.177488,0.277808,0.498759,-0.138632,-0.154868,0.22132,-0.505288,-0.23887,-0.191039,0.245367,0.781132,-0.313913,-0.661299,0.110057,-0.571882
canon_Other_00416,0.703946,-0.194975,-0.081165,0.219532,-0.143535,0.353754,0.213843,0.094857,0.212988,-0.344916,-0.379106,-0.026911,0.043389,0.218969,0.170277,-0.171272,0.033236,0.110678,-0.194786,-0.373126,0.130306,-0.391167,0.125373,0.18496,-0.295742,0.440019,0.044072,0.244139,0.432479,0.019718,-0.078999,-0.066521,-0.01767,0.057987,0.073931,-0.947152,-0.419084,0.073205,-0.056594,0.127515,-0.175054,0.090165,-0.677019,0.151271,0.346746,0.13076,-0.195215,0.119622,-0.049958,-0.013435,-0.647135,-0.280728,0.218355,0.567759,-0.073418,-0.063145,-0.080433,0.212853,-0.286237,-0.395571,0.398234,-0.135885,0.095546,0.762392,0.10362,-0.066013,-0.805485,0.245858,-0.045518,-0.631812,-0.231797,-0.323896,-0.199673,-0.070894,0.145782,0.104668,-0.013246,-0.021068,-0.2051,-0.409765,0.086186,-0.389016,0.11284,0.222815,0.305697,0.262167,-0.186382,-0.166478,0.381447,0.154159,-0.291062,0.128141,-0.189024,0.24437,-0.168398,-0.087193,0.543319,0.080431,0.07615,0.21892,-0.011562,-0.052155,0.013541,-0.068693,-0.342732,0.297879,-0.605885,-0.260756,0.543425,-0.020326,0.210938,0.122245,0.031315,0.180479,0.294195,0.511918,-0.11327,-0.173695,0.221398,-0.513223,-0.234887,-0.217395,0.267503,0.848543,-0.334529,-0.687155,0.11645,-0.630542
canon_Other_00419,0.132525,0.085366,-0.171671,-0.052314,-0.112437,0.014573,0.020893,0.008038,-0.044706,-0.025009,0.052867,-0.074338,-0.105719,0.193977,0.188996,-0.167356,-0.062861,0.090819,-0.090397,-0.171051,0.211902,0.057541,-0.248033,-0.082253,-0.065353,0.023839,-0.087953,0.05372,0.148202,-0.013218,-0.029704,0.039269,-0.01382,0.168736,-0.034545,-0.18223,-0.031934,0.04953,0.155405,0.123196,-0.141005,0.120506,-0.131042,-0.011189,0.170112,-0.032776,-0.008527,0.065146,-0.014318,0.161729,-0.115664,0.113438,0.169433,0.197863,0.15063,0.122282,-0.106148,-0.069478,-0.124353,0.015547,0.052684,0.065184,-0.189293,0.096206,0.109536,-0.02625,-0.191133,0.177866,-0.15905,-0.298005,-0.197493,-0.199839,-0.084567,-0.137962,0.172955,0.053396,-0.02734,0.052779,-0.160748,-0.017934,-0.089384,-0.140116,0.023488,-0.021141,-0.013159,-0.105762,0.166049,-0.075823,0.211238,0.020457,-0.16178,-0.103615,-0.257901,-0.168911,0.146754,-0.017623,0.243932,-0.103789,-0.071467,-0.11141,-0.242562,-0.230854,-0.01976,0.049485,-0.19915,0.123158,-0.011267,-0.234971,-0.135074,-0.120764,0.087219,0.051561,-0.037834,0.091783,0.001873,0.067925,-0.261688,-0.080483,0.159101,-0.032439,-0.145585,0.058882,-0.032834,0.219103,-0.069434,-0.216654,0.092841,-0.241479
canon_Other_00420,0.14962,0.135973,-0.292763,-0.083818,-0.215455,0.082127,-0.087094,0.003519,-0.112791,-0.041438,0.01325,-0.180984,-0.178753,0.235789,0.20536,-0.227262,-0.101947,0.124129,-0.076027,-0.290208,0.273445,0.054471,-0.314031,-0.124729,-0.094633,-0.064434,-0.118019,0.012333,0.19412,-0.003473,-0.064083,0.10581,-0.032116,0.19629,-0.060838,-0.285077,0.003909,0.097367,0.279431,0.119062,-0.140179,0.112637,-0.098424,-0.009316,0.277153,0.042631,0.008419,0.113686,0.002539,0.294023,-0.130036,0.151233,0.188177,0.267936,0.184169,0.149153,-0.125952,-0.107375,-0.169914,0.011069,0.066323,0.094857,-0.283001,0.087726,0.078757,-0.009498,-0.300812,0.305812,-0.209163,-0.424234,-0.306348,-0.303479,-0.107403,-0.177113,0.266349,0.093652,-0.04393,0.0594,-0.237897,-0.058224,-0.156797,-0.167665,0.066219,-0.094629,0.023422,-0.089338,0.241598,-0.015668,0.265032,-0.084203,-0.229838,-0.21364,-0.362248,-0.320798,0.190158,0.047106,0.462639,-0.045143,-0.099281,-0.149279,-0.329315,-0.220752,-0.036272,0.167146,-0.257759,0.200396,-0.005092,-0.293815,-0.27273,-0.207503,0.067636,0.079315,-0.108461,0.114276,0.026265,0.020951,-0.332918,-0.110979,0.231245,-0.028376,-0.158118,0.120933,-0.03293,0.305037,-0.01463,-0.242241,0.079276,-0.348931
canon_Other_00421,0.420643,-0.565551,-0.242978,-0.169298,-0.731608,0.3164,0.1121,0.394599,0.683237,-0.349589,-0.676203,-0.073382,0.218993,0.940311,1.274518,-0.697343,-0.02131,-0.424641,-0.81109,0.213211,1.103422,0.432366,-0.369136,0.076358,-0.266533,0.418774,-0.268402,0.138195,0.915245,-0.027787,-0.493615,-0.351005,0.015453,0.118375,-0.164867,-0.052073,-0.472151,-0.735846,0.741431,0.348046,-0.202706,0.836051,0.041828,-0.400085,0.309236,-0.01897,0.554799,0.466098,-0.550828,-0.382121,-0.259418,-0.316945,0.566262,0.383335,0.875755,-0.503159,-0.459375,-0.192752,0.292308,-0.582374,0.48701,-0.282579,-0.350198,0.678174,0.906191,-0.246224,-0.537531,0.238582,0.023205,-1.724281,-0.096967,-0.410332,-0.84244,0.225638,0.071311,-0.309547,-0.069541,0.29038,-0.667657,6.4e-05,-0.510102,-0.465604,0.61204,-0.133377,0.058669,-0.61749,0.539826,-0.410264,1.357239,-0.201088,-0.319249,-0.129414,-0.844198,0.00137,0.681547,-0.202381,-0.388127,-0.041288,-0.58656,-0.321021,-0.077439,-0.052881,-0.080622,-0.313269,-1.086503,0.065003,-0.534299,0.264703,0.344995,0.48398,-0.0375,0.301765,0.375907,0.547935,-0.996966,0.787355,-0.409892,-0.202794,-0.158072,-0.760884,-0.848779,-0.411411,-0.495903,0.785073,-0.578973,-0.424657,0.41304,-0.100234
canon_Other_00422,0.260061,-0.062835,-0.231155,0.212144,-0.151844,-0.181282,0.179998,0.216668,0.337383,0.177428,-0.224362,-0.493602,0.273391,0.121821,0.248381,-0.316991,0.354365,-0.069837,-0.373955,-0.128177,0.184633,0.120602,-0.002781,0.153186,-0.291864,0.166314,-0.028238,-0.051108,0.603263,0.046435,-0.196477,0.316573,-0.306737,0.304603,-0.218762,-0.045412,0.319514,0.209738,0.417486,0.293227,-0.212817,-0.024031,0.259979,-0.127439,-0.014115,-0.17099,-0.195906,-0.016046,0.146545,-0.062645,-0.219513,-0.336205,0.58981,0.303949,0.093109,0.163794,0.000181,-0.086416,-0.198295,-0.211787,0.262257,-0.037258,-0.011541,0.213418,0.538671,-0.43188,-0.119536,-0.177689,0.063832,-0.564866,0.243744,0.326632,-0.325664,0.151473,0.16539,-0.288599,-0.069024,0.201215,-0.016129,0.076786,-0.150764,-0.429107,-0.026112,-0.257082,0.169084,0.135313,0.199705,0.185573,0.272651,-0.010862,0.368268,-0.196736,-0.343813,-0.00845,0.299025,-0.153501,0.019318,-0.350249,-0.182393,0.025271,-0.008836,-0.174558,-0.058475,-0.028106,0.036248,-0.211945,-0.258803,-0.328804,0.301848,0.437599,0.223462,0.224258,0.267851,0.314101,-0.09675,0.351005,-0.347726,0.145392,0.113474,-0.059019,-0.066689,-0.11534,0.035383,0.411039,0.046901,-0.22276,0.364373,-0.09475
canon_Other_00423,0.291553,-0.120506,-0.284838,0.253337,-0.183782,-0.201107,0.202094,0.251314,0.363815,0.201024,-0.243132,-0.563323,0.296877,0.154763,0.314156,-0.339342,0.397504,-0.077975,-0.417195,-0.153705,0.223321,0.135907,-0.066094,0.178849,-0.326303,0.157355,-0.013488,-0.058715,0.682981,0.043548,-0.219797,0.335782,-0.328684,0.348158,-0.250483,-0.059465,0.351241,0.231448,0.472331,0.312021,-0.194491,-0.03841,0.2706,-0.108204,-0.002354,-0.181427,-0.23515,-0.003762,0.16902,-0.070097,-0.237943,-0.361898,0.68149,0.328453,0.101585,0.19063,0.000468,-0.095903,-0.216153,-0.201717,0.285399,-0.024911,-0.007358,0.236778,0.597408,-0.506948,-0.155851,-0.192125,0.072933,-0.652997,0.283658,0.334098,-0.380009,0.142981,0.181355,-0.326598,-0.1112,0.204157,-0.000468,0.079659,-0.157564,-0.467583,-0.017921,-0.287369,0.202258,0.15054,0.219803,0.215308,0.304381,-0.045301,0.397829,-0.203707,-0.379984,0.002503,0.323827,-0.147382,0.047543,-0.372476,-0.213632,0.000755,-0.024832,-0.203187,-0.04795,-0.038838,0.020678,-0.231555,-0.289393,-0.358046,0.352557,0.471348,0.239211,0.271497,0.296603,0.353601,-0.118184,0.391896,-0.434322,0.15659,0.121481,-0.081829,-0.094188,-0.12656,0.018438,0.477493,0.043625,-0.242372,0.455691,-0.102862
canon_Other_00427,0.065978,-0.024202,0.024062,-0.051419,-0.056013,-0.016488,0.056283,0.052631,0.005999,0.010149,0.016221,0.03546,0.002448,0.118794,0.100253,-0.04036,0.042563,0.027399,-0.088902,-0.011182,0.083406,0.034921,-0.138493,-0.062047,-0.115717,0.064977,-0.017214,-0.001144,0.05801,-0.019094,0.02127,-0.00351,-0.031954,0.040657,-0.048376,-0.03696,-0.020497,-0.023605,0.03445,0.074399,-0.085399,0.075277,-0.02783,0.001147,0.025382,0.018453,-0.013124,0.052186,0.008541,-0.022719,-0.130707,0.018033,0.161801,0.104255,0.104389,0.055282,-0.035992,0.011086,-0.018757,-0.028484,0.087327,-0.086906,-0.118098,0.145611,0.191734,-0.08501,-0.067572,0.004021,-0.072167,-0.148648,0.02031,-0.027983,-0.069005,-0.085471,0.058858,-0.014776,-0.108882,0.037446,-0.033323,0.010921,0.007875,-0.106799,0.037879,0.054608,0.001104,-0.001993,0.01166,-0.053516,0.105358,0.01931,-0.059933,0.036687,-0.128944,0.048069,0.058582,0.00757,0.034443,-0.044059,-0.039926,-0.055622,-0.074343,-0.085695,0.036437,-0.051468,-0.110411,0.082181,-0.045437,-0.110873,0.091403,0.021154,0.052644,0.041832,0.079048,0.069349,-0.02055,0.112284,-0.198813,-0.043153,0.045885,-0.058062,-0.035722,-0.048767,0.075693,0.130526,-0.128682,-0.108677,0.146192,-0.087818
canon_Other_00433,0.060529,-0.037945,0.05506,-0.052009,-0.060075,0.006816,0.076476,0.032117,0.056579,-0.020439,-0.035812,-0.000154,0.009189,0.121639,0.128766,-0.077841,0.083303,0.029564,-0.094483,0.002423,0.053211,0.035675,-0.077201,-0.019793,-0.126545,0.083181,0.005587,-0.025033,0.098818,-0.029756,0.020092,0.017683,-0.050854,0.042701,-0.071103,-0.03518,-0.011526,0.005227,0.01029,0.062629,-0.088792,0.066679,-0.023908,-0.012903,0.065398,-0.024565,0.010708,0.032341,0.022724,-0.010397,-0.143012,-0.002304,0.178047,0.105542,0.048879,0.058394,-0.044871,0.029361,-0.003788,-0.061932,0.076051,-0.057193,-0.100904,0.121159,0.21133,-0.086159,-0.069935,-0.042853,-0.047423,-0.174347,0.037375,-0.018703,-0.074066,-0.031762,0.072236,-0.006249,-0.085148,0.05384,-0.002235,-0.00046,0.012597,-0.113635,0.03946,0.007572,0.004568,-0.031373,0.025254,-0.072632,0.11541,0.0167,-0.035043,0.028557,-0.124984,0.061797,0.051718,0.015066,0.018694,-0.016633,-0.024699,-0.027044,-0.068886,-0.080649,0.014903,-0.079078,-0.090985,0.083584,-0.078093,-0.080446,0.070476,0.09475,0.050138,0.050427,0.065829,0.090195,-0.033646,0.094093,-0.169077,-0.065114,0.048827,-0.021042,0.009203,-0.06589,0.044622,0.108641,-0.109633,-0.111729,0.121177,-0.051161
canon_Other_00434,0.047549,-0.034615,0.015212,-0.052748,-0.020514,0.002742,0.072256,0.026501,0.01701,0.028126,-0.001707,0.018749,0.007372,0.114299,0.130991,-0.063056,0.077404,0.030462,-0.072052,0.012294,0.055036,0.063001,-0.127233,-0.0105,-0.117926,0.135162,-0.002582,0.00985,0.040439,-0.003704,-0.017218,-0.0048,-0.024231,0.05722,-0.037106,-0.067442,-0.014109,-0.005157,0.013268,0.085474,-0.096726,0.073456,-0.046092,0.050467,0.005396,-0.004435,-0.016257,0.063199,-0.007516,-0.017361,-0.072925,0.025806,0.1905,0.10042,0.003577,0.085522,-0.044104,0.071414,-0.018118,0.021023,0.038061,-0.074616,-0.067065,0.141266,0.175648,-0.104004,-0.090525,-0.025284,-0.112471,-0.150608,0.058735,-0.086304,-0.05218,-0.09559,0.072969,-0.036081,-0.058295,0.022991,0.015725,-0.022702,0.040203,-0.134361,-0.018016,0.082955,-0.042256,0.044652,-0.004316,-0.040621,0.07723,0.028386,-0.050839,0.078341,-0.080039,0.056851,0.080456,-0.00649,0.001248,-0.128554,-0.014942,-0.120877,-0.102559,-0.108837,0.04318,-0.03764,-0.079514,0.050556,-0.050769,-0.116647,0.105624,0.074025,0.073197,0.031171,0.069437,0.025653,-0.039354,0.096403,-0.213972,-0.048368,0.06777,-0.044651,-0.026635,-0.080321,0.076622,0.142628,-0.143039,-0.11192,0.091159,-0.088356
canon_Other_00435,0.086488,-0.008531,0.044368,-0.036237,-0.026945,-0.040859,0.063745,0.060083,0.02445,-0.00589,0.031098,0.010466,0.002537,0.119163,0.092038,-0.054183,0.034874,0.043904,-0.07407,-0.000477,0.082085,0.067674,-0.124735,-0.043241,-0.130447,0.088186,-0.029562,0.045687,0.078065,0.005968,-0.001014,-0.003583,-0.034854,0.038237,-0.029509,-0.05602,-0.011901,0.006445,0.031212,0.113449,-0.091372,0.083421,-0.015333,0.028681,0.006371,0.011604,-0.015999,0.033207,-0.002363,-0.04937,-0.107928,0.017309,0.175991,0.117364,0.088723,0.054237,-0.046741,0.079137,-0.075909,-0.032633,0.083462,-0.111793,-0.067828,0.152468,0.179179,-0.112063,-0.065411,-0.001767,-0.107036,-0.161291,0.044357,-0.077658,-0.0702,-0.062025,0.073569,-0.034377,-0.082875,-0.024169,-0.030131,-0.022528,0.021321,-0.144895,0.038696,0.097935,0.010758,0.018495,0.016492,-0.055072,0.082556,0.055734,-0.053058,0.0515,-0.119797,0.116036,0.100425,0.013911,-0.009498,-0.120759,-0.017205,-0.082299,-0.095562,-0.116678,0.052825,-0.036959,-0.104119,0.041991,-0.011246,-0.10935,0.075966,0.024203,0.056557,0.039895,0.080359,0.044365,0.003815,0.102921,-0.141987,-0.017581,0.053798,-0.045783,-0.029701,-0.04845,0.063529,0.107699,-0.107898,-0.10845,0.132024,-0.069474
canon_Other_00436,0.045373,-0.038704,0.019909,-0.03548,-0.042815,-0.026344,0.037262,0.056647,0.059291,-0.013908,0.018167,0.020867,0.014221,0.097534,0.128919,-0.050756,0.052225,0.008206,-0.071941,-0.009466,0.078154,0.044821,-0.122006,-0.033675,-0.11387,0.106978,-0.04866,0.014358,0.06679,-0.014267,-0.020655,-0.035113,-0.027448,0.007562,-0.008573,-0.023696,-0.02048,-0.012712,0.040144,0.087889,-0.103283,0.085317,-0.017169,0.022475,0.017308,0.016826,-0.017648,0.024234,-0.009621,-0.029712,-0.086956,0.032792,0.150683,0.081655,0.069363,0.059105,-0.048985,0.067266,-0.023225,-0.028951,0.07161,-0.086024,-0.109302,0.136279,0.181522,-0.075199,-0.06167,-0.006822,-0.064994,-0.143566,0.021482,-0.078097,-0.088889,-0.083698,0.066487,-0.014815,-0.058439,0.042207,-0.005931,-0.003435,0.007168,-0.112262,0.043458,0.064964,-0.004513,-0.009108,0.002116,-0.053474,0.100345,0.028473,-0.058956,0.048143,-0.139086,0.064312,0.065014,-0.015156,-0.014135,-0.081242,-0.040502,-0.075977,-0.084616,-0.107667,0.040653,-0.043557,-0.077557,0.055602,-0.033611,-0.110709,0.10299,0.039148,0.057649,0.029261,0.082104,0.029067,-0.023913,0.115762,-0.19828,-0.042344,0.060433,-0.049162,-0.028826,-0.055613,0.05573,0.110225,-0.137366,-0.106318,0.125677,-0.087507
canon_Other_00437,0.440408,0.112606,0.335186,0.010452,-0.14829,-0.557641,0.439131,-0.030049,-0.008306,0.105609,0.66745,0.326162,0.280189,0.081009,0.301698,-0.176529,0.372373,0.275699,0.008085,-0.272555,-0.124076,0.090295,-0.420286,0.378875,-0.210839,-0.056486,0.160505,0.108417,0.206124,-0.128695,0.076139,0.277056,-0.195418,0.161702,-0.29333,-0.266048,0.088126,0.188855,-0.49486,0.240158,-0.220092,0.48685,-0.439352,0.146977,-0.082145,-0.067478,-0.195702,-0.386147,0.227518,0.22423,-0.711076,0.19476,0.238705,0.499421,-0.032193,0.103009,-0.310484,-0.371451,-0.481417,0.087101,0.649625,-0.371749,0.191413,0.688826,1.058919,-0.860417,-0.742623,-0.012812,0.163786,-0.556086,-0.064706,0.144728,-0.544808,-0.498509,-0.01352,-0.551336,-0.56285,-0.265608,-0.06993,-0.453767,0.341481,-0.80395,-0.021602,0.104846,0.351812,0.212653,0.100374,0.007662,0.106827,0.475203,-0.267345,-0.066917,-0.267866,0.468766,0.314324,-0.175976,-0.023026,-0.540575,0.166305,0.101467,-0.286251,-0.501899,0.201643,-0.134775,-0.406037,0.409848,-0.34622,-0.582938,0.514031,-0.007822,0.765416,0.141112,0.650083,0.310786,0.474006,0.254524,-0.391525,-0.400279,0.292155,-0.236336,0.000239,-0.690491,0.242897,0.574433,-0.572719,-0.964713,0.145877,-0.288157
canon_Other_00438,0.423008,0.112373,0.364005,-0.001724,-0.144852,-0.609674,0.457686,-0.028014,-0.00535,0.101539,0.733001,0.349883,0.314401,0.102346,0.337095,-0.188281,0.413904,0.296832,0.011598,-0.284737,-0.129484,0.101692,-0.480027,0.420803,-0.206021,-0.065231,0.169781,0.137386,0.214989,-0.151765,0.063716,0.270521,-0.214796,0.148305,-0.297377,-0.261279,0.130373,0.202743,-0.510102,0.238615,-0.233671,0.516074,-0.441929,0.171111,-0.094682,-0.063727,-0.213534,-0.43387,0.273706,0.2212,-0.750882,0.240911,0.227805,0.522498,-0.037534,0.094422,-0.320955,-0.391896,-0.494458,0.065121,0.735515,-0.403437,0.22053,0.73655,1.141756,-0.915399,-0.809507,0.006282,0.186906,-0.590632,-0.058214,0.134275,-0.605556,-0.543959,0.005912,-0.591408,-0.57962,-0.294939,-0.046287,-0.473639,0.374056,-0.862073,-0.009535,0.115647,0.372148,0.254252,0.09984,0.007991,0.094948,0.49886,-0.286906,-0.079031,-0.320154,0.502374,0.33381,-0.186225,-0.022532,-0.582871,0.166095,0.124618,-0.296251,-0.511155,0.238713,-0.13871,-0.42594,0.448973,-0.386206,-0.647935,0.559541,-0.004305,0.832429,0.162241,0.699443,0.338392,0.506422,0.263672,-0.432871,-0.421766,0.299126,-0.268199,0.014211,-0.698975,0.269473,0.593585,-0.622332,-1.04386,0.146341,-0.31091
canon_Other_00439,0.451947,0.118095,0.367908,-0.015394,-0.196082,-0.61823,0.503651,-0.037191,-0.003093,0.114695,0.746814,0.357024,0.326413,0.103434,0.353258,-0.223543,0.447983,0.301528,-0.012418,-0.291019,-0.14006,0.097574,-0.466622,0.447798,-0.218892,-0.062455,0.194697,0.112698,0.224786,-0.162609,0.090868,0.285635,-0.234045,0.179669,-0.32211,-0.306845,0.126076,0.197358,-0.516706,0.250913,-0.2213,0.51542,-0.49908,0.161303,-0.063631,-0.072465,-0.202236,-0.425559,0.291625,0.244493,-0.78082,0.223526,0.259537,0.551892,-0.062356,0.118566,-0.312981,-0.416435,-0.512552,0.077666,0.734253,-0.416409,0.203939,0.752597,1.18515,-0.973115,-0.844211,-0.008573,0.196374,-0.631929,-0.04631,0.153633,-0.607495,-0.57445,-0.014598,-0.608935,-0.601199,-0.308124,-0.047749,-0.498049,0.380742,-0.89413,-0.016396,0.108244,0.38017,0.272297,0.118373,0.02473,0.118684,0.556409,-0.282207,-0.077989,-0.326705,0.502667,0.34438,-0.181623,0.003373,-0.573252,0.190079,0.121474,-0.30026,-0.549416,0.23696,-0.157115,-0.427632,0.472486,-0.406592,-0.688476,0.584296,0.018279,0.852497,0.19394,0.731234,0.358532,0.524316,0.29927,-0.482417,-0.45179,0.304808,-0.283239,-0.007974,-0.751497,0.286145,0.639585,-0.66203,-1.108233,0.16468,-0.333317
canon_Other_00440,0.428822,0.100146,0.342587,-0.00381,-0.165908,-0.585644,0.476972,-0.036442,-0.009944,0.113447,0.709928,0.352198,0.289313,0.102127,0.324528,-0.185698,0.410996,0.283422,0.032938,-0.291908,-0.115343,0.092132,-0.452844,0.402875,-0.199021,-0.059197,0.165678,0.119527,0.194894,-0.145143,0.089478,0.279342,-0.19289,0.161976,-0.295019,-0.292395,0.116766,0.172833,-0.520337,0.239311,-0.22031,0.489355,-0.45746,0.144803,-0.089965,-0.097691,-0.187704,-0.413978,0.254403,0.222522,-0.721967,0.212426,0.238269,0.509743,-0.050817,0.098198,-0.310964,-0.39312,-0.498587,0.096178,0.707891,-0.388803,0.215039,0.72328,1.106424,-0.899978,-0.80526,0.015835,0.165208,-0.589682,-0.048058,0.138589,-0.560374,-0.542606,-0.01877,-0.57921,-0.581984,-0.298034,-0.060543,-0.472695,0.366115,-0.845506,-0.040401,0.094402,0.350933,0.227381,0.105664,0.002364,0.099426,0.490147,-0.273191,-0.088701,-0.286599,0.473507,0.31609,-0.183991,-0.014329,-0.572146,0.184134,0.119682,-0.283494,-0.514251,0.223712,-0.147338,-0.43405,0.424971,-0.367427,-0.612218,0.556929,-0.004063,0.813288,0.152205,0.668588,0.348474,0.482931,0.273188,-0.412085,-0.418228,0.314422,-0.243787,-0.010666,-0.721873,0.268966,0.578742,-0.602982,-1.023608,0.140299,-0.305644
canon_Other_00441,0.442663,0.124259,0.323283,-0.021044,-0.162286,-0.598949,0.473745,-0.047013,0.000499,0.100432,0.727659,0.345205,0.2958,0.108505,0.324261,-0.162598,0.413334,0.272337,-0.019936,-0.268299,-0.116472,0.090224,-0.503086,0.416871,-0.223489,-0.068314,0.137538,0.090952,0.198711,-0.148331,0.078747,0.258398,-0.228102,0.15195,-0.28191,-0.274058,0.087938,0.212935,-0.504398,0.256085,-0.226335,0.501077,-0.462195,0.172485,-0.089919,-0.089671,-0.196586,-0.41578,0.252093,0.224337,-0.743957,0.224936,0.243547,0.515762,-0.036919,0.102606,-0.307772,-0.385109,-0.52459,0.090025,0.689164,-0.39446,0.182639,0.725256,1.123539,-0.903663,-0.80777,0.021707,0.176221,-0.58709,-0.054174,0.144175,-0.583929,-0.5441,-0.013423,-0.577561,-0.590142,-0.288291,-0.058046,-0.477179,0.374823,-0.869202,-0.0172,0.094935,0.367999,0.25852,0.081774,0.030916,0.086392,0.531902,-0.297108,-0.056493,-0.334947,0.473263,0.348448,-0.165083,-0.011131,-0.538626,0.187269,0.097302,-0.28893,-0.516809,0.223731,-0.145508,-0.433971,0.43022,-0.356827,-0.659751,0.544415,-0.016072,0.829674,0.184821,0.683692,0.327356,0.517739,0.249373,-0.458498,-0.438694,0.290963,-0.249571,-0.014259,-0.72569,0.273235,0.574574,-0.603934,-1.030799,0.15126,-0.294046
canon_Other_00442,0.457851,0.097265,0.350405,-0.017643,-0.189186,-0.586375,0.481592,-0.042344,0.014556,0.096317,0.709227,0.362807,0.316901,0.10528,0.355369,-0.190359,0.413775,0.280342,-0.025222,-0.266308,-0.10436,0.101323,-0.469564,0.414519,-0.236147,-0.045772,0.149975,0.107095,0.222503,-0.135924,0.070424,0.268754,-0.19295,0.156273,-0.280224,-0.299528,0.104296,0.196001,-0.502831,0.275369,-0.243386,0.519352,-0.442487,0.158497,-0.088401,-0.094762,-0.188815,-0.409641,0.239592,0.237161,-0.729317,0.20482,0.259004,0.506798,-0.029104,0.128512,-0.2985,-0.372918,-0.50382,0.07371,0.694504,-0.389148,0.17125,0.729213,1.114736,-0.930743,-0.799806,-0.012705,0.182589,-0.584205,-0.032679,0.135922,-0.590909,-0.530383,-0.012641,-0.557563,-0.562285,-0.250277,-0.062066,-0.467034,0.376813,-0.856739,-0.005297,0.112244,0.356224,0.242767,0.102705,0.004967,0.123852,0.532892,-0.286229,-0.060424,-0.330794,0.484911,0.351169,-0.182527,-0.018684,-0.554469,0.18206,0.105009,-0.277429,-0.530292,0.216664,-0.150872,-0.423949,0.438157,-0.349979,-0.630921,0.560985,0.008935,0.822363,0.170621,0.684451,0.333569,0.476914,0.27764,-0.467293,-0.432443,0.283942,-0.244997,-0.005583,-0.717552,0.2665,0.591918,-0.609837,-1.017926,0.134272,-0.303147
canon_Other_00443,0.055118,-0.007092,0.038346,-0.05133,-0.053056,-0.007313,0.051718,0.058962,0.037187,0.026136,-0.012731,0.027906,0.020042,0.121651,0.119855,-0.104085,0.035494,0.018667,-0.084842,-0.0148,0.065178,0.039211,-0.096232,-0.018652,-0.099247,0.08743,0.007462,0.015845,0.094283,-0.016461,-0.007951,0.011123,-0.04698,0.043317,-0.031928,-0.056445,-0.02654,-0.012008,0.033177,0.088868,-0.105436,0.092218,-0.050569,0.010461,0.024418,0.021873,-0.000297,0.053098,0.002827,-0.022391,-0.0958,0.027496,0.14051,0.09585,0.086972,0.069727,-0.067857,0.011983,-0.005986,-0.037716,0.079743,-0.077872,-0.086483,0.149533,0.199786,-0.088436,-0.074815,-0.002813,-0.049709,-0.173617,0.006534,-0.035,-0.093335,-0.083708,0.082161,-0.005882,-0.076945,0.042776,-0.022396,-0.023503,0.01029,-0.10133,0.046544,0.033916,-0.007276,-0.002403,0.023027,-0.036671,0.098173,0.044942,-0.052847,0.024596,-0.12328,0.028938,0.066203,-0.006926,0.018661,-0.097318,-0.025108,-0.055642,-0.046017,-0.070107,0.030522,-0.048326,-0.083843,0.046444,-0.057592,-0.11561,0.087334,0.046399,0.072279,0.023891,0.085655,0.045225,-0.041731,0.116976,-0.188433,-0.054401,0.046626,-0.052505,-0.015033,-0.060877,0.082907,0.161533,-0.143882,-0.099223,0.099627,-0.093204
canon_Other_00445,0.002719,0.322585,-0.44869,-0.007843,-0.033105,0.043518,0.129411,-0.133545,-0.242618,-0.086726,0.14368,0.118338,-0.219765,0.226056,0.618722,-0.119001,-0.133834,-0.351176,-0.324277,0.189945,0.085631,-0.116271,-0.648153,-0.010076,-0.713643,0.325479,-0.261387,0.054873,-0.090317,-0.18877,-0.373695,-0.748977,0.231554,-0.114041,0.173251,-0.228246,-0.45977,-0.325032,-0.103172,0.400842,-0.001818,0.285563,0.154203,0.077559,0.094077,0.210742,0.084049,0.343668,-0.337937,-0.089237,0.148885,0.290718,0.734551,0.120517,0.112871,-0.198178,0.031638,-0.085833,-0.040266,0.147211,0.215703,0.073908,-0.304843,0.294616,0.373004,0.012307,-0.332736,0.030115,-0.138277,-0.34648,-0.056284,-0.241224,0.105356,0.105155,0.163539,0.034914,-0.389603,-0.185391,-0.099923,-0.032554,0.286497,-0.340815,-0.123806,0.088899,-0.189275,-0.163894,-0.021305,0.044506,0.486786,-0.416765,-0.116552,0.160814,-0.387848,0.253947,-0.340893,-0.581239,-0.074479,0.088751,-0.227523,-0.630578,-0.258696,-0.357953,0.044668,0.045502,-0.225559,0.315761,-0.060481,-0.14539,0.342112,-0.027504,0.103157,0.216539,0.087428,0.413704,0.177847,0.13693,-0.515374,-0.439217,0.067264,-0.546312,-0.194452,-0.02923,-0.032308,0.466352,-0.304236,-0.644317,0.198389,-0.243738
canon_Other_00446,0.019134,0.328935,-0.459512,-0.075382,-0.057349,0.069847,0.150014,-0.10899,-0.241218,-0.130988,0.137344,0.17841,-0.225072,0.348729,0.740158,-0.153092,-0.115476,-0.364757,-0.393412,0.292276,0.148518,-0.137723,-0.826802,0.026773,-0.846596,0.360065,-0.326765,-0.075886,-0.114677,-0.234031,-0.41152,-0.852127,0.243292,-0.143626,0.232632,-0.206012,-0.555275,-0.363319,-0.116269,0.467471,-0.048526,0.336686,0.093865,0.147286,0.071577,0.173962,0.162468,0.378185,-0.372593,-0.196083,0.171545,0.381422,0.845973,0.167836,0.2182,-0.184595,-0.037716,-0.085619,-0.017297,0.15719,0.308177,0.018459,-0.374824,0.428531,0.44823,-0.015739,-0.377935,0.038775,-0.17419,-0.464725,-0.064502,-0.356678,0.043157,0.100137,0.197456,0.045178,-0.46307,-0.244446,-0.102613,-0.013634,0.321789,-0.40319,-0.037771,0.154386,-0.226901,-0.151504,-0.082938,0.040351,0.639803,-0.441156,-0.199556,0.266914,-0.516587,0.226312,-0.315057,-0.593798,-0.117683,0.120329,-0.249372,-0.718346,-0.288574,-0.398836,0.081755,0.014263,-0.292467,0.462609,-0.038238,-0.273029,0.36118,-0.081413,0.111035,0.30236,0.102551,0.37428,0.147525,0.154923,-0.710235,-0.564751,0.004465,-0.578685,-0.259709,-0.052109,-0.038067,0.540251,-0.387048,-0.734684,0.280259,-0.227393
canon_Other_00447,0.023684,0.308468,-0.426842,-0.065117,-0.036702,0.033498,0.111745,-0.131209,-0.242286,-0.126784,0.138738,0.13564,-0.253135,0.289555,0.6743,-0.156621,-0.123996,-0.33519,-0.365744,0.2619,0.140596,-0.142123,-0.747435,0.018296,-0.781297,0.36294,-0.319808,-0.036172,-0.10847,-0.220272,-0.403341,-0.787478,0.217985,-0.129611,0.218393,-0.199583,-0.491606,-0.303957,-0.077158,0.453271,-0.049999,0.313896,0.132409,0.110168,0.089288,0.186911,0.172087,0.368075,-0.351765,-0.150455,0.160971,0.327186,0.79324,0.137458,0.209521,-0.159669,-0.002389,-0.081488,-0.025077,0.109997,0.287926,0.031539,-0.363412,0.381049,0.411238,0.029742,-0.335975,0.077281,-0.153791,-0.41488,-0.058211,-0.340354,0.069242,0.085234,0.183772,0.051878,-0.418463,-0.229429,-0.077154,-0.008631,0.283351,-0.367247,-0.027886,0.14757,-0.234419,-0.156745,-0.06382,0.032513,0.588316,-0.406965,-0.166887,0.202558,-0.499271,0.235874,-0.312096,-0.555955,-0.125079,0.085257,-0.239541,-0.647094,-0.297923,-0.370369,0.058533,0.036239,-0.227891,0.438025,-0.026914,-0.286205,0.329019,-0.099183,0.102826,0.258576,0.072015,0.352774,0.193288,0.125424,-0.630105,-0.490533,0.045442,-0.552737,-0.212033,-0.013097,-0.04689,0.513592,-0.3471,-0.674172,0.251633,-0.193631
canon_Other_00448,0.004676,0.322302,-0.448066,-0.049777,-0.06435,0.058246,0.150111,-0.124201,-0.204826,-0.118815,0.158356,0.160021,-0.218151,0.315485,0.699969,-0.157493,-0.123773,-0.378325,-0.36736,0.276592,0.141558,-0.15481,-0.767896,0.048032,-0.811063,0.359932,-0.313914,-0.047636,-0.121029,-0.245913,-0.38123,-0.836106,0.236977,-0.158686,0.22487,-0.210451,-0.492698,-0.374225,-0.094794,0.447381,-0.051097,0.309023,0.102119,0.117803,0.084302,0.195554,0.160858,0.377965,-0.347084,-0.143534,0.149285,0.350537,0.796107,0.12852,0.187051,-0.170729,-0.008016,-0.114003,-0.017777,0.141395,0.27964,0.025566,-0.379746,0.395068,0.451188,-0.01803,-0.341442,0.034284,-0.121058,-0.435759,-0.044085,-0.330339,0.05241,0.070163,0.17409,0.047432,-0.434516,-0.224047,-0.087649,-0.028253,0.297532,-0.386223,-0.032333,0.103741,-0.200376,-0.143663,-0.051569,0.035672,0.601713,-0.411807,-0.175589,0.211595,-0.507984,0.224991,-0.31618,-0.570444,-0.097872,0.111873,-0.24721,-0.66533,-0.279143,-0.388082,0.078823,0.009113,-0.254884,0.439266,-0.030344,-0.254135,0.350696,-0.067542,0.126509,0.293986,0.093145,0.364418,0.176021,0.162209,-0.680538,-0.5313,0.024445,-0.576477,-0.256701,-0.068751,-0.033922,0.503176,-0.38374,-0.720586,0.276002,-0.209993
canon_Other_00449,0.137219,0.173929,0.007054,-0.159319,0.013708,-0.00378,0.102613,0.065274,0.040854,-0.041843,-0.033962,0.209851,0.052494,0.211999,0.109652,-0.071824,0.134665,0.220948,-0.162248,-0.303231,0.131652,0.119473,-0.19275,-0.134669,-0.097826,0.079351,-0.088575,0.096765,0.196189,0.013514,0.016451,0.002994,-0.099026,0.086322,-0.212547,-0.034716,-0.16375,0.112022,0.070961,0.059902,-0.124988,0.099614,-0.127091,0.051821,-0.106058,-0.127015,-0.130053,0.041928,-0.060479,-0.087891,-0.131429,0.141114,0.238983,0.201875,0.110258,0.107432,-0.116153,0.192347,-0.125548,0.104133,0.072642,-0.053065,-0.132917,0.098708,0.191287,-0.100894,-0.231695,0.131658,-0.195664,-0.251677,-0.020017,-0.09906,-0.019279,-0.157462,0.175453,0.140004,-0.036367,0.032417,-0.088365,0.025657,-0.083552,0.008379,-0.0491,0.099372,0.041682,0.077282,0.03327,-0.189947,0.016752,0.145392,-0.262249,0.122125,-0.068989,0.001093,0.16764,-0.033429,0.041618,-0.229978,0.01016,-0.169562,-0.183316,-0.236402,0.061679,0.031894,-0.25175,0.011676,-0.042974,-0.062684,0.101457,0.132598,0.135938,-0.135046,-0.002337,0.22385,-0.134778,0.130628,-0.182061,-0.004475,0.197674,-0.081635,-0.054368,0.001251,0.115772,0.066929,-0.118323,-0.169141,-0.007723,0.000308
canon_Other_00450,0.425767,-0.28558,0.170404,-0.238452,-0.359274,-0.071746,0.39456,0.316092,0.245866,-0.018203,-0.012036,0.043158,0.123671,0.66769,0.718466,-0.433604,0.376551,0.186255,-0.432555,-0.00123,0.416793,0.198066,-0.632335,-0.128996,-0.641617,0.393595,-0.146382,-0.154024,0.562436,-0.082274,0.085566,0.111742,-0.185359,0.295798,-0.204751,-0.269468,0.029832,-0.093167,0.173714,0.460748,-0.451811,0.386627,-0.105465,0.110394,0.331236,-0.051685,-0.129577,0.16816,0.009929,-0.063259,-0.66034,0.076351,0.988122,0.554175,0.407831,0.366406,-0.264201,0.271948,-0.08492,-0.202916,0.419066,-0.46046,-0.637543,0.732372,1.249299,-0.616525,-0.510954,-0.183971,-0.359391,-1.050195,0.285698,-0.247843,-0.419251,-0.391566,0.390259,-0.096224,-0.473068,0.090922,-0.05728,-0.012159,0.068542,-0.760974,0.238303,0.193734,0.120998,-0.052966,0.099057,-0.286983,0.589523,0.107532,-0.308215,0.168512,-0.73007,0.262529,0.365739,-0.035878,0.099111,-0.294227,-0.295853,-0.350103,-0.336677,-0.586292,0.101962,-0.431982,-0.507784,0.431415,-0.319722,-0.507168,0.575361,0.4474,0.305797,0.347592,0.53879,0.445254,-0.31257,0.770895,-1.140481,-0.236599,0.315781,-0.247585,-0.149128,-0.38384,0.316132,0.777724,-0.706794,-0.643312,0.820013,-0.469045
canon_Other_00451,0.421167,-0.284038,0.176633,-0.233243,-0.357225,-0.075145,0.379629,0.334691,0.246455,-0.011221,0.004993,0.0389,0.12851,0.677489,0.720477,-0.435363,0.352847,0.195278,-0.422023,-0.005503,0.413606,0.188167,-0.621243,-0.107128,-0.628531,0.385604,-0.14311,-0.168171,0.558881,-0.080961,0.080219,0.124378,-0.173562,0.305185,-0.180794,-0.284254,0.05752,-0.096198,0.180721,0.462632,-0.450338,0.382281,-0.083442,0.12311,0.331431,-0.047824,-0.138427,0.16555,0.017851,-0.055917,-0.673566,0.091354,0.991041,0.541744,0.414809,0.371187,-0.275568,0.279488,-0.068875,-0.201191,0.424755,-0.473257,-0.619791,0.723896,1.258144,-0.616031,-0.515598,-0.176516,-0.337061,-1.048743,0.302106,-0.233916,-0.405817,-0.402726,0.38929,-0.105604,-0.46406,0.074302,-0.044862,-0.009894,0.084357,-0.772165,0.228386,0.186527,0.112545,-0.062967,0.109521,-0.276752,0.59329,0.094402,-0.29949,0.164778,-0.722762,0.256963,0.357967,-0.047335,0.084551,-0.288657,-0.300779,-0.362365,-0.343198,-0.580554,0.098137,-0.426135,-0.519953,0.452498,-0.320145,-0.493967,0.576354,0.449906,0.307496,0.357321,0.536199,0.449536,-0.3153,0.761521,-1.135318,-0.2226,0.326278,-0.248339,-0.165411,-0.393134,0.311978,0.76957,-0.710369,-0.637096,0.820117,-0.480356
canon_Other_00452,0.061422,0.007318,0.048577,-0.023096,-0.050243,-0.014174,0.063997,0.062819,0.046102,-0.009685,0.001025,-0.002075,0.010146,0.122509,0.111281,-0.070221,0.052362,0.015633,-0.080095,0.020907,0.088996,0.044397,-0.086087,-0.008354,-0.148972,0.088046,0.003879,9.7e-05,0.078622,-0.025541,0.025024,0.009725,-0.061492,0.025166,-0.056737,-0.035588,-0.005421,0.014965,0.014512,0.098085,-0.072716,0.087637,-0.004772,0.036418,0.026112,0.00536,0.005932,0.034929,-0.001068,-0.012505,-0.108674,0.038355,0.128,0.082178,0.056301,0.075254,-0.049249,0.039462,-0.037761,-0.030717,0.046989,-0.063654,-0.093751,0.108037,0.186384,-0.109122,-0.075901,-0.024352,-0.050687,-0.14455,0.057604,-0.033872,-0.086129,-0.053005,0.07326,0.005485,-0.094222,0.01359,0.003395,0.010812,0.051785,-0.108779,0.035265,0.032036,-0.008377,0.002803,-0.005805,-0.05021,0.07285,-0.003997,-0.043465,0.04954,-0.10653,0.0532,0.047363,0.016889,0.020932,-0.053616,-0.018302,-0.050721,-0.091845,-0.088496,0.04985,-0.035231,-0.082936,0.052351,-0.010053,-0.10783,0.072011,0.049775,0.033582,0.042686,0.059522,0.047524,-0.011262,0.100267,-0.176236,-0.051839,0.059085,-0.041424,-0.014165,-0.04737,0.055781,0.137308,-0.126164,-0.109712,0.122718,-0.053248
canon_Other_00453,0.421306,-0.220539,0.142666,0.047931,-0.231818,-0.268065,0.5181,-0.235063,-0.14615,-0.20918,-0.355992,0.005984,-0.087995,0.56127,0.347808,-0.287621,0.023675,0.256915,-0.536002,0.154113,0.72505,0.221702,-0.391228,-0.078234,-0.338086,0.062285,0.008262,0.189663,0.243264,0.163833,-0.098771,0.321311,0.230372,0.26428,-0.01879,-0.391729,-0.308324,0.157534,0.223745,0.505137,-0.194067,0.22625,-0.182426,0.247967,0.226228,-0.090852,0.262724,0.443174,-0.210752,0.176777,-0.153424,-0.075693,0.498691,0.173332,-0.044992,0.217015,0.095248,-0.124493,-0.205966,-0.080639,0.122689,-0.009496,-0.146756,0.120707,0.035779,-0.18274,-0.270409,0.046156,-0.147093,-0.28878,0.142965,-0.004905,-0.181358,-0.164157,0.350011,0.357372,-0.347618,0.249868,-0.111857,-0.29209,0.218302,-0.306428,0.100222,-0.008405,-0.08874,0.061434,0.061005,-0.305912,0.182281,0.288208,-0.051365,0.21907,-0.486084,-0.186532,0.122269,0.197434,0.302547,-0.140866,-0.103701,-0.12601,-0.352889,-0.238398,-0.053887,-0.258102,-0.231142,0.158715,-0.001563,-0.355567,0.101596,0.313384,0.02924,0.10393,-0.122568,-0.046426,-0.443883,0.045025,-0.46083,-0.050195,-0.317791,-0.01483,-0.045185,0.25094,0.049427,0.684074,-0.050739,-0.187067,0.057077,0.249805
canon_Other_00454,0.535664,-1.07452,0.278288,0.46328,-0.572763,-0.214403,0.545223,0.158002,-0.335501,0.086232,-0.095132,0.139432,-0.072775,1.202639,0.510461,-0.45283,-0.113861,0.596171,-0.202194,0.621432,0.710583,-0.15906,-0.556029,0.339837,-0.471867,0.122271,-0.359734,0.043994,0.205988,-0.186808,0.238571,0.856152,0.294316,0.334183,0.427258,-0.772967,0.331079,-0.760406,-0.606932,0.568276,-0.617086,0.270251,0.175238,-0.142153,0.425402,0.271867,0.405197,0.465469,0.543822,0.574784,-0.672142,0.089271,1.620124,0.205133,0.123021,0.357261,0.078682,0.182584,0.034986,0.21149,0.422917,-1.134095,-0.02131,0.826471,1.280855,-0.339676,-0.553184,-0.286485,-0.060134,-1.081492,0.124756,-0.296733,-0.334505,-0.793471,0.200167,-0.564193,-0.758921,-0.247117,-0.255956,-0.406941,0.364302,-0.942683,0.527816,0.213058,0.235968,0.176206,0.826416,-0.062661,0.634942,-0.129571,0.44191,-0.473047,-0.184327,0.189784,0.283022,-0.092697,0.565145,-0.423596,0.155196,-0.28441,-0.82997,-0.007135,-0.091955,-0.286236,-1.101806,0.943322,-0.542821,0.343088,0.424223,-0.127592,0.437857,0.052084,0.237884,0.446267,-0.655673,0.453042,-0.673548,-0.164868,-0.123775,-0.286848,-0.742531,-1.032645,0.660358,1.09759,-0.534366,-0.311125,0.399049,-0.126573
canon_Other_00455,0.076597,-0.027956,0.040608,-0.032318,-0.053448,-0.034596,0.075342,0.042058,0.022765,-0.002526,0.035519,0.020553,-0.001155,0.092285,0.123115,-0.078294,0.047315,0.014611,-0.078588,0.000891,0.07894,0.050228,-0.093119,-0.036399,-0.11851,0.092643,-0.010355,0.016086,0.082999,-0.039034,0.028478,0.017705,-0.018845,0.063666,-0.047039,-0.061877,-0.021073,-0.022231,0.015129,0.098004,-0.064492,0.074075,-0.008706,0.01994,0.029155,-0.007496,-0.025667,0.033678,0.006938,-0.016051,-0.11071,0.009541,0.140568,0.102863,0.072193,0.040492,-0.044212,0.018042,-0.026815,-0.023682,0.090404,-0.071225,-0.115147,0.130176,0.176799,-0.127626,-0.068239,-0.026944,-0.069793,-0.138612,0.05304,-0.03909,-0.062861,-0.069199,0.062234,-0.011035,-0.077078,0.005469,-0.019666,-0.003691,0.016045,-0.121006,0.060712,0.04353,0.017792,-0.018111,0.021841,-0.078078,0.101499,0.054035,-0.053342,0.015564,-0.10977,0.080223,0.047864,-0.020582,0.023989,-0.051396,-0.035905,-0.029853,-0.067968,-0.1161,0.029,-0.068287,-0.098541,0.07448,-0.031834,-0.085464,0.089005,0.051893,0.025157,0.037699,0.101492,0.058759,-0.023423,0.145255,-0.146761,-0.012555,0.048054,-0.055344,-0.034871,-0.039331,0.042639,0.12624,-0.124648,-0.132564,0.128611,-0.087914
canon_Other_00456,0.140907,0.053083,-0.285852,-0.118774,0.065101,-0.07765,0.277457,0.09905,-0.071065,-0.152591,0.289951,0.074722,-0.101456,0.486159,0.288092,0.103423,-0.00616,0.244027,-0.192175,0.00201,0.420278,0.297098,-0.669558,0.169556,-0.221073,0.244088,-0.159794,0.04092,0.288357,-0.205776,0.027043,-0.037612,0.047546,0.202983,0.191486,-0.162578,-0.338577,-0.064322,-0.029139,0.398936,-0.211544,0.283668,-0.371314,0.241874,0.091298,-0.303893,0.009137,0.026351,0.039867,-0.167603,-0.06942,0.46577,0.279741,0.096602,0.120201,0.14371,0.154224,0.168959,-0.219026,0.194454,0.268238,-0.031997,-0.041995,0.226563,0.003103,-0.12137,-0.093938,0.152223,-0.203838,-0.30536,0.00547,-0.16533,-0.283728,-0.183519,0.050799,0.06336,0.231289,0.050553,0.135663,0.102883,0.113572,-0.413622,0.052363,0.3014,0.049906,0.072433,-0.174473,-0.150152,-0.022095,0.439852,-0.179544,-0.076859,-0.23055,-0.0228,0.34033,0.164392,0.044882,-0.144789,0.235732,-0.42948,-0.227186,-0.607572,0.003329,0.078569,-0.253739,0.304854,-0.064987,-0.424576,-0.020875,0.008014,0.210072,0.156185,0.072946,0.152551,0.060588,-0.022438,-0.315619,-0.206464,0.096911,-0.106471,-0.344487,0.055324,-0.171621,0.131125,-0.31081,-0.465043,-0.246229,-0.041408
canon_Other_00457,0.173126,0.063164,-0.405076,-0.184483,0.038171,-0.140649,0.432169,0.17506,-0.097004,-0.22175,0.393205,0.178811,-0.10491,0.707202,0.357124,0.130167,0.057214,0.295822,-0.33403,0.026167,0.561563,0.412669,-0.849207,0.210299,-0.341987,0.323182,-0.172422,0.037112,0.470854,-0.338164,0.060697,0.011061,-0.010554,0.370087,0.231068,-0.147269,-0.438067,-0.073383,-0.032658,0.527983,-0.239877,0.347688,-0.460533,0.314058,0.191236,-0.462444,0.029083,0.039221,0.085287,-0.241286,-0.135168,0.624659,0.378361,0.171561,0.182409,0.146515,0.200945,0.180867,-0.302872,0.214069,0.37769,-0.031013,-0.052775,0.245934,0.019483,-0.134905,-0.06994,0.120541,-0.186636,-0.358437,0.008447,-0.17427,-0.353133,-0.235886,0.06538,0.136876,0.342509,0.148592,0.19615,0.160195,0.129479,-0.510603,0.085895,0.306268,0.080854,0.094792,-0.279156,-0.206546,-0.043276,0.674284,-0.161269,-0.144701,-0.314506,-0.094223,0.443319,0.199468,0.100556,-0.130274,0.348235,-0.535577,-0.285074,-0.822003,-0.025228,0.111952,-0.355545,0.357733,-0.159857,-0.551619,-0.034051,0.070372,0.280096,0.204611,0.141798,0.242509,0.097552,-0.020681,-0.431819,-0.371483,0.07238,-0.138433,-0.503278,0.070743,-0.250529,0.120858,-0.420219,-0.59745,-0.372348,-0.011315
canon_Other_00458,0.165871,0.060684,-0.260121,-0.224624,0.028936,-0.061703,0.326731,0.14318,-0.098948,-0.2377,0.330968,0.044201,-0.151536,0.662599,0.379651,0.117761,0.016555,0.310369,-0.213405,0.026194,0.546207,0.365477,-0.874637,0.275433,-0.310748,0.293314,-0.230752,-0.022917,0.358405,-0.272344,0.058417,-0.05709,0.081962,0.188261,0.20925,-0.192599,-0.440027,-0.114797,-0.073542,0.470094,-0.261118,0.405959,-0.481369,0.357968,0.13999,-0.404188,-0.001068,-0.022637,0.077818,-0.209578,-0.073805,0.596093,0.338175,0.025751,0.112305,0.19244,0.19494,0.304536,-0.230825,0.287163,0.400313,-0.057055,-0.088551,0.296159,0.009302,-0.218879,-0.191427,0.161364,-0.27667,-0.474364,0.023335,-0.225798,-0.437479,-0.226037,0.037699,0.071924,0.318927,0.06131,0.236524,0.204369,0.135041,-0.540536,0.13148,0.439701,0.060678,0.109686,-0.199763,-0.178314,-0.008055,0.537726,-0.331408,-0.105776,-0.296251,0.017345,0.451438,0.329614,0.037,-0.161011,0.325072,-0.531301,-0.196912,-0.790665,0.01621,0.096252,-0.323556,0.433989,-0.038938,-0.476018,-0.027719,0.098212,0.288271,0.260225,0.081421,0.203147,0.009877,-0.051373,-0.393548,-0.283161,0.149142,-0.095543,-0.383958,0.0319,-0.285927,0.195354,-0.430467,-0.649559,-0.386219,0.010778
canon_Other_00460,0.059818,-0.006159,0.013328,-0.040014,-0.063481,-0.022975,0.076279,0.047366,0.059072,0.0225,-0.003243,0.027341,0.02606,0.101517,0.087523,-0.054119,0.060069,0.040721,-0.107543,0.040542,0.087408,0.023731,-0.101811,-0.024983,-0.131867,0.082495,-0.019823,0.004592,0.078145,-0.005931,0.001534,0.015465,-0.03665,0.019706,-0.04673,-0.061758,-0.023603,0.005189,0.044843,0.067036,-0.089528,0.087344,-0.057488,0.005556,0.055302,-0.005745,-0.0083,0.047206,-0.008126,-0.004427,-0.104247,0.024472,0.129826,0.103017,0.053764,0.063648,-0.017463,0.047808,-0.010322,-0.048466,0.057709,-0.090113,-0.12216,0.103176,0.181218,-0.085393,-0.086041,-0.022467,-0.059001,-0.13883,0.035793,-0.039892,-0.053575,-0.052281,0.07458,-0.008826,-0.046332,0.026436,-0.017727,-0.023348,0.036253,-0.111356,0.02568,0.006796,-0.004487,0.012394,0.003018,-0.043368,0.102929,0.039091,-0.045183,0.022994,-0.142283,0.003852,0.046469,-0.014921,0.029171,-0.046112,-0.021353,-0.039633,-0.086496,-0.078452,0.055747,-0.057683,-0.063453,0.055194,-0.05668,-0.122634,0.075379,0.039833,0.049742,0.052803,0.059739,0.039189,-0.014439,0.124909,-0.182854,-0.041071,0.013264,-0.057382,-0.0289,-0.037473,0.06253,0.140444,-0.119944,-0.101585,0.101914,-0.06851
canon_Other_00461,0.099424,-0.015313,0.004677,-0.031583,-0.051441,-0.009522,0.057709,0.04555,0.043956,0.00208,-0.008019,-0.012521,0.001279,0.122064,0.151183,-0.071797,0.04897,0.010766,-0.066819,-0.020684,0.079995,0.056159,-0.16707,-0.026163,-0.135063,0.100802,-0.00961,0.003665,0.076375,-0.008438,0.007628,-0.024636,-0.004733,0.007825,-0.035979,-0.040177,-0.057593,0.015618,0.024576,0.066162,-0.085123,0.095419,-0.037424,0.03276,0.022859,-0.024594,-0.0125,0.034885,-0.017291,-0.024005,-0.091353,0.016935,0.190344,0.070935,0.081615,0.054927,-0.063085,0.084181,-0.044124,-0.004891,0.057317,-0.048473,-0.118046,0.123038,0.179678,-0.099846,-0.092587,-0.037177,-0.085691,-0.170581,0.030898,-0.072827,-0.07066,-0.04139,0.062474,-0.020774,-0.076655,0.038399,-0.040261,0.01294,0.003671,-0.132458,0.036694,0.029347,-0.004603,-0.017258,0.013857,-0.067636,0.10364,0.016188,-0.071437,0.062953,-0.126475,0.065372,0.077231,0.021562,-0.004335,-0.070619,-0.032295,-0.088231,-0.094537,-0.122578,0.028808,-0.032941,-0.108077,0.044065,-0.02596,-0.075812,0.075476,0.060601,0.04032,0.048156,0.055293,0.066695,-0.064466,0.119945,-0.183707,-0.050691,0.048422,-0.009755,-0.025111,-0.05568,0.028422,0.112019,-0.078143,-0.106178,0.140718,-0.056672
canon_Other_00463,0.080958,-0.033745,0.037412,-0.02391,-0.051095,-0.004529,0.078027,0.063977,0.049143,-0.016665,0.013813,0.026699,0.01926,0.141331,0.097244,-0.056806,0.02292,0.0429,-0.078212,-0.03332,0.101305,0.064404,-0.083861,-0.025847,-0.111844,0.094547,-0.021665,0.005957,0.114656,-0.015833,0.017065,0.022856,-0.010804,0.032125,-0.055673,-0.050077,-0.005633,-0.000533,0.02533,0.090594,-0.093073,0.097653,-0.037136,-0.004763,0.027899,-0.005001,-0.033146,0.034818,-0.02194,0.005105,-0.118501,0.031253,0.133186,0.105671,0.061108,0.053771,-0.060424,0.013109,-0.060722,-0.042098,0.068365,-0.069622,-0.094637,0.135505,0.197486,-0.112439,-0.075886,-0.007072,-0.069437,-0.173809,0.036967,-0.0129,-0.084288,-0.062543,0.082796,0.024246,-0.083971,0.063913,-0.027823,-0.030199,0.010851,-0.119235,0.037577,0.028742,0.007791,-0.002663,0.022609,-0.080663,0.08163,0.030157,-0.058631,0.048844,-0.125181,0.044418,0.076948,-0.034542,0.030504,-0.091961,0.000186,-0.040262,-0.089549,-0.087874,0.04034,-0.056935,-0.118739,0.048052,-0.030885,-0.087957,0.1023,0.071275,0.070452,0.040172,0.075016,0.0703,-0.032335,0.128137,-0.178363,-0.043417,0.044932,-0.029636,-0.010073,-0.040643,0.059563,0.118426,-0.114784,-0.100418,0.1034,-0.066877
canon_Other_00464,0.068561,-0.061446,0.029029,-0.029236,-0.05193,-0.015706,0.067707,0.034176,0.040443,-0.01287,0.018694,0.034569,0.018944,0.109343,0.130697,-0.053784,0.033694,0.050553,-0.059107,-0.006209,0.088226,0.062142,-0.110505,-0.046514,-0.112888,0.095426,-0.051975,0.011807,0.082146,-0.00352,0.01203,0.011626,-0.012271,0.035837,-0.03165,-0.026282,0.016883,-0.028739,0.039678,0.084542,-0.10819,0.104385,-0.018932,0.00251,0.029359,0.002679,-0.013719,0.04901,0.004132,-0.005754,-0.100588,0.019493,0.164287,0.08406,0.081116,0.065464,-0.040263,0.031001,-0.024957,-0.043546,0.08738,-0.074179,-0.107702,0.132697,0.188377,-0.090868,-0.055533,0.010084,-0.035171,-0.171382,0.025909,-0.052088,-0.075877,-0.060563,0.074308,-0.004893,-0.071555,0.036245,-0.017936,-0.018328,0.010268,-0.123049,0.042999,0.075075,0.004014,-0.000178,0.027345,-0.073068,0.127377,0.036841,-0.025586,0.040433,-0.131623,0.07345,0.064946,-0.0082,-0.021706,-0.112716,-0.023147,-0.065157,-0.103579,-0.091601,0.033867,-0.07399,-0.093964,0.062958,-0.041264,-0.083766,0.09851,0.041962,0.059004,0.038139,0.065494,0.074771,-0.054929,0.119686,-0.179613,-0.018205,0.044183,-0.035057,-0.025043,-0.030807,0.034976,0.109543,-0.137159,-0.105787,0.102839,-0.047485
canon_Other_00465,0.063497,-0.011843,0.033578,-0.040342,-0.039249,-0.040037,0.075237,0.050054,0.048461,0.013599,0.023571,-0.015722,0.006594,0.073136,0.104158,-0.05296,0.074478,0.024845,-0.084782,0.014524,0.069179,0.045831,-0.101899,-0.060808,-0.110406,0.062172,-0.035958,-0.023507,0.068478,0.007345,0.00184,0.012274,-0.039027,0.071039,-0.043539,-0.050754,-0.007351,-0.011564,0.031678,0.088249,-0.058313,0.048179,-0.034087,0.012641,0.042524,-0.009236,0.000387,0.033796,-0.016127,-0.01131,-0.102569,0.014092,0.146723,0.0917,0.052454,0.056859,-0.003395,0.0467,-0.041628,-0.040014,0.04777,-0.067319,-0.1012,0.087736,0.187055,-0.104182,-0.060408,-0.03132,-0.05356,-0.147521,0.026268,-0.030616,-0.086428,-0.05837,0.061071,-0.038345,-0.058262,0.029743,-0.022586,0.012549,0.005463,-0.110973,0.029975,0.048682,0.041062,0.004548,0.015405,-0.054165,0.07094,0.058352,-0.062363,0.023863,-0.131311,0.035829,0.058633,0.00363,0.032163,-0.054492,-0.029814,-0.065847,-0.048703,-0.120345,0.014989,-0.080771,-0.063394,0.044249,-0.044299,-0.107643,0.085744,0.052738,0.052522,0.050744,0.068253,0.066526,-0.033791,0.119596,-0.184771,-0.045,0.050091,-0.050288,-0.033931,-0.060072,0.073292,0.115412,-0.102183,-0.096387,0.115349,-0.057559
canon_Other_00466,0.073622,0.16495,-0.059814,-0.142726,0.098488,0.040058,-0.086728,-0.080392,-0.072265,-0.061035,0.248115,0.08434,-0.041784,-0.028944,0.128717,0.006923,-0.046594,0.240638,-0.16733,-0.099087,0.146686,-0.179593,-0.343195,0.093945,-0.245696,0.355611,-0.004499,-0.012477,0.070777,0.13305,-0.078649,-0.061429,-0.033758,-0.079553,-0.00685,-0.004314,-0.08491,0.236136,0.036103,0.132569,-0.148627,0.336312,-0.120271,-0.132851,-0.020549,-0.069347,0.180053,0.100704,-0.109187,-0.143405,-0.094903,-0.001043,0.186162,0.53508,0.234382,-0.094686,0.0651,-0.030275,-0.232423,-0.082484,0.059231,-0.26991,-0.019966,0.277429,0.162063,-0.191959,-0.003622,0.149894,-0.31797,-0.249186,-0.004348,-0.230269,-0.100159,-0.050346,0.178498,-0.017468,0.053656,0.003931,-0.096552,-0.301257,0.143312,-0.35654,-0.007483,0.172056,-0.092269,-0.023813,-0.168074,-0.28581,0.072006,0.00245,-0.313211,0.419792,-0.44882,0.108932,0.292568,-0.369584,-0.00394,-0.210657,0.023663,-0.336187,-0.550577,-0.230513,-0.000808,0.111056,-0.00964,0.229808,0.044503,-0.555995,0.23438,-0.219586,0.043569,0.042228,-0.036938,-0.003193,0.364223,0.139206,-0.275088,-0.227876,0.134252,-0.055602,-0.006837,0.013513,0.209276,0.190151,-0.166377,-0.200421,0.266435,-0.431528
canon_Other_00468,0.074759,-0.029681,0.012077,-0.032002,-0.013621,-0.007449,0.084196,0.020831,0.013018,-0.016454,0.035743,0.014516,0.001546,0.079111,0.118483,-0.053512,0.035396,0.059673,-0.064323,-0.00865,0.077183,0.032722,-0.109396,-0.022523,-0.131286,0.092243,-0.020429,-0.007354,0.080655,-0.038438,0.022315,-0.015622,0.016189,0.037267,-0.031684,-0.049474,-0.038,-0.036502,-0.00083,0.076471,-0.096551,0.085355,-0.059903,0.011417,0.042734,-0.008821,0.002103,0.01915,-0.021153,-0.016719,-0.113937,0.026048,0.176463,0.11213,0.063117,0.054945,-0.016012,0.040065,-0.044461,-0.044933,0.089638,-0.075363,-0.095221,0.135584,0.183541,-0.083002,-0.052481,-0.003571,-0.079418,-0.143639,0.037348,-0.053403,-0.054466,-0.087263,0.084129,0.014613,-0.089893,0.004586,-0.022566,-0.046329,0.02844,-0.140252,0.030573,0.065132,0.027029,-0.014261,-0.007096,-0.083938,0.084201,0.046674,-0.059421,0.063937,-0.125201,0.07531,0.037841,-0.023061,0.032188,-0.073788,-0.025885,-0.072202,-0.071465,-0.106587,0.006993,-0.077387,-0.097259,0.089999,-0.054826,-0.088171,0.098682,0.020986,0.06304,0.040496,0.056996,0.038653,0.011632,0.112254,-0.177486,-0.045556,0.030521,-0.036975,-0.023957,-0.044291,0.070207,0.14045,-0.134097,-0.127528,0.149928,-0.079648
canon_Other_00469,0.04849,-0.038067,0.021264,-0.032029,-0.050858,0.007698,0.0722,0.062565,0.05239,-0.014014,0.016117,0.011974,0.015799,0.109025,0.12278,-0.06649,0.016144,0.027435,-0.088333,0.003732,0.058226,0.041551,-0.103947,-0.02894,-0.116726,0.07626,-0.00549,0.016046,0.099975,-0.023058,0.021109,-0.017279,-0.010483,0.019938,-0.046935,-0.03646,-0.014013,-0.003597,0.004837,0.054547,-0.055844,0.071928,-0.044746,0.024576,0.071037,0.016221,-0.017404,0.033475,-0.013564,-0.014992,-0.108074,0.019582,0.129499,0.094567,0.056954,0.029456,-0.033419,0.065872,-0.026072,-0.051219,0.04729,-0.072042,-0.074441,0.101322,0.181861,-0.086877,-0.100358,-0.018484,-0.068932,-0.1534,0.032844,-0.063297,-0.083058,-0.056883,0.071378,-0.002744,-0.069639,0.035624,-0.027159,-0.020033,0.003549,-0.101352,0.039553,0.034168,0.025681,-0.003833,0.020009,-0.069112,0.098428,0.023248,-0.071445,0.061619,-0.110656,0.065459,0.054953,-0.007005,0.010658,-0.02969,-0.026491,-0.06103,-0.066481,-0.098504,0.007636,-0.079765,-0.08696,0.082581,-0.054841,-0.061564,0.08066,0.049856,0.055294,0.055228,0.079752,0.065298,-0.025188,0.11938,-0.164571,-0.073614,0.040036,-0.053852,-0.017014,-0.053011,0.048819,0.116534,-0.11436,-0.122018,0.12664,-0.06635
canon_Other_00470,0.080502,-0.034389,0.033581,-0.048911,-0.054641,-0.006095,0.066253,0.049856,0.014317,0.007229,-0.01131,0.013205,0.018383,0.123674,0.126024,-0.062712,0.044201,0.046624,-0.09939,-0.005065,0.056184,0.052012,-0.121296,-0.017271,-0.095905,0.074319,-0.010204,-0.000135,0.094018,-0.021036,-0.002832,0.011368,-0.031157,0.023904,-0.044122,-0.053339,0.002548,-0.000658,0.032479,0.067484,-0.071062,0.071866,-0.02109,0.050723,0.041492,-0.009906,-0.031668,0.035224,0.026534,0.001565,-0.113198,0.037762,0.166583,0.104545,0.060058,0.065969,-0.058114,0.060026,-0.029329,-0.019969,0.077576,-0.057803,-0.091074,0.117681,0.173151,-0.101075,-0.118368,-0.034141,-0.070895,-0.200824,0.058703,-0.051398,-0.077576,-0.075668,0.074148,-0.016779,-0.059791,0.036323,0.005189,0.014063,0.023564,-0.123852,0.059072,0.045575,-0.006769,0.031996,0.017329,-0.049603,0.117557,0.047987,-0.051361,0.06101,-0.113625,0.043375,0.065131,0.021906,0.018729,-0.075343,-0.042974,-0.057585,-0.07901,-0.078811,0.010045,-0.045939,-0.104035,0.087342,-0.04091,-0.110135,0.097202,0.058258,0.059781,0.048234,0.059421,0.065608,-0.053293,0.097353,-0.174853,-0.0542,0.04343,-0.039998,-0.027369,-0.045675,0.047803,0.115311,-0.130968,-0.108758,0.106002,-0.056944
canon_Other_00475,0.087084,-0.008445,0.015969,-0.036019,-0.052065,-0.011956,0.070793,0.048617,0.030832,-0.008812,-0.00419,0.007424,-0.008639,0.124229,0.116433,-0.065117,0.051265,0.012534,-0.082251,0.015584,0.075081,0.022332,-0.130214,-0.036926,-0.138046,0.082696,-0.022158,-0.004129,0.074805,-0.01345,-0.001474,0.002578,-0.031724,0.034966,-0.014953,-0.049017,-0.044898,-0.001653,0.018557,0.087607,-0.09456,0.098095,-0.038009,0.034357,0.025014,-0.012247,-0.008818,0.055954,-0.019927,-0.005217,-0.109558,0.023008,0.141282,0.103428,0.072189,0.052772,-0.048477,0.051258,-0.037023,-0.010261,0.062087,-0.072279,-0.09803,0.117673,0.166479,-0.104939,-0.09269,-0.040445,-0.072995,-0.150791,0.030372,-0.061677,-0.077738,-0.075158,0.088636,0.002199,-0.080114,0.028421,-0.038106,-0.008261,0.018476,-0.103574,0.038245,0.039543,-0.000961,-0.014725,0.005417,-0.050978,0.10974,0.028763,-0.053893,0.042157,-0.125708,0.042407,0.062301,-0.002958,0.020679,-0.043649,-0.034523,-0.066552,-0.082571,-0.110115,0.018928,-0.03935,-0.081589,0.058977,-0.017153,-0.099064,0.086368,0.036826,0.042038,0.035486,0.085305,0.034726,-0.036846,0.125361,-0.180247,-0.042299,0.040481,-0.031258,-0.008684,-0.029632,0.066542,0.142606,-0.108971,-0.103916,0.124233,-0.085466
canon_Other_00481,0.074001,-0.036901,0.013339,-0.048732,-0.049323,0.003216,0.087019,0.052565,0.019528,-0.03298,-0.024021,-0.002476,0.000176,0.136627,0.13794,-0.069532,0.04033,0.047309,-0.080063,0.019616,0.069021,0.037223,-0.098203,-0.005123,-0.119163,0.090171,0.010514,-0.00957,0.075864,-0.011746,0.016385,0.005125,-0.023415,0.024084,-0.052682,-0.054215,-0.026005,0.008842,0.034976,0.066472,-0.049508,0.064875,-0.053186,0.021075,0.063648,-0.031382,-0.012452,0.050092,0.002096,-0.004418,-0.102252,-0.000775,0.181965,0.094201,0.040946,0.086874,-0.042359,0.058568,-0.024875,-0.028113,0.030037,-0.043894,-0.080794,0.128678,0.157856,-0.066375,-0.095201,-0.045967,-0.083442,-0.156391,0.034729,-0.050319,-0.052796,-0.044855,0.081612,-0.010083,-0.059499,0.039224,-0.020941,0.016004,0.012379,-0.096594,0.042562,0.027289,0.013604,-0.013656,0.008005,-0.038239,0.112577,0.03227,-0.060525,0.04402,-0.104573,0.057596,0.057628,0.028625,-0.018582,-0.02072,-0.014133,-0.066132,-0.094908,-0.11679,0.017265,-0.040912,-0.097562,0.065349,-0.048953,-0.104415,0.046703,0.056913,0.029091,0.055602,0.05141,0.081429,-0.036812,0.084115,-0.161783,-0.037938,0.049827,-0.028014,-0.043362,-0.053271,0.026791,0.129318,-0.108394,-0.116737,0.123617,-0.042606
canon_Other_00482,0.201358,-0.025869,0.086553,0.138638,0.052134,-0.154792,0.195987,0.054004,0.263514,-0.098033,0.066286,0.009913,-0.003364,0.118911,0.599443,0.025279,0.013193,-0.028665,0.048601,0.241235,0.246408,0.263711,-0.28789,-0.216947,-0.026307,0.304132,-0.148955,0.360349,-0.028624,0.08085,0.05981,-0.074047,-0.048162,-0.103723,0.152662,-0.252507,-0.218418,-0.025689,0.204325,0.193176,-0.304768,0.157521,0.209324,-0.071572,0.24199,0.138566,-0.175763,0.172083,0.175291,-0.037683,-0.133185,0.268583,0.178431,0.04047,-0.012927,0.26288,0.025319,0.262123,0.047462,-0.119573,-0.062056,-0.218159,-0.289783,0.304537,0.428362,-0.061483,-0.2719,0.133375,-0.104193,0.133021,0.013451,-0.11686,-0.18965,-0.18264,0.162001,-0.346747,-0.054491,-0.013816,-0.016012,-0.167336,0.082595,-0.288557,-0.112903,-0.049787,0.033258,-0.11117,0.028662,-0.078016,0.048792,0.252756,0.049302,-0.184637,-0.33229,0.156761,-0.099924,0.101713,-0.08026,-0.061186,-0.193306,-0.194494,-0.35795,-0.331117,0.112071,0.012052,-0.201465,0.100923,-0.188296,-0.302372,-0.117815,-0.121571,0.141472,-0.003333,0.007421,0.08081,0.028826,0.180101,-0.285423,0.071482,0.215215,-0.363941,-0.137719,-0.031607,0.134168,0.192444,-0.067523,-0.364905,0.42381,-0.190507
canon_Other_00484,0.325464,-0.074617,0.157917,0.226957,0.048839,-0.262921,0.305264,0.081786,0.372134,-0.172689,0.052924,-0.056456,-0.050245,0.239243,1.032419,0.038535,0.03927,-0.010798,0.071352,0.408101,0.399995,0.388664,-0.556986,-0.309539,-0.069,0.451602,-0.27496,0.569908,-0.066337,0.126631,0.057523,-0.125679,-0.077849,-0.159459,0.273607,-0.367444,-0.363964,-0.007659,0.3656,0.31534,-0.467918,0.241346,0.408858,-0.066284,0.412871,0.207781,-0.269169,0.306672,0.314496,-0.06234,-0.17636,0.42266,0.353651,0.003661,-0.003814,0.451267,0.008482,0.485222,0.100584,-0.190593,-0.086073,-0.363459,-0.489412,0.517698,0.725837,-0.089919,-0.506379,0.189105,-0.177401,0.161717,0.003652,-0.224292,-0.342834,-0.33183,0.26335,-0.599678,-0.109845,-0.011008,-0.03996,-0.19075,0.155966,-0.456062,-0.162941,-0.092306,0.03018,-0.200633,0.061149,-0.100127,0.126037,0.376656,0.060931,-0.312593,-0.569573,0.272203,-0.156129,0.220781,-0.204207,-0.051867,-0.38036,-0.311475,-0.611483,-0.510836,0.219231,0.0677,-0.346187,0.206146,-0.312369,-0.48831,-0.235373,-0.196691,0.199856,0.031794,0.048886,0.127519,-0.033817,0.256043,-0.481171,0.143868,0.321935,-0.553759,-0.241779,-0.007875,0.167742,0.333045,-0.062675,-0.548205,0.747053,-0.283265
canon_Other_00485,0.086525,-0.025362,0.002547,-0.054639,-0.050935,-0.00762,0.087216,0.052043,0.024127,0.013176,-0.029225,-0.035321,0.001324,0.104351,0.113942,-0.064717,0.081676,0.03374,-0.084123,0.019835,0.048481,0.032147,-0.115513,-0.02568,-0.138826,0.097076,-0.01975,-0.021913,0.070529,-0.016751,0.001531,-0.007088,-0.052931,0.053317,-0.037834,-0.053821,-0.037457,-0.002091,0.027566,0.098215,-0.059703,0.068869,-0.034944,0.020161,0.03458,-0.0333,-0.009296,0.036454,-0.007238,-0.03013,-0.097675,-0.006032,0.176808,0.090707,0.060169,0.071234,-0.029603,0.074698,-0.042111,-0.034678,0.044448,-0.064418,-0.110278,0.119251,0.18152,-0.089729,-0.104877,-0.042436,-0.091193,-0.168755,0.047738,-0.059839,-0.06134,-0.062543,0.067833,-0.017571,-0.079167,-0.002575,-0.010131,0.017311,0.006904,-0.134939,0.027489,0.048531,0.030257,-0.001178,-0.001616,-0.040967,0.107748,0.038858,-0.047509,0.03169,-0.131863,0.068219,0.069693,0.020938,-0.015536,-0.054182,-0.02733,-0.088681,-0.068744,-0.137208,0.025263,-0.035856,-0.064273,0.061076,-0.048175,-0.115242,0.081499,0.047935,0.046016,0.051602,0.081586,0.059097,-0.031895,0.107205,-0.164971,-0.059084,0.046051,-0.040117,-0.013916,-0.051953,0.067067,0.134084,-0.114599,-0.11373,0.128545,-0.066022
canon_Other_00487,0.777035,-0.476,-0.00058,-0.048976,-0.119386,-0.255034,0.533528,0.018566,-0.039499,-0.588589,-0.396472,-0.467034,-0.354421,1.205269,0.886257,-0.287614,0.480196,-0.313599,-0.089884,0.315161,0.538426,-0.065999,-0.761801,-0.212318,-0.657353,0.330469,0.046236,-0.289944,0.651227,-0.100191,0.23827,0.035497,0.133406,0.921364,0.027154,-0.352697,-1.212769,0.002053,-0.316068,1.056794,0.033038,0.205449,-0.117145,0.052477,0.710611,-0.096751,-0.195385,0.324632,-0.285025,-0.138261,-0.756401,-0.353511,0.500804,-0.059265,0.101101,-0.157162,-0.218921,0.31731,-0.547744,-0.620645,-0.058506,-0.598444,-0.567923,0.607062,1.070405,-0.347441,-0.772533,-0.657053,-0.560058,-0.456327,0.061752,-0.33512,-0.742015,-0.375229,0.403759,0.094429,-0.979776,-0.131087,-0.766661,-0.090476,-0.164817,-0.365311,0.320092,-0.099151,0.832337,-0.987524,-0.448209,-0.139299,0.234942,0.359878,-0.418591,-0.289423,-0.532,0.538825,0.438937,0.314827,-0.086293,0.491379,-0.016935,-0.598564,0.293135,-1.176148,-0.376008,-0.637875,-0.262662,-0.216733,-0.501928,-0.223282,0.283521,0.360553,-0.242006,0.550703,1.01366,0.072601,-0.261532,0.914927,-0.499593,-0.535096,-0.082125,-0.056367,0.124064,-0.283869,0.043915,1.098945,-0.199537,-0.060518,1.139643,-0.092535
canon_Other_00488,0.736858,-0.527415,0.00976,-0.011899,-0.056937,-0.30758,0.523144,0.018609,-0.086356,-0.639211,-0.283932,-0.446633,-0.343686,1.151298,0.947522,-0.306045,0.481343,-0.334677,-0.062664,0.347679,0.580966,-0.089178,-0.779068,-0.20046,-0.693544,0.346785,0.026433,-0.339297,0.57964,-0.122848,0.211896,-0.06141,0.157618,0.878166,0.011529,-0.301595,-1.207846,-0.065213,-0.315125,1.021632,0.151771,0.140988,-0.117229,0.131137,0.660438,-0.072882,-0.145829,0.293338,-0.254466,-0.168865,-0.74667,-0.320045,0.442391,-0.064983,0.05379,-0.152777,-0.251927,0.354834,-0.511674,-0.53603,-0.003702,-0.634462,-0.532421,0.595891,1.028284,-0.356904,-0.747878,-0.660581,-0.559062,-0.456707,0.067399,-0.481156,-0.807884,-0.429604,0.435603,0.081075,-0.957288,-0.235232,-0.68237,-0.123535,-0.076732,-0.377639,0.365652,0.007342,0.817693,-0.944913,-0.482353,-0.161818,0.250639,0.319397,-0.529369,-0.141382,-0.520037,0.616086,0.391617,0.3233,-0.129241,0.499994,-0.039706,-0.612559,0.302249,-1.202639,-0.296027,-0.690531,-0.23996,-0.202269,-0.497185,-0.222193,0.279176,0.322794,-0.239825,0.575818,1.076576,-0.005533,-0.220682,0.890681,-0.495406,-0.589049,-0.098278,-0.117128,0.120155,-0.28433,0.038572,1.083584,-0.278864,-0.063191,1.17477,-0.110745
canon_Other_00489,0.817659,-0.538791,-0.022348,0.02529,-0.107409,-0.356867,0.560003,0.0194,-0.101298,-0.620409,-0.304496,-0.498324,-0.37146,1.214495,0.957602,-0.268647,0.451869,-0.311655,-0.057312,0.332384,0.568119,-0.07591,-0.807254,-0.209729,-0.682217,0.322039,-0.00027,-0.351058,0.585531,-0.159213,0.232467,-0.018896,0.18521,0.954703,0.015063,-0.327236,-1.149617,-0.01751,-0.29986,1.06533,0.111132,0.138753,-0.057191,0.134852,0.671531,-0.094444,-0.166405,0.344723,-0.190569,-0.108276,-0.791827,-0.333863,0.526734,-0.073215,0.064186,-0.101646,-0.227227,0.325579,-0.559262,-0.529714,-0.003174,-0.634722,-0.548913,0.609337,1.068904,-0.397361,-0.727728,-0.671695,-0.560051,-0.471103,0.071496,-0.390528,-0.777533,-0.409677,0.401054,0.038954,-1.008853,-0.236623,-0.696706,-0.048909,-0.124972,-0.446694,0.363957,-0.032511,0.831157,-0.946261,-0.445235,-0.155694,0.239153,0.322852,-0.452286,-0.206223,-0.511488,0.660955,0.447455,0.3813,-0.158874,0.503486,-0.027874,-0.601411,0.237715,-1.197244,-0.313673,-0.614603,-0.298503,-0.19839,-0.450915,-0.231311,0.242151,0.347309,-0.268364,0.576437,1.030994,0.078769,-0.240018,0.870111,-0.479843,-0.527936,-0.05034,-0.076587,0.0764,-0.289456,-0.004878,1.043033,-0.204659,-0.054314,1.205511,-0.048976
canon_Other_00493,0.15599,-0.060419,0.205003,-0.149014,-0.239361,-0.125538,0.307523,0.163566,0.1849,-0.103017,0.382895,0.316273,0.140607,0.037218,-0.033166,-0.042342,0.092783,0.440103,0.051696,-0.168738,0.385954,0.166967,-0.006153,-0.364821,-0.123343,0.188978,-0.219411,0.199956,0.252045,0.121875,-0.01211,0.187146,-0.013134,0.050216,0.011756,-0.271753,0.118484,0.019925,0.155588,-0.021385,-0.050294,0.431223,-0.392557,-0.126354,0.234659,0.099926,-0.097129,0.026228,-0.242198,0.116259,-0.008145,0.072775,0.130215,0.269573,0.346382,-0.143763,0.096116,-0.022069,-0.055625,-0.257528,0.077902,-0.240199,-0.258048,0.057609,0.317974,-0.230857,-0.29785,0.249532,-0.124132,-0.235631,-0.07418,-0.109857,-0.000111,-0.27253,-0.013539,0.10553,0.148919,0.155409,-0.208738,-0.140279,-0.074348,-0.089277,-0.108211,0.180931,0.328804,-0.059999,0.217585,-0.48981,0.156906,0.338973,-0.321453,-0.095272,-0.396522,-0.087482,0.121746,-0.147188,0.232064,-0.3444,0.058283,-0.03988,-0.470502,-0.213602,0.199231,-0.275746,-0.155128,-0.003749,-0.355552,-0.143258,0.266976,0.032456,0.091331,-0.04092,-0.144772,0.248983,-0.118408,0.48926,-0.231167,0.123974,0.107754,-0.180728,-0.150084,-0.028911,0.194086,0.09745,-0.376052,-0.356166,-0.096638,-0.291944
canon_Other_00494,0.082479,-0.125506,0.045603,-0.025538,0.058024,-0.215277,0.014306,0.033455,-0.134081,0.03924,0.320204,0.051514,-0.112833,0.070998,0.145573,0.00361,-0.069273,0.014857,-0.143922,0.094689,0.28022,0.143132,-0.278976,-0.1588,-0.173246,0.036392,-0.173239,0.042616,-0.043427,-0.171668,-0.021208,-0.246481,0.017887,0.231166,0.021272,-0.031522,-0.05225,-0.305488,0.201245,0.448093,-0.057726,0.034563,0.032003,0.07744,-0.210907,0.169614,0.052433,0.050651,0.056498,-0.289274,-0.069413,0.005809,0.228067,0.092039,0.346826,0.075924,0.073083,-0.099487,-0.15175,-0.131851,0.359795,-0.359111,-0.167023,0.288806,0.309323,-0.224101,0.165298,0.259558,-0.090957,-0.133353,0.082825,-0.201241,-0.149061,-0.211016,0.081854,-0.162096,-0.192324,-0.236449,0.048261,0.066575,0.066523,-0.310834,0.098199,0.446049,0.08131,0.181252,-0.061091,0.001262,0.148509,0.166261,0.043752,0.050618,-0.256613,0.277427,0.174973,-0.081207,-0.208727,-0.242131,-0.083557,-0.136075,0.037146,-0.23071,0.213256,-0.098103,-0.157953,0.060194,0.063383,-0.265475,0.296125,-0.150155,0.035933,0.039438,0.223768,-0.122334,0.182069,0.161158,-0.258598,0.154443,-0.043852,-0.31977,-0.186981,0.134277,0.133418,0.252512,-0.393139,-0.126171,0.281095,-0.108013
canon_Other_00495,0.053769,-0.037435,0.017507,-0.00797,-0.05627,-0.023228,0.057924,0.014287,0.020203,-0.00419,0.010444,0.040849,0.003828,0.086743,0.081996,-0.04895,0.016096,0.036366,-0.053582,-0.024429,0.080214,0.032755,-0.085703,-0.010625,-0.070002,0.059807,-0.033858,0.013514,0.052022,-0.011155,-0.004771,0.006074,0.007644,0.025823,-0.021712,-0.057546,-0.000702,-0.040464,0.009179,0.073346,-0.077938,0.054489,-0.032141,-0.012079,0.017309,0.022857,0.016615,0.038192,0.021899,0.014959,-0.086235,0.022937,0.122795,0.065717,0.047692,0.049536,-0.020816,0.011755,-0.030991,0.005081,0.075186,-0.08346,-0.07373,0.110629,0.152698,-0.061268,-0.050773,0.000764,-0.024584,-0.128523,0.014336,-0.035853,-0.051149,-0.075058,0.044612,-0.012109,-0.061078,0.031394,-0.026069,-0.030955,0.015249,-0.094013,0.040715,0.036511,0.007029,0.00185,0.014763,-0.046872,0.063483,0.01928,-0.03482,0.018873,-0.088745,0.021136,0.056815,-0.028354,0.036985,-0.059863,-0.016731,-0.045808,-0.07286,-0.051008,0.023721,-0.037477,-0.103544,0.055426,-0.021671,-0.063067,0.081507,0.020113,0.043605,0.022615,0.049866,0.047293,-0.031437,0.091063,-0.159291,-0.022735,0.024966,-0.044951,-0.049402,-0.059349,0.069124,0.119133,-0.101781,-0.073267,0.070638,-0.060052
canon_Other_00496,0.082642,-0.008644,0.011433,-0.045587,-0.045215,-0.009591,0.069471,0.051531,0.02886,-0.000814,-0.022725,0.004424,-0.011461,0.122738,0.136793,-0.07724,0.057261,0.01329,-0.100462,-0.008609,0.057996,0.025424,-0.112276,-0.003242,-0.132703,0.103948,-0.018735,0.030195,0.09487,0.002858,0.009038,-0.006996,-0.035439,0.0334,-0.055606,-0.078119,-0.036266,0.007514,0.044606,0.113834,-0.095335,0.097436,-0.021995,0.022191,0.032984,0.010849,-0.000179,0.041295,-0.007364,-0.039635,-0.121646,-0.012785,0.153337,0.078248,0.072975,0.055775,-0.045522,0.033922,-0.034197,-0.039378,0.076872,-0.047133,-0.110463,0.145611,0.186184,-0.094933,-0.112562,-0.039064,-0.061131,-0.190718,0.04266,-0.044471,-0.07116,-0.048304,0.081984,-0.025991,-0.063117,0.056042,-0.033821,0.026039,0.019293,-0.115025,0.054085,0.033768,-0.010274,-0.001123,-0.006812,-0.05379,0.111667,0.036287,-0.048468,0.028956,-0.122619,0.063757,0.054218,-0.029338,-0.00674,-0.070389,-0.042641,-0.06958,-0.066218,-0.114764,0.02802,-0.028494,-0.103101,0.040029,-0.024337,-0.096752,0.092355,0.052626,0.036376,0.023456,0.080305,0.062074,-0.044177,0.114905,-0.154147,-0.03361,0.040871,-0.031291,-0.030626,-0.04888,0.062038,0.144085,-0.111958,-0.121169,0.125046,-0.094216
canon_Other_00497,0.054079,-0.008135,0.035657,-0.065672,-0.046874,-0.025076,0.064687,0.049321,0.044838,-0.007828,-0.001897,0.006149,0.017453,0.09181,0.104242,-0.061353,0.073745,0.020749,-0.065822,-0.008859,0.044298,0.02214,-0.108038,-0.062989,-0.125734,0.10184,-0.012198,-0.017841,0.073174,-0.011086,-0.001688,-0.001841,-0.039003,0.018035,-0.055116,-0.010004,-0.037402,0.045003,0.035898,0.059418,-0.076375,0.086596,-0.04005,0.031279,0.036964,-0.026454,-0.03176,0.024101,-0.014257,-0.026485,-0.109777,0.021065,0.121678,0.097159,0.067462,0.063839,-0.065338,0.082396,-0.031626,-0.02844,0.043206,-0.049184,-0.124744,0.114331,0.171529,-0.084777,-0.084359,-0.033355,-0.076756,-0.134833,0.02942,-0.074195,-0.06719,-0.056808,0.09083,0.008545,-0.046916,0.027117,-0.012569,0.012179,0.01636,-0.099731,0.014077,0.063441,-0.02364,-0.027253,-0.003791,-0.08192,0.082445,0.040512,-0.087604,0.069958,-0.141149,0.068816,0.060553,0.010114,-0.005434,-0.059604,-0.045219,-0.057547,-0.086526,-0.111614,0.043162,-0.066869,-0.03816,0.053442,-0.029647,-0.119258,0.083193,0.058539,0.033067,0.027256,0.074436,0.044091,-0.035476,0.121028,-0.186625,-0.066523,0.078596,-0.017988,0.028505,-0.023794,0.050287,0.088121,-0.114704,-0.10637,0.125033,-0.07544
canon_Other_00499,0.090933,0.010318,0.084502,0.005424,-0.089234,-0.044191,0.064407,0.085011,-0.001574,-0.025215,-0.028965,-0.011602,-0.013398,0.146068,0.131507,-0.113119,-0.013775,0.048135,-0.097605,-0.021845,0.062129,0.041511,-0.082446,0.00721,-0.114888,0.083662,0.025581,0.110192,0.066694,-0.010735,-0.005699,0.013297,-0.053593,-0.043957,-0.066475,-0.117649,-0.015011,0.036298,0.03607,0.080044,-0.098304,0.078111,-0.00336,0.02643,0.064629,0.090532,0.004066,0.057561,0.05817,0.034693,-0.19031,0.038019,0.177361,0.106487,0.083132,0.084903,-0.087791,0.045952,-0.031085,0.002225,0.09344,-0.076774,-0.081131,0.179692,0.220775,-0.092493,-0.147947,-0.058308,-0.041166,-0.166205,0.020389,-0.039186,-0.087099,-0.120306,0.08054,-0.034799,-0.100032,0.083051,-0.033139,0.013181,0.023584,-0.112131,0.061478,0.005681,-0.012171,-0.02967,0.056142,-0.036168,0.099468,0.008493,-0.055746,-0.002664,-0.117826,0.088502,0.022053,-0.00243,0.011414,-0.099356,-0.042644,-0.005399,-0.147514,-0.051986,0.046683,0.024217,-0.157286,0.087726,-0.016288,-0.124312,0.032145,0.031572,0.051706,-0.004541,0.063515,0.067435,-0.029517,0.110792,-0.144364,-0.019663,0.079131,-0.069728,-0.04263,-0.066086,0.087724,0.153307,-0.095319,-0.131093,0.114309,-0.125253
canon_Other_00502,0.054753,-0.02272,0.022951,-0.036072,-0.040802,0.004424,0.057657,0.037161,0.035096,0.012242,-0.020888,0.014108,0.011679,0.096745,0.132649,-0.053653,0.077411,0.008097,-0.076577,-0.0079,0.057297,0.029066,-0.093123,-0.018826,-0.112326,0.070404,0.002925,0.003889,0.075702,-0.033655,0.009885,0.004862,-0.032171,0.034418,-0.049064,-0.034317,0.016199,-0.009424,0.036477,0.062368,-0.081405,0.050631,-0.021002,0.018992,0.024441,-0.021394,-0.005563,0.026519,0.006277,-0.014542,-0.097807,0.018422,0.163735,0.097325,0.038163,0.071858,-0.047675,0.041816,-0.009787,-0.019974,0.084677,-0.050307,-0.102393,0.130095,0.195502,-0.084659,-0.083985,-0.027489,-0.056687,-0.150598,0.043375,-0.054557,-0.049173,-0.062986,0.072445,-0.033418,-0.08326,0.001579,-0.001562,0.008351,0.004461,-0.118635,0.027755,0.024499,-0.013741,0.005609,-0.004252,-0.049105,0.089849,0.00071,-0.048657,0.024528,-0.093671,0.038009,0.040722,-5.4e-05,0.009753,-0.039698,-0.050383,-0.059655,-0.052057,-0.084725,0.015136,-0.038389,-0.080729,0.075957,-0.052767,-0.081236,0.095467,0.07983,0.035587,0.037373,0.068323,0.065938,-0.025564,0.096812,-0.182216,-0.050954,0.062534,-0.062455,-0.029431,-0.058621,0.0507,0.128886,-0.122696,-0.111646,0.126452,-0.074707
canon_Other_00503,0.064318,-0.036673,0.012674,-0.042522,-0.046837,-0.01616,0.079454,0.052158,0.039265,0.015968,0.018533,0.020121,0.011455,0.101886,0.110562,-0.037663,0.05775,0.031798,-0.071213,-0.008611,0.089235,0.036426,-0.128809,-0.034875,-0.109876,0.062354,-0.018124,-0.028047,0.083049,-0.017014,0.030947,0.011158,-0.011097,0.052952,-0.043591,-0.03193,-0.00908,-0.039369,0.007113,0.078818,-0.059089,0.073594,-0.038074,0.015223,0.033404,-0.018392,-0.022925,0.017696,0.005596,-0.027043,-0.104878,0.025071,0.168325,0.114435,0.065283,0.041887,-0.039983,0.049322,-0.032048,-0.025157,0.068514,-0.075379,-0.102415,0.116253,0.193351,-0.10437,-0.074556,-0.018334,-0.062701,-0.166601,0.044861,-0.057335,-0.07422,-0.042138,0.05357,-0.01979,-0.068164,-0.007155,-0.019144,-0.003617,0.023026,-0.136228,0.034252,0.040386,0.034889,-0.002901,0.007164,-0.069683,0.105601,0.016795,-0.059879,0.034439,-0.102596,0.048571,0.071051,-8.4e-05,0.042602,-0.024822,-0.038324,-0.07234,-0.063536,-0.111774,0.017367,-0.081239,-0.092306,0.075311,-0.048758,-0.064941,0.0981,0.045453,0.046057,0.06137,0.063568,0.073379,-0.02151,0.124055,-0.175911,-0.049966,0.044083,-0.058696,-0.040943,-0.064809,0.049444,0.100885,-0.117087,-0.131718,0.139598,-0.065835
canon_Other_00504,0.053259,-0.035675,0.011669,-0.045121,-0.048703,-0.016936,0.081707,0.049393,0.031786,-0.006545,0.012864,0.020102,0.002501,0.138024,0.148139,-0.057288,0.04493,0.015705,-0.058797,0.018527,0.088252,0.020889,-0.151189,-0.03376,-0.133621,0.067312,-0.034514,0.001086,0.054541,-0.028778,0.023762,-0.017586,0.00329,0.042018,-0.036477,-0.039727,-0.022997,-0.013429,0.046437,0.072809,-0.075286,0.096109,-0.012923,0.028215,0.041269,-0.014961,0.011681,0.060193,-0.001455,-0.019599,-0.099174,0.042021,0.15283,0.092973,0.062451,0.057751,-0.04611,0.055107,-0.024606,-0.027307,0.065579,-0.06541,-0.104451,0.113024,0.194948,-0.08353,-0.08488,-0.018751,-0.059232,-0.163909,0.037651,-0.0788,-0.070291,-0.077213,0.058056,0.001386,-0.091202,-0.018648,-0.014401,-0.001886,0.021997,-0.120461,0.042205,0.025932,0.018304,-0.019651,-0.007375,-0.062664,0.095016,-0.003767,-0.071106,0.048538,-0.131724,0.044936,0.052379,-0.01088,0.006558,-0.038085,-0.045198,-0.083413,-0.111965,-0.09841,0.045581,-0.061828,-0.114565,0.073787,-0.036025,-0.082867,0.090754,0.052518,0.025114,0.059403,0.05622,0.053245,-0.037336,0.109571,-0.185887,-0.048585,0.044932,-0.052526,-0.044155,-0.033229,0.043645,0.133923,-0.129093,-0.126015,0.147705,-0.073139
canon_Other_00507,0.052417,-0.016879,0.019536,-0.061676,-0.048776,-0.032896,0.062577,0.071795,0.030519,0.026314,0.021103,0.006112,0.012916,0.117618,0.104563,-0.057745,0.088775,0.029044,-0.070306,0.000836,0.061309,0.030995,-0.136366,-0.032949,-0.104086,0.082046,-0.040763,-0.010166,0.083559,-0.008527,0.010368,0.043608,-0.055966,0.067415,-0.03082,-0.026486,0.007657,0.013349,0.010607,0.0791,-0.094485,0.076459,-0.030751,0.017737,0.023172,-0.038063,-0.041595,0.024998,0.013849,-0.00448,-0.087151,0.044397,0.162667,0.0961,0.06705,0.068341,-0.030991,0.05944,-0.027802,-0.014961,0.060805,-0.07875,-0.09142,0.122363,0.216122,-0.097137,-0.085916,-0.018643,-0.061107,-0.168565,0.034581,-0.053772,-0.059976,-0.069188,0.062824,-0.037795,-0.054008,0.011305,-0.027325,0.004711,0.001345,-0.114457,0.020615,0.026474,0.006962,-0.005917,0.016598,-0.045174,0.082306,0.026436,-0.043788,0.023743,-0.119167,0.04223,0.089069,0.002225,0.01383,-0.055125,-0.025666,-0.089228,-0.107457,-0.106528,0.02933,-0.042334,-0.05667,0.054943,-0.057091,-0.11733,0.083919,0.053414,0.076063,0.052664,0.064526,0.068328,-0.032328,0.132202,-0.198955,-0.044158,0.08938,-0.021623,-0.013372,-0.057521,0.069895,0.102366,-0.111643,-0.125514,0.116307,-0.07701
canon_Other_00508,0.043918,0.017137,0.014138,-0.044075,-0.009972,-0.049018,0.080714,0.058123,0.036773,0.042998,0.05234,0.013269,0.017469,0.068853,0.090818,-0.045987,0.079126,0.037696,-0.076655,-0.021408,0.039492,0.065153,-0.117288,-0.042214,-0.099967,0.065218,-0.00913,0.015236,0.075353,0.001364,0.015707,0.006233,-0.046029,0.055297,-0.072044,-0.052209,-0.028406,-0.006041,0.009371,0.090016,-0.090606,0.060202,-0.051053,0.005182,0.003448,-0.000455,-0.045885,0.024473,0.001283,-0.048041,-0.101023,0.026366,0.14874,0.102741,0.055529,0.064292,-0.011925,0.010802,-0.030041,-0.018327,0.064906,-0.050214,-0.0937,0.11476,0.177848,-0.107281,-0.055116,-0.010495,-0.082922,-0.111019,0.021245,-0.005235,-0.057894,-0.05099,0.060052,-0.035333,-0.069072,0.033898,-0.0046,-0.021668,0.014454,-0.112341,-0.004018,0.035999,0.011758,0.029533,-0.021838,-0.054503,0.044316,0.077026,-0.033805,0.047146,-0.106965,0.051472,0.057481,-0.013057,0.011953,-0.09112,-0.014039,-0.059159,-0.055277,-0.136078,0.03453,-0.071584,-0.06027,0.029965,-0.052499,-0.134069,0.085015,0.061715,0.085592,0.027242,0.080169,0.074536,0.00773,0.109934,-0.194299,-0.03984,0.070834,-0.042724,-0.024356,-0.039042,0.085357,0.099213,-0.117872,-0.137014,0.126575,-0.088921
canon_Other_00509,0.055816,-0.032944,0.020924,-0.065608,-0.037033,-0.03431,0.056889,0.042182,0.033796,-0.010578,0.015933,0.017964,0.004347,0.138568,0.13095,-0.030594,0.053514,0.029792,-0.064641,0.001807,0.086089,0.032302,-0.156479,-0.043798,-0.119198,0.067105,-0.052136,-0.032238,0.069333,-0.018668,-0.004293,-0.001971,-0.005588,0.043494,0.006531,-0.028469,-0.044724,-0.013589,0.012677,0.088355,-0.09211,0.080973,-0.040234,0.035626,0.033291,-0.036678,-0.01015,0.041883,-0.008677,-0.013164,-0.091821,0.060164,0.148576,0.069901,0.088849,0.039606,-0.027373,0.060388,-0.037502,-0.025436,0.061739,-0.093785,-0.094786,0.110965,0.198299,-0.072636,-0.07328,-0.008198,-0.071174,-0.135866,0.011032,-0.081797,-0.083922,-0.059331,0.061149,-0.010876,-0.087896,-0.001878,-0.022562,-0.006391,0.002538,-0.123529,0.043053,0.053061,0.029676,-0.023631,-0.001317,-0.062868,0.087307,0.025807,-0.078832,0.036371,-0.151206,0.046415,0.093584,0.023511,-0.000929,-0.051537,-0.020954,-0.095433,-0.091191,-0.112078,0.020341,-0.054531,-0.080979,0.068758,-0.047386,-0.10332,0.071648,0.041711,0.059357,0.062481,0.06467,0.049026,-0.037299,0.11302,-0.195142,-0.071976,0.046528,-0.0211,-0.03509,-0.039989,0.059927,0.112204,-0.102643,-0.10715,0.141478,-0.049856
canon_Other_00511,0.308835,-0.048675,0.135875,0.180279,0.031855,-0.20483,0.304476,0.093588,0.413712,-0.176343,0.007557,0.003263,-0.013127,0.176746,0.936364,0.024956,0.040628,-0.077205,0.044009,0.395393,0.343894,0.38461,-0.407016,-0.322641,-0.040389,0.467229,-0.191524,0.506464,-0.078987,0.115612,0.0821,-0.14768,-0.071443,-0.199813,0.163184,-0.361922,-0.332639,-0.049158,0.331277,0.253389,-0.464808,0.211036,0.356571,-0.114453,0.371081,0.242673,-0.222773,0.258622,0.281209,-0.094529,-0.23793,0.345398,0.300495,0.040229,-0.024775,0.411374,0.028912,0.396868,0.10148,-0.221533,-0.062527,-0.320629,-0.474082,0.500484,0.64287,-0.062016,-0.461252,0.185291,-0.134404,0.185266,0.025434,-0.18686,-0.292414,-0.215104,0.226335,-0.548882,-0.079072,-0.0199,-0.003322,-0.241331,0.108545,-0.451174,-0.158556,-0.144437,0.007251,-0.168158,0.024774,-0.103657,0.115151,0.343478,0.084635,-0.307141,-0.516775,0.220523,-0.179633,0.186703,-0.121709,-0.041549,-0.309603,-0.256682,-0.520335,-0.450997,0.166963,0.018134,-0.332271,0.171402,-0.304165,-0.440831,-0.209715,-0.20311,0.203171,0.026122,0.008491,0.138325,0.013012,0.255203,-0.44167,0.090675,0.320007,-0.587827,-0.222104,-0.039339,0.166679,0.286611,-0.106282,-0.540143,0.69497,-0.279546
canon_Other_00515,0.042097,-0.010784,0.027727,-0.04573,-0.012229,-0.048399,0.080238,0.069929,0.014495,-0.012429,0.046327,0.001151,-0.000478,0.115321,0.109064,-0.052899,0.067705,0.036579,-0.074397,-0.011699,0.108005,0.077764,-0.12348,-0.05803,-0.09188,0.07924,-0.017731,0.025775,0.086988,-0.018276,-0.024586,-0.010193,-0.039983,0.075783,-0.050374,-0.030729,-0.035867,-0.012919,0.048365,0.078131,-0.030593,0.063443,-0.0258,0.032839,0.014772,0.00117,-0.020433,0.020561,-0.028075,-0.052252,-0.089098,0.013433,0.144513,0.106249,0.074413,0.044289,-0.029145,0.03187,-0.025,-0.031112,0.080026,-0.085719,-0.089174,0.090249,0.176303,-0.1116,-0.093174,-0.003651,-0.091125,-0.146896,0.025319,-0.056557,-0.077134,-0.075089,0.057843,-0.041098,-0.072433,0.004366,-0.04111,-0.009339,-0.006745,-0.104723,0.017967,0.058896,0.033144,0.003942,-0.003263,-0.061947,0.092117,0.044884,-0.054952,0.022946,-0.122751,0.052813,0.086634,0.011654,-0.01831,-0.067401,-0.050149,-0.078936,-0.091889,-0.116279,0.045879,-0.066709,-0.084948,0.037958,-0.054309,-0.104111,0.095179,0.056676,0.036521,0.017194,0.080618,0.045099,-0.023426,0.112051,-0.165112,-0.032987,0.035639,-0.079254,-0.051079,-0.032979,0.0452,0.109666,-0.112142,-0.121682,0.114425,-0.057405
canon_Other_00516,0.226413,-0.106201,-0.017359,-0.200724,-0.140152,0.065985,0.02899,0.035051,-0.138354,-0.127359,0.007047,0.127579,-0.122986,0.223526,0.173672,-0.146577,-0.087798,0.189287,0.044777,-0.210862,0.027479,0.026496,-0.109018,0.007295,0.028134,0.160695,0.092189,0.156687,0.261132,-0.022084,0.042926,0.023757,-0.005785,0.042952,0.035112,-0.136396,-0.043277,0.128658,0.082089,0.073666,-0.017142,0.193624,-0.207653,0.180484,0.193088,-0.133513,-0.151086,0.009702,-0.004647,0.02589,-0.151101,0.035654,0.180853,0.187129,0.20868,0.008197,-0.146892,-0.025971,0.08696,-0.019371,0.162095,0.028713,-0.05383,0.276842,0.104853,0.047522,-0.238115,0.064719,-0.134958,-0.382775,0.013874,-0.247702,0.051831,-0.165975,0.084515,0.139119,-0.081416,0.089655,-0.041985,0.040253,-0.039181,-0.084883,0.085609,0.128065,-0.035314,-0.063629,0.103376,-0.141264,0.248699,-0.015931,-0.079646,0.006303,-0.085699,0.067543,0.013325,0.090818,-0.052798,-0.005339,-0.024727,-0.08748,-0.192282,-0.007909,-0.054992,0.056454,-0.124039,0.170157,-0.099506,-0.191362,0.035367,0.128593,0.011951,0.030313,0.036146,0.076351,-0.173433,0.168978,-0.121838,0.089911,0.193701,-0.018846,-0.042946,0.080432,-0.073783,0.159498,-0.233255,-0.257678,0.034346,-0.140861
canon_Other_00517,0.19655,-0.080561,0.146424,-0.054579,-0.141223,-0.134121,0.283861,0.067973,0.304775,-0.217489,0.339476,0.232484,0.078341,-0.025193,0.345486,0.036744,0.056845,0.297182,0.154862,0.03304,0.362991,0.226507,-0.169909,-0.359875,-0.063031,0.342184,-0.300132,0.394867,0.059814,0.168728,-6.7e-05,0.046138,-0.007414,-0.090365,0.243075,-0.360584,-0.042802,0.084516,0.269897,0.08954,-0.207549,0.412956,-0.178246,-0.085797,0.305042,0.168903,-0.171824,0.124946,-0.041215,0.081833,-0.000936,0.245167,0.104608,0.123108,0.169507,0.099968,0.076065,0.215175,-0.012115,-0.265389,-0.054769,-0.287289,-0.28788,0.162269,0.333396,-0.074124,-0.381948,0.323994,-0.112879,0.042469,-0.030055,-0.249767,-0.062563,-0.348857,0.052204,-0.114475,0.173419,0.061774,-0.106173,-0.171589,0.016873,-0.182293,-0.241608,0.13523,0.199916,-0.153116,0.141554,-0.448989,0.083536,0.424418,-0.168015,-0.215942,-0.440946,0.001975,-0.011339,0.010251,0.105194,-0.325529,-0.045691,-0.130171,-0.65444,-0.360103,0.250452,-0.105244,-0.201872,0.044587,-0.321895,-0.294819,0.057021,-0.149548,0.086556,-0.073286,-0.212591,0.166279,-0.085208,0.325601,-0.269687,0.187996,0.206662,-0.349805,-0.197978,0.041551,0.18987,0.122785,-0.285906,-0.410658,0.080843,-0.330789
canon_Other_00518,0.331456,-0.120285,0.162897,0.151605,0.001876,-0.218286,0.391137,0.066224,0.535547,-0.24698,0.097196,0.062555,0.051379,0.106397,0.952623,0.050091,0.107387,0.015906,0.136682,0.384563,0.454975,0.435446,-0.395571,-0.415722,-0.039387,0.49883,-0.310038,0.546512,-0.05337,0.161135,0.080939,-0.075194,-0.055152,-0.207724,0.273248,-0.435177,-0.307442,-0.019798,0.371231,0.244582,-0.48833,0.305679,0.295522,-0.150409,0.444648,0.225536,-0.310414,0.270722,0.238277,-0.047863,-0.170165,0.399785,0.250963,0.05228,-0.031535,0.421353,0.085734,0.451312,0.123289,-0.294078,-0.120163,-0.386103,-0.52623,0.449714,0.608896,-0.013526,-0.478061,0.285591,-0.156267,0.24577,0.06612,-0.211376,-0.263085,-0.265302,0.209913,-0.549377,0.024998,-0.014966,0.005723,-0.291469,0.095472,-0.458685,-0.282832,-0.119804,0.071951,-0.182078,0.088097,-0.233088,0.107665,0.507699,0.079758,-0.350826,-0.574295,0.189604,-0.173995,0.212014,-0.015656,-0.123699,-0.285745,-0.24553,-0.637137,-0.52516,0.247362,-0.040598,-0.315264,0.122738,-0.421649,-0.478146,-0.195292,-0.234336,0.2039,0.000591,-0.103004,0.147311,-0.04813,0.322675,-0.434986,0.173587,0.297273,-0.668561,-0.234476,-0.021874,0.223235,0.250856,-0.141916,-0.582655,0.644928,-0.274296
canon_Other_00519,0.8185,0.364507,0.112875,-0.10348,0.061467,-0.314766,0.409876,0.023818,0.292718,-0.286975,0.347101,-0.304455,-0.28201,0.374154,0.626775,-0.393847,0.363061,-0.033494,-0.302429,0.078883,0.722758,0.255969,-0.765756,-0.232051,-0.828726,0.098492,-0.914173,0.296061,0.452234,0.853995,0.444324,0.036038,-0.605845,-0.022294,-0.326092,0.081222,-0.22139,0.61955,0.165236,0.335339,-0.58702,0.859653,-0.616138,-0.028935,0.149126,0.328765,-0.075991,0.472938,-0.286561,0.324161,-0.542622,-0.16599,0.55188,0.235008,0.216092,-0.065857,-0.048081,-0.078381,-0.907052,0.088074,-0.111152,-0.396971,-0.09749,0.279542,0.128996,-0.090134,0.181662,0.238555,-0.423054,-0.987407,-0.306898,-0.222887,-0.115501,-0.339597,0.511495,0.118558,-0.614234,-0.059417,-0.241603,-0.37118,0.642112,0.077193,0.10178,0.395405,0.382947,0.261414,-0.05923,-0.253952,0.373365,0.265102,-0.384326,0.11069,-0.469422,0.75448,0.297443,0.048883,0.379932,-0.630071,0.127267,-0.859253,-0.8909,-0.442255,0.368397,0.052035,-0.416108,-0.463619,-0.113234,-0.629466,0.183397,-0.334621,0.401628,0.230509,0.102698,0.514209,0.086413,0.125564,-1.065166,0.072828,0.378541,-0.226649,-0.199642,-0.536506,0.532969,0.638394,-0.159011,-0.200028,0.292658,-0.198569
canon_Other_00520,0.495096,0.266631,0.05451,-0.060429,0.078803,-0.256373,0.269228,0.031961,0.167459,-0.127674,0.280554,-0.199977,-0.179077,0.239478,0.396348,-0.248505,0.210725,0.005289,-0.165581,0.058211,0.477276,0.198215,-0.514493,-0.150736,-0.504384,0.029274,-0.617087,0.241926,0.265606,0.592672,0.283717,0.030577,-0.399066,-0.013289,-0.179907,0.023524,-0.143318,0.413729,0.134854,0.19116,-0.402467,0.557458,-0.396756,-0.011832,0.061596,0.22907,-0.082001,0.302283,-0.158465,0.20437,-0.337805,-0.035313,0.331674,0.210318,0.153379,-0.027447,-0.051487,-0.040342,-0.58732,0.056197,-0.066056,-0.279452,-0.023296,0.158409,0.091221,-0.066357,0.088138,0.212054,-0.266805,-0.618059,-0.201495,-0.149355,-0.070164,-0.227567,0.327073,0.027655,-0.388238,-0.127494,-0.174736,-0.26533,0.423969,0.033093,0.036658,0.275774,0.261412,0.176051,-0.017287,-0.162121,0.203933,0.193956,-0.258041,0.03033,-0.309678,0.468983,0.188019,0.032992,0.249189,-0.457495,0.098355,-0.547653,-0.623687,-0.274603,0.253277,0.057179,-0.297266,-0.279047,-0.072908,-0.445604,0.06905,-0.284845,0.257072,0.125865,0.031371,0.341835,0.098975,0.068921,-0.667137,0.082834,0.250721,-0.172432,-0.159406,-0.330119,0.366255,0.40297,-0.06502,-0.152054,0.205276,-0.157701
canon_Other_00522,0.193501,-0.023479,0.075843,0.111833,0.052942,-0.094049,0.184811,0.053461,0.292134,-0.10732,0.007695,-0.006322,0.014116,0.095455,0.60352,0.0261,0.04625,-0.055851,0.041669,0.251433,0.210276,0.246133,-0.283006,-0.1994,-0.034882,0.306422,-0.119717,0.307065,-0.047251,0.071708,0.057367,-0.095681,-0.044126,-0.118575,0.118829,-0.213337,-0.223046,-0.036949,0.184455,0.143904,-0.296365,0.133176,0.205343,-0.059398,0.240758,0.127369,-0.15741,0.172972,0.167086,-0.055269,-0.158335,0.223775,0.183925,0.030397,-0.041117,0.281162,0.01243,0.274093,0.07465,-0.135511,-0.071402,-0.191822,-0.304763,0.304459,0.395622,-0.024305,-0.272868,0.11818,-0.098506,0.115975,0.020799,-0.111925,-0.175023,-0.12933,0.149719,-0.351741,-0.045253,-0.022558,0.013921,-0.14372,0.083271,-0.283851,-0.121886,-0.08004,0.00196,-0.111251,-0.000386,-0.071349,0.07522,0.224462,0.040919,-0.183118,-0.31734,0.160535,-0.124164,0.136124,-0.07735,-0.012853,-0.190424,-0.180527,-0.31658,-0.314801,0.112488,0.003113,-0.202205,0.100359,-0.208155,-0.276339,-0.120024,-0.121995,0.137086,0.020733,0.023092,0.099443,0.012985,0.15142,-0.287166,0.048823,0.216149,-0.364515,-0.124961,-0.039437,0.12009,0.172895,-0.067897,-0.332074,0.452651,-0.168496
canon_Other_00529,0.07294,-0.052897,-0.010124,-0.032422,-0.045944,-0.009679,0.051565,0.039347,0.047239,-0.001317,-0.033297,-0.004301,0.013053,0.133628,0.13142,-0.067334,0.067604,0.004014,-0.101858,0.005413,0.090226,0.029866,-0.123742,-0.000756,-0.140155,0.094805,-0.033408,-0.016852,0.08124,-0.006515,-0.008188,-0.00518,-0.018289,0.037239,-0.021027,-0.072436,-0.045913,-0.001894,0.031977,0.10418,-0.099874,0.070838,-0.034321,0.013187,0.032492,-0.034749,0.024494,0.030314,-0.000942,-0.005254,-0.084424,0.001524,0.169224,0.085195,0.061341,0.071003,-0.032055,0.047452,-0.039607,-0.02759,0.066298,-0.074794,-0.092133,0.139819,0.166279,-0.074717,-0.070649,-0.009691,-0.080658,-0.173442,0.047785,-0.067495,-0.095896,-0.058726,0.069591,-0.002654,-0.075843,0.025161,-0.014745,-0.027652,0.02431,-0.117416,0.035578,0.023999,-0.00615,-0.003059,0.014774,-0.053311,0.099466,0.038116,-0.032136,0.045915,-0.151394,0.035664,0.068406,0.006847,0.022878,-0.053828,-0.021383,-0.083421,-0.078088,-0.089211,-0.001126,-0.055918,-0.079364,0.062195,-0.04255,-0.114872,0.08379,0.03419,0.062833,0.066211,0.0633,0.052799,-0.028061,0.115796,-0.197329,-0.059367,0.048483,-0.03476,-0.034146,-0.069356,0.050663,0.14362,-0.087983,-0.098918,0.147715,-0.048071
canon_Other_00530,0.069881,-0.017006,0.026213,-0.03638,-0.046455,-0.005561,0.070329,0.066232,0.044274,-0.001013,-0.01711,-0.003516,0.02464,0.10748,0.094998,-0.07755,0.062853,0.052878,-0.08782,-0.008907,0.085629,0.026416,-0.074086,-0.012761,-0.106367,0.088428,-0.00867,0.006046,0.095907,-0.012182,0.021683,0.040844,-0.050798,0.036428,-0.071382,-0.049519,0.02088,-0.009185,0.033755,0.043325,-0.083041,0.081208,-0.020035,0.017608,0.050112,-0.008716,-0.030798,0.02355,0.011329,-0.005702,-0.105499,0.004537,0.14776,0.095052,0.063052,0.039827,-0.025872,0.027755,-0.00619,-0.024463,0.056719,-0.064573,-0.087167,0.118142,0.178776,-0.100029,-0.093015,-0.03324,-0.067586,-0.169545,0.037396,-0.027817,-0.049209,-0.031905,0.058835,-0.001791,-0.047159,0.033584,-0.020315,0.015662,0.001966,-0.101036,0.028165,0.02071,0.005048,0.00092,0.031445,-0.048376,0.109546,0.008443,-0.032147,0.008741,-0.099846,0.034632,0.063255,-0.002745,0.025557,-0.064201,-0.037486,-0.047698,-0.101763,-0.090799,0.049332,-0.039535,-0.093892,0.040383,-0.062748,-0.078978,0.093063,0.070335,0.041713,0.036537,0.059806,0.094023,-0.048519,0.114246,-0.160719,-0.008885,0.061566,-0.044632,-0.033194,-0.061219,0.040969,0.128399,-0.117104,-0.130164,0.11703,-0.062836
canon_Other_00533,0.110749,-0.006232,0.096534,-0.050251,-0.126234,-0.055325,0.109829,0.049401,0.038563,-0.01885,-0.038111,-0.018322,-0.003964,0.092561,0.068198,-0.097411,0.073654,0.084807,-0.049242,-0.067543,0.134553,0.018551,-0.069557,-0.000465,-0.100404,0.07256,-0.004441,0.008393,0.097416,0.029035,-0.001276,0.034204,-0.042353,0.03806,-0.091895,-0.131344,0.019726,0.02925,0.020556,-0.026716,-0.038879,0.07923,-0.120875,-0.049953,0.091304,-0.015447,0.076101,0.005766,-0.018355,0.074647,-0.127077,0.012198,0.216089,0.203163,0.068977,0.072053,-0.029983,0.085493,-0.004631,0.005895,0.05967,-0.022226,-0.012848,0.134768,0.19528,-0.031288,-0.132743,-0.02368,-0.100379,-0.231944,0.041562,-0.09497,-0.058758,-0.062537,0.029286,0.034319,-0.096561,-0.014525,-0.039673,-0.099596,0.01299,-0.147814,0.011527,-0.014943,-0.02419,-0.057902,0.092206,-0.086273,0.138188,0.016142,-0.140527,0.049843,-0.124125,-0.006999,0.026564,0.031724,0.091718,-0.015052,-0.062453,-0.029574,-0.166941,-0.076938,0.002964,-0.004156,-0.12057,0.077742,-0.114768,-0.098891,0.032801,0.066768,0.085875,0.043438,0.028628,0.103184,-0.066485,0.094592,-0.153951,-0.061334,0.108136,-0.011556,-0.056875,-0.131292,0.056676,0.123378,-0.055838,-0.170777,0.149399,-0.070157
canon_Other_00534,0.053487,-0.051313,-0.015093,-0.042363,-0.060513,-0.022183,0.06084,0.043982,0.024288,0.016347,-0.007508,-0.009256,-0.003957,0.111448,0.136017,-0.068504,0.067172,-0.004655,-0.060866,-0.01342,0.065643,0.010978,-0.141342,0.007044,-0.114739,0.072376,-0.024442,-0.004177,0.077606,-0.021626,0.010188,-0.007367,-0.039609,0.031744,-0.022964,-0.036475,-0.026267,0.00335,0.037379,0.07264,-0.05643,0.05837,-0.037236,0.046189,0.033771,0.007776,-0.020116,0.047463,0.027217,-0.02047,-0.090997,0.01295,0.148206,0.07638,0.063553,0.03682,-0.0366,0.050039,-0.026981,-0.008444,0.067253,-0.066779,-0.086709,0.114915,0.166777,-0.094416,-0.106209,-0.020607,-0.064835,-0.169712,0.051787,-0.083896,-0.066088,-0.084397,0.060722,-0.019179,-0.076588,-0.009629,-0.008718,-0.006359,0.021654,-0.103021,0.031555,0.035904,0.00697,0.016001,0.001187,-0.046413,0.082574,0.006161,-0.04468,0.027116,-0.120375,0.050146,0.051483,-0.006404,0.030467,-0.026896,-0.038159,-0.056103,-0.072459,-0.077502,0.025908,-0.034609,-0.072257,0.045946,-0.049181,-0.092798,0.109281,0.046478,0.031697,0.060059,0.071588,0.033815,-0.043254,0.115703,-0.187447,-0.038373,0.045759,-0.051024,-0.03508,-0.052253,0.040698,0.117122,-0.119339,-0.112717,0.146014,-0.075389
canon_Other_00535,0.062119,-0.024461,0.039468,-0.036752,-0.055327,-0.013951,0.040616,0.079213,0.051859,0.003325,0.032445,0.01724,0.0166,0.121099,0.105299,-0.047923,0.030679,0.013439,-0.072712,-0.017427,0.061151,0.029651,-0.103083,-0.042133,-0.103337,0.085141,-0.025923,-0.000897,0.08374,-0.027308,0.023774,-0.01747,-0.06365,0.012592,-0.034798,-0.027176,-0.022537,-0.016459,0.013954,0.068431,-0.083237,0.088948,-0.02934,0.007744,0.046768,0.035738,-0.025046,0.024836,-0.008128,-0.007023,-0.129222,0.042391,0.136239,0.101716,0.086769,0.029871,-0.033071,0.030017,-0.03219,-0.046361,0.078965,-0.084754,-0.099149,0.121997,0.207703,-0.11758,-0.091311,-0.016786,-0.063806,-0.144419,0.019221,-0.051466,-0.096329,-0.08825,0.067046,-0.024439,-0.07842,0.035293,-0.033884,-0.005594,0.010241,-0.094571,0.056598,0.033666,0.03676,-0.00266,0.015626,-0.067577,0.083785,0.02617,-0.068081,0.022366,-0.136851,0.069482,0.069793,-0.027681,0.028416,-0.048741,-0.029139,-0.050725,-0.087625,-0.089628,0.023968,-0.064419,-0.081796,0.067996,-0.056819,-0.091925,0.085338,0.044111,0.049749,0.050306,0.0935,0.052037,-0.013834,0.157587,-0.184556,-0.053299,0.065819,-0.064935,-0.028703,-0.062686,0.072016,0.121775,-0.134662,-0.133676,0.127111,-0.09019
canon_Other_00539,0.072973,0.008794,0.008821,-0.051262,-0.063034,-0.023515,0.076223,0.055606,0.024313,0.017397,0.008135,0.023539,-0.000512,0.12869,0.103673,-0.043918,0.037439,0.043211,-0.075645,-0.037656,0.086504,0.045044,-0.142064,-0.066461,-0.113765,0.06685,-0.035832,0.017327,0.066509,-0.002004,0.029493,-0.009148,-0.00559,0.022087,-0.045376,-0.050398,-0.052437,-0.016077,0.000758,0.045595,-0.098642,0.098229,-0.053867,-0.000721,0.027163,-0.017358,0.006269,0.039744,-0.03006,-0.003065,-0.131093,0.030364,0.18125,0.140075,0.098311,0.040662,-0.052171,0.063103,-0.040068,-0.005952,0.045435,-0.0664,-0.113843,0.109958,0.173455,-0.073105,-0.074062,0.007973,-0.0972,-0.150524,-0.003447,-0.069804,-0.040531,-0.071425,0.055798,-0.015449,-0.09481,0.006043,-0.057627,-0.022502,0.024706,-0.129604,0.035864,0.03979,-0.000277,-0.039931,0.025556,-0.107144,0.088501,0.027249,-0.083773,0.040275,-0.117122,0.065747,0.05343,-0.013789,0.044912,-0.056734,-0.039778,-0.073214,-0.114908,-0.107794,0.014155,-0.050344,-0.116168,0.091702,-0.043211,-0.082431,0.065103,0.02217,0.049614,0.032315,0.024924,0.081084,-0.01917,0.108922,-0.170757,-0.049273,0.045067,-0.029631,-0.052869,-0.048219,0.067799,0.098591,-0.110176,-0.126582,0.130811,-0.072238
canon_Other_00541,0.063279,0.005221,0.048932,-0.041226,-0.065285,-0.093067,0.073642,0.048729,0.043522,0.015503,-0.006215,-0.00112,-0.002683,0.108393,0.118857,-0.091897,0.088233,-0.007405,-0.046242,0.015763,0.124855,0.018152,-0.128059,-0.030348,-0.121884,0.079048,-0.033232,0.000564,0.07114,0.021553,-0.000459,0.045737,-0.101513,0.074924,-0.013733,-0.036976,-0.034899,0.045987,0.046928,0.106151,-0.09285,0.128648,-0.003414,0.037936,0.012864,0.014576,-0.016082,0.04675,-0.003519,-0.011392,-0.095077,0.026751,0.119812,0.088929,0.078807,0.010255,-0.080435,0.041237,-0.025966,-0.019,0.049831,-0.09677,-0.115616,0.106208,0.192062,-0.097886,-0.081366,-0.037481,-0.071518,-0.161836,0.023882,-0.084478,-0.058235,-0.090761,0.07925,-0.019704,-0.059517,-0.028142,-0.063792,-0.02049,0.00175,-0.102574,0.021696,0.010468,-0.018035,-0.040209,0.024646,-0.058365,0.070554,0.022627,-0.054896,0.005435,-0.144473,0.032808,0.064561,-0.006811,0.00032,-0.070974,-0.013873,-0.051925,-0.125235,-0.111223,0.046928,-0.013803,-0.063862,0.030851,-0.056166,-0.136504,0.080685,0.065359,0.017773,0.054254,0.07429,0.027548,-0.064425,0.144598,-0.17533,-0.041506,0.052785,-0.034001,-0.003335,-0.050752,0.085616,0.152879,-0.102211,-0.134334,0.146587,-0.083374
canon_Other_00542,0.10205,-0.052598,-0.012772,-0.027888,-0.062152,-0.014677,0.077262,0.033246,0.002566,-0.015395,-0.001116,0.01822,4e-06,0.127426,0.121639,-0.085755,0.026505,0.047965,-0.073062,-0.067672,0.101002,0.05974,-0.132242,-0.017128,-0.094253,0.089711,-0.018168,0.00243,0.116166,-0.018009,0.01077,0.000668,0.021825,0.057554,-0.023245,-0.056258,-0.020747,-0.01589,0.023131,0.09092,-0.061563,0.082969,-0.05675,0.015948,0.051964,-0.042165,-0.032329,0.043031,0.003223,-0.027791,-0.08976,0.002228,0.172015,0.127402,0.072804,0.039714,-0.047647,0.01633,-0.04003,-0.031356,0.091125,-0.062424,-0.072281,0.144521,0.16354,-0.081859,-0.068862,0.027312,-0.065617,-0.187095,0.032879,-0.072198,-0.06996,-0.066517,0.079477,0.014778,-0.068469,0.026235,-0.030156,-0.035409,0.002024,-0.127182,0.039646,0.04946,0.019477,-9.7e-05,0.021704,-0.085852,0.102082,0.011514,-0.055364,0.057553,-0.11719,0.043385,0.075407,-0.00759,0.014783,-0.072562,-0.023436,-0.082031,-0.080475,-0.103696,0.009908,-0.063498,-0.096855,0.077296,-0.048513,-0.097838,0.09311,0.065345,0.051459,0.046796,0.049405,0.076526,-0.034065,0.119435,-0.161999,-0.016617,0.039904,-0.04016,-0.040639,-0.019662,0.021755,0.125927,-0.102826,-0.114449,0.123388,-0.066977
canon_Other_00543,0.240333,0.021472,0.042951,-0.06223,0.033365,-0.23024,0.010989,0.033497,-0.155588,0.019669,0.433196,0.091373,-0.221225,0.03415,0.215563,0.110443,-0.171903,-0.079165,-0.130032,0.149202,0.349454,0.057258,-0.550888,-0.363719,-0.347744,0.019911,-0.179223,0.010912,-0.125328,-0.296886,0.148258,-0.334008,-0.085895,0.241505,0.00317,-0.075768,-0.328326,-0.331543,0.089132,0.624851,-0.163808,0.129879,-0.060077,0.230243,-0.217245,0.231791,0.056831,0.109581,0.056553,-0.296937,-0.352606,0.029041,0.307343,0.163276,0.645508,0.043855,0.078612,-0.013282,-0.336321,-0.340566,0.479188,-0.506689,-0.34715,0.48194,0.446771,-0.333242,0.186361,0.296077,-0.128714,-0.054204,-0.018563,-0.217066,-0.171472,-0.314163,0.097248,-0.184616,-0.314361,-0.233949,0.009698,0.060669,0.109445,-0.478396,0.17587,0.616013,0.204735,0.180388,-0.158771,0.034065,0.178253,0.202021,-0.043221,-0.034944,-0.469604,0.491375,0.145212,-0.050691,-0.108724,-0.132619,-0.045273,-0.161111,0.140315,-0.471864,0.259852,-0.089846,-0.223763,0.132482,0.076279,-0.459532,0.39918,-0.315435,0.017435,0.098462,0.329873,-0.269864,0.341219,0.252186,-0.296425,0.135342,-0.076971,-0.371044,-0.095769,0.201633,0.280599,0.318056,-0.614307,-0.222358,0.5824,-0.266465
canon_Other_00544,0.122762,0.045303,-0.125465,-0.163312,-0.141821,0.128663,-0.232793,0.218852,0.108917,-0.040545,-0.092794,-0.077983,0.003739,-0.023887,0.201288,-0.102731,0.093591,0.163679,0.110945,-0.322497,0.097282,0.151409,-0.168329,-0.164682,-0.29338,0.208574,-0.077135,-0.150504,0.138583,0.109257,-0.127413,0.133733,-0.023195,-0.163745,-0.091369,-0.082531,-0.027118,0.038035,0.150945,-0.037105,-0.1137,0.169337,-0.028896,0.119868,0.169173,0.104423,-0.077372,0.04352,-0.060197,-0.022873,-0.175531,0.063485,0.307018,0.274208,0.183108,-0.143679,-0.215589,0.389153,0.040547,-0.128196,0.037567,-0.204675,-0.100987,0.177849,0.164044,0.152529,-0.282919,0.104347,-0.196288,-0.413251,-0.08894,-0.263435,0.02557,-0.091555,0.254249,0.001449,-0.059142,0.096849,-0.158422,-0.202309,-0.01331,-0.337565,0.070709,-0.027743,0.210464,-0.089426,0.162778,0.043244,0.198529,-0.176961,-0.220088,0.021999,-0.177339,0.054681,0.115257,0.163569,0.181969,0.078802,-0.026282,-0.214844,-0.251919,-0.081178,0.146303,0.164857,-0.15282,0.291963,-0.053405,-0.097011,-0.038009,0.019777,-0.056937,0.065606,0.031727,0.008162,-0.121127,0.128534,-0.215787,-0.125167,0.059364,-0.00922,-0.033081,-0.136752,0.167517,0.096804,-0.063578,-0.168596,0.146252,-0.174445
canon_Other_00545,0.107155,0.015363,-0.078072,-0.145799,-0.101952,0.123862,-0.174581,0.155476,0.076739,-0.034534,-0.086871,-0.05523,0.011588,-0.000398,0.188631,-0.11378,0.095845,0.137046,0.088583,-0.235648,0.054645,0.114881,-0.174134,-0.101085,-0.268972,0.174884,-0.046571,-0.132631,0.128174,0.066809,-0.069737,0.135286,0.003892,-0.113937,-0.051991,-0.052041,-0.031172,0.025455,0.081369,-0.027613,-0.09332,0.146249,-0.029245,0.120377,0.167,0.040175,-0.080832,0.03999,-0.043302,-0.027017,-0.170618,0.065928,0.270921,0.250815,0.154835,-0.125687,-0.213451,0.326801,0.046342,-0.119633,0.028633,-0.172988,-0.073534,0.165978,0.132986,0.110479,-0.231271,0.062414,-0.165084,-0.365716,-0.019578,-0.233221,-0.003113,-0.074619,0.238753,0.026992,-0.074605,0.051012,-0.125103,-0.165942,0.005512,-0.30425,0.072606,-0.018789,0.168066,-0.100891,0.106252,0.008176,0.182023,-0.126345,-0.160897,0.071559,-0.144507,0.052429,0.114812,0.163953,0.13348,0.062389,-0.012788,-0.160328,-0.175543,-0.070713,0.094968,0.112093,-0.128244,0.286775,-0.028969,-0.082903,-0.036941,0.0524,-0.047102,0.090438,0.069901,0.005431,-0.102853,0.117534,-0.165254,-0.129424,0.048724,0.01442,-0.00262,-0.099266,0.133492,0.114134,-0.07926,-0.159392,0.148854,-0.124365
canon_Other_00546,0.242599,0.031447,-0.371212,-0.250442,-0.282333,0.289879,-0.599907,0.46088,0.243692,-0.068539,-0.154686,-0.257269,-0.026476,-0.157078,0.238895,-0.157556,0.028581,0.243685,0.243311,-0.715067,0.150397,0.260066,-0.173624,-0.281604,-0.5741,0.409036,-0.165296,-0.358608,0.190911,0.165258,-0.327233,0.255276,-0.052629,-0.410361,-0.255491,-0.124032,0.021316,0.03141,0.336847,-0.024073,-0.184898,0.273893,0.118565,0.193482,0.210797,0.266692,-0.139463,-0.021409,-0.020819,-0.053629,-0.282774,0.040566,0.484417,0.376877,0.291659,-0.286359,-0.403124,0.660824,0.092448,-0.206655,0.108813,-0.337103,-0.202246,0.324039,0.276395,0.294862,-0.379039,0.151635,-0.312741,-0.713656,-0.19946,-0.383972,0.129531,-0.16454,0.460572,-0.061989,-0.114216,0.190103,-0.232503,-0.370489,-0.011095,-0.632347,0.130529,-0.059104,0.373389,-0.051825,0.368694,0.248785,0.29727,-0.507286,-0.347164,-0.058892,-0.172733,0.13965,0.214817,0.179487,0.366491,0.138551,-0.044126,-0.390794,-0.417065,-0.095487,0.321446,0.394044,-0.211144,0.514687,-0.059057,-0.166041,-0.027841,-0.024603,-0.098505,0.072982,0.088563,-0.040155,-0.141868,0.181651,-0.411073,-0.192811,0.065075,-0.056566,0.018507,-0.252888,0.218869,0.087592,-0.050042,-0.177208,0.233187,-0.385223
canon_Other_00547,0.138395,0.033059,-0.117246,-0.153529,-0.12815,0.137328,-0.222885,0.207764,0.103224,-0.038739,-0.12681,-0.085604,0.005521,-0.037843,0.187217,-0.095061,0.092557,0.148406,0.081111,-0.268778,0.077578,0.136479,-0.158714,-0.15575,-0.299457,0.181193,-0.064393,-0.175538,0.12998,0.089413,-0.105849,0.151947,-0.022538,-0.132304,-0.093722,-0.077389,-0.029306,0.039775,0.133312,-0.029752,-0.100002,0.140019,-0.012684,0.12285,0.163582,0.079558,-0.080906,0.032398,-0.055881,-0.050949,-0.178793,0.045634,0.292425,0.272967,0.179498,-0.111569,-0.199771,0.377381,0.03851,-0.132815,0.028695,-0.193566,-0.106862,0.177996,0.149501,0.134979,-0.274711,0.095798,-0.210817,-0.383093,-0.063028,-0.238088,0.015719,-0.08116,0.242303,0.008562,-0.061422,0.06732,-0.132989,-0.170546,-0.002717,-0.330151,0.071662,-0.026935,0.19444,-0.068096,0.124562,0.067592,0.198319,-0.173795,-0.192014,0.014809,-0.149253,0.037229,0.112594,0.179411,0.161383,0.093383,-0.024132,-0.19083,-0.21601,-0.068693,0.137986,0.140647,-0.141682,0.271316,-0.040132,-0.099346,-0.041969,0.009672,-0.063488,0.079306,0.061703,0.004121,-0.108622,0.114639,-0.209154,-0.104641,0.051553,-0.00695,-0.014596,-0.127072,0.159687,0.118289,-0.068448,-0.145767,0.188313,-0.159566
canon_Other_00550,0.006554,0.201835,0.135714,-0.174481,0.058588,-0.196145,0.146395,0.05351,0.117919,-0.091009,0.197922,-0.065946,-0.068458,0.064892,0.020582,-0.086112,-0.019237,-0.004724,-0.193629,-0.124849,0.228072,0.179922,0.000979,-0.082562,-0.103782,0.125716,-0.032988,0.206817,0.122388,-0.049486,0.012102,-0.039531,-0.074841,0.094857,-0.113698,-0.189931,-0.038768,0.014428,0.010831,0.018983,-0.027375,0.310273,-0.093438,-0.005351,-0.048698,-0.016413,0.184969,-0.058675,-0.076097,-0.101125,-0.290691,0.177838,0.219958,0.211857,0.045364,0.088031,-0.095961,0.017344,-0.069472,-0.019702,0.186784,-0.11135,-0.191286,0.086903,0.150316,-0.166965,-0.045056,-0.19461,-0.06415,-0.056311,-0.025624,-0.029434,-0.005389,0.035138,0.068765,0.030836,-0.030224,-0.018995,-0.11386,0.03933,-0.044007,-0.254425,0.033321,-0.02175,-0.061068,-0.117638,-0.174634,-0.16905,0.089544,-0.13798,-0.16306,-0.058815,-0.027246,0.128904,0.143139,-0.022257,-0.189222,-0.03166,-0.118239,-0.134994,-0.255589,-0.238212,0.191189,-0.03116,-0.017953,0.044164,0.05404,-0.253003,0.0462,0.061426,0.076599,0.037226,0.053284,0.175319,0.012703,0.041667,-0.193032,0.001138,0.186721,-0.150065,-0.166611,0.003054,0.019971,0.116548,-0.194324,-0.361666,0.245643,-0.145262
canon_Other_00553,0.420555,-1.199322,0.180775,-0.171329,-0.65509,0.678352,-0.038547,0.374173,-0.207565,0.111884,-1.153861,-0.419165,-0.132557,1.284136,0.742458,-0.32448,0.227703,0.181968,-0.783846,0.279427,0.083198,0.279056,-0.520386,-0.619499,-0.696387,0.283103,-0.208567,-0.107038,0.389999,0.275554,0.285715,-0.092624,-0.133969,-0.059491,-0.346019,-0.24237,0.156573,-0.148675,0.281053,0.52485,-0.42817,-0.137746,0.763232,0.068497,0.602863,0.499627,-0.050073,0.527295,-0.08684,-0.157836,-0.138365,-0.54768,1.300471,0.008654,0.666604,0.501334,0.103198,0.522469,0.05434,-0.279868,0.115296,-0.076087,-1.086378,0.808581,1.256852,-0.668602,-0.60568,0.147716,-0.851843,-0.970331,0.628647,-0.471874,-0.216411,-0.253849,0.573521,-0.03071,-1.182926,0.049281,0.059284,0.376635,-0.155149,-0.153123,0.422272,0.637966,0.273186,0.457826,0.430603,-0.088832,0.714708,-0.203376,0.135213,0.365884,-0.316248,1.064386,0.439905,0.560428,-0.204805,-0.369928,-0.450962,-0.662371,0.058018,0.032775,-0.440992,-0.33588,-0.63479,0.612341,-0.366706,0.359856,0.477368,0.484615,0.247553,0.141245,0.032828,1.012292,-0.246067,0.612957,-1.174719,0.21905,0.518139,-0.021889,0.532714,0.096909,-0.01456,0.546527,-0.167164,0.129638,0.821563,-0.080891
canon_Other_00554,0.079945,-0.029453,0.019181,-0.036993,-0.058311,-0.041237,0.089378,0.045042,0.01864,0.01369,-0.00019,0.017388,0.001499,0.096937,0.096184,-0.060769,0.071289,0.029677,-0.042714,0.00094,0.084345,0.030328,-0.11725,-0.043872,-0.10227,0.064352,-0.045468,-0.005271,0.059361,-0.011179,0.02677,-0.000603,-0.015145,0.080128,-0.04426,-0.053757,-0.01679,-0.009921,0.021592,0.102118,-0.070427,0.068854,-0.025987,0.010324,0.028214,0.009642,-0.0039,0.036267,0.006603,-0.008742,-0.113963,0.025532,0.15047,0.079547,0.055479,0.039662,-0.030431,0.047685,-0.032285,-0.037193,0.075168,-0.075244,-0.094045,0.118836,0.215173,-0.083307,-0.082519,-0.016206,-0.06516,-0.15006,0.032015,-0.050571,-0.065696,-0.08,0.044604,-0.00799,-0.090081,-0.021123,-0.034223,-0.00316,0.020337,-0.119416,0.024931,0.03721,0.019082,-0.002028,-0.005429,-0.044272,0.086666,0.029382,-0.03913,0.023344,-0.121679,0.049165,0.057123,-0.002378,0.041457,-0.033168,-0.019679,-0.067951,-0.064647,-0.080101,0.028544,-0.051105,-0.091584,0.047865,-0.039784,-0.087252,0.091535,0.038373,0.039976,0.039501,0.06267,0.047111,-0.035333,0.133233,-0.16246,-0.058022,0.045231,-0.049413,-0.053631,-0.066886,0.083796,0.138939,-0.112223,-0.09343,0.130178,-0.062798
canon_Other_00555,0.12315,0.034088,-0.083471,0.15394,0.030063,0.000354,0.254486,0.030129,0.123122,-0.144781,-0.257481,0.219226,-0.211334,0.44724,-0.08118,0.126197,-0.001216,0.255119,-0.353791,-0.119179,0.027148,-0.082656,-0.064326,-0.158726,0.081505,0.352496,-0.071463,0.186143,0.149369,-0.017906,-0.064476,-0.079133,-0.241325,0.155888,-0.025147,-0.378026,-0.031249,0.142151,-0.201286,0.107562,-0.033381,-0.026077,-0.142864,-0.153943,0.050068,0.044006,-0.002431,0.148357,0.099077,-0.068246,-0.473341,-0.003296,0.363289,0.39196,0.048205,0.085875,0.09629,-0.13659,-0.040147,0.113903,-0.059839,-0.202186,-0.364994,0.286603,0.120652,-0.173496,-0.217944,0.026178,-0.43111,-0.326165,-0.079482,0.010382,0.005363,-0.204717,0.20673,0.178407,-0.115624,0.225989,-0.193083,0.041375,-0.099721,-0.101545,0.003088,0.196232,-0.383952,0.311533,0.249129,0.117077,0.140702,0.126691,-0.023661,0.078782,-0.079751,0.171816,0.201473,0.057633,-0.206476,-0.062924,0.170906,-0.172712,-0.260632,-0.275088,-0.157297,0.050257,-0.153649,0.103758,-0.241866,-0.311974,0.110875,0.03597,0.157253,0.033647,-0.062503,0.512029,0.061434,-0.084462,-0.260223,0.211464,0.271546,-0.120024,0.046783,0.071944,0.224777,0.252029,-0.222743,-0.192217,0.143281,-0.347152
canon_Other_00556,0.066047,0.025757,-0.086765,0.048384,0.020581,0.01068,0.106777,0.071868,0.085129,-0.066843,-0.121274,0.092634,-0.097797,0.248619,0.035026,0.038334,0.020896,0.103674,-0.201762,-0.114356,0.070145,-0.029802,-0.074434,-0.061456,0.004267,0.194568,-0.031058,0.067213,0.157904,-0.037108,-0.028838,-0.040202,-0.133286,0.099422,-0.046537,-0.138732,0.015982,0.074204,-0.053796,0.082988,-0.069677,0.00672,-0.060323,-0.053615,0.014433,-0.007677,-0.012577,0.069393,0.048476,-0.053909,-0.249786,0.019613,0.247298,0.269643,0.049123,0.05342,0.023336,-0.053513,-0.037944,0.026383,0.02384,-0.106259,-0.20219,0.171195,0.131509,-0.119155,-0.110838,0.021507,-0.214918,-0.245207,-0.004743,-0.023117,-0.019161,-0.106812,0.116763,0.09616,-0.088254,0.127023,-0.087818,0.029962,-0.060157,-0.102458,0.018174,0.07829,-0.195676,0.145961,0.097394,0.033521,0.091916,0.013295,-0.022487,0.056975,-0.08864,0.058261,0.132037,-0.005399,-0.046774,-0.05563,0.034852,-0.100662,-0.134469,-0.172687,-0.079152,0.00532,-0.071747,0.054646,-0.123634,-0.219585,0.127367,0.060205,0.094924,0.054281,0.005734,0.267401,0.034882,0.033009,-0.239339,0.077651,0.152832,-0.090522,0.006794,0.04075,0.10824,0.186957,-0.148105,-0.168825,0.132945,-0.181612
canon_Other_00557,0.089395,0.055283,-0.173994,0.210018,0.058204,-0.025984,0.236027,0.069041,0.153093,-0.190466,-0.271484,0.278747,-0.269931,0.518099,-0.090224,0.183605,-0.035841,0.271619,-0.430512,-0.207051,0.064195,-0.0849,-0.023162,-0.175878,0.128538,0.365152,-0.062679,0.218003,0.230405,-0.087168,-0.035906,-0.100386,-0.311146,0.218774,-0.071321,-0.379596,0.022277,0.215903,-0.21821,0.128876,-0.028267,-0.10183,-0.120829,-0.189531,0.037869,0.044099,-0.039698,0.164941,0.166186,-0.077405,-0.546242,0.006163,0.438257,0.527743,0.024798,0.080309,0.156323,-0.234377,-0.03627,0.144639,-0.083032,-0.261861,-0.42484,0.292415,0.179306,-0.227191,-0.179922,0.034637,-0.504773,-0.36202,-0.068428,0.044832,0.020198,-0.243661,0.208004,0.231866,-0.165058,0.308225,-0.208207,0.046639,-0.141926,-0.09169,-0.011618,0.237911,-0.468416,0.401119,0.275686,0.186274,0.102018,0.086327,0.018543,0.089108,-0.029152,0.147555,0.297332,0.005221,-0.210536,-0.062289,0.196529,-0.223156,-0.269488,-0.339979,-0.232219,0.054595,-0.100616,0.103833,-0.246926,-0.413103,0.155764,0.086987,0.187678,0.0413,-0.048812,0.640586,0.146127,-0.110506,-0.360124,0.264746,0.322625,-0.164134,0.060614,0.136468,0.24742,0.291733,-0.263073,-0.241603,0.170682,-0.380211
canon_Other_00558,0.117728,0.039137,-0.171717,0.165974,0.043522,0.020101,0.229178,0.05604,0.121732,-0.178475,-0.262439,0.231358,-0.242449,0.45323,-0.095014,0.153414,-0.032369,0.241274,-0.368024,-0.19997,0.078458,-0.090439,-0.032345,-0.131661,0.102567,0.353304,-0.073327,0.168541,0.216886,-0.079029,-0.063444,-0.119286,-0.235571,0.188667,-0.039262,-0.343435,0.023117,0.15081,-0.17204,0.125259,-0.021108,-0.074457,-0.138263,-0.147293,0.016245,0.034353,0.04221,0.149249,0.099923,-0.083137,-0.477217,0.003198,0.386511,0.493097,0.063112,0.064839,0.134077,-0.170137,-0.066207,0.107269,-0.041535,-0.197675,-0.367324,0.261321,0.109494,-0.180801,-0.159778,0.06723,-0.424475,-0.371502,-0.050343,-0.020518,0.014446,-0.192598,0.179078,0.228043,-0.130139,0.229145,-0.191862,0.048068,-0.11842,-0.12702,0.006167,0.212527,-0.430122,0.369093,0.216794,0.1109,0.127257,0.060787,-0.012405,0.105717,-0.054838,0.126751,0.248785,-0.005574,-0.151955,-0.04049,0.15596,-0.182383,-0.232481,-0.260358,-0.201367,0.042181,-0.1092,0.073158,-0.228968,-0.329826,0.176625,0.039824,0.161734,0.054837,-0.073456,0.537842,0.095665,-0.071612,-0.302681,0.235304,0.261512,-0.167728,-0.002519,0.12561,0.21155,0.26358,-0.232319,-0.233543,0.152315,-0.347755
canon_Other_00559,0.054123,-0.003816,0.00752,-0.003895,-0.008064,-0.001357,0.038748,0.016028,0.022882,-0.010297,0.010713,-0.000293,0.00031,0.049747,0.077592,-0.029263,0.021781,0.024448,-0.054189,-0.0139,0.042521,0.03433,-0.0486,-0.006746,-0.076874,0.066476,-0.015698,0.009779,0.061738,-0.001115,-0.003336,-0.008216,-0.010085,0.015408,-0.031742,-0.01651,-0.012525,0.014799,0.022036,0.050185,-0.050793,0.048928,0.001188,-0.003511,0.012977,-0.022382,-0.006021,0.01752,-0.005081,-0.01905,-0.046472,-0.011652,0.103687,0.070454,0.035451,0.026486,-0.011032,0.001617,-0.031416,-0.032908,0.037189,-0.037124,-0.055688,0.077854,0.098028,-0.063773,-0.031659,-0.017728,-0.033876,-0.086793,0.024827,-0.01943,-0.049595,-0.012673,0.044274,-0.007031,-0.029252,0.026814,-0.008449,-0.003171,0.00523,-0.079759,0.014569,0.036217,-0.004161,-0.006159,0.011277,-0.035177,0.065065,0.01709,-0.027688,0.032607,-0.069404,0.051379,0.048013,-0.02132,-0.008748,-0.047554,-0.028817,-0.034995,-0.056604,-0.070563,0.000609,-0.026194,-0.045461,0.022404,-0.015219,-0.071902,0.063025,0.023727,0.026983,0.007744,0.035568,0.042413,-0.008704,0.059694,-0.078029,-0.015104,0.037939,-0.02142,-0.023567,-0.012483,0.005287,0.068633,-0.060383,-0.076133,0.056572,-0.044701
canon_Other_00561,0.035552,-0.054107,0.003739,-0.040856,-0.060295,-0.018087,0.046174,0.041117,0.021188,0.001371,0.009634,-0.00073,0.003379,0.115618,0.130998,-0.082158,0.053142,0.017155,-0.11379,-0.021181,0.0586,0.043839,-0.140801,-0.02091,-0.106498,0.080414,0.006769,0.044138,0.070106,-0.00448,-0.029062,-0.035742,-0.022125,-0.018502,-0.042993,-0.066401,-0.055022,-0.015321,0.022139,0.072276,-0.056201,0.052476,-0.049905,0.035793,0.015819,0.033566,-0.000159,0.038307,0.000192,-0.057212,-0.142171,0.012927,0.140151,0.085384,0.072175,0.032966,-0.063849,0.071596,-0.024658,-0.006998,0.069876,-0.090672,-0.089618,0.148838,0.193887,-0.093877,-0.113304,-0.025201,-0.073931,-0.177751,0.021376,-0.09796,-0.112946,-0.085404,0.069823,-0.038987,-0.0762,0.020485,-0.020815,-0.00856,0.012533,-0.10791,0.060474,0.03911,0.011668,0.028304,-0.008751,-0.071914,0.085049,0.05167,-0.082798,0.071602,-0.129149,0.061273,0.035996,-0.004847,-0.004364,-0.045004,-0.048124,-0.052395,-0.054116,-0.108266,0.021984,-0.060481,-0.082362,0.067553,-0.050264,-0.089618,0.073012,0.052053,0.066998,0.063906,0.084955,0.054172,-0.022926,0.115199,-0.185305,-0.079834,0.00796,-0.047939,-0.039391,-0.064067,0.046032,0.131128,-0.100769,-0.097356,0.163443,-0.110975
canon_Other_00562,0.029196,-0.051701,0.00783,-0.034488,-0.034473,0.010347,0.032925,0.057917,0.010688,-0.017083,0.01003,0.013941,0.002283,0.135884,0.14091,-0.05922,0.032551,0.024685,-0.123908,0.00475,0.058972,0.057297,-0.193304,-0.042858,-0.102794,0.077814,-0.020615,0.074121,0.067877,0.002959,-0.045016,-0.080442,-0.02462,-0.047136,-0.043135,-0.056042,-0.092463,-0.020435,0.004654,0.096534,-0.030353,0.071108,-0.041169,0.035141,0.002364,0.05297,0.010472,0.029556,-0.040633,-0.092662,-0.138784,0.028276,0.152631,0.059811,0.083262,0.011858,-0.082572,0.102608,-0.0313,-0.002234,0.073674,-0.09732,-0.114696,0.150955,0.185543,-0.086792,-0.127286,-0.035438,-0.107979,-0.171787,-0.000104,-0.147436,-0.148253,-0.088835,0.077955,-0.053512,-0.079244,0.009607,-0.044882,0.005376,0.025564,-0.094996,0.072353,0.065483,0.027981,0.040676,-0.022721,-0.071367,0.089237,0.069242,-0.126396,0.096309,-0.136471,0.097962,0.05634,0.006132,-0.028069,-0.033905,-0.047443,-0.105389,-0.056352,-0.134769,0.022954,-0.0756,-0.126981,0.07307,-0.028936,-0.040663,0.045937,0.031036,0.071402,0.055805,0.091464,0.04402,-0.025106,0.095281,-0.159574,-0.100402,-0.012373,-0.058201,-0.042946,-0.083682,0.036002,0.119991,-0.120239,-0.071098,0.159974,-0.122681
canon_Other_00563,0.10261,-0.07162,0.069354,-0.093548,-0.037678,-0.09345,0.261834,0.137956,0.102509,0.126802,0.280444,0.284938,0.070838,0.205679,-0.107156,0.021479,0.047395,0.539726,0.07896,-0.270546,0.415996,0.206857,-0.088906,-0.2962,-0.10618,0.319345,-0.267181,0.33117,0.336381,0.147704,-0.083094,0.093414,0.095685,-0.065723,0.267571,-0.165956,0.121706,-0.068433,0.151702,0.015244,-0.302715,0.285217,-0.513207,-0.136272,0.133786,-0.169022,-0.018363,-0.069626,-0.382722,0.102252,-0.021371,0.147297,0.347883,0.387786,0.323976,-0.11126,0.028101,0.132974,-0.146438,-0.134279,0.049489,-0.176381,-0.027506,0.088638,0.263906,0.017223,-0.221141,0.367511,-0.043877,-0.284156,0.011583,-0.175761,0.141367,-0.110869,0.088303,0.153485,-0.139556,-0.033773,-0.171826,-0.15909,-0.052012,-0.250608,-0.017176,0.060007,0.144125,-0.281892,0.19842,-0.533214,0.201304,0.216605,-0.134088,-0.008167,-0.410066,-0.172992,-0.027974,-0.213985,0.240365,-0.378153,-0.042053,-0.064026,-0.457819,-0.25179,0.071239,-0.232099,-0.199511,0.07158,-0.255963,-0.325133,0.200445,0.072197,0.271977,-0.072368,-0.134297,0.183992,0.002638,0.466471,-0.211083,0.127658,0.223264,-0.093982,-0.148077,0.04312,0.218613,0.196985,-0.343865,-0.366625,-0.156497,-0.135144
canon_Other_00565,0.054615,0.017026,0.004216,-0.048491,-3e-05,-0.010316,0.038495,0.034627,0.017121,-0.00087,0.05139,0.021711,0.001565,0.033575,0.108181,-0.048932,0.041672,0.050582,-0.087929,-0.039499,0.078172,0.033014,-0.108603,-0.00467,-0.097346,0.105095,-0.01431,0.021766,0.083254,0.00457,-0.018733,-0.02188,-0.030275,0.017201,-0.044322,-0.029081,0.00227,0.036053,0.052493,0.079774,-0.080782,0.10135,-0.037379,0.004984,-0.00839,-0.015665,0.012275,0.020959,-0.022033,-0.044456,-0.073822,0.014947,0.112631,0.159396,0.068497,0.035112,-0.031085,0.014015,-0.059605,-0.025648,0.078219,-0.067227,-0.058802,0.118678,0.140893,-0.102084,-0.047131,0.030046,-0.079239,-0.152601,0.048246,-0.063993,-0.066749,-0.04653,0.080902,-0.022067,-0.025648,0.017969,-0.007993,-0.038706,0.040279,-0.127321,0.001336,0.052642,-0.018839,0.020567,-0.023542,-0.075525,0.069787,0.021045,-0.066575,0.099137,-0.139939,0.044692,0.082955,-0.062226,0.012726,-0.091251,-0.041771,-0.079659,-0.122059,-0.090523,0.030041,-0.019647,-0.049455,0.06019,-0.001197,-0.161943,0.106046,0.020909,0.040595,0.027843,0.050247,0.044277,0.031817,0.081336,-0.164263,-0.046078,0.067328,-0.063644,-0.036989,-0.026434,0.051795,0.114867,-0.116499,-0.120173,0.098311,-0.110346
canon_Other_00568,0.405542,-0.295346,0.094339,-0.2558,-0.339541,-0.049497,0.399936,0.296909,0.28326,0.064311,-0.0842,0.009403,0.064404,0.708308,0.82773,-0.40449,0.437189,0.030033,-0.521415,0.012171,0.35235,0.163557,-0.751161,-0.146426,-0.676088,0.492572,-0.101685,-0.1018,0.562133,-0.206641,0.006867,0.063445,-0.152194,0.310846,-0.254174,-0.168826,-0.030588,-0.113694,0.137508,0.472378,-0.55353,0.438537,-0.118351,0.16755,0.245975,-0.075129,-0.089115,0.264081,0.033962,-0.0784,-0.666155,0.096448,1.012377,0.517421,0.381045,0.407941,-0.26479,0.261213,-0.153455,-0.15669,0.423076,-0.386529,-0.614094,0.733075,1.146623,-0.589647,-0.469871,-0.147371,-0.318868,-1.045859,0.262681,-0.236974,-0.461373,-0.3505,0.406295,-0.112682,-0.517382,0.105947,-0.11169,0.032102,-0.009746,-0.757973,0.271547,0.141202,0.011687,-0.053666,0.053737,-0.303744,0.636831,0.113614,-0.233031,0.206324,-0.754062,0.347235,0.415328,0.049343,0.059754,-0.337577,-0.258764,-0.327085,-0.373504,-0.580474,0.131018,-0.363004,-0.498545,0.422992,-0.280472,-0.588007,0.60377,0.401264,0.244351,0.284331,0.504372,0.42696,-0.264121,0.731854,-1.189717,-0.317494,0.359235,-0.199365,-0.126223,-0.302455,0.257458,0.777816,-0.632878,-0.679874,0.78818,-0.396775
canon_Other_00569,0.396296,-0.293185,0.088975,-0.263064,-0.325095,-0.045198,0.395703,0.283911,0.272735,0.055819,-0.115104,-0.012541,0.042458,0.710468,0.830381,-0.404041,0.441109,0.003683,-0.513603,0.041459,0.335775,0.128372,-0.766246,-0.130662,-0.689527,0.489633,-0.10956,-0.108123,0.543656,-0.21428,0.008137,0.052139,-0.141711,0.323273,-0.234623,-0.175104,-0.054228,-0.110879,0.127798,0.490673,-0.559817,0.425281,-0.112116,0.175156,0.245264,-0.093189,-0.070553,0.274452,0.0572,-0.079631,-0.66706,0.086796,1.009075,0.512658,0.361472,0.412314,-0.276047,0.274191,-0.157834,-0.136676,0.416913,-0.366659,-0.605698,0.734607,1.135543,-0.571223,-0.476422,-0.158999,-0.311522,-1.055866,0.278643,-0.23978,-0.460275,-0.361106,0.411209,-0.125983,-0.543247,0.079783,-0.102552,0.043123,0.000283,-0.759348,0.26635,0.133293,-0.008037,-0.04552,0.039178,-0.272886,0.6286,0.096114,-0.214469,0.200082,-0.753315,0.361601,0.397271,0.071488,0.035936,-0.300812,-0.270483,-0.323672,-0.354029,-0.585813,0.140661,-0.334776,-0.492803,0.437513,-0.264476,-0.602983,0.60141,0.397748,0.218117,0.28995,0.515698,0.421336,-0.265467,0.714808,-1.172713,-0.325287,0.357818,-0.182733,-0.130305,-0.3119,0.247688,0.786233,-0.613433,-0.655788,0.803299,-0.394473
canon_Other_00570,0.061715,-0.000114,0.010622,-0.052553,-0.006435,-0.00077,0.04702,0.057498,0.021365,0.017184,-0.014689,-0.008852,-0.014775,0.085073,0.125768,-0.059479,0.055064,0.011918,-0.08737,-0.023162,0.038091,0.044757,-0.133388,-0.029798,-0.090561,0.080234,0.026084,-0.003157,0.08455,-0.024269,0.019282,-0.019592,-0.035913,0.040968,-0.059802,-0.038047,-0.051816,-0.013353,0.006407,0.083632,-0.069811,0.033859,-0.045372,0.050933,0.028804,-0.020162,-0.050739,0.018407,0.014158,-0.047375,-0.106438,0.007445,0.13374,0.087588,0.056804,0.069395,-0.035438,0.052483,-0.025028,-0.027248,0.080714,-0.05662,-0.083283,0.133666,0.159763,-0.104093,-0.088141,-0.022901,-0.088565,-0.145538,0.049399,-0.046752,-0.076845,-0.063355,0.074086,-0.018015,-0.081678,0.008169,-0.016273,-0.007937,0.000673,-0.111857,0.044356,0.055285,0.00318,0.016269,-0.027259,-0.028949,0.079042,0.058304,-0.058554,0.042755,-0.113522,0.079358,0.042241,0.013114,-0.005495,-0.037113,-0.034371,-0.069241,-0.01649,-0.125434,0.017033,-0.041269,-0.053115,0.058827,-0.033679,-0.127607,0.074777,0.045819,0.054854,0.041814,0.105429,0.04401,0.009601,0.11586,-0.167006,-0.049493,0.038344,-0.035195,0.011791,-0.020536,0.061207,0.129648,-0.113185,-0.113213,0.150029,-0.079492
canon_Other_00571,0.078794,-0.022208,0.041412,-0.044365,-0.09086,-0.020228,0.063357,0.074393,0.02979,0.007164,0.009097,0.037503,0.002348,0.106686,0.118186,-0.066716,0.048814,0.040624,-0.066901,-0.023639,0.082914,0.04498,-0.106164,-0.054366,-0.110988,0.08374,-0.021324,0.026028,0.077108,0.007029,0.009254,0.013682,-0.037649,0.000839,-0.048771,-0.060634,-0.013003,0.00578,0.008685,0.042106,-0.067544,0.0876,-0.045083,0.017724,0.052885,0.018671,-0.008794,0.027334,0.00457,0.010631,-0.091905,0.028802,0.135101,0.099082,0.087518,0.024301,-0.054052,0.059157,-0.022295,-0.026289,0.062676,-0.079553,-0.101356,0.12985,0.194084,-0.104033,-0.120147,-0.016598,-0.061074,-0.165857,0.022683,-0.050682,-0.054987,-0.079135,0.063134,-0.023355,-0.078784,0.02356,-0.033554,-0.016173,0.010247,-0.101031,0.05184,0.044628,0.006622,-0.001368,0.040112,-0.071509,0.107238,0.035774,-0.088213,0.044796,-0.119593,0.055387,0.033909,-0.002379,0.04675,-0.060376,-0.026126,-0.057139,-0.108809,-0.069715,0.019853,-0.058568,-0.106638,0.079698,-0.039294,-0.066808,0.089351,0.060433,0.06763,0.031426,0.05502,0.082338,-0.054637,0.130396,-0.166445,-0.057426,0.06328,-0.045605,-0.018942,-0.062636,0.075561,0.1149,-0.128994,-0.123201,0.094947,-0.100797
canon_Other_00573,0.077258,-0.015696,0.002609,0.006146,-0.033704,-0.012484,0.058906,0.061855,0.036737,0.00226,-0.009188,-0.031674,0.007324,0.11191,0.09764,-0.050058,0.061315,0.030007,-0.065945,0.001711,0.073283,0.03423,-0.11168,-0.035983,-0.131614,0.067849,-0.043078,-0.00605,0.066575,-0.013454,-0.000782,0.013267,0.003742,0.062049,-0.032944,-0.055496,-0.01192,-0.028602,0.021725,0.104373,-0.090593,0.061941,-0.016324,0.008036,0.027261,0.002292,-0.036501,0.021247,0.024566,-0.031065,-0.092806,0.002871,0.15874,0.066826,0.05238,0.064697,-0.039426,0.06048,-0.056621,-0.032554,0.077909,-0.088008,-0.114064,0.118925,0.182261,-0.095726,-0.062269,-0.044195,-0.066789,-0.129892,0.018279,-0.038532,-0.087515,-0.045327,0.084249,-0.028182,-0.056622,0.002627,-0.015416,0.020374,0.002623,-0.136221,0.033762,0.042726,0.034802,-0.013601,0.012862,-0.01862,0.094756,0.02103,-0.043123,0.011999,-0.106812,0.056012,0.073523,0.005163,0.020088,-0.06451,-0.022273,-0.054286,-0.052432,-0.125854,0.046755,-0.057367,-0.088144,0.046528,-0.015967,-0.083124,0.078163,0.037009,0.028822,0.051078,0.082666,0.047949,-0.014636,0.11675,-0.15721,-0.023601,0.020135,-0.045555,-0.041125,-0.054893,0.064767,0.125245,-0.08959,-0.085847,0.141329,-0.082305
canon_Other_00574,0.075146,-0.023905,0.004552,-0.034141,-0.064315,-0.011121,0.06084,0.053911,0.020625,0.019182,-0.028375,-0.003498,0.009781,0.115797,0.129141,-0.067156,0.052747,0.007889,-0.070119,0.004587,0.06769,0.012748,-0.130862,-0.006055,-0.12104,0.049674,-0.033175,-0.014175,0.082507,-0.004691,0.00162,0.017924,-0.040973,0.049735,-0.061202,-0.045665,-0.010702,-0.02471,0.025302,0.08113,-0.07764,0.069403,0.001838,0.016324,0.020806,0.011541,-0.019012,0.043672,0.020721,-0.024152,-0.092929,0.001709,0.145994,0.088623,0.075838,0.020786,-0.043479,0.02536,-0.03586,-0.049525,0.083679,-0.077976,-0.115835,0.136979,0.191793,-0.124035,-0.090531,-0.006884,-0.045089,-0.182638,0.041649,-0.040748,-0.084579,-0.064491,0.070675,-0.018645,-0.097047,-2.7e-05,-0.02789,-0.019216,0.016847,-0.101719,0.046861,0.020908,0.028257,0.003764,-0.00393,-0.029781,0.100516,-0.000956,-0.047306,0.018778,-0.117217,0.04686,0.067855,-0.010129,0.048218,-0.040728,-0.054869,-0.058782,-0.048478,-0.084106,0.029237,-0.057993,-0.100803,0.071532,-0.043929,-0.086161,0.11308,0.039782,0.048189,0.052224,0.086638,0.054453,-0.031398,0.133933,-0.183883,-0.042285,0.02007,-0.041663,-0.027682,-0.046603,0.049135,0.152882,-0.094461,-0.09904,0.131095,-0.077287
canon_Other_00575,0.075443,0.227333,-0.00661,-0.169683,0.019018,-0.005571,0.07424,0.105268,0.034893,-0.022724,-0.024811,0.234594,0.068868,0.205013,0.052032,-0.089058,0.093808,0.169814,-0.178302,-0.298052,0.124011,0.071014,-0.169348,-0.110553,-0.064504,0.059346,-0.063033,0.117525,0.202942,-0.017475,0.058893,0.012512,-0.139516,0.060354,-0.198691,-0.056955,-0.151543,0.117509,0.053833,0.031825,-0.137745,0.11024,-0.169418,0.053425,-0.128528,-0.091332,-0.101878,0.023097,-0.039082,-0.053657,-0.181397,0.208622,0.18095,0.220356,0.108058,0.051592,-0.137464,0.193991,-0.099284,0.134669,0.05224,-0.080667,-0.067794,0.066366,0.165138,-0.097592,-0.230943,0.112458,-0.169117,-0.238913,0.005824,-0.132959,-0.000636,-0.157936,0.175844,0.153972,-0.064947,0.028318,-0.11384,-0.014266,-0.049394,0.037965,-0.050801,0.065785,0.040037,0.119646,0.008337,-0.186073,0.003059,0.101783,-0.259695,0.142034,-0.02167,-0.057699,0.143553,-0.071765,0.108812,-0.205294,0.02478,-0.142887,-0.170402,-0.161152,0.031333,0.025352,-0.237466,0.052418,-0.021665,-0.053138,0.083931,0.109375,0.115639,-0.115666,-0.012629,0.142684,-0.111532,0.109217,-0.155679,-0.056511,0.148527,-0.094395,-0.072633,-0.012837,0.157768,0.087899,-0.117845,-0.199572,-0.014839,-0.056543
canon_Other_00577,0.078291,-0.027942,0.034404,-0.036242,-0.048545,-0.03278,0.059838,0.054913,0.018747,-0.017601,0.015961,0.009556,0.003989,0.100436,0.125718,-0.052325,0.037759,0.013294,-0.055084,-0.044287,0.069327,0.040162,-0.095997,-0.036329,-0.09805,0.08306,0.005823,-0.007604,0.087189,-0.046752,0.036555,-0.002024,-0.03702,0.064648,-0.05189,-0.035319,0.014846,0.007443,0.024401,0.085371,-0.083155,0.069721,-0.020676,0.041327,0.040197,0.000331,-0.02879,0.018175,1.6e-05,-0.007295,-0.127416,0.021412,0.143738,0.133259,0.07627,0.039291,-0.070989,0.02739,-0.034652,-0.020317,0.100831,-0.084021,-0.083461,0.138171,0.195583,-0.10997,-0.073018,-0.032201,-0.073181,-0.173948,0.048428,-0.07183,-0.065882,-0.068082,0.071985,-0.021255,-0.098453,-0.003881,-0.010966,0.000946,0.007774,-0.13692,0.046037,0.035839,0.003862,-0.012519,0.005673,-0.06119,0.099886,-0.013628,-0.059489,0.030137,-0.092117,0.059788,0.071875,-0.017509,0.025491,-0.054766,-0.049222,-0.069085,-0.069263,-0.102927,0.008955,-0.051281,-0.086555,0.069374,-0.04524,-0.089982,0.101782,0.052994,0.031993,0.040085,0.083243,0.055521,-0.027056,0.123449,-0.167532,-0.030676,0.089874,-0.050342,-0.027646,-0.045655,0.035937,0.131506,-0.125602,-0.140856,0.153157,-0.091441
canon_Other_00578,0.102982,-0.014504,0.017663,-0.064482,-0.056262,-0.013757,0.049203,0.057746,0.039046,-0.008281,-0.023549,-0.014772,0.008495,0.071028,0.079267,-0.049427,0.054517,0.066773,-0.052567,-0.036838,0.064769,-0.00917,-0.126305,-0.037606,-0.104753,0.071233,0.001633,-0.029218,0.107656,0.002483,0.011946,0.018052,-0.036095,0.02686,-0.040487,-0.044596,-0.027198,0.014003,0.009745,0.045895,-0.085962,0.070341,-0.053698,0.014281,0.074466,-0.038488,-0.009926,0.000297,-0.030409,-0.037847,-0.124056,-0.009961,0.18445,0.117505,0.111182,0.046226,-0.038072,0.070137,-0.033235,-0.052303,0.084504,-0.066516,-0.089766,0.12595,0.15327,-0.06768,-0.093024,-0.004448,-0.092766,-0.181574,0.005564,-0.049613,-0.044578,-0.028367,0.065806,0.00489,-0.050527,0.019487,-0.033547,-0.027165,-0.006637,-0.131611,0.053324,0.020609,0.014273,-0.000843,0.012072,-0.066577,0.103035,0.006057,-0.086782,0.032787,-0.131399,0.047782,0.047164,0.001574,0.028892,-0.021679,-0.033819,-0.038486,-0.06996,-0.107164,0.021248,-0.042137,-0.079185,0.072076,-0.061083,-0.101478,0.070756,0.019465,0.047881,0.051421,0.056043,0.061763,-0.008189,0.100037,-0.149761,-0.040292,0.033411,-0.000582,-0.010583,-0.052764,0.052461,0.119609,-0.079158,-0.095129,0.161392,-0.086279
canon_Other_00580,0.055309,-0.029681,0.012156,-0.045451,-0.038958,-0.025165,0.051415,0.055796,0.021133,0.050034,0.011208,0.011928,0.013363,0.130021,0.156802,-0.054956,0.047859,0.029475,-0.083322,-0.063007,0.049786,0.078035,-0.15143,0.003548,-0.099654,0.077829,-0.038045,-0.015869,0.036139,0.003176,-0.030154,-0.036091,0.027805,0.015715,-0.068107,-0.047178,-0.010123,-0.020368,0.020318,0.086437,-0.104082,0.07743,-0.052505,0.013876,-0.072207,-0.001276,-0.017582,0.028478,0.024033,-0.054331,-0.097972,0.066694,0.139943,0.065665,0.05991,0.074619,-0.057596,0.033373,-0.050396,0.05567,0.102506,-0.05641,-0.111548,0.147125,0.228668,-0.093545,-0.035385,0.003826,-0.073481,-0.194255,0.037769,-0.047666,-0.086517,-0.093675,0.07244,-0.055488,-0.085869,0.013114,-0.010247,0.021039,0.036783,-0.138256,0.008509,0.049048,-0.013067,0.008173,-0.007556,-0.068161,0.07391,-0.007706,-0.074485,0.083514,-0.130921,0.049914,0.097264,-0.01509,-0.023162,-0.117083,-0.023573,-0.079834,-0.100738,-0.087023,0.077421,-0.019357,-0.127464,0.044182,0.031314,-0.086896,0.12489,0.026441,0.070128,0.037308,0.091531,0.09161,-0.030093,0.102584,-0.245805,-0.015438,0.056335,-0.030133,-0.060545,-0.043886,0.081121,0.116323,-0.126777,-0.087883,0.132613,-0.085121
canon_Other_00583,0.032388,0.578495,-0.100605,-0.32707,0.327468,-0.361158,0.590337,-0.019736,0.033896,-0.243219,0.562385,0.00287,0.026529,-0.0014,0.143484,-0.155654,0.072061,-0.288357,-0.109795,-0.19811,-0.266283,-0.048281,0.192354,0.181228,-0.025422,0.176518,0.272921,0.085347,0.264967,-0.193174,0.117235,-0.191634,-0.094087,0.492469,-0.575719,-0.204919,-0.159695,0.477938,0.021462,0.107017,0.040189,0.42751,-0.187648,0.092215,0.158232,0.24461,0.414767,0.024404,0.058912,0.145865,-0.632657,0.17511,0.073707,0.287772,-0.167609,0.292316,0.150023,0.098532,-0.451154,-0.469329,0.323546,-0.371755,0.253406,0.026378,0.804327,-0.245474,-0.094455,-0.525655,0.075816,-0.446723,0.216189,-0.313657,-0.107935,-0.020469,-0.338117,-0.018507,-0.148581,-0.044666,-0.371995,0.156433,0.155013,0.05235,-0.158989,0.041145,-0.098718,0.437323,-0.268665,-0.216173,-0.134654,0.03956,-0.125558,-0.286512,-0.226438,-0.046152,0.025088,-0.518669,0.256781,-0.08371,0.210306,-0.128231,-0.69505,-0.100454,-0.084535,-0.152706,0.063841,-0.365708,-0.27419,-0.409537,0.112022,-0.341084,0.364911,0.005538,0.168442,-0.215525,0.117152,-0.269235,-0.210163,-0.314941,-0.091268,-0.191336,-0.449494,-0.331416,0.039559,0.549486,-0.295982,-0.213753,-0.247872,0.003633
canon_Other_00587,0.072123,-0.015808,0.001142,-0.073444,-0.079919,-0.034834,0.091909,0.025637,-0.012845,0.00625,-0.041464,-0.0244,-0.006339,0.120984,0.1568,-0.060759,0.10728,0.009357,-0.096812,-0.032472,0.061711,0.063043,-0.159457,-0.053392,-0.103432,0.056866,0.012949,0.011731,0.094576,-0.002608,0.00106,0.03085,-0.030194,0.086712,-0.068384,-0.037874,-0.068427,0.015558,0.01351,0.04974,-0.065153,0.068666,-0.055663,0.05271,0.030787,-0.056227,-0.053848,0.035383,-0.012969,-0.051609,-0.108747,0.009615,0.169948,0.141311,0.07264,0.049072,-0.102396,0.079537,-0.048806,-0.000205,0.040327,-0.056763,-0.045764,0.122821,0.161741,-0.109196,-0.135345,-0.060597,-0.101414,-0.200615,0.013407,-0.096456,-0.068772,-0.083958,0.070808,-0.044885,-0.073137,-0.028652,-0.058053,-0.011783,-0.002625,-0.101809,-0.011633,0.036905,-0.019953,-0.014271,-0.016454,-0.053636,0.123788,0.024227,-0.078672,0.04416,-0.125091,0.045599,0.053484,0.011308,0.038643,-0.050282,-0.04693,-0.069283,-0.063727,-0.143305,0.038393,-0.040364,-0.066189,0.059599,-0.071058,-0.095788,0.066754,0.067017,0.01007,0.02333,0.071652,0.057162,-0.090175,0.139443,-0.150304,-0.093448,0.020899,-0.018637,0.003373,-0.044269,0.048326,0.13541,-0.109567,-0.137592,0.177949,-0.104707
canon_Other_00593,0.057499,-0.060194,-0.01737,-0.058877,-0.022907,0.004407,0.068726,0.033868,-0.003384,-0.026061,0.011939,0.036153,-0.044912,0.171669,0.083861,-0.101405,0.069914,0.02319,-0.088247,-0.024138,0.04868,-0.008773,-0.103187,-0.027341,-0.110997,0.105264,0.001562,0.026686,0.121164,-0.019682,0.024119,0.002112,-0.044127,0.066186,-0.04034,-0.106421,-0.072878,0.006693,-3.8e-05,0.107614,-0.07223,0.071747,-0.041706,0.028684,0.081055,0.000964,-0.025916,0.027714,0.020169,-0.057617,-0.16418,-0.010485,0.146964,0.142406,0.033525,0.059357,-0.05136,0.030034,-0.056593,-0.013418,0.08467,-0.115308,-0.063481,0.14897,0.212194,-0.100918,-0.135089,0.005682,-0.095192,-0.177516,0.031935,-0.118579,-0.091745,-0.104983,0.074842,-0.009636,-0.121142,-0.038339,-0.043325,-0.019909,0.01295,-0.079414,0.012848,0.063062,0.010906,0.024006,-0.0124,-0.040079,0.111178,0.049067,-0.022896,-0.021903,-0.092066,0.048003,0.076328,0.005954,0.02039,-0.052514,-0.008869,-0.086509,-0.097024,-0.107092,0.005064,-0.055027,-0.044023,0.043148,-0.084995,-0.127695,0.095059,0.044527,0.04994,0.039417,0.097957,0.040288,0.049582,0.105492,-0.172541,-0.061822,0.065643,-0.050623,-0.009844,-0.051342,0.079552,0.161845,-0.119872,-0.124244,0.087291,-0.109395
canon_Other_00594,0.066961,-0.04647,0.0003,-0.042831,-0.062229,0.002242,0.05883,0.056147,0.037883,-0.005325,0.014,0.0189,0.002838,0.1227,0.102138,-0.075378,0.044315,0.014099,-0.098343,-0.002216,0.074745,0.031135,-0.106442,-0.028855,-0.133114,0.088603,-0.040091,0.012008,0.09253,-0.004212,0.008361,-0.030662,-0.033507,0.027895,-0.05492,-0.069759,-0.020774,-0.001755,0.038051,0.088312,-0.080077,0.076263,-0.027442,-0.009128,0.047682,0.019023,-0.01027,0.027826,0.004967,-0.04996,-0.125058,0.00735,0.152534,0.099876,0.061087,0.052425,-0.033462,0.042072,-0.043539,-0.025027,0.071724,-0.08509,-0.09829,0.142166,0.203845,-0.110988,-0.091185,-0.001383,-0.087089,-0.173774,0.027871,-0.082514,-0.090057,-0.068726,0.070104,-0.028951,-0.084607,0.009351,-0.015127,-0.005755,0.028604,-0.095038,0.031648,0.06441,0.011817,0.029125,0.000702,-0.041789,0.110811,0.034131,-0.046193,0.031619,-0.109583,0.057017,0.074943,-0.016236,0.010163,-0.06249,-0.022671,-0.081302,-0.089427,-0.092903,0.030396,-0.053394,-0.074718,0.0426,-0.043074,-0.084531,0.100978,0.037982,0.060442,0.060944,0.07522,0.06037,0.007867,0.105832,-0.191027,-0.048175,0.050375,-0.065387,-0.032292,-0.074004,0.060462,0.114927,-0.122295,-0.108024,0.129323,-0.098313
canon_Other_00597,0.385092,-0.237234,0.08468,0.191999,-0.220176,-0.710539,0.391642,0.057632,0.014443,-0.399676,0.165886,-0.019584,0.254509,0.3477,0.67334,-0.202136,0.326732,-0.020788,-0.655138,-1.57397,0.554851,0.924037,-0.88837,-0.963211,0.033586,-0.046544,-0.116295,0.330415,0.869422,0.186781,-0.209389,-0.491485,0.104897,0.048975,-1.114375,-0.214256,-0.370917,0.188144,0.261369,0.024912,-0.089215,0.073812,-0.122759,-0.002845,0.139323,0.145477,-0.571505,-0.602579,-0.469289,-0.532898,-1.018124,0.009853,0.708972,0.921833,0.916886,-0.269686,-0.257469,-0.194316,-0.538909,-0.227146,0.825534,-0.100543,-0.4926,0.551607,0.60053,-1.074427,0.045822,0.08158,-0.508718,-0.977186,-0.201787,-0.126792,-1.135681,-0.245959,0.257051,0.069329,-0.626283,0.81503,-0.629648,-0.586337,-0.586907,-0.399925,0.578358,0.413074,0.239869,0.135682,0.242969,-0.980239,0.459202,0.446051,-0.983433,0.837496,-1.125504,0.630665,0.546228,-0.471814,0.604049,-0.282652,-0.87998,0.208982,0.133337,-0.869613,-0.249115,-0.816329,-0.449978,0.008667,-0.097045,-0.523523,0.360781,0.432077,0.54606,0.405258,0.743,0.734669,0.146257,0.829484,-1.096215,-0.300112,-0.223163,-0.328145,-0.11759,-0.119127,-0.011199,-0.032281,0.05962,-0.693593,1.071864,-0.796995
canon_Other_00598,0.377466,-0.249154,0.082868,0.209314,-0.25536,-0.74153,0.403483,0.034347,0.034128,-0.380718,0.193331,0.015914,0.270667,0.338935,0.649342,-0.189214,0.241731,0.001505,-0.747443,-1.629082,0.572405,0.943936,-0.85725,-0.946851,0.030908,-0.069605,-0.159478,0.33578,0.801262,0.194916,-0.187345,-0.500868,0.18145,0.024093,-1.149859,-0.275082,-0.309836,0.145909,0.333142,0.061773,-0.124422,0.047155,-0.158123,-0.02704,0.135287,0.199159,-0.537948,-0.589455,-0.452842,-0.475875,-0.970098,0.03411,0.732641,0.922043,0.900899,-0.183086,-0.193709,-0.249539,-0.581265,-0.170004,0.80472,-0.087766,-0.547865,0.593813,0.569715,-1.113784,0.14682,0.128536,-0.480049,-0.947404,-0.181219,-0.097459,-1.16585,-0.251337,0.242054,0.112222,-0.625581,0.856372,-0.603978,-0.613628,-0.529052,-0.43066,0.61032,0.419435,0.173706,0.219318,0.247116,-0.984525,0.424427,0.478779,-0.9579,0.870821,-1.217269,0.540409,0.584589,-0.532691,0.628862,-0.356623,-0.850306,0.21138,0.114856,-0.872609,-0.214461,-0.858037,-0.437905,0.009979,-0.008402,-0.554807,0.357913,0.453087,0.584798,0.456203,0.747142,0.776839,0.182492,0.795089,-1.266439,-0.255207,-0.243528,-0.34297,-0.111522,-0.085238,0.000259,0.009964,0.015325,-0.683953,1.086704,-0.807839
canon_Other_00602,0.058953,-0.016435,0.015461,-0.036806,-0.03883,-0.045478,0.046097,0.070299,0.033647,0.008909,0.033848,0.008051,0.003278,0.100571,0.111613,-0.066433,0.034466,0.008437,-0.050884,-0.011052,0.065478,0.020496,-0.098647,-0.024105,-0.090666,0.088495,-0.027891,-0.002689,0.096715,-0.028152,0.002613,0.002645,-0.02837,0.052903,-0.012659,-0.00545,0.011823,-0.008225,0.035493,0.077215,-0.074626,0.080998,-0.013733,0.03012,0.036952,-0.005803,-0.038818,0.014191,0.021956,-0.018083,-0.091517,0.045053,0.117284,0.087391,0.079386,0.041044,-0.049024,0.020095,-0.022092,-0.030795,0.077272,-0.080551,-0.060902,0.106033,0.197202,-0.076963,-0.062398,-0.003606,-0.045121,-0.14137,0.034869,-0.055194,-0.060606,-0.067335,0.053788,-0.028112,-0.063204,0.003921,-0.017003,0.003983,-0.001337,-0.116439,0.034214,0.034162,0.023842,-0.019652,0.01917,-0.037657,0.071123,0.013105,-0.029808,0.008629,-0.101718,0.04509,0.075908,-0.016085,-0.008663,-0.069878,-0.012857,-0.065515,-0.074808,-0.085983,0.023619,-0.040682,-0.058562,0.05265,-0.044994,-0.092564,0.083138,0.052277,0.044154,0.052333,0.074074,0.046917,-0.02177,0.120858,-0.161131,-0.026574,0.052043,-0.032844,-0.03205,-0.039059,0.036339,0.102177,-0.109844,-0.118292,0.119191,-0.065155
canon_Other_00604,0.106632,-0.036187,0.023373,-0.028547,-0.063588,-0.010404,0.088364,0.068361,0.037126,-0.029967,0.027903,0.026903,0.006751,0.127937,0.088618,-0.097966,0.02933,0.025638,-0.103537,-0.024297,0.08988,0.057266,-0.075652,-0.010548,-0.100513,0.100038,-0.004478,0.00243,0.064366,0.032112,-0.009009,0.018975,-0.000333,0.02342,-0.042971,-0.09711,-0.049006,-0.040722,0.019572,0.115823,-0.06824,0.106571,-0.064955,-0.031878,0.060168,0.008392,0.001099,0.039383,-0.015306,-0.021331,-0.104902,-0.004809,0.181512,0.105269,0.080637,0.0281,-0.011672,0.025589,-0.041878,-0.008815,0.041311,-0.128831,-0.106087,0.166178,0.195932,-0.089287,-0.078503,-0.00945,-0.084916,-0.167087,0.014437,-0.058522,-0.070308,-0.074117,0.069376,-0.009855,-0.086731,0.024878,-0.037286,-0.045497,0.028929,-0.112355,0.062152,0.044379,0.013357,0.002111,0.056691,-0.063264,0.104234,0.056534,-0.066108,0.037265,-0.151368,0.042555,0.074149,-0.00788,0.021529,-0.078273,0.009314,-0.080104,-0.127964,-0.097186,0.020366,-0.063854,-0.082809,0.047803,-0.039801,-0.091583,0.068564,0.039135,0.051292,0.049259,0.0499,0.054316,0.013923,0.118586,-0.149347,-0.029781,0.048031,-0.052585,-0.064976,-0.066659,0.047173,0.159469,-0.112515,-0.145954,0.110397,-0.088049
canon_Other_00606,0.100022,-0.004749,0.020666,-0.057174,-0.044112,-0.013376,0.08672,0.046152,0.004082,-0.017444,0.03811,0.018093,-0.054788,0.137049,0.109864,-0.042814,0.038264,0.045116,-0.076579,-0.011802,0.119474,0.051538,-0.147166,-0.052181,-0.102352,0.106104,-0.031176,0.049986,0.060721,0.006398,0.001428,-0.036307,-0.007824,0.025655,-0.037308,-0.087462,-0.109371,-0.026466,0.023009,0.119342,-0.07042,0.113903,-0.094558,-0.010148,0.027714,0.014903,0.013663,0.064614,-0.06522,-0.046169,-0.091362,0.044921,0.185345,0.119747,0.091963,0.05134,-0.0061,0.063332,-0.051339,-0.019053,0.052852,-0.086958,-0.095221,0.121858,0.174642,-0.075652,-0.080471,0.028674,-0.146128,-0.124592,-0.012486,-0.108546,-0.06323,-0.09136,0.045837,-0.024605,-0.081197,0.016973,-0.079431,-0.056788,0.020861,-0.11607,0.004498,0.05592,0.02472,-0.027087,0.031585,-0.07863,0.075175,0.078478,-0.09084,0.023127,-0.116335,0.058115,0.059235,-0.000696,0.014643,-0.076876,-0.006524,-0.115815,-0.133692,-0.143277,0.027698,-0.046534,-0.115721,0.022466,-0.06143,-0.105966,0.055541,-0.009311,0.059513,0.023388,0.059735,0.045244,-0.005025,0.118561,-0.176817,-0.041484,0.055209,-0.085184,-0.080588,-0.073714,0.064399,0.12367,-0.121776,-0.119468,0.133743,-0.094594
canon_Other_00609,0.053952,-0.025094,0.012243,-0.058442,-0.045147,-0.020754,0.054306,0.017897,-0.013312,-0.022745,-0.025433,-0.014834,-0.008426,0.10077,0.133812,-0.065892,0.061788,0.001331,-0.109778,-0.022588,0.067145,0.025688,-0.142734,-0.013372,-0.116471,0.068926,-0.005071,0.014796,0.057652,-0.014176,0.001069,-0.010369,-0.030712,0.022392,-0.075672,-0.033179,-0.01237,0.029178,0.072126,0.090208,-0.066224,0.051486,-0.008243,0.044147,0.02024,0.002819,-0.016612,0.046516,0.010969,-0.030073,-0.102354,-0.006521,0.158237,0.078966,0.046616,0.074663,-0.032272,0.043578,-0.036064,-0.015097,0.080401,-0.04306,-0.115635,0.116734,0.157909,-0.08816,-0.090857,-0.017134,-0.073492,-0.172443,0.058317,-0.058939,-0.069069,-0.088954,0.084367,0.008897,-0.108304,0.007239,0.004781,0.013329,0.01959,-0.090864,0.037192,0.038387,-0.027181,0.015735,-0.00954,-0.052801,0.082768,-0.008357,-0.053175,0.061463,-0.136061,0.053258,0.044092,0.011046,0.007939,-0.042451,-0.070017,-0.063919,-0.065189,-0.088674,0.037146,-0.03226,-0.07278,0.052802,-0.00471,-0.125266,0.086851,0.066836,0.033862,0.058204,0.081169,0.046803,-0.035061,0.086252,-0.218453,-0.035634,0.056527,-0.029912,-0.021095,-0.01635,0.045441,0.137996,-0.091679,-0.086703,0.136159,-0.067371
canon_Other_00610,0.063693,-0.01511,0.010996,-0.045014,-0.032073,-0.02701,0.076878,0.061481,0.023637,0.014035,0.044951,-0.00382,-0.020664,0.119418,0.109152,-0.065508,0.058312,0.037195,-0.062944,0.008045,0.075329,0.016772,-0.11715,-0.011474,-0.12104,0.090879,-0.01452,-0.003678,0.082314,-0.036275,0.028171,0.008176,-0.034332,0.043246,-0.021365,-0.054823,-0.012395,8.8e-05,0.015303,0.102983,-0.078922,0.084525,-0.046516,0.017107,0.033984,-0.015113,-0.018748,0.025413,0.00378,-0.022112,-0.122373,0.033491,0.185234,0.103773,0.071707,0.066439,-0.043163,0.05477,-0.040244,-0.032706,0.072059,-0.077615,-0.075325,0.136361,0.208498,-0.088642,-0.066935,-0.034555,-0.074682,-0.152679,0.040461,-0.048501,-0.049175,-0.069632,0.048233,-0.036864,-0.086136,0.017604,-0.033681,0.007046,0.011167,-0.139548,0.030908,0.033223,0.029586,-0.03206,0.01329,-0.055663,0.087089,0.033151,-0.022152,0.023099,-0.093366,0.070385,0.06235,-0.018141,-0.013113,-0.059768,-0.007008,-0.077326,-0.079666,-0.123696,0.012789,-0.028003,-0.089896,0.053042,-0.062769,-0.094747,0.098028,0.0407,0.046536,0.043227,0.072862,0.049955,-0.026508,0.123646,-0.163116,-0.038086,0.068773,-0.037784,-0.049992,-0.067145,0.077546,0.129017,-0.103348,-0.124029,0.154712,-0.066249
canon_Other_00614,0.452316,-0.251371,0.116246,-0.23082,-0.375656,-0.022813,0.400059,0.3327,0.236947,0.072189,-0.153853,0.068179,0.018758,0.724617,0.777335,-0.43473,0.459676,0.18261,-0.464192,-0.026735,0.495758,0.162423,-0.641155,-0.147808,-0.676396,0.456012,-0.087949,-0.110755,0.488797,-0.135924,0.157147,0.087061,-0.122871,0.374591,-0.304112,-0.320705,-0.044113,-0.175613,0.153255,0.467712,-0.548994,0.40806,-0.193087,0.083158,0.248202,-0.055722,-0.137143,0.336761,0.049859,-0.049645,-0.602639,0.088301,0.968588,0.565457,0.315805,0.328252,-0.177445,0.148662,-0.088763,-0.229689,0.416327,-0.415204,-0.66938,0.7933,1.169132,-0.565202,-0.497058,-0.115446,-0.352254,-1.08443,0.220182,-0.281151,-0.46643,-0.386273,0.4388,-0.078129,-0.515725,0.081793,-0.137921,-0.032896,0.07837,-0.689821,0.279525,0.149392,0.041245,-0.101046,0.102993,-0.244489,0.696119,0.081153,-0.209866,0.07974,-0.713121,0.170128,0.377696,0.004351,0.193304,-0.338523,-0.204461,-0.349485,-0.388946,-0.555093,0.11066,-0.338228,-0.461365,0.364081,-0.350891,-0.566361,0.607034,0.401094,0.255629,0.364219,0.468022,0.420857,-0.297956,0.822788,-1.186609,-0.227644,0.35232,-0.337,-0.124096,-0.319047,0.302117,0.900159,-0.784526,-0.692243,0.820965,-0.379234
canon_Other_00616,0.236563,-0.155906,0.250201,-0.04233,-0.401043,-0.27554,0.135808,0.130681,0.279301,-0.195546,0.04764,-0.212179,0.354704,0.130742,0.413558,-0.220948,0.19584,0.130511,-0.067675,0.087792,0.148904,0.154781,-0.683324,-0.120796,-0.470763,0.012297,-0.327646,-0.338233,0.26804,0.127974,-0.197899,0.167645,-0.103859,-0.195725,0.229418,0.189277,0.097792,0.326195,0.040555,-0.007105,0.039703,0.295029,0.142389,0.386152,0.29284,-0.049423,-0.243383,-0.254046,0.219093,0.14656,-0.067584,0.046257,0.272881,-0.118609,0.315556,0.121392,-0.252529,0.443719,-0.184516,-0.214104,0.120748,-0.253256,-0.327445,0.218369,0.317618,-0.418279,-0.404751,-0.292234,0.194254,-0.397588,0.091828,-0.097994,-0.585692,-0.054381,0.213422,-0.115372,0.095276,0.19607,0.108979,0.254814,0.030892,-0.21303,0.438172,0.245097,0.249132,0.120099,0.09476,-0.14161,0.383772,0.216553,-0.393557,0.304195,-0.708728,0.42873,0.341805,0.38136,-0.086011,-0.024539,-0.136085,-0.07842,-0.111907,-0.188703,0.192427,-0.185863,-0.162295,0.233961,0.056038,-0.231722,0.066746,0.105273,0.275399,0.36484,0.162028,0.12073,-0.296605,0.098272,-0.396239,-0.217901,-0.110951,0.33626,0.222175,-0.073653,-0.044123,-0.025596,0.001353,-0.042195,0.265059,0.094423
canon_Other_00617,0.25425,-0.159927,0.317167,-0.074166,-0.440452,-0.283551,0.155463,0.161933,0.35745,-0.226359,0.042572,-0.240104,0.440325,0.164677,0.512968,-0.292095,0.277663,0.157536,-0.102768,0.094374,0.155254,0.160027,-0.826557,-0.135712,-0.556991,0.042032,-0.38874,-0.420767,0.339318,0.125956,-0.234248,0.211639,-0.158889,-0.229048,0.241406,0.211504,0.110314,0.353277,0.030431,-0.003598,-0.020598,0.35064,0.178079,0.431091,0.348902,-0.063355,-0.278521,-0.312232,0.242656,0.140646,-0.112265,0.076554,0.341071,-0.107475,0.383278,0.176078,-0.306336,0.525722,-0.189269,-0.302811,0.17712,-0.292501,-0.415853,0.305178,0.417121,-0.474726,-0.480457,-0.328003,0.226757,-0.495553,0.097735,-0.086334,-0.722558,-0.057111,0.284121,-0.151154,0.088337,0.271165,0.121537,0.278985,0.018655,-0.274285,0.523555,0.27682,0.27316,0.114435,0.08872,-0.174523,0.465475,0.259118,-0.470867,0.338166,-0.878136,0.491068,0.407812,0.437848,-0.120985,-0.041042,-0.184268,-0.064859,-0.113549,-0.238221,0.206812,-0.241952,-0.186308,0.299951,0.02957,-0.314428,0.091746,0.129682,0.370598,0.425786,0.239504,0.165615,-0.349146,0.13527,-0.504919,-0.294209,-0.109102,0.361862,0.287243,-0.088178,-0.020326,0.00909,-0.040982,-0.071541,0.322204,0.086593
canon_Other_00618,0.523987,-0.322088,0.481977,-0.140307,-0.74508,-0.521309,0.266985,0.289447,0.541275,-0.362005,-0.03265,-0.51304,0.628766,0.376303,0.970897,-0.500588,0.4855,0.191423,-0.203949,0.151606,0.316767,0.265658,-1.404942,-0.207021,-0.9471,0.11045,-0.6058,-0.701586,0.622705,0.156603,-0.360273,0.302553,-0.24558,-0.244537,0.358737,0.398545,0.16915,0.618253,0.114561,0.095586,-0.070555,0.543127,0.370379,0.773878,0.535397,-0.177103,-0.465716,-0.445138,0.432527,0.196799,-0.228616,0.067826,0.684833,-0.1631,0.605356,0.35033,-0.545337,0.863154,-0.345597,-0.442701,0.354551,-0.464715,-0.714382,0.510806,0.814445,-0.802278,-0.823422,-0.636963,0.334833,-0.908265,0.250725,-0.172187,-1.16203,-0.132369,0.494593,-0.285353,0.040822,0.356178,0.229559,0.564188,-0.018701,-0.559652,0.838111,0.426395,0.443923,0.113889,0.13583,-0.283823,0.820097,0.343537,-0.724788,0.536563,-1.414411,0.872674,0.682513,0.748139,-0.252624,-0.078479,-0.425182,-0.162152,-0.177284,-0.419535,0.325644,-0.372124,-0.37275,0.471966,0.051064,-0.573142,0.242829,0.315977,0.518504,0.691765,0.42203,0.304315,-0.655807,0.304222,-0.903614,-0.415029,-0.102494,0.589636,0.392991,-0.12196,-0.081972,0.104937,-0.080359,-0.159544,0.669968,0.174258
canon_Other_00619,0.429839,-0.292086,0.473701,-0.123204,-0.751299,-0.408453,0.300218,0.248229,0.599955,-0.288692,0.002704,-0.377692,0.715512,0.273653,0.890518,-0.422324,0.55129,0.215578,-0.213419,0.196866,0.224089,0.262538,-1.383736,-0.250094,-0.963736,0.087671,-0.641288,-0.78765,0.574305,0.144968,-0.311833,0.316976,-0.271249,-0.285139,0.307247,0.399799,0.226809,0.515065,0.077016,0.028809,-0.133224,0.563279,0.31623,0.715524,0.561929,-0.124186,-0.474449,-0.451488,0.379798,0.185715,-0.198088,0.1074,0.665002,-0.158481,0.594838,0.326996,-0.510368,0.856503,-0.302018,-0.481177,0.314842,-0.48388,-0.797075,0.522456,0.791818,-0.852198,-0.737757,-0.587526,0.31238,-0.903222,0.229985,-0.131401,-1.147796,-0.10398,0.491021,-0.213443,0.080313,0.384601,0.222631,0.491732,0.021041,-0.500771,0.846227,0.469727,0.398519,0.19465,0.112363,-0.275041,0.821857,0.366121,-0.72787,0.559427,-1.456209,0.767974,0.685104,0.688439,-0.134556,-0.040412,-0.351955,-0.14992,-0.122514,-0.441083,0.368983,-0.438552,-0.314834,0.507925,0.075143,-0.499216,0.314014,0.258419,0.570722,0.726493,0.438987,0.316481,-0.605611,0.315759,-0.990113,-0.469212,-0.16583,0.595987,0.466377,-0.134018,0.017864,0.074124,-0.128205,-0.161586,0.646099,0.09129
canon_Other_00622,0.094675,-0.016121,0.06016,-0.062939,-0.050641,-0.023156,0.057904,0.069309,0.021435,-0.038845,-0.087617,-0.00027,0.01339,0.198483,0.137973,-0.109164,0.080544,0.005496,-0.114348,-0.007529,0.076607,0.039968,-0.12206,-0.024919,-0.112031,0.060731,-0.051002,-0.015262,0.129434,0.025105,-0.006355,0.030853,-0.049518,0.02803,-0.04003,-0.043521,-0.021432,0.032096,0.018078,0.104131,-0.088792,0.075363,0.011898,0.009328,0.075285,0.013988,-0.017044,0.009793,0.001021,-0.03223,-0.172009,0.009627,0.148863,0.119041,0.048504,0.004221,-0.092901,0.084482,-0.023208,-0.057148,0.085866,-0.090996,-0.060144,0.161688,0.185127,-0.087045,-0.139486,-0.042312,-0.093007,-0.20667,0.0203,-0.065585,-0.115979,-0.029078,0.101098,-0.027991,-0.10934,0.025778,-0.031225,-0.031257,-0.009099,-0.098011,0.075278,0.023671,0.013122,0.026945,0.010485,-0.052949,0.085145,-0.01252,-0.096555,0.048035,-0.134542,0.083644,0.07517,0.041833,0.012677,-0.014004,-0.012278,-0.036814,-0.117501,-0.081746,-0.00766,-0.032859,-0.129664,0.043585,-0.045111,-0.105351,0.050335,0.082168,0.053222,0.065801,0.06962,0.112593,-0.02807,0.089217,-0.163135,-0.070854,0.043301,-0.034012,0.019488,-0.062105,0.061109,0.108781,-0.042106,-0.073826,0.141597,-0.107585
canon_Other_00623,0.05257,-0.016058,0.030848,-0.018186,-0.03415,-0.027011,0.06604,0.03698,0.009218,-0.016388,0.031595,0.025236,-0.01287,0.110868,0.110083,-0.086064,0.03048,0.02882,-0.090313,-0.023139,0.068781,0.049318,-0.056175,-0.008224,-0.078966,0.096612,0.005684,0.061884,0.076642,-0.022289,0.013336,0.005577,-0.03222,0.053546,-0.069712,-0.070865,-0.011613,-0.01922,0.031148,0.09092,-0.078196,0.052865,-0.044262,-0.005686,0.036419,0.006772,-0.00381,0.040211,0.005157,0.002503,-0.128888,0.022528,0.144209,0.117928,0.046591,0.052936,-0.022133,0.00513,-0.025484,-0.014806,0.084969,-0.06006,-0.056389,0.110705,0.186293,-0.063491,-0.054925,-0.002809,-0.055196,-0.136238,0.027667,-0.045307,-0.049894,-0.074894,0.051263,0.012781,-0.097899,0.03395,-0.013093,-0.05077,0.016049,-0.123793,0.022576,0.012431,-0.002081,-0.004731,0.009645,-0.073505,0.068738,0.041116,-0.035079,0.017079,-0.107873,0.032107,0.038528,-0.035988,0.029535,-0.079769,-0.023452,-0.040966,-0.102653,-0.093784,0.001625,-0.052569,-0.062465,0.055547,-0.06538,-0.128395,0.086787,0.044252,0.05419,0.023652,0.07455,0.070875,-0.005789,0.113663,-0.165719,-0.033591,0.068548,-0.069782,-0.053684,-0.056323,0.054513,0.137665,-0.124135,-0.139644,0.09675,-0.080936
canon_Other_00624,0.088597,-0.046366,0.002912,-0.029679,-0.07422,-0.022051,0.081163,0.056957,0.032614,0.013564,0.016548,0.042899,0.015434,0.107564,0.086746,-0.046932,0.039603,0.043414,-0.080739,-0.015066,0.091355,0.025127,-0.127752,-0.031899,-0.111291,0.06752,-0.020479,-0.010408,0.066332,-0.012787,0.010204,0.007727,-0.007166,0.034152,-0.041365,-0.036005,-0.032479,-0.012879,0.016409,0.074681,-0.086869,0.091369,-0.054792,-0.010966,0.014189,-0.027995,-0.009151,0.029508,-0.01369,-0.0127,-0.121075,-0.00767,0.166129,0.109726,0.110357,0.026317,-0.033732,0.032965,-0.025704,-0.019939,0.061317,-0.08502,-0.102442,0.143734,0.188189,-0.098819,-0.065273,-0.002201,-0.087466,-0.174252,0.02063,-0.061128,-0.057942,-0.059813,0.055856,-0.013638,-0.06875,0.002371,-0.036069,-0.031462,0.019589,-0.120018,0.033523,0.041441,0.012324,-0.009142,0.029168,-0.076174,0.108922,0.01617,-0.051958,0.04606,-0.117119,0.044572,0.072616,-0.022141,0.030173,-0.06276,-0.014217,-0.060551,-0.080116,-0.110418,0.050973,-0.08405,-0.091813,0.069018,-0.049956,-0.074578,0.101853,0.022027,0.052548,0.045342,0.072813,0.043085,-0.029335,0.137519,-0.195862,-0.046524,0.037324,-0.03085,-0.032302,-0.0734,0.06044,0.118612,-0.121848,-0.100225,0.154871,-0.09649
canon_Other_00627,-0.120068,-0.055974,-0.371156,-0.706788,-1.116895,-0.741381,0.912255,0.49871,-0.04717,0.3649,0.556853,0.226117,0.024827,1.524283,0.104619,-0.721356,0.493495,-0.237937,-0.614518,0.372311,1.035474,-0.538575,-0.664084,0.508524,-0.997153,0.292499,-0.128547,-0.380313,0.398452,-0.178897,0.409708,0.039568,0.023831,0.4644,-0.207894,0.135456,0.249456,-0.064432,0.579713,0.291993,0.200346,0.529001,-0.156234,-0.347546,0.178585,-0.151841,0.288069,0.515008,0.66764,0.069037,-0.257857,0.219441,0.760122,0.314106,0.350573,-0.316608,0.135943,-0.125484,0.083287,-0.107682,0.328273,-0.617215,-0.71933,0.36686,1.397963,-0.690955,-0.136502,-0.256129,0.045309,-1.114493,0.480708,0.065155,0.275406,-0.082867,0.06861,0.181847,-0.187886,-0.515729,-0.213241,-0.212659,0.267379,-0.431063,0.264391,-0.593237,0.128064,0.21773,-0.122651,-0.379522,0.149417,-0.310677,0.047689,0.521071,-1.041205,-0.149857,0.345478,-0.116039,0.192279,0.180946,0.55172,-0.311469,-1.139377,-0.148594,0.320067,-0.379469,-0.402191,0.519117,-0.731697,-0.350526,0.418007,0.536491,-0.115786,1.233223,-0.352034,0.517542,-0.106067,1.080432,-1.552663,-0.515128,-0.251943,0.079483,-0.522934,-0.220217,0.301639,0.351356,-0.315373,-1.048512,1.124073,0.045753
canon_Other_00631,0.408727,-0.168932,0.118051,-0.317462,-0.310894,-0.03274,0.240339,0.271404,0.190097,0.062515,-0.06086,0.031824,0.103662,0.568195,0.820605,-0.517666,0.382207,0.013788,-0.510433,-0.045355,0.389766,0.356801,-0.751298,-5.6e-05,-0.731852,0.402203,-0.046393,-0.13558,0.691304,-0.1409,0.050241,-0.010485,-0.248212,0.280835,-0.353409,-0.044423,-0.14457,-0.121301,0.205497,0.586201,-0.581285,0.420798,-0.149117,0.25411,0.328331,0.022737,-0.252192,0.222291,0.087236,-0.132298,-0.489621,0.135628,0.799312,0.616009,0.431582,0.371275,-0.359558,0.272827,-0.174884,-0.206417,0.360265,-0.397739,-0.597871,0.721331,1.212793,-0.627757,-0.345176,-0.056456,-0.377388,-1.110778,0.487206,-0.290711,-0.613155,-0.442765,0.524206,0.031682,-0.547882,0.021638,-0.039792,-0.060655,0.0444,-0.666041,0.217647,0.302771,0.022044,-0.03661,0.053845,-0.42653,0.618393,0.238308,-0.231156,0.244078,-0.732305,0.269725,0.520609,0.026007,0.26908,-0.245307,-0.403138,-0.358803,-0.251131,-0.494643,0.12611,-0.38819,-0.514765,0.475189,-0.191983,-0.507619,0.598799,0.40691,0.318705,0.256579,0.472005,0.239749,-0.254624,0.761378,-1.173665,-0.327959,0.146723,-0.26429,-0.071847,-0.301749,0.340489,0.817875,-0.640939,-0.672947,0.776989,-0.3793
canon_Other_00640,0.08248,-0.030906,0.040805,-0.022473,-0.059954,-0.052961,0.097585,0.040606,0.015544,0.017674,0.06299,0.038671,0.022226,0.083297,0.05227,-0.053004,0.069312,0.042732,-0.067383,-0.013372,0.078751,0.020499,-0.099453,-0.040023,-0.123438,0.053952,-0.030357,-0.005433,0.075862,-0.026287,0.024699,0.04263,-0.016342,0.07108,-0.053098,-0.068629,0.009874,-0.011853,0.03577,0.091819,-0.038539,0.074605,-0.029222,0.008372,0.016141,-0.00138,-0.031283,0.011426,0.027835,-0.016491,-0.085077,0.011131,0.133634,0.101601,0.071477,0.046224,-0.019311,0.021135,-0.04712,-0.030466,0.083385,-0.083618,-0.10117,0.110106,0.186207,-0.133659,-0.061863,-0.009545,-0.056716,-0.147151,0.059512,-0.025275,-0.049578,-0.064311,0.051113,-0.019737,-0.049766,-0.026529,-0.015101,-0.002073,0.045941,-0.106666,0.031288,0.052695,0.038344,0.025928,0.004286,-0.052554,0.081737,0.05767,-0.052454,0.024575,-0.110391,0.051873,0.047174,-0.030069,0.033329,-0.064717,-0.024489,-0.045848,-0.075315,-0.094149,0.062842,-0.080916,-0.076754,0.058225,-0.051936,-0.096088,0.12601,0.050455,0.040065,0.049696,0.062535,0.064298,-0.007339,0.126945,-0.153093,-0.020248,0.028152,-0.05353,-0.038875,-0.048925,0.081421,0.118802,-0.138301,-0.114464,0.125447,-0.080242
canon_Other_00641,0.06159,-0.023404,0.003923,-0.056767,-0.027069,-0.027692,0.104754,0.035004,0.034355,0.001761,0.02082,0.031873,0.009165,0.096092,0.136255,-0.087956,0.07182,0.023732,-0.076764,-0.042186,0.056386,0.03784,-0.128947,0.01064,-0.104612,0.085845,0.029868,0.027827,0.083469,-0.027262,-0.019746,-0.032546,0.004504,0.027557,-0.068885,-0.05647,-0.065648,-0.025982,0.033459,0.078259,-0.05411,0.076694,-0.083963,0.038435,0.029278,-0.026863,-0.016247,0.038552,-0.000667,-0.030338,-0.103693,0.016831,0.125146,0.083218,0.036678,0.039915,-0.051145,0.012885,-0.025798,-0.01521,0.076583,-0.041311,-0.087725,0.144164,0.171163,-0.083102,-0.102946,-0.026142,-0.050065,-0.167483,0.02946,-0.035825,-0.095727,-0.075394,0.073278,-0.004971,-0.076916,0.032898,-0.021334,-0.027959,0.025653,-0.112083,0.02996,0.027434,-0.004831,-0.015929,-0.015124,-0.066253,0.101855,0.065469,-0.080189,0.070797,-0.10699,0.048835,0.044187,-0.012145,0.011701,-0.052414,-0.02353,-0.055154,-0.036249,-0.132178,0.040671,-0.070624,-0.080215,0.054354,-0.058486,-0.129009,0.102814,0.062148,0.055373,0.037147,0.09365,0.051623,-0.033542,0.112994,-0.199285,-0.073976,0.034234,-0.047996,-0.041667,-0.055351,0.03698,0.154237,-0.148679,-0.148324,0.107194,-0.088733
canon_Other_00647,0.487049,-0.228713,0.138287,-0.234636,-0.358956,-0.060058,0.41328,0.225468,0.245345,-0.033172,-0.093891,-0.009666,0.087015,0.67695,0.766925,-0.409363,0.501329,0.076413,-0.451869,-0.020747,0.498128,0.238871,-0.691118,-0.25559,-0.721349,0.48484,-0.06829,-0.130262,0.55655,-0.078912,0.04177,0.076508,-0.309871,0.357523,-0.25532,-0.214665,-0.221081,-0.0472,0.13799,0.506527,-0.390987,0.443531,-0.155981,0.132362,0.376097,-0.083599,-0.154993,0.259249,-0.039541,-0.098368,-0.679293,-0.015455,0.936901,0.564725,0.384743,0.320783,-0.239559,0.251877,-0.161624,-0.240595,0.400029,-0.398865,-0.677171,0.724865,1.129325,-0.664946,-0.511955,-0.174306,-0.38845,-1.00222,0.202534,-0.367835,-0.512072,-0.383539,0.444407,-0.059254,-0.489083,0.058445,-0.148153,-0.08055,0.021841,-0.652197,0.26771,0.207061,0.110413,-0.080066,0.052792,-0.348009,0.622641,0.212302,-0.34419,0.161605,-0.719674,0.301953,0.392007,0.119823,0.159685,-0.183239,-0.283138,-0.418197,-0.278457,-0.665538,0.080451,-0.429714,-0.376421,0.298778,-0.417545,-0.660542,0.492671,0.380795,0.271545,0.292729,0.568295,0.310401,-0.266049,0.798552,-1.139812,-0.414575,0.230951,-0.333927,-0.038514,-0.340853,0.277732,0.805837,-0.667763,-0.598623,0.827876,-0.438999
canon_Other_00648,0.507459,-0.210786,0.148431,-0.220325,-0.378091,-0.07161,0.407945,0.218936,0.231343,-0.04691,-0.106485,-0.040391,0.060414,0.71188,0.777378,-0.411945,0.489392,0.062942,-0.460765,-0.02245,0.510567,0.237062,-0.712556,-0.284342,-0.723086,0.481697,-0.050103,-0.096157,0.554705,-0.049559,0.018241,0.079779,-0.349624,0.349617,-0.256291,-0.236147,-0.295367,0.004529,0.142014,0.514248,-0.366857,0.455406,-0.155913,0.128751,0.389968,-0.070239,-0.15993,0.285799,-0.052845,-0.10048,-0.703626,-0.057557,0.947784,0.56023,0.396765,0.347092,-0.267965,0.254969,-0.168781,-0.217679,0.388167,-0.380714,-0.68102,0.736508,1.10199,-0.679367,-0.552092,-0.195085,-0.402254,-0.969659,0.170669,-0.38526,-0.520751,-0.397351,0.46313,-0.082319,-0.507931,0.078186,-0.186292,-0.092749,0.006276,-0.646026,0.261831,0.213275,0.117258,-0.109757,0.052708,-0.33061,0.625111,0.231328,-0.365038,0.133363,-0.730448,0.345141,0.388219,0.152872,0.152054,-0.162977,-0.302394,-0.423973,-0.282612,-0.700089,0.085279,-0.421436,-0.365379,0.282223,-0.422825,-0.701762,0.437838,0.382065,0.273886,0.271299,0.596227,0.291658,-0.252049,0.816655,-1.137256,-0.426577,0.227153,-0.340801,-0.011772,-0.339991,0.274007,0.833934,-0.653005,-0.593141,0.844944,-0.473287
canon_Other_00652,-0.126246,-0.287651,-0.093294,0.08134,0.0211,0.510514,0.409355,0.074203,0.601289,-0.249984,0.081356,0.114615,0.299671,0.819209,1.071475,-0.454828,0.419697,-0.234098,-1.188637,-0.080729,0.491046,0.485479,-0.177011,0.535193,-0.773592,0.816363,0.353231,0.676141,0.690161,-0.212727,-0.186471,-0.346007,-0.689857,-0.265167,-0.716099,-0.903242,0.367168,-0.045183,0.624438,0.696815,-0.118644,-0.182112,-0.239641,-0.121559,0.28223,0.191436,-0.082865,0.474342,0.102278,-0.171213,-0.256822,-0.025304,0.764896,0.398357,-1.073721,0.956156,0.407288,-0.102739,-0.399713,0.307913,0.131175,0.033505,-0.661819,0.528639,0.970603,-1.127548,-1.025521,0.063203,-0.661057,-0.859015,0.626643,-0.248773,-0.768438,-0.469999,0.356122,0.215186,-0.284533,0.766696,0.457814,-0.026733,0.322735,-0.237276,-0.082368,-0.17448,-0.140646,1.015137,-0.268595,0.100418,0.351794,0.503646,-0.088035,0.188494,-0.531376,-0.230648,0.173692,-0.0409,0.297109,-0.261115,-0.021532,-0.403952,-0.314044,-0.63954,0.39444,-0.01079,0.027288,-0.389881,-0.089944,-1.023694,0.797674,0.884846,0.487529,0.235676,0.716305,0.729566,0.380191,0.459428,-1.784475,-0.233307,0.502398,-1.1588,-0.143697,-0.565141,0.268677,0.732303,-0.972929,-0.48955,-0.223646,-0.987871
canon_Other_00653,-0.120612,-0.260816,0.02422,0.023439,0.103554,0.676708,0.354053,0.14528,0.702718,-0.426661,0.126784,0.125878,0.251214,0.903793,1.083246,-0.464984,0.410954,-0.174513,-1.076191,-0.04721,0.472654,0.477852,-0.145727,0.506647,-0.890181,0.938551,0.379429,0.607927,0.694444,-0.298477,-0.089234,-0.367227,-0.717076,-0.270253,-0.643862,-0.821424,0.449894,0.01199,0.428897,0.624369,-0.135095,-0.116112,-0.230291,-0.116309,0.424873,0.034905,-0.111164,0.429287,-0.024621,-0.055039,-0.314141,0.01926,0.813473,0.430066,-1.134902,1.046659,0.416391,0.014878,-0.406251,0.197961,0.02466,0.069007,-0.61049,0.557538,0.992376,-1.01879,-0.97034,-0.006507,-0.723087,-0.773114,0.653564,-0.271577,-0.758307,-0.399784,0.390176,0.278947,-0.318284,0.845328,0.514256,-0.03078,0.351737,-0.275483,-0.069706,-0.17912,-0.138087,0.946313,-0.293131,0.03706,0.347364,0.47315,-0.162802,0.246555,-0.52259,-0.134167,0.122369,-0.009086,0.234219,-0.247747,-0.001335,-0.470775,-0.37075,-0.761829,0.319611,-0.009239,0.13846,-0.328772,-0.071237,-1.115019,0.705158,0.926544,0.510244,0.234253,0.690373,0.675794,0.419655,0.402131,-1.753567,-0.322446,0.697348,-1.124635,-0.016334,-0.586554,0.189356,0.652268,-1.022929,-0.539113,-0.249968,-0.875029
canon_Other_00654,0.05024,-0.042569,-0.000547,-0.045989,-0.045684,-0.023272,0.07731,0.047935,0.000729,-0.019486,0.001782,0.02193,-0.037296,0.192993,0.146828,-0.06312,0.056655,0.010263,-0.070128,0.007936,0.085472,0.027286,-0.132582,-0.022712,-0.107129,0.078381,-0.004252,0.000641,0.071334,-0.041942,0.02162,-0.023046,-0.012614,0.047657,-0.05563,-0.033187,-0.042415,-0.022275,0.006319,0.079225,-0.052851,0.038008,-0.043005,0.013389,0.057124,-0.000558,0.012609,0.045129,0.000866,-0.022784,-0.130666,0.018243,0.171979,0.094311,0.063069,0.04005,-0.047412,0.035079,-0.019601,-0.027205,0.072803,-0.065925,-0.074312,0.116151,0.217332,-0.073518,-0.094267,-0.0025,-0.087292,-0.178612,0.04118,-0.063089,-0.070116,-0.067944,0.054548,-0.022592,-0.116799,-0.009769,-0.049612,-0.006655,-0.001858,-0.103885,0.015815,0.022844,0.02025,-0.006784,0.015071,-0.058305,0.105196,0.008814,-0.063437,0.031577,-0.101478,0.061278,0.035982,0.027344,0.010454,-0.039409,-0.03061,-0.081279,-0.086583,-0.079064,0.006694,-0.059748,-0.120579,0.071581,-0.060721,-0.079943,0.069267,0.053833,0.042257,0.064116,0.053661,0.082438,-0.029741,0.126924,-0.181598,-0.06609,0.067576,-0.052603,-0.077845,-0.070643,0.024325,0.128922,-0.117427,-0.147913,0.137412,-0.021167
canon_Other_00655,0.032041,-0.010499,0.022695,-0.032435,-0.043354,-0.028086,0.064002,0.05502,0.029091,0.003235,0.011665,0.050948,-0.018465,0.163273,0.112913,-0.049259,0.05607,-0.002515,-0.088545,-0.002775,0.099733,0.034779,-0.113766,-0.057091,-0.125919,0.103637,-0.047795,0.030353,0.077473,-0.024779,0.031606,-0.023121,0.011542,0.014381,-0.068073,-0.048315,-0.030379,-0.029059,0.012146,0.063053,-0.111259,0.06873,-0.047769,-0.017971,0.028811,0.023276,0.009627,0.032669,-0.047226,-0.014379,-0.145035,0.023746,0.168721,0.120081,0.085067,0.031702,-0.063504,0.05299,-0.057661,-0.027657,0.075026,-0.062522,-0.075309,0.117357,0.214984,-0.079111,-0.091628,0.015623,-0.11085,-0.186289,0.060638,-0.095469,-0.068067,-0.075313,0.081023,0.021754,-0.138061,-0.004297,-0.069322,-0.065628,0.010585,-0.085481,0.012966,0.037685,0.004861,0.000697,0.009166,-0.116972,0.085873,-0.011129,-0.085704,0.084512,-0.085504,0.058285,0.032515,-0.004585,0.045843,-0.084317,-0.030937,-0.045857,-0.127631,-0.063789,-0.003881,-0.078114,-0.124453,0.05288,-0.022181,-0.057477,0.08581,0.0473,0.046317,0.042734,0.02875,0.058063,-0.016426,0.168168,-0.161861,-0.058794,0.068485,-0.061327,-0.072606,-0.088902,0.076493,0.114656,-0.108827,-0.154339,0.127923,-0.07257
canon_Other_00656,0.035225,-0.039807,0.005962,-0.056595,-0.049991,-0.024311,0.089521,0.032905,-0.022194,-0.016158,-0.01242,0.0305,-0.056395,0.231769,0.149451,-0.053733,0.062547,0.008347,-0.081329,-0.005353,0.073346,0.03246,-0.148729,-0.044585,-0.093965,0.085123,-0.00556,-0.004909,0.055832,-0.011983,0.006342,-0.037875,0.004416,0.034304,-0.052193,-0.038751,-0.057242,-0.01885,0.006363,0.090004,-0.049113,0.028431,-0.01394,0.017896,0.060007,-0.01908,0.006766,0.043003,-0.010938,-0.019026,-0.118491,0.028884,0.189571,0.059198,0.063727,0.04062,-0.054482,0.075023,-0.010274,0.007587,0.065532,-0.064409,-0.098959,0.112625,0.196069,-0.068425,-0.114211,-0.009094,-0.114439,-0.19392,0.054013,-0.080246,-0.059144,-0.061849,0.052035,-0.017805,-0.116802,-0.005503,-0.066823,0.026401,-0.004117,-0.091774,0.007985,0.029301,0.000388,0.011994,0.016141,-0.087027,0.09742,0.01489,-0.076244,0.076983,-0.116684,0.052477,0.04158,0.02735,0.0087,-0.0463,-0.037956,-0.103832,-0.079166,-0.080421,0.001976,-0.06609,-0.127777,0.07628,-0.033954,-0.067647,0.087968,0.081146,0.042075,0.069238,0.041514,0.107829,-0.063077,0.114986,-0.212891,-0.057412,0.052472,-0.008767,-0.077148,-0.061333,0.01307,0.11632,-0.086469,-0.121719,0.133741,-0.03742
canon_Other_00660,0.101207,-0.014076,0.039065,-0.06163,-0.017798,0.02489,0.081137,0.075712,0.05782,-0.053758,0.031745,0.048108,0.040727,0.11589,0.169189,-0.073246,0.006166,0.069587,-0.083892,-0.05294,0.069402,0.084198,-0.099403,-0.077466,-0.163283,0.083561,-0.02227,-0.002464,0.137193,-0.032058,0.023409,-0.01598,-0.003275,0.014777,-0.136303,-0.029836,0.023351,0.006017,0.039827,0.061717,-0.031265,0.024251,0.020055,-0.001975,0.083949,0.003937,-0.037956,-0.001976,-0.005351,-0.053159,-0.185667,0.03339,0.149504,0.144257,0.126576,0.066085,-0.036119,0.066634,-0.067786,-0.077582,0.028719,-0.058245,-0.128875,0.185871,0.234672,-0.097712,-0.034678,0.003942,-0.089848,-0.141191,0.057338,-0.020269,-0.083337,0.002056,0.088493,0.005767,-0.13097,0.127878,0.008955,0.041189,0.040383,-0.127083,0.046249,0.093271,0.020773,0.018914,-0.071342,-0.082802,0.113351,-0.014016,-0.080141,0.074789,-0.086904,0.110536,0.109733,0.017317,0.004552,-0.030118,-0.048761,-0.098284,-0.109688,-0.081984,-0.00356,-0.081217,-0.149109,0.067019,0.036311,-0.095245,0.076883,0.058315,0.050224,0.057492,0.058815,0.104927,-0.00585,0.094256,-0.189746,-0.036606,0.112738,-0.047334,-0.027991,-0.037979,0.009021,0.063529,-0.067179,-0.110838,0.150996,-0.031098
canon_Other_00661,0.101234,-0.026471,0.022539,-0.064276,-0.00958,-0.021104,0.066778,0.058086,0.024447,-0.033702,0.053211,0.022108,0.003224,0.124112,0.095482,-0.059671,0.043421,0.050801,-0.072193,-0.000458,0.116651,0.037418,-0.147456,-0.057482,-0.152551,0.075248,-0.014047,-0.017123,0.106682,-0.024669,0.033542,-0.027171,-0.027726,0.053387,-0.088634,-0.012856,-0.03131,-0.007944,0.012806,0.061785,-0.03648,0.039593,0.000533,-0.007509,0.033851,-0.017519,0.011397,0.016155,-0.032574,-0.057442,-0.156189,0.014599,0.187709,0.143412,0.12078,0.035164,-0.012175,0.062932,-0.068124,-0.03944,0.04661,-0.101474,-0.107725,0.153566,0.212532,-0.076699,-0.009731,-0.004086,-0.124328,-0.144884,0.039692,-0.055031,-0.073038,-0.036855,0.058692,-0.01534,-0.142269,0.016609,-0.025796,-0.000927,0.023894,-0.138686,0.043601,0.075707,0.024146,0.000681,-0.030451,-0.083253,0.093137,0.00602,-0.094012,0.060465,-0.095803,0.096335,0.082723,-0.016034,0.023305,-0.058193,-0.032233,-0.097906,-0.129428,-0.113129,0.011956,-0.086739,-0.095827,0.046669,-0.007418,-0.106945,0.063679,-0.000777,0.041849,0.066391,0.067454,0.066372,0.014455,0.091835,-0.172809,-0.03193,0.051748,-0.047117,-0.043378,-0.071557,0.039372,0.092548,-0.068663,-0.112504,0.185756,-0.055139
canon_Other_00662,0.132202,-0.01634,0.030467,-0.057886,-0.031888,-0.047107,0.124379,0.046209,-0.003373,-0.052429,0.078187,0.010334,0.008862,0.150692,0.066335,-0.057147,0.106117,0.069755,-0.070369,-0.034922,0.172307,0.044053,-0.174456,-0.085015,-0.154221,0.078897,-0.040792,0.000417,0.114938,0.010567,0.02311,-0.046884,0.019485,0.065834,-0.098419,-0.006534,-0.024944,0.028753,0.008426,0.035942,-0.014123,0.055914,0.024343,-0.031612,-0.002532,-0.046286,0.029082,0.022571,-0.075544,-0.048633,-0.121368,-0.061843,0.195548,0.133865,0.144833,-0.006423,-0.004706,0.078887,-0.099406,-0.031474,0.067574,-0.108514,-0.10779,0.14155,0.210018,-0.071558,-0.013706,-0.002057,-0.155796,-0.177644,0.013019,-0.078531,-0.066215,-0.039336,0.053973,-0.055314,-0.114209,-0.019617,-0.067799,-0.001996,0.016874,-0.10755,0.016442,0.079451,0.055969,0.006307,-0.007932,-0.136626,0.124185,0.043346,-0.133333,0.067986,-0.09331,0.138534,0.091398,-0.037572,0.041281,-0.098198,-0.03848,-0.10441,-0.185195,-0.136843,0.023869,-0.105043,-0.086143,0.021,-0.071591,-0.085273,0.06641,0.00389,0.046042,0.04237,0.014503,0.065226,0.009007,0.100367,-0.104852,-0.011605,0.037888,-0.069519,-0.075101,-0.074577,-0.002618,0.064015,-0.038572,-0.109887,0.181244,-0.045894
canon_Other_00664,0.039817,-0.031445,0.021524,-0.043402,-0.02225,-0.001583,0.041676,0.059275,0.06641,-0.011779,-0.009916,0.026302,0.009726,0.055817,0.113411,-0.042462,0.071344,0.012084,-0.037848,-0.032105,0.060479,0.037999,-0.090243,-0.03343,-0.090429,0.094144,-0.025369,-0.034583,0.094268,-0.0239,0.008558,0.00969,-0.01462,0.052191,-0.028971,0.004011,-0.019467,-0.037518,0.001199,0.056294,-0.124994,0.086038,-0.064253,0.019028,0.027617,-0.021101,-0.024995,0.024091,-0.03845,-0.013205,-0.108662,0.038963,0.14047,0.096581,0.075902,0.038503,-0.058564,0.042639,-0.009583,-0.041383,0.072555,-0.064383,-0.075724,0.112884,0.190041,-0.066433,-0.034152,-0.014397,-0.059783,-0.151082,0.012353,-0.068524,-0.080541,-0.063768,0.070199,-0.01794,-0.075503,0.038324,-0.021298,-0.028837,-0.004682,-0.119262,0.026344,0.043038,-0.00234,-0.066921,-0.001798,-0.076365,0.09454,0.017376,-0.062407,0.024882,-0.111213,0.034864,0.063392,-0.016144,0.005312,-0.065017,-0.047971,-0.044611,-0.048474,-0.107345,0.001508,-0.080832,-0.056738,0.040116,-0.058037,-0.094956,0.114803,0.066031,0.043976,0.033845,0.09979,0.031545,-0.04424,0.145686,-0.188448,-0.06002,0.072454,-0.032482,-0.012666,-0.067609,0.066965,0.1315,-0.138131,-0.116775,0.134658,-0.084872
canon_Other_00665,0.057132,-0.019827,0.039389,-0.050505,-0.018816,-0.012344,0.079177,0.049004,0.026195,-0.018102,0.049619,0.059343,0.009715,0.106743,0.128585,-0.054356,0.069493,0.025219,-0.044476,-0.039023,0.073788,0.062804,-0.088372,-0.02038,-0.108061,0.107015,-0.017383,0.0223,0.085315,-0.029488,0.011556,0.008362,-0.029709,0.046464,-0.046963,-0.033037,0.00143,0.000922,-0.00115,0.095245,-0.066065,0.088135,-0.046062,0.017815,0.021459,-0.027095,-0.033434,0.033708,-0.0218,-0.004199,-0.090531,0.025447,0.146329,0.094055,0.033361,0.053197,-0.02158,0.035614,-0.036263,-0.02375,0.069614,-0.074273,-0.092539,0.115269,0.213074,-0.115475,-0.079828,-0.027634,-0.056601,-0.139669,0.049005,-0.04016,-0.071565,-0.068122,0.056929,-0.013337,-0.084457,0.011546,-0.012412,-0.026865,0.031717,-0.103449,-0.001733,0.05723,0.006328,0.001181,-0.000505,-0.098086,0.075966,0.031509,-0.069501,0.057866,-0.086278,0.073741,0.0528,-0.02736,-0.003345,-0.092884,-0.014433,-0.062696,-0.082773,-0.125316,0.02705,-0.068571,-0.056077,0.0345,-0.060618,-0.113423,0.130079,0.079214,0.067291,0.0256,0.086719,0.061464,-0.036563,0.124898,-0.179511,-0.049885,0.099177,-0.055475,-0.026079,-0.064523,0.02951,0.116326,-0.159378,-0.148317,0.09508,-0.079589
canon_Other_00666,0.07705,-0.022366,-0.00483,0.002469,-0.057847,-0.028837,0.085703,0.058033,0.046459,0.010983,0.016949,0.016079,0.028553,0.141508,0.123468,-0.078732,0.043669,0.038426,-0.097329,0.008016,0.073437,0.031651,-0.10786,0.009587,-0.120614,0.088054,-0.042865,0.00487,0.094036,-0.010993,0.004372,0.046376,-0.002859,0.049576,-0.018028,-0.064812,-0.006398,-0.006993,0.013402,0.111926,-0.115841,0.081028,0.001594,0.008021,0.027836,-0.014122,-0.031003,0.039446,0.005988,-0.00797,-0.094731,0.013287,0.186135,0.073772,0.067629,0.051066,-0.025388,0.036422,-0.054333,-0.042666,0.059242,-0.082037,-0.086219,0.136169,0.187754,-0.104107,-0.065619,-0.033787,-0.044544,-0.154322,0.038943,-0.018589,-0.067905,-0.046734,0.074363,-0.022244,-0.068949,0.050328,-0.039432,-0.030733,0.024827,-0.14653,0.03696,0.030433,0.0212,0.001622,0.023928,-0.047691,0.089542,0.036366,0.002456,0.020557,-0.121606,0.04801,0.078324,-0.039115,-0.001071,-0.116901,-0.000774,-0.05067,-0.084974,-0.107286,0.017182,-0.067495,-0.087272,0.053254,-0.039574,-0.097565,0.086547,0.058407,0.053851,0.053486,0.061647,0.069674,-0.036316,0.10993,-0.169805,-0.036995,0.024859,-0.03436,-0.037804,-0.060819,0.058717,0.135763,-0.097325,-0.121399,0.098726,-0.077725
canon_Other_00667,0.061227,-0.022697,0.008206,-0.064721,-0.035821,0.025242,0.067307,0.027162,0.036023,-0.039581,-0.031704,0.008047,-0.002155,0.099005,0.137117,-0.065817,0.054558,0.026714,-0.08614,-0.057644,0.058176,0.03189,-0.122579,-0.021037,-0.094861,0.071017,0.022453,0.005958,0.082815,-0.028059,0.018611,-0.025152,-0.022215,0.006161,-0.085348,-0.065803,-0.050285,-0.006122,0.028798,0.023243,-0.068113,0.055034,-0.068093,0.005594,0.069936,-0.021881,0.006151,0.026317,-0.017893,-0.0234,-0.147954,-0.003382,0.151165,0.137047,0.050153,0.059119,-0.05033,0.061875,-0.038973,-0.038513,0.082184,-0.031686,-0.085562,0.120144,0.150068,-0.04965,-0.110625,-0.003449,-0.09354,-0.16801,0.024507,-0.063128,-0.071922,-0.039765,0.064338,0.033216,-0.091553,0.036877,-0.005962,-0.029431,0.001083,-0.099203,0.058594,0.00725,0.000596,-0.007314,-0.009865,-0.088927,0.105646,0.022706,-0.096005,0.05313,-0.128037,0.05073,0.03695,0.01629,0.069005,-0.000472,-0.049598,-0.054654,-0.067888,-0.082436,-0.00881,-0.050223,-0.097149,0.078736,-0.060508,-0.110361,0.070819,0.025329,0.05729,0.047931,0.064135,0.080961,-0.00713,0.075581,-0.18718,-0.069633,0.052126,-0.04458,-0.016722,-0.056178,0.054855,0.12808,-0.097759,-0.109331,0.142762,-0.070635
canon_Other_00670,0.049287,-0.019004,0.023361,-0.075106,-0.056465,-0.021865,0.049796,0.058221,0.034683,0.010973,0.012347,0.03039,-0.016998,0.095488,0.113262,-0.049344,0.070456,0.033712,-0.060098,-0.01633,0.06536,0.0499,-0.141652,-0.055188,-0.091411,0.084343,-0.036333,0.004036,0.05306,-0.015986,0.019128,-0.029817,-0.02751,0.027815,-0.040956,-0.03135,-0.013734,-0.016725,0.037781,0.055319,-0.096305,0.069397,-0.032066,0.010207,0.019844,-0.008849,-0.028502,0.02167,0.008563,-0.03079,-0.104589,0.036918,0.150526,0.097769,0.099743,0.065498,-0.059161,0.084142,-0.027319,-0.013519,0.067785,-0.08476,-0.104563,0.13532,0.201402,-0.087275,-0.102167,-0.006476,-0.065309,-0.158717,0.008264,-0.066717,-0.04413,-0.073885,0.06151,-0.029512,-0.070977,-0.01321,-0.015035,0.001001,0.010999,-0.108353,0.019941,0.058536,-0.008549,-0.008109,0.026495,-0.067949,0.087693,0.02985,-0.069505,0.031483,-0.131182,0.072601,0.069005,0.015512,0.002717,-0.059414,-0.035682,-0.063106,-0.087845,-0.092946,0.051195,-0.038013,-0.103534,0.071882,-0.040601,-0.091048,0.074968,0.032556,0.048979,0.028202,0.059857,0.078913,-0.023386,0.119511,-0.175368,-0.028902,0.076088,-0.045128,-0.033949,-0.065401,0.080087,0.092831,-0.123004,-0.114556,0.145943,-0.084751
canon_Other_00671,0.056354,-0.008231,0.030772,-0.058639,-0.031316,0.00828,0.037462,0.063043,0.020751,-0.014804,-0.035385,0.004731,-0.01255,0.110999,0.139181,-0.069841,0.058365,0.032755,-0.087507,-0.025182,0.040552,0.053981,-0.102731,-0.010682,-0.087922,0.077683,0.003992,0.020919,0.098004,-0.010528,0.00359,-0.005531,-0.059152,0.037459,-0.058696,-0.050133,-0.022449,0.007679,0.018354,0.078924,-0.080269,0.064301,-0.027498,0.049406,0.041416,-0.001986,-0.014338,0.031691,-0.004562,-0.027728,-0.107674,0.047034,0.144225,0.103023,0.028823,0.075696,-0.073047,0.072398,-0.021366,-0.022859,0.072131,-0.047465,-0.070754,0.121444,0.180024,-0.085471,-0.108349,-0.022353,-0.063811,-0.182898,0.051773,-0.073109,-0.087183,-0.051273,0.080604,-0.003497,-0.074273,0.026604,-0.014008,-0.000776,0.002015,-0.097163,0.023895,0.026879,-0.015429,-0.001618,0.018321,-0.036236,0.084306,0.025603,-0.061588,0.030433,-0.083589,0.03892,0.062873,0.010108,0.005468,-0.050476,-0.043091,-0.075869,-0.06969,-0.089431,0.028523,-0.011894,-0.095942,0.051634,-0.037935,-0.114434,0.074539,0.059288,0.040361,0.033483,0.090351,0.062213,-0.034622,0.085281,-0.176936,-0.065082,0.069931,-0.041108,-0.02903,-0.060082,0.0499,0.134903,-0.122908,-0.100205,0.094824,-0.068289
canon_Other_00672,0.117723,-0.054244,0.035515,-0.070233,-0.02497,0.02835,0.07092,0.025517,-0.004851,-0.058056,0.001766,-0.006408,-0.027365,0.174196,0.091303,-0.119078,0.048654,0.009653,-0.082664,-0.081258,0.032753,0.034011,-0.119093,-0.015838,-0.110496,0.1611,0.044976,0.060706,0.089798,0.016912,0.00861,0.025608,-0.015063,-0.028451,-0.076369,-0.123264,-0.039148,0.022215,-0.076274,0.061715,-0.069581,0.072222,-0.072485,0.038893,0.039937,-0.054807,-0.005282,0.005399,0.007988,-0.028475,-0.169956,0.022431,0.203364,0.105598,0.001878,0.066829,-0.082674,0.101264,-0.060359,0.007639,0.114424,-0.039641,-0.017676,0.178046,0.201413,-0.085005,-0.137029,-0.035666,-0.12655,-0.198723,0.059895,-0.093544,-0.088023,-0.086788,0.058145,0.023968,-0.094237,0.033954,-0.035735,-0.073862,0.046185,-0.128914,0.037503,0.045835,-0.036171,0.030879,0.017592,-0.105057,0.05799,0.057267,-0.089017,0.101952,-0.093878,0.131283,0.045264,0.023727,0.03079,-0.079893,0.029597,-0.089578,-0.098297,-0.087371,-0.002628,-0.033359,-0.141188,0.088025,-0.059307,-0.048595,0.102619,0.072044,0.090463,0.047259,0.084164,0.092214,-0.001442,0.096121,-0.119849,-0.104374,0.091178,-0.00724,0.036134,-0.116861,0.082298,0.092453,-0.098632,-0.127953,0.137813,-0.095623
canon_Other_00673,0.084363,-0.044197,0.031612,-0.036627,-0.03848,-0.004363,0.084023,0.037925,0.011894,-0.021483,0.007087,0.051848,-0.01973,0.136307,0.116791,-0.054108,0.034308,0.06764,-0.07126,-0.032209,0.094651,0.032479,-0.100179,-0.043078,-0.103166,0.100123,-0.02616,0.02344,0.071734,0.003572,0.019834,0.001711,-0.013773,0.033215,-0.041877,-0.069335,-0.023768,0.017911,0.008735,0.081091,-0.079123,0.083487,-0.0452,-0.004121,0.055422,-0.017953,-0.00129,0.034373,-0.028513,-0.010802,-0.105403,0.011153,0.166741,0.093644,0.060491,0.062987,-0.01691,0.027116,-0.023644,-0.024028,0.061802,-0.078938,-0.103829,0.129135,0.186176,-0.066987,-0.097925,-0.012369,-0.093977,-0.164365,0.012636,-0.064332,-0.036368,-0.063429,0.050376,-0.005943,-0.086459,0.044811,-0.045153,-0.021728,0.01447,-0.113009,0.028401,0.038133,0.016724,-0.014946,0.02518,-0.076865,0.08592,0.038852,-0.063215,0.034318,-0.112761,0.02845,0.057114,-0.011642,0.011094,-0.072884,-0.00909,-0.087734,-0.123404,-0.108737,0.011991,-0.046656,-0.108206,0.053859,-0.059329,-0.102175,0.07151,0.040925,0.055448,0.025775,0.056441,0.083115,-0.029561,0.102612,-0.172383,-0.024075,0.060455,-0.04869,-0.052763,-0.052564,0.035159,0.116051,-0.129382,-0.115394,0.103147,-0.080813
canon_Other_00674,0.064416,-0.042257,0.01331,-0.046654,-0.047729,-0.022719,0.081798,0.030586,0.001827,0.006157,-0.005346,0.008207,-0.010693,0.105312,0.122231,-0.040931,0.053301,0.039416,-0.078632,0.001229,0.089345,0.025994,-0.106733,-0.025993,-0.095884,0.054715,0.00249,0.001541,0.063304,-0.014979,0.034603,0.004983,0.006715,0.062821,-0.070328,-0.040171,-0.030656,-0.015278,0.017116,0.060072,-0.069593,0.069256,-0.040539,0.022877,0.032286,8.7e-05,0.002166,0.054162,-0.017567,-0.015157,-0.102032,0.006655,0.162271,0.085787,0.045187,0.036762,-0.027476,0.005678,-0.018749,-0.029738,0.060304,-0.045937,-0.108973,0.098995,0.19343,-0.082973,-0.072492,-0.01235,-0.085814,-0.156534,0.033722,-0.044964,-0.038834,-0.053985,0.045669,0.005999,-0.100933,-0.012928,-0.028621,-0.007033,0.025904,-0.120643,0.026799,0.022941,0.015962,-0.029742,0.013159,-0.065158,0.087746,-0.0071,-0.048528,0.010629,-0.108309,0.033184,0.033495,-0.011788,0.039366,-0.041257,-0.047124,-0.056915,-0.098809,-0.104227,0.039551,-0.06464,-0.074791,0.068548,-0.050273,-0.079507,0.093458,0.040981,0.028323,0.035577,0.063171,0.074662,-0.032656,0.126027,-0.196997,-0.032876,0.043436,-0.050017,-0.047485,-0.042358,0.049874,0.134956,-0.103337,-0.123703,0.14248,-0.071274
canon_Other_00675,0.066287,-0.020657,0.065885,-0.045485,-0.025609,-0.027165,0.079224,0.059382,0.024179,-0.004889,0.007999,0.036769,-0.008118,0.108871,0.085939,-0.049957,0.04184,0.070669,-0.0698,0.003782,0.079528,0.052237,-0.105732,-0.060902,-0.106953,0.06515,-0.015941,0.016351,0.064648,-0.012223,0.019123,0.023959,-0.029429,0.034702,-0.053066,-0.068416,-0.035011,-0.004033,-0.010173,0.06494,-0.113247,0.073813,-0.075806,0.00374,0.053797,0.038118,-0.018857,0.041752,-0.029414,-0.017303,-0.151002,0.053663,0.144329,0.114394,0.067894,0.058143,-0.030072,0.044807,-0.028443,-0.044213,0.057937,-0.084527,-0.111988,0.129357,0.206067,-0.065508,-0.073627,0.001038,-0.085788,-0.126124,0.011626,-0.041342,-0.056406,-0.096188,0.076541,0.017672,-0.100702,0.045077,-0.039744,-0.032289,0.022141,-0.094733,0.034645,0.047432,0.012793,-0.005971,-0.009459,-0.084749,0.062892,0.051415,-0.079761,0.035667,-0.110161,0.0276,0.043575,-0.003332,0.048108,-0.067254,-0.014744,-0.046164,-0.095958,-0.108169,0.032869,-0.087368,-0.096086,0.076604,-0.069061,-0.10131,0.069919,0.030785,0.055344,0.025168,0.070205,0.053953,-0.01501,0.128693,-0.195703,-0.063158,0.039675,-0.04282,-0.004853,-0.038983,0.105464,0.140774,-0.129898,-0.111005,0.113779,-0.064592
canon_Other_00678,0.048222,-0.015092,0.051802,-0.056553,-0.002244,-0.011596,0.068589,-0.011635,0.023523,-0.036869,-0.009214,0.016067,-0.016936,0.073931,0.125729,-0.052537,0.073859,0.004439,-0.084422,-0.086963,0.015567,0.039254,-0.156652,-0.027234,-0.106856,0.091597,0.000197,0.04824,0.043321,-0.027039,0.018059,-0.053173,0.003746,-0.034729,-0.051432,-0.056541,-0.020155,-0.004278,-0.004122,0.049025,-0.127914,0.068425,-0.054843,0.089379,-0.005572,0.034215,0.009948,0.018749,-0.012434,-0.027542,-0.164584,0.039434,0.175227,0.131912,0.010705,0.091471,-0.064967,0.074398,-0.069862,0.005878,0.120779,-0.064335,-0.100206,0.135666,0.179458,-0.113033,-0.098454,0.0077,-0.086448,-0.141652,0.020513,-0.099082,-0.101222,-0.10927,0.074383,0.004434,-0.110557,-0.017207,-0.009348,-0.033072,0.042516,-0.135521,0.052507,0.058051,-0.045572,0.048693,-0.042386,-0.105523,0.094901,0.030811,-0.089739,0.101535,-0.100986,0.099019,0.024277,-0.017872,0.045245,-0.058764,-0.095348,-0.055826,-0.084337,-0.106848,0.0398,-0.029732,-0.068083,0.054271,-0.007475,-0.140245,0.106449,0.05337,0.096543,0.007269,0.130004,0.027308,0.011283,0.059619,-0.211462,-0.084331,0.078043,-0.038268,0.003819,-0.06138,0.065897,0.156952,-0.152624,-0.139406,0.138635,-0.14792
canon_Other_00679,0.048825,-0.034987,0.027664,-0.081706,-0.014337,-0.018803,0.054169,-0.006823,-0.006721,-0.066355,-0.009498,0.0037,-0.026515,0.085505,0.075507,-0.020228,0.048325,0.005851,-0.132781,-0.118372,0.030353,0.032694,-0.131508,-0.009695,-0.108161,0.060272,0.009118,0.008852,0.032269,-0.035529,0.041104,-0.108824,0.0357,-0.041216,-0.101575,-0.01834,-0.036469,-0.057603,-0.000672,0.054059,-0.107513,0.064828,-0.051799,0.061824,-0.037271,0.039611,0.027196,0.006034,-0.005931,-0.067971,-0.148627,0.000894,0.208599,0.146512,0.059771,0.044684,-0.045734,0.069037,-0.087176,0.04275,0.120393,-0.063421,-0.126827,0.135382,0.176965,-0.097623,-0.059599,0.020993,-0.124294,-0.164533,0.011886,-0.099693,-0.07623,-0.112406,0.070619,0.001622,-0.155783,-0.039403,-0.029077,-0.009316,0.029741,-0.147497,0.095296,0.042777,-0.017165,0.041923,-0.045775,-0.080481,0.078024,-0.008054,-0.073481,0.135412,-0.061259,0.116141,0.043327,-0.041467,0.029394,-0.047294,-0.095945,-0.098119,-0.071592,-0.111999,0.03996,-0.012051,-0.082557,0.044711,0.012304,-0.10009,0.081427,0.037681,0.074142,0.046376,0.14879,0.006493,0.022879,0.081073,-0.221413,-0.045439,0.070257,-0.017741,-0.008058,-0.070817,0.053937,0.157225,-0.13044,-0.166889,0.192295,-0.127861
canon_Other_00680,-0.000822,0.002948,0.064414,-0.048097,-0.02071,-0.059938,0.105318,-0.026476,0.011326,-0.02595,0.027733,0.013199,-0.013799,0.110954,0.145816,-0.076143,0.112508,0.017024,-0.053916,-0.098632,-0.012668,0.039168,-0.233487,-0.034354,-0.113292,0.074942,-0.029424,0.098801,0.036458,-0.01321,-0.030218,-0.040291,0.020567,-0.041036,-0.015367,-0.051531,-0.012784,0.014839,-0.05264,0.035973,-0.116982,0.066599,-0.069204,0.139015,-0.016778,0.042426,-0.013118,-0.021751,0.00831,-0.005616,-0.177548,0.076825,0.127286,0.135468,0.003457,0.045979,-0.123907,0.104586,-0.094409,0.003976,0.137177,-0.101398,-0.07343,0.078038,0.193309,-0.125551,-0.150965,0.008003,-0.065708,-0.134308,0.009113,-0.1208,-0.165404,-0.12636,0.076244,0.005448,-0.084312,-0.063212,-0.023028,-0.065738,0.060439,-0.134307,0.028914,0.095598,-0.028424,0.057024,-0.028605,-0.156764,0.087278,0.098206,-0.113008,0.128755,-0.126662,0.130532,0.031536,0.006426,0.035234,-0.107246,-0.065763,-0.041214,-0.114785,-0.126342,0.044076,-0.03254,-0.069641,0.077823,-0.014325,-0.131336,0.112427,0.047867,0.124184,-0.0038,0.131555,0.04892,0.014743,0.028685,-0.196485,-0.129826,0.038242,-0.026911,0.004184,-0.089127,0.073881,0.097199,-0.148201,-0.128964,0.11411,-0.141192
canon_Other_00686,0.487622,-0.339262,-0.836117,-0.69751,0.136199,0.318688,0.339524,0.032534,0.198014,0.176655,-0.575806,-0.388107,0.063473,0.526509,0.743465,0.23015,1.198576,0.099291,-0.384109,-0.015442,-0.06536,-0.422885,-1.685539,-0.215444,-0.572889,0.2383,-0.844578,-0.802799,0.896598,-0.069767,0.156942,-0.210801,0.219663,0.856867,0.245312,0.359367,-0.389912,0.005798,0.297309,0.623381,-0.796947,0.151709,0.127383,0.666045,0.202631,-1.049914,-0.362193,-0.038789,-0.143454,-0.691442,-0.26957,-0.104457,0.90347,0.554103,0.122373,-0.248801,-0.454417,1.042312,-0.436614,-0.735285,0.609323,-0.438572,-0.742171,0.464567,0.718202,0.028112,-0.72307,-0.164892,-0.658307,-1.355168,0.434661,-0.690151,-0.21035,-0.057694,0.697129,0.005893,-0.175232,-0.631684,-0.074241,0.297181,-0.282559,-0.948134,0.065758,0.075025,0.313666,0.037289,-0.782196,-0.181833,0.466347,-0.100693,-0.226418,0.210591,-0.946211,0.057284,0.642191,0.237822,0.379443,0.456519,-0.477868,-0.550903,0.387517,-0.666754,-0.137542,-0.414816,-0.350705,0.356017,-0.047956,-0.297985,1.289604,0.147702,-0.16733,0.768743,0.300025,0.152798,-0.297018,0.629995,-0.984606,-0.170082,-0.2213,0.306521,-0.21775,0.321787,0.286715,0.590877,-0.263318,-0.242448,0.83289,-0.438631
canon_Other_00687,0.479562,-0.330862,-0.822257,-0.732802,0.126912,0.30322,0.350351,0.020293,0.218834,0.165646,-0.580654,-0.420146,0.031765,0.505225,0.753711,0.202907,1.243947,0.052063,-0.411268,-0.009474,-0.029307,-0.416285,-1.677301,-0.188996,-0.6177,0.28907,-0.807391,-0.808802,0.88751,-0.078316,0.150921,-0.206949,0.181927,0.83785,0.231964,0.372979,-0.419973,0.010414,0.305576,0.612359,-0.792734,0.170093,0.118084,0.694204,0.183842,-1.083108,-0.355461,-0.049237,-0.176655,-0.692006,-0.255828,-0.122057,0.916953,0.609983,0.10353,-0.256211,-0.465778,1.035751,-0.449529,-0.700742,0.58026,-0.411838,-0.71677,0.43249,0.671431,0.019945,-0.730285,-0.180402,-0.675509,-1.347996,0.439124,-0.712274,-0.192143,-0.049431,0.714842,0.042893,-0.187478,-0.646088,-0.061613,0.254837,-0.250006,-0.959671,0.080253,0.081177,0.262415,-0.001751,-0.750715,-0.223292,0.47127,-0.083783,-0.230742,0.234591,-0.918456,0.05517,0.624125,0.26102,0.370457,0.441043,-0.491433,-0.578234,0.401442,-0.707002,-0.135455,-0.402314,-0.313689,0.339174,-0.052053,-0.34554,1.267452,0.163837,-0.194287,0.744699,0.30355,0.10395,-0.335275,0.628261,-0.951124,-0.203136,-0.209177,0.2892,-0.180449,0.327391,0.28315,0.614295,-0.241463,-0.267275,0.852772,-0.44264
canon_Other_00688,0.052479,-0.01456,0.044782,-0.067074,-0.04901,-0.030511,0.050719,0.059413,0.041565,0.00218,-0.007501,0.003622,0.01202,0.081708,0.079974,-0.079417,0.05195,0.048083,-0.077398,-0.014182,0.076879,0.033815,-0.109025,-0.041835,-0.103696,0.069347,-0.008114,-0.026798,0.076453,-0.017698,0.008008,0.028729,-0.043919,0.04439,-0.03599,-0.037266,0.00368,0.006855,0.043627,0.042325,-0.09514,0.068083,-0.032331,0.025934,0.041002,-0.011408,-0.01285,0.011865,0.0096,-0.02079,-0.125529,0.043389,0.15358,0.135556,0.087379,0.052811,-0.057077,0.049124,-0.011104,-0.036847,0.06705,-0.062968,-0.081913,0.110051,0.174578,-0.080303,-0.062234,-0.022456,-0.044029,-0.169894,0.046955,-0.052389,-0.056642,-0.049306,0.067095,-0.023569,-0.060725,0.015218,-0.001543,-0.020221,0.02071,-0.125443,0.044182,0.020765,-0.007735,0.005422,0.024488,-0.061144,0.091424,0.00378,-0.060213,0.049392,-0.123055,0.019289,0.063328,0.025679,0.038103,-0.060823,-0.049055,-0.045216,-0.082477,-0.043439,0.019977,-0.042926,-0.085334,0.07343,-0.036865,-0.110399,0.055101,0.044029,0.058169,0.039778,0.045023,0.064918,-0.040388,0.107533,-0.175775,-0.06746,0.055302,-0.029978,-0.033285,-0.044635,0.085115,0.111268,-0.098143,-0.116359,0.138233,-0.059568
canon_Other_00689,0.087469,0.02407,0.022787,-0.032855,-0.057358,-0.026862,0.075727,0.075077,0.075397,0.026109,-0.000548,0.015604,0.024669,0.11434,0.102822,-0.046057,0.052544,0.03825,-0.093611,0.003462,0.088319,0.046793,-0.10399,-0.054766,-0.125161,0.079704,-0.015135,-0.028442,0.072502,0.024189,0.008342,0.011364,-0.047451,0.022272,-0.068264,-0.04767,-0.021291,0.023984,0.023035,0.058719,-0.09056,0.088549,-0.026456,-0.023513,0.031624,-0.009363,-0.041364,0.043237,-0.010176,-0.014174,-0.11523,0.012496,0.150949,0.082435,0.072111,0.073478,-0.018828,0.060929,-0.046062,-0.032999,0.032751,-0.057606,-0.135314,0.112287,0.205472,-0.11536,-0.084641,-0.029193,-0.076209,-0.140689,0.01836,-0.013044,-0.053275,-0.034587,0.077321,-0.015942,-0.069876,0.07284,-0.028825,0.01685,0.013759,-0.119793,0.022173,0.010686,0.031114,0.002883,0.005525,-0.060697,0.074219,0.016294,-0.074141,0.017535,-0.133967,0.029149,0.064432,0.003275,0.019602,-0.048674,-0.016784,-0.073697,-0.117529,-0.119861,0.04509,-0.03809,-0.076264,0.035149,-0.047916,-0.093926,0.054272,0.052128,0.043235,0.054715,0.076149,0.098838,-0.027102,0.135865,-0.212845,-0.046784,0.06243,-0.017856,-0.011416,-0.072926,0.05998,0.099355,-0.079961,-0.114192,0.156292,-0.08475
canon_Other_00690,0.261087,-0.305665,-0.067951,-0.243721,0.001672,0.088961,-0.013728,-0.065614,-0.337801,-0.193979,-0.060246,0.006657,-0.352616,0.282437,0.419388,-0.421502,-0.0201,0.082588,-0.111845,-0.423722,-0.124485,-0.097033,-0.171904,0.248915,0.098414,0.338664,0.347684,0.082339,0.35504,-0.301568,0.066021,-0.002129,-0.00313,0.105105,-0.030558,-0.161257,-0.179184,0.110885,-0.017688,0.115775,0.031478,0.068894,-0.20532,0.245237,0.272278,-0.314933,-0.169764,-0.008165,0.138926,0.00334,-0.279401,-0.059715,0.424351,0.269028,0.104861,0.200242,-0.17918,-0.191651,0.029832,0.06032,0.350269,0.110577,0.103725,0.541552,0.144298,0.004051,-0.206169,0.010118,-0.03966,-0.531302,0.183882,-0.207249,-0.033464,-0.254082,0.022172,0.175912,-0.309429,0.157679,-0.003608,0.006933,-0.09051,-0.220803,0.188259,-0.048677,-0.184855,-0.199645,0.101957,-0.099804,0.27038,-0.024997,-0.030319,0.010443,-0.074706,0.155252,-0.021941,0.023135,-0.106709,0.011292,-0.149609,-0.095995,0.059186,-0.174616,-0.275382,0.096215,-0.034716,0.290712,-0.183952,-0.39168,0.160911,0.184856,0.177699,0.077432,0.297334,0.101423,-0.097499,0.117794,-0.253875,-0.055516,0.348115,0.026048,0.020426,-0.008543,-0.213012,0.412307,-0.267483,-0.444521,0.154372,-0.175989
canon_Other_00691,0.062712,-0.043427,0.020546,-0.020829,-0.022144,-0.012255,0.066696,0.056395,0.046284,-0.023707,0.022572,0.011649,-0.003932,0.119239,0.128068,-0.062624,0.055756,0.033426,-0.057315,-0.008781,0.076878,0.063698,-0.098721,-0.020289,-0.095192,0.117858,-0.030978,0.015706,0.078966,-0.022401,-0.003889,0.003101,-0.003002,0.03334,-0.013503,-0.042235,-0.006845,-0.024621,0.015033,0.088231,-0.087914,0.08336,-0.016712,0.020174,0.014383,-0.008111,-0.011797,0.016886,-0.00376,-0.016147,-0.085091,0.013088,0.132589,0.067586,0.062425,0.04708,-0.03814,0.04068,-0.029081,-0.042673,0.077033,-0.08318,-0.086107,0.128271,0.171999,-0.071824,-0.086857,0.00018,-0.060161,-0.145104,0.016763,-0.070197,-0.090087,-0.080288,0.073672,-0.010115,-0.067733,0.025094,-0.01242,0.000989,0.007861,-0.103175,0.031144,0.05638,0.007247,-0.016938,0.001039,-0.072467,0.086087,0.046384,-0.052398,0.035063,-0.102951,0.056329,0.076246,-0.023092,-0.004994,-0.101234,-0.02738,-0.068428,-0.061583,-0.111436,0.029102,-0.063987,-0.071315,0.04774,-0.052808,-0.091962,0.124421,0.065331,0.054532,0.030327,0.068504,0.039221,-0.033446,0.123731,-0.142897,-0.037745,0.072785,-0.051386,-0.032086,-0.034124,0.041447,0.113927,-0.148187,-0.107305,0.081084,-0.057498
canon_Other_00692,-0.022479,0.304318,0.429308,-0.536811,-0.347913,0.215348,0.023307,1.081955,0.413152,-0.00277,-0.128215,0.213418,0.085559,0.317713,0.600099,-0.015077,0.752114,0.067521,-0.269245,-0.482428,-0.316819,0.224704,-0.318026,-0.676834,0.101477,0.43027,0.137827,-0.206484,0.477067,-0.139975,0.024016,-0.362477,-1.132569,0.091237,-0.899499,0.050563,-0.13088,-0.018809,0.362306,-0.256319,-0.010801,0.093679,-0.168281,-0.324997,0.111649,0.427208,-0.461004,-0.015106,0.081044,-0.408479,-0.59128,0.116668,0.311955,0.165994,0.490781,0.346867,-0.154216,0.415626,0.263956,-0.46541,0.492829,0.021449,-0.901049,0.816163,1.878992,-0.866775,-1.272396,-0.191434,-0.32936,-1.069561,-0.405975,0.261979,-0.267592,-0.130777,-0.044565,-0.508184,-0.114537,0.736615,-0.051185,0.696893,-0.531983,0.084191,0.116029,-0.128874,0.157058,0.107706,-0.332944,0.160968,0.567648,0.026096,-0.82008,-0.275278,-0.56063,0.160876,0.095322,0.254217,-0.338471,0.271392,-0.31349,-0.471395,0.035725,-0.502731,0.338933,0.014732,-0.297856,-0.420398,-1.040014,-0.423464,0.765255,0.618876,0.416463,-0.051086,0.784801,1.232242,-0.30328,1.031555,-1.347552,-0.613568,1.176097,-0.35398,0.05133,-0.624382,0.458695,0.37069,-0.942678,-0.554451,0.649189,-0.701629
canon_Other_00694,0.10536,0.140704,0.178447,-0.185111,-0.000252,0.041657,0.121758,0.197201,0.09941,-0.117052,-0.002825,0.01662,-0.033392,0.347986,0.154084,-0.215878,0.293831,0.104276,-0.160319,0.02847,0.114718,0.090287,-0.199827,-0.085789,-0.353953,-0.04541,-0.290251,0.113365,0.061552,0.159361,-0.032515,0.219261,-0.17159,-0.019411,0.080266,-0.047446,0.023918,0.093765,-0.00198,0.027935,-0.220132,0.046554,0.13729,-0.012814,0.029196,-0.115399,0.022119,-0.06331,-0.001274,0.107661,-0.220354,0.139883,0.277549,0.338886,-0.032522,0.082353,-0.022987,0.415746,-0.106295,-0.006969,0.115807,-0.06612,-0.083363,0.194804,0.307334,-0.084786,-0.283802,0.095488,-0.2491,-0.085789,0.189421,-0.178188,0.006883,-0.209312,0.144676,0.039308,-0.002091,-0.092619,-0.098717,0.080835,0.190073,-0.065697,0.034581,0.036968,-0.074412,0.089704,0.159536,-0.087908,-0.069121,0.098418,-0.165752,0.009437,-0.281238,0.066765,0.179669,0.166659,0.03731,-0.271992,-0.009697,-0.069397,-0.266913,0.054341,-0.043741,-0.045743,-0.273974,0.145399,-0.01425,-0.092136,-0.111694,0.135354,0.216527,0.106543,-0.063733,0.196309,0.001682,0.053928,-0.154905,-0.003828,0.192404,0.029524,-0.058036,-0.122502,0.128895,0.006399,-0.033488,-0.029551,-0.100107,-0.109464
canon_Other_00695,0.078667,0.032029,-0.007612,-0.052257,-0.011974,-0.020098,0.047861,0.016934,-0.009484,-0.025659,0.06236,0.026051,-0.005707,0.05884,0.095043,-0.042862,0.028841,0.058034,-0.073324,-0.051569,0.093293,-0.017932,-0.138725,-0.001486,-0.109631,0.122733,0.001634,0.020041,0.086095,0.019277,0.003235,-0.010541,-0.027059,0.012989,-0.048183,-0.050748,-0.041925,0.069383,0.032986,0.06709,-0.057008,0.127159,-0.079034,-0.018253,0.019967,-0.008817,0.016003,0.039131,-0.027114,-0.030398,-0.109259,0.007298,0.115257,0.19097,0.086788,-0.0096,-0.012799,-0.006042,-0.089483,-0.026096,0.075256,-0.09686,-0.053054,0.128197,0.142403,-0.114402,-0.075851,0.018273,-0.107433,-0.168924,0.017553,-0.067254,-0.071429,-0.064236,0.066287,0.00638,-0.043302,0.012371,-0.041886,-0.069848,0.052128,-0.12216,0.0061,0.044967,-0.001774,-0.007235,-0.051328,-0.097247,0.073796,0.009398,-0.113703,0.093392,-0.165968,0.046629,0.083722,-0.093473,0.045739,-0.066317,-0.021567,-0.087928,-0.173892,-0.118584,0.015881,-0.010727,-0.057619,0.066468,-0.025375,-0.193048,0.107252,-0.012253,0.026395,0.03411,0.037467,0.030398,0.068804,0.115989,-0.172601,-0.077861,0.058485,-0.069872,-0.044169,-0.020886,0.069988,0.132005,-0.105298,-0.147051,0.13525,-0.162054
canon_Other_00697,0.041281,-0.016833,0.036777,-0.056087,-0.039601,-0.025916,0.044567,0.067567,0.035672,-0.012884,0.013507,0.035376,0.003152,0.11293,0.124499,-0.063612,0.062803,0.023418,-0.046325,-0.005337,0.077906,0.054418,-0.103,-0.034249,-0.10209,0.103173,-0.032685,0.009578,0.064932,-0.009001,0.003422,-0.017462,-0.034006,0.02699,-0.024026,-0.025863,0.000792,-0.003795,0.017579,0.087654,-0.09066,0.077508,-0.026702,0.029948,0.017488,0.00028,-0.012585,0.020903,0.000574,-0.010274,-0.104664,0.046736,0.110673,0.079921,0.059922,0.045297,-0.063733,0.059102,-0.023475,-0.024516,0.062699,-0.083163,-0.090993,0.122001,0.198798,-0.095007,-0.07414,-0.008904,-0.060144,-0.136619,0.038504,-0.07805,-0.071537,-0.079463,0.062346,-0.005224,-0.084216,0.016912,-0.016624,-0.016563,0.029714,-0.108949,0.026996,0.06238,0.001125,-0.000517,-0.003074,-0.072877,0.071038,0.033813,-0.063567,0.052792,-0.11471,0.056792,0.076073,0.004615,0.002799,-0.087193,-0.020669,-0.061866,-0.072857,-0.083262,0.047927,-0.059134,-0.084398,0.055353,-0.037986,-0.092522,0.108759,0.060636,0.041425,0.03293,0.064263,0.057328,-0.03345,0.124103,-0.17976,-0.063628,0.069298,-0.053163,-0.017082,-0.044957,0.053049,0.102083,-0.145349,-0.103439,0.094484,-0.061372
canon_Other_00698,0.375175,0.608038,0.806578,0.087061,-0.643735,-0.562585,0.246458,0.513789,-0.032473,-0.110115,-0.632693,-0.591548,-0.138724,0.666118,0.924215,-0.982566,-0.048994,0.068734,-0.528395,-0.318645,-0.027505,0.193233,-0.225751,0.088694,-0.66232,0.268377,0.367973,0.766944,0.254413,-0.114028,-0.242569,-0.005707,-0.584713,-0.330298,-0.715179,-0.520106,0.000254,0.783047,0.583841,0.307967,-0.648753,0.508909,0.276877,0.357205,0.221077,0.899827,-0.142655,0.395727,0.549254,0.351647,-1.310282,0.087316,0.596354,0.353294,0.32338,0.740219,-1.110349,0.313721,-0.234364,0.11393,0.771395,-0.066922,-0.533732,0.963285,1.224793,-0.475318,-0.961897,-0.948116,0.063847,-0.851115,0.038844,0.08009,-0.545102,-0.797579,0.506026,-0.185566,-0.462143,0.718028,-0.127284,0.665145,-0.005112,-0.314582,0.458195,-0.309892,-0.201369,-0.585184,0.268647,-0.114418,0.538187,-0.313694,-0.513628,-0.208078,-0.681543,0.647074,-0.132051,0.156641,-0.222407,-0.514583,-0.628153,0.395416,-0.700207,-0.015937,0.590142,0.532324,-1.053014,0.325191,0.306149,-0.904126,0.090325,0.521595,-0.08075,-0.131983,0.523451,0.29021,-0.38828,0.657118,-0.700171,0.068635,0.530695,-0.219711,-0.091557,0.030978,0.459292,0.940899,-0.250601,-0.529544,0.847445,-0.813101
canon_Other_00700,0.077346,-0.0325,0.035901,-0.050327,-0.023415,0.007165,0.062919,0.036903,0.012002,0.018146,0.02051,0.04735,-0.005391,0.071035,0.083504,-0.039546,0.047132,0.070201,-0.074188,-0.040278,0.061285,0.069169,-0.131394,-0.053969,-0.103296,0.087141,-0.014455,-0.012927,0.064988,-0.007053,0.022704,0.000667,-0.004765,0.028585,-0.038278,-0.061206,-0.015496,-0.035592,0.016257,0.086977,-0.121684,0.064373,-0.0682,0.013302,0.024206,-0.034184,-0.029398,0.024408,-0.025372,-0.040746,-0.087241,0.040302,0.184205,0.116802,0.078671,0.077793,-0.024973,0.0439,-0.031129,-0.010931,0.072502,-0.072926,-0.09907,0.149423,0.164243,-0.082564,-0.034475,0.031334,-0.092147,-0.153199,0.036654,-0.063108,-0.039457,-0.081298,0.076655,-0.006425,-0.08416,0.022089,0.006434,-0.031688,0.035349,-0.137443,0.005795,0.103562,-0.00352,0.029518,0.014907,-0.0735,0.079975,0.060711,-0.040871,0.070768,-0.103007,0.053829,0.08162,-0.000709,0.025341,-0.106165,-0.012575,-0.093542,-0.069758,-0.112383,0.016676,-0.070569,-0.072832,0.080826,-0.041316,-0.125116,0.104618,0.044997,0.094569,0.029734,0.060981,0.058618,-0.02089,0.104377,-0.210812,-0.035238,0.058972,-0.022239,-0.028428,-0.044179,0.087532,0.102311,-0.129543,-0.109992,0.112787,-0.087004
canon_Other_00703,0.382191,-0.127533,-0.334314,0.281979,-0.207259,-0.189552,0.457021,0.079149,0.026859,-0.043482,-0.135441,-0.212132,-0.09822,-0.04043,0.651535,0.030582,0.03695,-0.129908,-0.085455,-0.027613,0.370225,0.045776,-0.141715,0.069645,-0.388562,0.305995,0.026221,0.218139,0.463062,-0.387304,-0.154062,0.484129,0.333226,0.351392,-0.256511,0.000503,0.295513,-0.174418,-0.112513,0.237238,-0.227831,0.104271,0.416446,0.161301,0.05073,-0.231287,-0.165942,-0.203578,0.105398,0.236005,-0.143899,-0.05301,0.176613,0.241665,-0.178453,0.244257,-0.016221,0.235109,-0.381217,-0.307126,-0.000341,0.048373,-0.462657,-0.118801,0.404309,-0.11909,0.04006,-0.175614,-0.207385,-0.170171,0.315156,-0.137766,-0.145041,-0.285127,0.181698,0.355803,-0.043225,-0.267915,0.24703,-0.026021,0.112265,-0.488773,0.004295,0.146767,-0.142,-0.303582,0.109457,0.232897,0.105067,0.068338,-0.134976,-0.072744,-0.022443,0.111904,-0.277563,-0.516037,0.038823,-0.165489,0.089734,-0.040104,-0.47811,-0.289935,0.004933,-0.431943,-0.198245,0.28595,0.046452,-0.249663,0.844072,0.084416,-0.201925,0.128229,0.012296,0.222306,0.011776,0.619245,-0.503095,0.193714,-0.012382,-0.452523,-0.407833,-0.109769,-0.102975,0.25238,-0.451609,-0.473403,0.561882,0.21898
canon_Other_00706,0.256412,0.228931,-0.330607,-0.094773,-0.159621,-0.047911,0.066171,-0.081791,0.143635,0.043273,-0.080788,0.149111,0.187359,0.039301,0.603576,-0.367436,0.147184,0.453133,-0.401348,0.000351,-0.012072,0.389217,0.407252,-0.270894,-0.189644,0.069174,-0.240969,0.348073,0.19003,-0.038141,0.192627,0.343989,0.157877,0.39589,-0.467623,-0.040817,0.059396,0.126205,0.280105,0.740385,-0.243328,-0.083785,-0.01024,-0.134861,0.506552,-0.132129,0.00631,0.183408,0.033998,-0.240412,-0.435685,-0.347421,0.527157,0.238494,0.138449,0.160672,0.055072,-0.018069,-0.348684,-0.273499,-0.429642,-0.418418,-0.43351,0.508326,0.446354,-0.087247,-0.249365,0.2689,0.081526,-0.091729,-0.161711,-0.01129,0.171867,-0.08671,0.315768,0.020193,-0.309479,0.278277,-0.085412,0.048876,0.009018,-0.497625,0.08938,0.431933,0.050011,0.010745,-0.109663,0.099442,0.332242,0.295968,-0.051228,-0.200018,-0.144952,0.166984,0.235147,-0.329878,-0.351761,-0.290964,0.01045,-0.106495,-0.119685,-0.668304,-0.184133,-0.26213,-0.104175,0.07616,0.101128,-0.492126,0.131567,0.318833,0.126355,0.148833,0.363052,0.318882,0.127585,0.168745,0.128544,0.024023,0.423035,-0.238726,-0.111888,0.276717,-0.496409,0.491388,-0.55516,-0.498987,-0.059697,-0.469728
canon_Other_00707,-0.003595,0.216961,-0.05407,-0.051897,0.013796,0.040254,0.16356,0.14332,-0.001187,-0.159178,0.130021,0.174791,-0.02497,0.167444,0.256349,-0.180147,0.068939,-0.222131,-0.199193,-0.164266,0.123649,0.04373,-0.100943,-0.222242,-0.20481,0.113832,-0.018884,0.024667,-0.091337,-0.081534,0.036515,-0.1815,-0.072494,0.027606,-0.312042,0.028596,-0.018401,-0.014887,-0.002599,0.128939,-0.15711,0.184715,-0.042899,-0.005076,-0.097879,0.169214,0.036826,0.180681,-0.201061,0.047452,-0.169721,-0.061571,0.122389,0.238321,0.150759,0.027386,-0.082131,-0.055621,-0.082013,0.104504,0.191062,0.125216,-0.241948,-0.028921,0.269758,-0.133269,-0.029358,-0.020562,-0.111507,0.073482,-0.071434,-0.241651,-0.037663,-0.151428,0.308467,0.137061,-0.303871,0.136839,0.0354,-0.09521,0.157716,-0.138001,0.035626,0.138446,-0.090451,-0.035662,-0.04542,-0.155799,0.14166,-0.013701,-0.280925,0.220358,-0.271922,0.29756,-0.218419,-0.102644,0.055717,-0.09973,-0.06968,-0.062264,-0.281765,-0.145576,0.01286,-0.123721,-0.196137,0.004653,0.191687,-0.22532,0.074648,0.04831,-0.047991,-0.066957,0.111254,0.017071,0.004488,-0.020172,-0.104345,-0.222708,0.141935,-0.106226,0.014529,0.006197,-0.147836,0.273811,-0.342004,-0.470464,0.048811,-0.034043
canon_Other_00709,-0.01462,-0.035496,0.098844,-0.071721,-0.066914,0.049965,0.094266,0.105039,-0.021697,-0.051447,0.114253,0.162085,0.025246,0.155822,0.14708,-0.032925,-0.016274,0.044386,-0.028537,0.017268,0.03723,0.082445,-0.165387,-0.047735,-0.201718,0.083846,-0.023552,-0.046256,0.002012,-0.089126,0.09173,-0.039366,-0.009492,-0.004151,-0.084459,0.00873,0.051574,-0.055353,-0.071913,0.100871,-0.062734,0.093886,0.028212,0.029522,0.051849,0.028073,0.021205,0.01812,0.008747,-0.019605,-0.057312,0.09508,0.127192,0.083972,0.036875,0.104769,-0.018085,0.069763,-0.017856,0.013618,0.093064,-0.086969,-0.191996,0.119477,0.270502,-0.158151,-0.072389,-0.071346,-0.112448,-0.15286,0.109543,-0.054765,-0.044299,-0.08142,0.071678,-0.004837,-0.07975,-0.016007,0.039713,0.075413,0.135864,-0.109934,0.038776,0.118587,0.002729,0.069231,-0.085256,-0.061128,0.076306,-0.043571,-0.136421,0.117121,-0.092753,0.089115,0.03397,0.002211,-0.015261,-0.057774,-0.013765,-0.052339,-0.16387,-0.115759,0.049457,-0.077691,-0.170857,0.114534,0.003183,-0.039038,0.137545,0.060625,0.062256,0.006602,0.033548,0.074701,0.008279,0.101012,-0.177552,-0.075001,0.089987,-0.078592,-0.047006,-0.066137,0.021279,0.084017,-0.229559,-0.154396,0.134772,-0.126828
canon_Other_00710,0.216381,-0.083825,0.094344,-0.208678,-0.620162,-0.287869,0.325403,0.127001,0.517423,0.370565,0.462878,0.672222,0.084219,0.636554,0.472551,-0.142896,-0.095709,-0.320093,-0.425282,-0.22055,0.105443,0.652843,-0.306664,-0.435743,-0.633101,0.792293,-0.317392,0.203151,0.071712,-0.117686,0.063676,-0.38154,-0.075468,-0.419494,0.265389,-0.683391,-0.162518,0.139926,-0.181069,0.583862,-0.336446,0.225643,-0.264162,-0.118814,-0.134659,-0.026313,0.005085,0.171884,0.128839,0.530973,-0.722124,0.532104,0.832661,0.398535,0.427992,0.565024,-0.324824,0.581428,-0.210042,0.552922,-0.2592,-0.343155,-0.353312,0.799513,1.26578,-0.691508,-0.126228,-0.246007,-0.169922,-0.63639,0.467109,-0.406058,-0.477487,-0.732329,-0.010082,0.029953,-0.214818,0.855966,0.021394,-0.074616,0.22252,-0.493478,0.028546,0.710127,-0.084835,0.137788,0.268799,-0.526334,0.359869,0.785386,-0.129701,0.987981,-0.380377,0.674651,0.693622,-0.228175,0.086655,-0.708622,0.136992,-0.708631,-0.278082,-0.352527,-0.283652,-0.473811,-0.473162,0.383488,0.505411,-0.203119,0.473094,0.360802,0.781853,-0.127877,0.189376,0.039383,-0.370133,0.576787,-0.988265,-0.768952,0.608603,0.254099,-0.269299,-0.851935,0.556302,-0.306148,-0.746909,-0.550398,0.296045,-0.255069
canon_Task_00008,0.314,-0.26403,0.614825,-0.202711,-0.650837,-0.213452,0.76801,0.687416,0.547904,0.093492,0.302681,0.499108,0.542693,0.402329,-0.200167,-0.388645,0.474561,0.678836,-0.371655,-0.149347,0.828338,0.370587,0.224807,-0.743888,-0.36865,0.232107,-0.132902,-0.182141,0.879687,0.08925,0.139528,0.559338,-0.290676,0.297567,-0.69481,-0.347033,0.434389,-0.391603,0.253091,-0.074131,-0.097481,0.644234,-0.424991,-0.626699,0.540885,0.099302,-0.115809,-0.080859,-0.436084,-0.071526,-0.361236,-0.243386,0.41981,0.775662,0.866079,-0.366613,0.286694,-0.292415,0.078938,-0.718838,0.434962,-0.562016,-0.916945,0.24955,1.244884,-0.913243,-0.460718,0.073316,-0.360887,-0.984899,0.006913,0.349483,-0.332381,-0.023688,0.04629,0.003555,0.13339,0.461152,-0.370249,-0.343103,-0.231115,-0.268991,0.263749,0.116835,0.727679,0.255765,0.550013,-0.52637,0.65621,0.617205,-0.556729,-0.045144,-0.911751,-0.269176,0.414747,-0.383619,0.516585,-0.25889,0.093682,0.04349,-0.135517,-0.104972,0.282755,-1.030772,-0.171378,-0.096254,-0.963899,-0.013821,0.647892,0.504002,0.437091,0.32089,0.321063,0.746582,-0.245319,1.383808,-0.674773,-0.07076,0.031517,-0.28636,-0.083038,-0.511672,0.519189,0.255092,-0.795598,-0.564909,0.33034,-0.387357
canon_Task_00012,0.103801,0.073651,-0.413444,0.090642,-0.623362,-0.047602,-0.003534,-0.032599,0.020987,0.06364,0.1224,-0.28691,-0.1709,0.634421,0.482462,-0.405412,-0.214335,-0.086133,-0.253587,-0.255491,0.712921,0.081811,-0.563063,-0.150442,-0.250785,-0.175515,-0.321823,0.059504,0.349548,-0.049945,0.01469,0.012122,-0.041924,0.330489,-0.098818,-0.337442,0.266969,0.119633,0.717033,0.331068,-0.459787,0.265232,-0.048356,-0.109848,0.346699,0.162181,0.13209,0.307566,0.049702,0.695771,-0.224756,0.345034,0.32876,0.46937,0.369085,0.446978,-0.16818,-0.324368,-0.302311,0.12172,0.102191,0.167706,-0.528687,0.039194,0.387611,-0.157119,-0.328665,0.517241,-0.254582,-0.785558,-0.396305,-0.519798,-0.37979,-0.412354,0.487696,0.101707,-0.061477,0.11805,-0.193261,-0.013151,-0.228767,-0.12694,0.158353,0.00394,-0.086318,-0.011442,0.462369,-0.153344,0.482651,-0.215019,-0.317143,-0.186303,-0.796839,-0.570562,0.495094,-0.110638,0.841253,-0.390492,-0.334087,-0.123566,-0.701515,-0.229741,-0.050673,0.130083,-0.528669,0.27415,0.113725,-0.444373,-0.34627,-0.312151,0.155635,0.249906,-0.243714,0.2559,0.020667,0.171861,-0.931607,-0.134349,0.420625,-0.255269,-0.317889,0.158435,-0.097171,0.481762,-0.100532,-0.394659,0.399701,-0.539277
canon_Task_00018,0.061306,-0.027773,0.013502,-0.024476,-0.036823,0.015813,0.048146,0.029118,0.039963,-0.01088,-0.007046,0.006877,0.00265,0.0959,0.132141,-0.057583,0.065527,0.001122,-0.077573,0.008526,0.038968,0.017974,-0.105075,-0.000808,-0.105674,0.073292,-0.022964,0.002089,0.062087,-0.030575,0.004366,-0.017266,-0.020376,0.032128,-0.037301,-0.03557,-0.019412,-0.028225,0.026649,0.091745,-0.081873,0.057629,0.004382,0.011229,0.011997,-0.003423,-0.005702,0.042804,0.006489,-0.019844,-0.081701,0.003559,0.128854,0.043562,0.034039,0.060459,-0.026746,0.029726,-0.032173,-0.029323,0.068862,-0.054521,-0.104749,0.135566,0.171818,-0.078512,-0.059625,-0.024023,-0.046683,-0.137889,0.031354,-0.043789,-0.07253,-0.067769,0.065012,-0.016289,-0.082926,0.020182,-0.00822,0.011345,0.020414,-0.092708,0.032628,0.035637,-0.012089,0.012207,-0.018049,-0.027369,0.096581,0.025717,-0.018446,0.026831,-0.103945,0.046048,0.038182,-0.01739,0.005422,-0.043615,-0.044836,-0.057913,-0.034395,-0.090486,0.015675,-0.034685,-0.073168,0.052263,-0.029919,-0.081059,0.106854,0.035037,0.047006,0.036257,0.075252,0.042142,-0.016326,0.086772,-0.174175,-0.034552,0.051288,-0.052858,-0.014176,-0.042763,0.051317,0.125353,-0.120153,-0.088924,0.096932,-0.087864
canon_Task_00029,0.130893,0.229493,-0.096527,-0.35584,0.105718,0.101262,-0.146681,-0.10759,-0.149398,-0.125349,0.403104,0.101952,-0.053523,-0.037289,0.299661,-0.057381,0.001664,0.442823,-0.407295,-0.146807,0.289308,-0.379939,-0.651515,0.25052,-0.475478,0.696926,0.087917,-0.08858,0.163949,0.202291,-0.17671,-0.130557,-0.111545,-0.112103,-0.10215,-0.003928,-0.164048,0.392304,0.139935,0.228878,-0.252694,0.637266,-0.264585,-0.286684,0.028262,-0.114346,0.386861,0.198615,-0.192923,-0.331974,-0.145654,-0.05072,0.393347,1.04283,0.491661,-0.155398,0.164413,-0.081706,-0.34248,-0.184689,0.168602,-0.526738,-0.076963,0.56773,0.408537,-0.398591,-0.065787,0.275799,-0.62708,-0.605141,0.064515,-0.447756,-0.243711,-0.11911,0.339955,-0.032286,0.125498,-0.012934,-0.147204,-0.578796,0.264872,-0.708347,0.040792,0.287565,-0.204604,-0.027516,-0.301138,-0.506073,0.182702,0.025266,-0.622069,0.825267,-0.952814,0.172288,0.546516,-0.677864,-0.011656,-0.325113,0.025074,-0.648492,-1.014181,-0.409228,0.011493,0.187758,0.009333,0.461081,-0.022151,-1.102012,0.476219,-0.348,0.055361,0.148361,-0.003714,0.003501,0.617958,0.34935,-0.649236,-0.503693,0.214933,-0.14592,-0.028179,-0.040998,0.409347,0.454029,-0.349848,-0.412656,0.599672,-0.837075
canon_Task_00030,-0.060149,-0.20263,-0.144824,0.030579,0.090286,-0.173428,-0.071375,-0.003134,0.053208,-0.000286,0.255888,-0.214967,0.172561,0.006724,0.17337,-0.241905,0.11821,-0.181849,-0.306609,-0.13381,0.358777,0.256528,-0.351957,-0.130087,-0.000133,0.064325,-0.017561,0.100656,0.198372,0.17016,-0.412051,-0.050793,-0.015753,0.195564,0.10565,0.112421,-0.03619,-0.391288,0.037586,0.203941,-0.158128,0.064045,-0.177436,0.223345,-0.185589,-0.219837,-0.066154,-0.253196,-0.106315,-0.22279,-0.245081,0.011375,0.180399,0.48097,0.208307,-0.317064,-0.368987,-0.003535,-0.110089,-0.283074,0.367902,-0.163015,0.366265,0.284213,0.018885,-0.060857,0.087331,0.17498,-0.062354,-0.330878,0.016787,-0.309887,-0.563919,-0.093382,0.426352,-0.405975,-0.335863,-0.28772,-0.085856,-0.129449,-0.08608,-0.274817,0.181589,0.252529,0.154549,0.037818,0.037254,-0.230578,0.228846,-0.042049,-0.053674,0.272241,-0.043265,0.081492,0.221884,-0.15481,0.006456,-0.157892,-0.216148,-0.253305,-0.134591,-0.345197,-0.099274,-0.310309,-0.434499,0.215218,-0.246746,-0.051337,0.044936,0.196273,-0.053785,0.019289,0.169942,-0.258192,-0.182233,0.192393,-0.016968,-0.076867,-0.331799,-0.244677,-0.127849,-0.181237,0.081648,0.319561,-0.007652,-0.070798,0.57981,-0.029492
canon_Task_00031,0.500027,-0.091096,0.67245,-0.273637,-0.155658,-0.373929,0.02761,0.156947,0.113773,0.129244,-0.275496,0.043108,-0.20456,1.011783,0.918259,-0.273173,1.195078,-0.320306,0.306107,-0.510511,0.757648,0.528362,-0.758947,-0.554587,-0.334571,0.22281,-0.674969,-0.793041,0.34344,-0.068868,0.21027,0.545993,-0.007607,1.031231,0.167002,0.424339,0.169343,-0.098732,-0.228685,0.644267,-1.06039,0.447713,0.801224,0.573148,-0.438866,-0.624959,-0.45459,0.177168,-0.18269,0.225371,-0.05042,0.246767,0.553631,0.221502,0.116824,0.108304,-0.66677,0.027167,-0.156666,0.065403,0.640224,-0.333325,-0.706718,0.457176,1.1766,-0.797123,-0.003696,-0.200074,-0.175708,-0.685687,0.010242,-0.144005,-0.304347,-0.518883,0.435684,-0.047375,-0.937516,-0.353544,-0.513747,0.159803,-0.448222,-0.631727,0.109587,0.168016,-0.164114,-0.831342,0.082822,-0.676822,0.308153,-0.591412,-0.337821,-0.323215,-0.412412,0.099544,0.845517,0.057944,0.365145,-0.585938,-0.769676,-0.340435,0.008317,-0.432689,-0.028785,-0.227177,-0.444124,-0.109151,0.107324,-0.150857,1.033618,1.030363,0.096778,-0.035417,0.40692,0.422204,-1.25393,1.182402,-1.1055,-0.066942,0.941209,0.179247,0.457964,0.144537,0.262837,0.681533,-0.462505,-0.427705,0.421359,0.158786
canon_Task_00042,0.066445,-0.015404,0.045868,-0.036082,-0.036173,-0.005998,0.037083,0.065066,0.065293,-0.012602,-0.01599,-0.004922,0.013207,0.089059,0.108808,-0.069664,0.040062,0.017013,-0.087921,0.020879,0.037881,0.025161,-0.095613,-0.025153,-0.12799,0.070905,-0.002359,-0.007114,0.06955,-0.014877,-0.012795,-0.012111,-0.047383,0.006181,-0.02466,-0.056077,-0.013045,-0.011495,-0.002939,0.082078,-0.090761,0.068458,-0.011163,0.023808,0.037248,0.025764,0.014376,0.028727,0.009316,-0.014036,-0.124595,0.031532,0.151456,0.080495,0.081033,0.054123,-0.03446,0.056415,-0.027923,-0.03885,0.061663,-0.090145,-0.075884,0.133321,0.191564,-0.084213,-0.070163,-0.035587,-0.049148,-0.14276,0.030205,-0.031144,-0.109683,-0.049945,0.0828,-0.024151,-0.090086,0.051689,-0.004057,-0.014454,0.015796,-0.12168,0.077875,0.047155,0.012805,0.0106,0.011262,-0.04114,0.087459,0.043727,-0.032625,0.042519,-0.135592,0.074288,0.0509,-0.01056,-0.000544,-0.072562,-0.034295,-0.057575,-0.040896,-0.067907,0.01748,-0.051131,-0.088037,0.091166,-0.032402,-0.100241,0.063623,0.024995,0.0605,0.037232,0.093011,0.026474,-0.004441,0.098729,-0.161279,-0.069651,0.028971,-0.036889,0.006263,-0.069543,0.081623,0.126085,-0.106748,-0.103318,0.130974,-0.066948
canon_Task_00044,0.154105,0.235388,0.002664,-0.156638,0.022241,-0.009366,0.092286,0.055605,-0.018169,-0.047188,-0.024011,0.217176,0.02696,0.247325,0.111258,-0.10852,0.153473,0.242723,-0.159179,-0.357027,0.114278,0.088607,-0.199221,-0.161922,-0.094209,0.065951,-0.09165,0.146003,0.196582,-0.018214,0.030129,-0.022405,-0.104635,0.132169,-0.242984,-0.032652,-0.19469,0.128927,0.108969,0.075946,-0.106557,0.06572,-0.125545,0.061663,-0.165882,-0.125763,-0.160145,0.084138,-0.01521,-0.079865,-0.143792,0.179396,0.252659,0.215742,0.105544,0.113504,-0.154458,0.218104,-0.15803,0.163284,0.06711,-0.070926,-0.133855,0.073179,0.193611,-0.093446,-0.241198,0.142969,-0.196285,-0.261155,-0.040249,-0.136021,0.039932,-0.22135,0.212074,0.170223,-0.027475,-0.00306,-0.083346,0.044719,-0.09849,0.05204,-0.068998,0.114636,0.029934,0.074046,0.009736,-0.167821,-0.008771,0.133395,-0.267588,0.109087,-0.016308,0.02381,0.138695,-0.013013,0.002329,-0.258827,0.011502,-0.162414,-0.18498,-0.264148,0.056367,0.061025,-0.286865,0.007829,-0.008168,-0.052729,0.092022,0.141039,0.112895,-0.175428,0.003791,0.21614,-0.177766,0.13564,-0.138457,0.025278,0.218184,-0.123372,-0.088738,0.028224,0.149772,0.07953,-0.121663,-0.169584,-0.000744,0.012138
canon_Task_00047,0.09859,-0.013319,-0.006744,-0.041515,-0.029386,0.004077,0.067026,0.041732,0.056943,-0.011903,-0.003112,0.053194,0.020087,0.140124,0.133368,-0.085425,0.069953,0.051606,-0.091277,-0.091346,0.095719,0.060699,-0.13187,-0.041342,-0.10889,0.112188,-0.042107,0.015485,0.11884,-0.007797,-0.001943,-0.001377,-0.019477,0.045171,-0.064484,-0.044409,-0.055222,-0.001108,0.043898,0.104848,-0.121834,0.086725,-0.051095,0.023121,-0.005714,-0.054159,-0.054076,0.040497,-0.009632,-0.032236,-0.094094,0.031342,0.159214,0.100996,0.065451,0.063943,-0.067465,0.066564,-0.072172,-0.012792,0.082415,-0.064496,-0.110192,0.139836,0.17126,-0.085633,-0.091322,0.011556,-0.091367,-0.201136,0.025755,-0.067838,-0.082077,-0.085794,0.119062,0.020108,-0.064712,0.032967,-0.040455,-0.021552,-0.015403,-0.103443,0.0228,0.044677,-0.00287,-0.002217,0.00176,-0.100918,0.08999,0.054253,-0.090579,0.056976,-0.117813,0.037325,0.088858,-0.018167,0.031562,-0.121761,-0.025906,-0.095038,-0.071633,-0.152134,0.042142,-0.050881,-0.136284,0.040608,-0.048731,-0.091329,0.113613,0.077553,0.064371,0.003366,0.061438,0.07319,-0.066985,0.137632,-0.203123,-0.031511,0.067782,-0.059675,-0.021914,-0.037164,0.0667,0.13703,-0.130563,-0.117612,0.089386,-0.067109
canon_Task_00049,0.072964,0.000827,0.076956,-0.048218,-0.116355,-0.051248,0.092699,0.037699,0.021723,-0.014371,0.083193,0.092517,-0.013211,0.122568,0.122223,-0.096459,-0.064563,0.080171,-0.116777,-0.030169,0.032709,0.081141,-0.195154,-0.034042,-0.106156,0.036582,-0.090269,0.10323,0.049397,-3.1e-05,-0.05202,-0.047561,-0.035473,0.101069,-0.058731,-0.07767,0.063281,0.008853,0.006498,0.14478,-0.073887,0.080879,0.020879,0.103741,-0.023925,-0.013185,-0.039011,0.042502,0.03063,-0.003013,-0.110362,0.071805,0.121994,0.119207,0.035841,0.033442,-0.104915,-0.002354,-0.022584,-0.013438,0.068581,-0.096533,-0.134302,0.102005,0.220915,-0.141979,-0.120875,-0.045541,-0.021752,-0.243038,0.02921,-0.092577,-0.142803,-0.111235,0.105072,-0.006809,-0.075202,0.064918,-0.061353,0.108532,0.030412,-0.118923,0.040964,0.209247,-0.005092,0.059527,0.038303,-0.116443,0.127313,0.057013,-0.081822,0.058513,-0.017136,0.028309,0.100392,-0.004609,-0.041309,-0.120752,-0.052549,-0.036988,-0.150934,-0.141538,0.094197,-0.040757,-0.190249,0.12673,-0.01279,-0.01774,0.139105,0.130425,0.069003,0.011566,0.048363,0.0363,-0.125561,0.076656,-0.152296,0.025543,0.036746,-0.077483,-0.00658,-0.026344,-0.031577,0.126646,-0.12984,-0.127963,0.088075,-0.086374
canon_Task_00050,0.112426,-0.051242,-0.015386,-0.021836,-0.042501,-0.01012,0.113561,0.022055,0.056812,-0.016751,0.007865,0.00957,0.037559,0.143904,0.11037,-0.054181,0.019071,0.048275,-0.141611,-0.025634,0.087768,0.074122,-0.131198,-0.035761,-0.152334,0.121748,-0.023643,0.041032,0.137324,0.019633,0.012711,0.009565,0.027935,0.026747,-0.06037,-0.062329,-0.011342,0.030344,0.017504,0.074029,-0.08913,0.131758,-0.025848,-0.021017,0.063774,-0.024269,-0.03022,0.037703,-0.055784,0.020387,-0.118608,-0.058202,0.215527,0.123411,0.061242,0.059246,-0.011711,0.012045,-0.058962,-0.054816,0.076638,-0.021819,-0.089881,0.114489,0.155296,-0.122835,-0.07123,-0.041974,-0.050014,-0.182836,0.025159,-0.061453,-0.099637,-0.050497,0.083714,0.018691,-0.051135,0.112575,-0.050734,0.001225,0.027994,-0.116894,0.060558,0.052951,0.021665,0.001576,0.051313,-0.117173,0.116297,0.048844,-0.025563,0.025522,-0.140427,0.065913,0.087729,-0.016924,0.055442,-0.119478,-0.013791,-0.049323,-0.140143,-0.136334,0.003828,-0.085482,-0.131259,0.06486,-0.030218,-0.065347,0.089016,0.061241,0.072005,0.029235,0.088304,0.087691,-0.050738,0.084981,-0.158463,-0.015894,0.029302,-0.008357,-0.011786,-0.052097,0.000864,0.138756,-0.107193,-0.146043,0.104988,-0.045209
canon_Task_00052,0.063323,-0.057118,0.01993,-0.028579,-0.035364,-0.022011,0.051132,0.03175,0.012826,0.004779,0.014731,-0.012757,0.017474,0.081469,0.122303,-0.072468,0.045944,0.043027,-0.081178,-0.019855,0.05158,0.062662,-0.119983,-0.011496,-0.092931,0.079279,-0.030432,0.023314,0.059454,0.001786,-0.028761,-0.006936,-0.002776,0.024694,-0.033315,-0.062417,-0.020078,-0.025742,0.041753,0.098342,-0.079456,0.075646,-0.029898,0.038016,0.019914,-0.002543,-0.021681,0.03128,0.016222,-0.039063,-0.075989,0.003805,0.155904,0.06777,0.066561,0.089981,-0.045082,0.031168,-0.044169,-0.023552,0.092042,-0.077652,-0.087241,0.14662,0.176958,-0.106042,-0.090492,0.00459,-0.066175,-0.161039,0.034983,-0.054623,-0.097014,-0.078713,0.065471,-0.054742,-0.060102,0.034995,-0.00781,0.007804,0.010233,-0.119903,0.025903,0.066419,0.006739,0.034928,0.024908,-0.031638,0.096933,0.057641,-0.055044,0.047792,-0.113277,0.083159,0.085283,0.006448,-0.020958,-0.088513,-0.046473,-0.06255,-0.054968,-0.085183,0.026585,-0.044055,-0.100204,0.050324,-0.025984,-0.094927,0.106014,0.021354,0.076713,0.042019,0.072568,0.071617,-0.043744,0.08392,-0.185316,-0.014477,0.029463,-0.045191,-0.038981,-0.053242,0.047602,0.11938,-0.105664,-0.085437,0.103018,-0.08108
canon_Task_00054,0.064594,-0.031809,0.032789,-0.031525,-0.029801,-0.017387,0.065027,0.041027,0.033172,0.002773,0.00894,0.011201,-0.004236,0.116542,0.146124,-0.062702,0.070225,0.014792,-0.087632,-0.002312,0.091311,0.050497,-0.140223,-0.019223,-0.137281,0.076384,-0.030502,0.027326,0.076889,0.003053,0.007147,0.000299,-0.021041,0.03952,-0.036668,-0.052535,-0.04137,-0.019632,0.013139,0.098843,-0.092194,0.08077,-0.033902,0.037316,0.011163,-0.005848,0.011439,0.044773,-0.010031,-0.048953,-0.097523,0.027623,0.171501,0.104261,0.037543,0.061105,-0.046728,0.063225,-0.033977,-0.010187,0.068589,-0.073486,-0.086239,0.117062,0.176084,-0.103272,-0.087495,-0.009061,-0.083502,-0.172324,0.051222,-0.079922,-0.072306,-0.062541,0.074074,-0.027106,-0.091941,-0.001578,-0.01192,-0.028605,0.043896,-0.138113,0.022397,0.068924,-0.000168,0.011902,-0.004655,-0.077325,0.102819,0.035606,-0.057188,0.04853,-0.114778,0.06759,0.056367,0.0013,0.013073,-0.068508,-0.049007,-0.074676,-0.079952,-0.131334,0.032589,-0.050024,-0.107433,0.064373,-0.029129,-0.096774,0.091668,0.053754,0.044685,0.044773,0.068632,0.041509,-0.025004,0.093287,-0.174025,-0.041713,0.042829,-0.061933,-0.042579,-0.073145,0.064924,0.140239,-0.126514,-0.125152,0.107471,-0.07625
canon_Task_00074,0.083906,-0.010321,0.014934,-0.033746,-0.034518,-0.038111,0.067745,0.040964,0.01242,-0.00906,-0.004181,-0.031886,-0.015238,0.100115,0.139205,-0.072866,0.075222,0.029794,-0.059251,-0.044684,0.074264,0.038094,-0.140979,-0.035284,-0.113444,0.075247,-0.013473,0.008597,0.099341,-0.024681,0.009441,0.004647,-0.016669,0.076846,-0.034622,-0.054249,-0.015316,0.005092,0.018899,0.087467,-0.075936,0.059357,-0.015859,0.024122,0.018828,-0.050227,-0.033619,0.016671,0.008601,-0.007199,-0.105479,0.007005,0.168173,0.1213,0.045647,0.067394,-0.049334,0.062078,-0.054834,-0.022452,0.098081,-0.057518,-0.069207,0.137946,0.182381,-0.079081,-0.094576,-0.020233,-0.058429,-0.182398,0.031787,-0.058612,-0.076928,-0.060171,0.081397,-0.038734,-0.092723,-0.02185,-0.022344,0.000137,0.017933,-0.134814,0.032191,0.019803,0.017396,-0.008693,0.003993,-0.057956,0.091266,0.013748,-0.056678,0.013811,-0.103763,0.050376,0.067186,0.013767,0.027952,-0.05676,-0.05757,-0.070747,-0.072808,-0.124049,0.020576,-0.034144,-0.09318,0.06253,-0.033008,-0.113389,0.092749,0.049821,0.043571,0.052851,0.070566,0.075003,-0.045816,0.097644,-0.161362,-0.023757,0.063366,-0.052666,-0.052187,-0.044117,0.045362,0.136406,-0.093573,-0.122402,0.156969,-0.060369
canon_Task_00075,-0.140924,-0.419152,0.206605,-0.310315,-0.561512,-0.019982,-0.022255,0.276846,0.541763,0.189086,-0.625,0.066027,0.1966,0.407649,0.372389,-0.512895,0.634523,-0.3601,-0.246412,0.498894,0.408376,-0.362862,-0.471687,0.1602,-0.353559,0.137164,-0.118238,-0.521996,0.350834,-0.077904,-0.048438,0.319092,-0.643719,0.25237,0.120601,-0.188833,-0.092134,-0.259316,0.27643,0.260951,-0.647975,0.362837,-0.441423,0.172601,0.224546,0.427526,0.126664,0.513334,0.231043,-0.009307,-0.411255,0.32274,0.074838,0.244908,-0.099301,0.078781,-0.448742,0.287663,0.174404,-0.236262,0.177391,-0.816819,-0.534616,0.535109,0.990321,-0.289862,-0.437001,-0.157574,-0.094383,-0.90165,0.028663,-0.570887,-0.619385,-0.617506,0.368223,0.155383,-0.488251,-0.238433,-0.065028,-0.538523,0.141676,-0.155406,0.424631,-0.144344,-0.209533,0.009466,-0.144717,0.138507,0.328282,0.002501,-0.283175,-0.040737,-0.819217,-0.684658,0.188193,0.13263,0.599287,0.159749,-0.01304,-0.190567,0.114506,0.19145,0.278594,-0.480302,0.075086,0.197017,-0.385098,-0.567395,0.614064,0.233054,0.025307,0.614059,0.785663,-0.215276,-0.377053,0.995412,-1.490851,-0.706943,-0.193169,-0.324508,0.245147,-0.620368,0.931452,1.250081,-0.772268,0.056345,0.689047,-0.591131
canon_Task_00078,0.339625,-0.314936,-0.142131,-0.325044,-0.059301,0.150172,-0.035701,-0.070294,-0.363343,-0.098608,0.122839,0.127537,-0.329207,0.233557,0.287602,-0.393002,-0.100051,0.246351,-0.123575,-0.560976,-0.090505,-0.135037,-0.186504,0.267197,0.109792,0.338297,0.266084,0.089501,0.349185,-0.2733,0.089326,0.041473,0.054603,0.077391,0.009129,-0.272776,-0.08346,0.087841,0.08011,0.102715,0.053579,0.120518,-0.288885,0.172598,0.232782,-0.391451,-0.203899,-0.054097,0.16708,-0.006169,-0.190401,-0.061327,0.470727,0.393215,0.202644,0.215829,-0.111773,-0.284999,-0.025624,0.151723,0.393296,0.085454,0.023928,0.628099,0.066025,-0.036084,-0.130258,0.226323,-0.082348,-0.64395,0.155116,-0.227275,0.055593,-0.286567,-0.039164,0.207463,-0.245359,0.103987,0.022742,0.006883,-0.068047,-0.270404,0.149375,0.02753,-0.237821,-0.034512,0.150195,-0.118126,0.3573,-0.010117,-0.050585,0.002637,-0.144286,0.077402,-0.024493,-0.06116,-0.025506,-0.071364,-0.081871,-0.119011,-0.042874,-0.134218,-0.173892,0.160416,-0.067577,0.324111,-0.16084,-0.429083,0.209335,0.058565,0.265568,0.115818,0.218058,0.130272,-0.020201,0.127098,-0.355334,0.067283,0.379479,0.070995,-0.048392,0.005861,-0.15156,0.406304,-0.319392,-0.496583,0.120529,-0.341109
canon_Task_00080,0.114472,0.082152,-0.004839,-0.113732,-0.02248,-0.013446,0.089282,0.054999,0.031336,-0.023092,-0.024717,0.116701,0.03013,0.18821,0.122281,-0.057297,0.11824,0.15005,-0.111576,-0.188065,0.127998,0.075644,-0.171847,-0.109022,-0.099812,0.07391,-0.067647,0.044634,0.140047,0.014949,0.028379,0.007107,-0.058056,0.098199,-0.131328,-0.037179,-0.110351,0.065516,0.052691,0.066607,-0.109894,0.097626,-0.077184,0.037411,-0.033812,-0.103875,-0.093835,0.067723,-0.035592,-0.04328,-0.1046,0.097772,0.218066,0.142357,0.098313,0.078958,-0.079409,0.141396,-0.091836,0.057412,0.046596,-0.0404,-0.147337,0.100313,0.193397,-0.082519,-0.17648,0.076411,-0.150554,-0.202296,-0.01675,-0.081013,-0.019356,-0.120926,0.144958,0.082218,-0.047684,0.016437,-0.067928,0.023223,-0.050731,-0.040908,-0.028495,0.068882,0.033934,0.010038,0.017168,-0.148949,0.051397,0.088947,-0.172264,0.078294,-0.086079,0.024746,0.119577,-0.009995,0.026898,-0.151736,-0.00981,-0.138639,-0.147735,-0.203647,0.031711,-0.014806,-0.182485,0.034176,-0.063164,-0.061087,0.086024,0.109666,0.08464,-0.061799,0.016466,0.163799,-0.120723,0.132485,-0.183754,-0.015264,0.134452,-0.057247,-0.045741,-0.004729,0.085054,0.096415,-0.111685,-0.139881,0.053026,-0.00452
canon_Task_00081,0.099871,-0.020547,0.043625,-0.047751,-0.03404,-0.005417,0.067825,0.040719,0.031746,-0.021755,0.015083,-0.001731,-0.017007,0.152444,0.10298,-0.086698,0.052076,0.037608,-0.071706,-0.040931,0.040242,0.052715,-0.108358,-0.038934,-0.112614,0.126868,0.005034,0.038294,0.066335,0.000676,-0.003121,0.011622,-0.03677,0.007979,-0.060244,-0.090944,-0.010486,0.04102,-0.032952,0.059492,-0.101322,0.069055,-0.060609,0.029138,0.060558,-0.014483,-0.024044,0.013923,0.000321,-0.010307,-0.176655,0.044114,0.192131,0.094422,0.020069,0.111541,-0.059622,0.121469,-0.063666,-0.009009,0.07801,-0.036839,-0.058214,0.155114,0.229196,-0.069965,-0.127222,-0.051085,-0.096991,-0.153597,0.032558,-0.047547,-0.084731,-0.092922,0.072674,-0.013178,-0.092577,0.048465,-0.020349,-0.011462,0.027118,-0.137746,0.030341,0.034455,-0.002095,-0.020476,0.01498,-0.065279,0.065145,0.06027,-0.073384,0.042797,-0.102233,0.086233,0.046468,0.036405,0.007215,-0.071363,0.012765,-0.088315,-0.106777,-0.108294,0.016531,-0.032653,-0.100959,0.061218,-0.065419,-0.100866,0.066754,0.067263,0.092927,0.042771,0.085777,0.096425,0.003169,0.10426,-0.156702,-0.08879,0.104494,-0.019152,0.02147,-0.095384,0.080112,0.091265,-0.101784,-0.115654,0.141819,-0.076097
canon_Task_00082,-0.07247,-0.17442,-0.114451,0.011685,0.101255,-0.175185,-0.051648,0.00435,0.051125,0.005587,0.215641,-0.253725,0.142592,0.025671,0.196815,-0.257718,0.154485,-0.228453,-0.307782,-0.08763,0.373454,0.263204,-0.276567,-0.110839,-0.060103,0.072799,0.001,0.059017,0.201346,0.150268,-0.357252,-0.025511,-0.110186,0.21213,0.047231,0.097842,-0.039037,-0.311484,0.060492,0.285514,-0.153288,0.057535,-0.093646,0.247121,-0.120243,-0.164579,-0.028871,-0.191458,-0.100825,-0.235662,-0.181955,0.032611,0.170358,0.409397,0.181773,-0.269724,-0.310404,-0.020256,-0.107186,-0.266501,0.290883,-0.172952,0.28744,0.204792,0.022142,-0.14358,0.035517,0.1265,-0.090753,-0.251872,0.07503,-0.264265,-0.49823,-0.092192,0.435279,-0.309781,-0.351616,-0.277646,-0.051683,-0.136488,-0.013753,-0.261731,0.176859,0.25881,0.206437,0.089536,0.023886,-0.187611,0.188594,0.038276,-0.057822,0.269626,-0.068094,0.1447,0.246528,-0.09742,0.055324,-0.144404,-0.187641,-0.277992,-0.0863,-0.333778,-0.099066,-0.315941,-0.305006,0.189317,-0.199745,-0.115647,0.01489,0.209751,-0.016448,0.06397,0.151405,-0.28073,-0.141606,0.204163,-0.056372,-0.126703,-0.319311,-0.204726,-0.038273,-0.115073,0.130991,0.308961,0.025959,-0.116342,0.491985,-0.062239
canon_Task_00083,0.135918,0.26355,-0.11203,-0.328377,0.154998,0.095738,-0.154805,-0.10812,-0.164765,-0.114525,0.41173,0.090302,-0.061346,-0.022165,0.358398,-0.085464,-0.022475,0.450232,-0.406078,-0.148856,0.295868,-0.411238,-0.677702,0.314344,-0.517985,0.758524,0.12822,-0.063954,0.200354,0.204528,-0.199798,-0.115006,-0.126964,-0.093248,-0.094487,0.013652,-0.171669,0.426051,0.147493,0.270641,-0.284807,0.704825,-0.24249,-0.292439,0.032573,-0.143582,0.358451,0.230092,-0.164283,-0.36872,-0.178405,-0.028105,0.423916,1.135716,0.486646,-0.166354,0.141906,-0.07506,-0.352666,-0.210146,0.199351,-0.562463,-0.049145,0.620979,0.448675,-0.43046,-0.049749,0.260309,-0.646845,-0.660112,0.09736,-0.442193,-0.266453,-0.099038,0.376993,-0.064647,0.118747,-0.012241,-0.191518,-0.597783,0.270333,-0.790335,0.039722,0.262077,-0.223493,-0.095464,-0.32289,-0.558723,0.17826,-0.006743,-0.606192,0.851602,-0.987254,0.168262,0.579719,-0.75064,-0.048326,-0.354761,-0.00526,-0.66147,-1.07459,-0.463659,-0.008172,0.223282,0.020324,0.482243,-0.015325,-1.188502,0.490717,-0.345873,0.04212,0.161344,0.023221,-0.002647,0.647805,0.365696,-0.665203,-0.533451,0.250246,-0.170719,-0.039157,-0.041939,0.407734,0.501641,-0.339286,-0.481942,0.671423,-0.890749
canon_Task_00084,0.090749,0.082786,0.101355,-0.079183,-0.116734,-0.106694,0.220512,-0.000813,-0.021981,-0.057811,0.231026,0.141058,-0.081491,0.040969,0.170443,-0.11666,-0.063995,0.125179,-0.080027,-0.038087,0.050964,0.153791,-0.290307,-0.079043,-0.122676,0.048119,-0.18495,0.204613,0.025428,0.016291,-0.121595,-0.115928,-0.122084,0.187874,-0.031801,-0.113357,0.116526,-0.027616,0.032294,0.229956,-0.012118,0.031238,0.002611,0.171653,-0.077797,-0.090231,-0.091454,0.03875,0.016411,0.068591,-0.131384,0.014173,0.076887,0.232347,0.066222,-0.065849,-0.106258,-0.035979,-0.083032,-0.018649,0.035376,-0.155739,-0.128251,-0.010115,0.167646,-0.199687,-0.136969,0.111659,-0.053263,-0.264699,0.105127,-0.23214,-0.180166,-0.192935,0.096974,0.061707,-0.095741,-0.077735,-0.096941,0.201687,0.031739,-0.213132,0.00658,0.338134,0.04324,0.083241,0.024243,-0.289877,0.184301,0.143766,-0.201542,0.062325,0.004286,0.005521,0.031702,0.019591,0.019981,-0.030495,-0.161378,-0.036272,-0.199964,-0.296502,0.168506,-0.105507,-0.20019,0.152102,-0.005622,0.027703,0.18729,0.116092,0.069435,-0.076744,-0.044944,-0.027498,-0.047386,0.110963,-0.063058,0.172767,0.021568,-0.2138,-0.011191,0.039851,0.001137,0.096291,-0.099563,-0.199288,0.13199,-0.114171
canon_Task_00085,0.301161,-0.28056,-0.075839,-0.256901,-0.042661,0.089953,0.026665,-0.065912,-0.319167,-0.162733,0.056191,0.079037,-0.321059,0.228594,0.327334,-0.39554,-0.069181,0.164252,-0.123991,-0.47512,-0.077019,-0.098283,-0.133602,0.216813,0.084539,0.355766,0.302958,0.127405,0.358835,-0.264239,0.075357,-0.02227,0.042669,0.091156,-0.044787,-0.239748,-0.161436,0.09267,0.037803,0.137604,0.067886,0.117844,-0.291535,0.191014,0.246938,-0.314574,-0.176486,-0.01478,0.131802,-0.020152,-0.247116,-0.082418,0.444065,0.326313,0.171918,0.197264,-0.12665,-0.239981,-0.013467,0.078976,0.353439,0.077018,0.035207,0.58688,0.115873,-0.046642,-0.172238,0.095563,-0.077329,-0.56081,0.156797,-0.231809,0.006612,-0.254832,-0.004266,0.212431,-0.227702,0.139575,-0.005251,-0.032593,-0.045219,-0.251382,0.1496,0.02027,-0.193245,-0.117418,0.116969,-0.130555,0.309988,0.06102,-0.0489,0.042584,-0.110799,0.149409,-0.03208,-0.032588,-0.084566,-0.045389,-0.088827,-0.100964,-0.027436,-0.194435,-0.180083,0.07755,-0.053432,0.28494,-0.187151,-0.427515,0.194677,0.130877,0.202241,0.096715,0.271093,0.111396,-0.030559,0.145736,-0.288286,0.026379,0.33587,-0.023331,-0.027805,-0.009736,-0.173128,0.404896,-0.34164,-0.484626,0.128941,-0.259384
canon_Task_00086,0.11353,-0.09804,-0.065141,0.139199,0.175554,-0.042385,0.120271,0.064626,0.078031,0.234106,0.019299,0.12844,0.051895,0.24973,0.053066,0.094471,-0.054688,0.298922,0.039243,-0.188197,0.301145,0.176594,-0.195461,-0.024955,-0.10864,0.308719,-0.150888,0.167342,0.252072,0.011357,-0.024476,-0.043561,0.161794,-0.132534,0.304075,-0.045672,0.074561,-0.132657,-0.029119,0.148374,-0.481502,0.008397,-0.385582,-0.116402,-0.056962,-0.273815,0.049112,-0.08297,-0.207634,0.052592,-0.244289,0.146664,0.455055,0.271402,0.142531,0.099724,-0.123459,0.174222,-0.184045,0.073938,0.058647,-0.069099,0.091293,0.281849,0.241902,0.132088,0.005418,0.145142,0.015985,-0.267915,0.07204,-0.07226,0.053055,0.013306,0.212488,0.062631,-0.456872,-0.155876,-0.044311,-0.065378,0.0568,-0.363269,0.095973,-0.092064,-0.092701,-0.345837,-0.033362,-0.274898,0.187929,-0.060886,0.103908,0.079888,-0.136954,-0.096653,-0.065314,-0.133988,0.228288,-0.221107,-0.138551,-0.053615,-0.20395,-0.281572,0.043258,-0.105946,-0.238697,0.113354,-0.066698,-0.411659,0.123814,-0.005173,0.290199,-0.033409,0.093359,0.039119,0.168742,0.218836,-0.335367,-0.004959,0.220326,-0.065593,-0.06913,-0.055941,0.140631,0.362254,-0.244492,-0.232843,0.096016,0.005857
canon_Task_00087,0.389156,0.210927,0.03975,-0.057899,0.05002,-0.19306,0.199677,0.000702,0.102346,-0.139312,0.214134,-0.167219,-0.160238,0.175392,0.324213,-0.186991,0.164518,-0.015607,-0.134236,0.012676,0.356425,0.155664,-0.404812,-0.129298,-0.396533,0.037912,-0.472528,0.199776,0.208116,0.438237,0.208044,0.00784,-0.308149,-0.013238,-0.15363,0.032474,-0.122308,0.348528,0.081973,0.156793,-0.269269,0.408493,-0.301027,0.00985,0.058754,0.156404,-0.064398,0.225377,-0.138427,0.153848,-0.262078,-0.062655,0.270238,0.150062,0.116739,-0.031773,-0.025501,-0.045655,-0.464338,0.05751,-0.049976,-0.175429,-0.011385,0.122401,0.026373,-0.047049,0.074544,0.154973,-0.213511,-0.457933,-0.162174,-0.132742,-0.058749,-0.178966,0.248425,0.063416,-0.299983,-0.059746,-0.131534,-0.188315,0.2979,0.041323,0.033677,0.223422,0.189074,0.121824,-0.038158,-0.150996,0.17528,0.142973,-0.215016,0.032481,-0.232778,0.392973,0.145583,0.028447,0.181767,-0.317925,0.046107,-0.429673,-0.462298,-0.229979,0.168887,0.040575,-0.209995,-0.230809,-0.034669,-0.347696,0.052702,-0.189275,0.191406,0.079784,0.017256,0.258979,0.075349,0.041136,-0.500448,0.061933,0.198894,-0.121044,-0.114228,-0.238831,0.241059,0.276333,-0.048178,-0.126086,0.13079,-0.110636
canon_Task_00089,0.087165,-0.056849,0.038072,-0.029561,-0.050263,-0.013728,0.063239,0.054879,0.032104,-0.002173,-0.002854,0.038166,0.011343,0.109381,0.08635,-0.040167,0.048203,0.040202,-0.067818,0.028552,0.120107,0.006605,-0.126293,-0.069692,-0.093103,0.063847,-0.053181,-0.040534,0.09113,-0.026905,0.014445,0.02402,-0.025179,0.07981,0.00518,-0.052858,-0.013782,-0.032039,0.032136,0.111212,-0.081052,0.07061,0.003146,0.036285,0.067427,-0.004459,-0.002297,0.036016,-0.001736,-0.028498,-0.108244,-0.006755,0.149,0.084319,0.119586,0.018785,-0.02246,0.031862,-0.041173,-0.090883,0.077724,-0.131056,-0.125891,0.139715,0.190408,-0.090256,-0.059917,0.015246,-0.068448,-0.157588,0.033612,-0.061403,-0.06535,-0.070468,0.074887,-0.018802,-0.106805,-0.01997,-0.031249,0.002216,0.002737,-0.115621,0.064544,0.061416,0.034647,0.035031,-0.00147,-0.048202,0.107231,0.043847,-0.032578,0.01949,-0.149642,0.02137,0.074428,-0.009665,0.034977,-0.032618,-0.033989,-0.071872,-0.06424,-0.075141,0.034722,-0.081194,-0.072777,0.075108,-0.045973,-0.088511,0.090923,0.02171,0.032289,0.06785,0.075149,0.028619,-0.012442,0.122613,-0.174785,-0.028367,0.010391,-0.052886,-0.016708,-0.022422,0.073553,0.126655,-0.121109,-0.063254,0.125069,-0.072357
canon_Task_00092,0.001644,0.178753,0.101972,-0.123801,0.04353,-0.05646,0.002045,0.327622,0.190676,0.029664,-0.066101,0.144299,0.072971,0.142608,0.202881,-0.112659,0.211284,-0.104249,-0.264872,-0.083921,0.375487,0.230416,-0.296542,-0.157241,-0.445016,0.343105,-0.01724,0.069708,0.127673,0.123497,0.080667,0.154703,-0.219641,-0.39318,0.011404,0.198939,0.42703,0.349626,0.100654,-0.072324,-0.577286,0.10865,-0.22045,0.145799,-0.042735,0.275115,0.055106,0.055184,-0.150816,0.12137,-0.142048,0.110559,0.527257,0.169837,0.065764,0.027253,0.307211,-0.052301,-0.252345,-0.098169,0.414126,-0.134343,-0.256927,0.330889,0.428721,-0.3215,0.032984,0.098611,-0.192254,-0.011229,-0.033566,0.12522,-0.029536,-0.109149,0.332545,0.028303,-0.030263,0.75361,0.230774,-0.290772,0.045287,-0.141467,-0.085731,-0.020149,-0.22081,0.456681,0.099512,-0.103095,0.191998,-0.134431,0.03888,0.129536,-0.394106,-0.041191,0.17064,0.018753,0.416525,-0.337647,0.097051,-0.233951,-0.656787,-0.316564,-0.120326,-0.06797,-0.206077,-0.043585,-0.196404,-0.29083,0.177434,0.116012,0.387142,0.057651,-0.326355,0.08059,0.372217,-0.040076,-0.852077,0.040362,-0.044291,-0.043835,-0.016278,0.109532,-0.024778,0.265646,-0.293708,-0.091627,0.091049,-0.101514
canon_Task_00093,0.078696,0.180368,0.141286,-0.130493,-0.057973,-0.045869,0.010464,0.321149,0.221891,0.021837,-0.059639,0.14943,0.122075,0.1195,0.197764,-0.127372,0.152936,-0.041846,-0.280051,-0.109871,0.400076,0.248192,-0.279142,-0.123678,-0.406841,0.348152,0.00393,0.009362,0.184015,0.152653,0.071377,0.175078,-0.206626,-0.414464,-0.040144,0.177878,0.444226,0.37015,0.15013,-0.119363,-0.568513,0.19629,-0.308421,0.086707,0.048561,0.296787,0.030754,0.047179,-0.116335,0.132839,-0.161854,0.095706,0.490207,0.174695,0.136708,0.095125,0.282337,-0.120638,-0.251516,-0.123839,0.446107,-0.138399,-0.343897,0.427285,0.450851,-0.364684,0.030002,0.108461,-0.158484,-0.122092,-0.11616,0.197526,-0.016501,-0.073511,0.326909,0.051125,0.037527,0.872345,0.235826,-0.293588,0.013326,-0.115232,-0.069666,-0.070625,-0.240481,0.461486,0.092901,-0.112791,0.2816,-0.174779,-0.017756,0.173801,-0.479287,-0.134005,0.187253,0.024615,0.426078,-0.362265,0.132882,-0.259356,-0.694524,-0.324091,-0.031533,-0.055678,-0.209365,-0.046389,-0.227459,-0.319496,0.201064,0.114204,0.378998,0.12482,-0.351741,0.154751,0.349968,-0.063391,-0.941392,0.048272,-0.050711,-0.021038,-0.020805,0.113937,-0.037881,0.300366,-0.342283,-0.085906,0.102273,-0.129338
canon_Task_00094,0.087918,-0.007003,0.028091,-0.039169,-0.02035,0.001855,0.079358,0.032127,0.008356,-0.063982,0.056091,0.010148,0.014264,0.097299,0.164056,-0.075469,0.023868,-0.045663,-0.1394,0.007121,0.032284,-0.009423,-0.170517,0.032319,-0.16353,0.153776,-0.023114,0.085458,0.037975,-0.018716,-0.026842,-0.028096,0.02517,-0.019463,-0.046062,-0.076853,-0.05639,0.014445,-0.027727,0.067,-0.100099,0.133086,-0.032455,0.050546,-0.041517,-0.045133,-0.001147,-0.001077,-0.032612,-0.044923,-0.176417,0.028477,0.175632,0.123207,0.076183,0.023309,-0.095952,0.059988,-0.053356,-0.036379,0.097661,-0.081313,-0.001111,0.17934,0.145839,-0.064251,-0.087412,-0.041451,-0.077122,-0.168558,0.039498,-0.133916,-0.088106,-0.04073,0.081631,-0.08025,-0.125947,-0.029515,-0.023936,-0.03124,0.087738,-0.16603,0.083072,0.090192,-0.028544,-0.000757,-0.025239,-0.124822,0.137711,0.043255,-0.064917,0.144614,-0.104869,0.12547,0.052971,-0.0107,-0.060092,-0.077542,-0.052263,-0.027793,-0.149516,-0.13313,0.011908,-0.008414,-0.106473,0.097415,0.007583,-0.097337,0.042613,0.023056,0.115524,0.028456,0.038586,0.039203,0.037411,0.074119,-0.066002,-0.089538,0.074288,-0.041938,-0.002102,-0.049515,0.026862,0.112525,-0.131737,-0.22845,0.11048,-0.092792
canon_Task_00096,0.081447,-0.015498,0.023648,-0.042098,-0.036679,-0.010396,0.08156,0.043962,-0.010051,0.020887,-0.012705,0.020049,-0.002414,0.120475,0.17806,-0.057607,0.036968,0.035699,-0.09736,-0.089291,0.039458,0.090796,-0.154366,0.007014,-0.081498,0.089547,-0.018903,0.014345,0.048934,-0.005875,0.026912,-0.0114,0.024133,-0.02246,-0.099239,-0.065946,0.009107,0.047136,0.016749,0.084876,-0.109774,0.064437,-0.052217,0.033757,-0.045567,-0.004475,-0.034501,0.011428,0.03263,-0.028702,-0.132844,0.064458,0.157429,0.102788,0.035526,0.079918,-0.087403,0.030101,-0.069803,0.071133,0.128984,-0.062849,-0.098886,0.136906,0.230095,-0.108961,-0.100555,-0.038208,-0.075878,-0.187936,0.085975,-0.067639,-0.104711,-0.098881,0.079924,-0.044824,-0.091896,0.043791,0.001195,0.032869,0.056687,-0.129734,-0.003716,0.026798,-0.029253,0.045155,0.014624,-0.082752,0.086388,0.018623,-0.090064,0.078751,-0.10515,0.04036,0.08015,-0.039909,0.041384,-0.094559,-0.046945,-0.073976,-0.119513,-0.075071,0.045055,0.017605,-0.122938,0.076199,0.060951,-0.103299,0.123679,0.038439,0.081261,0.039867,0.067595,0.070235,-0.028639,0.074493,-0.210288,-0.000334,0.084663,-0.053422,-0.053738,-0.05674,0.088095,0.107333,-0.156217,-0.117425,0.086147,-0.098463
canon_Task_00097,0.412284,-0.03526,-0.027527,-0.487455,0.127509,0.44029,0.044124,0.109326,0.91741,-0.705075,-0.534936,-0.223099,0.171517,-0.244014,0.803501,-0.081221,1.193663,-0.431325,-0.481072,-0.284735,0.353287,0.109297,-0.592995,-0.485017,-0.846659,0.992846,-0.082997,-0.474863,0.579992,-0.006756,-0.175425,-0.652577,-0.623491,-0.122382,-0.997111,0.378578,-0.80749,-0.038667,0.198713,0.025943,-0.410008,0.267337,-0.310291,0.108023,-0.083295,-0.230555,0.21662,-0.315081,-0.82576,-0.93991,-0.414792,-0.813195,0.536308,0.549103,0.421017,-0.143121,-0.081616,0.280139,-0.343776,-0.85008,0.618422,0.040869,-1.221707,0.526563,0.400293,-0.485147,-0.456617,0.041451,-0.747986,-0.80772,-0.092837,-0.506916,-0.70587,0.045214,0.524638,0.3093,-0.280875,0.633098,0.024145,-0.2888,-0.432202,-0.246275,0.264381,0.127007,0.023105,-0.206297,-0.652376,-0.443765,0.826837,0.158764,-0.897599,0.315784,-1.076624,0.673961,0.177785,-0.013533,0.329839,0.062555,-0.511466,-0.112564,0.449141,-0.952276,0.305717,-0.60085,0.214723,-0.504583,-0.343166,-0.753538,1.013843,0.165282,0.041111,0.21563,0.695779,0.068457,0.158958,0.886259,-1.136845,-0.489859,0.394225,-0.272579,0.599554,0.023346,0.231983,0.795242,-0.862027,-0.527639,0.667851,-0.492964
canon_Task_00101,0.029941,0.007781,0.005436,-0.089678,-0.008938,-0.009286,0.053696,0.066938,0.08704,-0.008316,0.017286,0.013162,0.032979,0.073659,0.124982,-0.041051,0.101306,-0.014059,-0.070491,0.011544,0.02716,0.013506,-0.139766,-0.013414,-0.122711,0.121466,-0.044178,-0.031165,0.063961,-0.018818,-0.015583,-0.027059,-0.079255,0.010759,-0.028584,-0.028375,-0.020702,0.000506,0.031491,0.049506,-0.074549,0.080802,-0.038193,0.010607,0.025795,-0.043436,-0.024438,-0.00484,-0.006957,-0.040642,-0.095532,0.027796,0.159206,0.117255,0.043416,0.042608,-0.050464,0.098786,-0.013583,-0.044552,0.061875,-0.07,-0.109681,0.128765,0.222658,-0.072621,-0.090544,-0.034655,-0.078428,-0.165649,0.04467,-0.063705,-0.065753,-0.042499,0.052045,-0.056782,-0.026713,-0.017721,0.008458,0.006745,0.026445,-0.130279,0.026101,0.023649,0.009108,-0.001689,-0.023752,-0.036789,0.089885,0.035818,-0.062145,0.040986,-0.146918,0.045055,0.07516,-0.001407,-0.020095,-0.020531,-0.037053,-0.073039,-0.074377,-0.116212,0.029536,-0.041548,-0.027412,0.061633,-0.076384,-0.137031,0.098941,0.028344,0.08758,0.07826,0.102907,0.062163,0.008819,0.11458,-0.191253,-0.098229,0.084281,-0.040927,-0.014858,-0.118755,0.070664,0.075623,-0.136652,-0.146104,0.141003,-0.099735
canon_Task_00102,0.119892,-0.052024,0.005933,-0.050581,-0.00419,0.02044,0.038444,0.056066,0.075809,-0.05021,-0.072566,-0.016337,0.029575,0.146218,0.161456,-0.051703,0.016767,-0.013825,-0.123088,-0.004407,0.06357,0.076121,-0.152703,-0.021579,-0.155033,0.076544,-0.023629,-0.022636,0.088261,0.017331,-0.022229,-0.028559,-0.002927,-0.010469,-0.113698,-0.045519,-0.024193,0.007181,0.044759,0.112405,-0.063331,0.037628,-0.003159,-0.048662,0.078384,0.033894,-0.00501,-0.021852,0.016257,-0.061144,-0.196311,-0.014557,0.161403,0.116382,0.043243,0.069741,-0.072256,0.096631,-0.03839,-0.022757,0.093362,-0.087793,-0.063305,0.209004,0.175179,-0.070929,-0.109451,-0.043026,-0.152942,-0.194237,0.032386,-0.104865,-0.156607,0.034104,0.090988,-0.034973,-0.105667,0.031644,-0.006449,-0.035564,0.020786,-0.156978,0.064315,0.043249,-0.031032,0.063214,-0.01081,-0.030788,0.086146,-0.027804,-0.119084,0.091294,-0.129895,0.14446,0.098702,0.030303,-0.02143,-0.003018,-0.02552,-0.051815,-0.138563,-0.13148,0.008344,-0.021394,-0.131004,0.040969,0.013209,-0.105876,0.021371,0.037976,0.050624,0.084155,0.067192,0.122541,0.063786,0.006804,-0.179145,-0.067869,0.035172,-0.052579,-0.000717,-0.074311,0.056059,0.089121,-0.041917,-0.060984,0.219646,-0.150329
canon_Task_00105,0.425565,0.459851,-0.019424,-0.19157,-0.176133,-0.307073,0.224492,0.386694,-0.187406,-0.376616,0.034801,-0.090493,0.080502,0.674912,0.313024,0.029464,0.201334,0.275906,-0.418786,0.231703,0.209758,0.446037,-0.209108,-0.695495,-0.309564,0.444957,-0.028096,0.383631,0.34517,0.206269,0.11087,-0.266774,-0.246687,0.140025,-0.157568,-0.319348,-0.381889,0.252961,0.252565,0.065302,0.006141,-0.118747,-0.180451,0.289162,0.303554,0.18616,0.043161,0.145549,-0.204417,-0.177478,-0.516303,-0.058817,0.771309,0.895669,0.059973,0.134637,-0.069952,0.387854,-0.481837,-0.377525,-0.046306,-0.429842,0.132764,0.087457,0.259401,-0.341353,-0.858498,0.315768,-0.410889,-0.306853,-0.203935,-0.533725,-0.073382,-0.096805,0.172102,0.003447,-0.303503,-0.002488,-0.092843,-0.142659,-0.310495,-0.171262,0.10756,0.350878,0.209674,0.331171,-0.197002,-0.428562,0.453702,0.096611,-0.230124,-0.031,-0.408055,0.285624,0.27968,0.263343,-0.163341,-0.143849,0.008277,-0.580385,-0.612136,-0.237575,0.166838,-0.256721,-0.43644,-0.316133,0.047036,-0.151383,0.232697,-0.020344,-0.185176,-0.317093,-0.369274,0.341741,0.117375,0.360596,-0.109994,0.164333,0.131115,-0.349773,-0.492048,-0.103682,0.432539,0.204511,-0.01519,-0.265417,-0.023463,-0.143861
canon_Task_00107,0.078852,-0.03998,0.011862,-0.033974,-0.056547,-0.026382,0.074471,0.012424,0.003014,-0.000977,0.010477,0.01732,-0.00558,0.131689,0.142883,-0.082873,0.045302,0.025126,-0.102754,-0.000634,0.10905,0.037886,-0.134767,-0.006537,-0.118902,0.068429,-0.0161,0.034978,0.075093,0.006386,0.007346,0.001143,-0.016207,0.035249,-0.034502,-0.079737,-0.05101,-0.000757,0.025369,0.094466,-0.072314,0.08693,-0.05708,0.015646,0.041458,-0.017329,0.027328,0.052455,-0.01845,-0.014504,-0.103611,0.025448,0.167666,0.106226,0.037416,0.062009,-0.049906,0.025561,-0.036982,0.006058,0.066109,-0.058859,-0.094068,0.131694,0.161442,-0.098375,-0.086646,-0.017512,-0.083326,-0.177863,0.036781,-0.089411,-0.067963,-0.071458,0.066798,0.001351,-0.087391,0.002653,-0.032078,-0.026861,0.047766,-0.132962,0.020963,0.033606,-0.015014,-0.007847,0.007967,-0.087083,0.104383,0.029663,-0.077676,0.05709,-0.121448,0.027203,0.058944,-0.014216,0.037224,-0.063772,-0.042058,-0.065508,-0.105158,-0.12887,0.023001,-0.042926,-0.115582,0.063981,-0.033924,-0.102478,0.081991,0.056324,0.035338,0.056017,0.0523,0.048371,-0.02894,0.091881,-0.193113,-0.05883,0.02731,-0.0475,-0.060237,-0.059946,0.048735,0.154872,-0.109433,-0.124917,0.11411,-0.086223
canon_Task_00175,0.118283,-0.047872,0.159272,-0.160809,-0.19868,-0.104332,0.246729,0.163265,0.159018,-0.067452,0.306244,0.260428,0.142784,0.057007,-0.034668,-0.067438,0.117587,0.350383,0.036877,-0.144288,0.31321,0.150253,-0.019378,-0.310788,-0.125723,0.170153,-0.199002,0.150973,0.26419,0.107914,-0.022498,0.172912,-0.069132,0.056904,0.038764,-0.228206,0.105239,0.0126,0.135687,-0.001829,-0.051967,0.366856,-0.328845,-0.092579,0.191488,0.063055,-0.083578,-0.002275,-0.219192,0.089432,0.00328,0.065373,0.123438,0.241771,0.300342,-0.138429,0.076547,0.007491,-0.067199,-0.234902,0.067181,-0.227845,-0.200013,0.041424,0.31361,-0.204681,-0.269548,0.206592,-0.092404,-0.238164,-0.053499,-0.101599,-0.043401,-0.21999,-0.006996,0.082793,0.102905,0.136846,-0.189746,-0.122569,-0.06388,-0.065793,-0.065293,0.165119,0.283616,-0.035731,0.19631,-0.409011,0.154408,0.332365,-0.264552,-0.067556,-0.36022,-0.089465,0.126187,-0.143037,0.195365,-0.298727,0.071855,-0.076444,-0.367551,-0.161753,0.140295,-0.267224,-0.119481,-0.012346,-0.290138,-0.135021,0.235992,0.060469,0.122347,-0.01455,-0.103501,0.216202,-0.115938,0.431648,-0.215523,0.064787,0.10527,-0.125067,-0.125205,-0.061496,0.200884,0.091699,-0.316249,-0.292366,-0.101272,-0.241915
canon_Task_00178,0.103794,0.167402,-0.459672,0.086933,-0.542531,0.065304,0.023941,-0.023185,-0.010628,0.044126,0.069359,-0.315893,-0.20907,0.554538,0.417736,-0.373302,-0.252788,-0.046961,-0.231343,-0.221879,0.601856,0.041128,-0.510241,-0.197677,-0.181734,-0.22408,-0.271234,0.043178,0.345103,-0.089935,0.010561,0.035061,-0.016452,0.410087,-0.13576,-0.387876,0.215744,0.074725,0.568177,0.292773,-0.373989,0.195234,-0.047094,-0.123473,0.397381,0.146084,0.12604,0.259214,0.065664,0.685012,-0.185975,0.352874,0.24981,0.376329,0.310983,0.410703,-0.184482,-0.366606,-0.299099,0.071306,0.018699,0.233469,-0.600455,-0.00349,0.295913,-0.140214,-0.406563,0.475825,-0.266345,-0.70421,-0.484627,-0.47985,-0.375074,-0.354179,0.461331,0.109621,-0.033608,0.12916,-0.23607,0.02165,-0.225073,-0.097406,0.126653,-0.074541,-0.034454,-0.081136,0.434229,-0.090364,0.521797,-0.185681,-0.292348,-0.269798,-0.678713,-0.63856,0.421268,-0.096399,0.868733,-0.291138,-0.277035,-0.149735,-0.589998,-0.300182,-0.065109,0.091671,-0.497013,0.262752,0.079541,-0.369044,-0.417756,-0.358737,0.178652,0.199597,-0.253276,0.240478,0.010107,0.100579,-0.818244,-0.185725,0.402298,-0.182329,-0.317388,0.196392,-0.127738,0.485086,-0.09656,-0.380875,0.294062,-0.56373
canon_Task_00179,0.052717,-0.02948,0.068768,-0.043371,-0.065592,-0.013682,0.075365,0.068473,0.030761,-0.01524,-0.012453,0.055992,-0.003571,0.164826,0.111489,-0.092623,0.038646,0.03862,-0.053044,-0.009004,0.110096,0.06409,-0.091974,-0.027213,-0.081575,0.0707,-0.007209,0.032073,0.085502,-0.015021,0.024199,0.035436,-0.041461,0.025704,-0.032591,-0.06958,0.007656,-0.002675,0.015176,0.061563,-0.070151,0.103159,-0.025636,0.02381,0.039489,0.016318,-0.000719,0.050417,0.021025,0.024489,-0.115476,0.053687,0.123962,0.103153,0.052751,0.042697,-0.068945,0.026261,-0.01083,-0.020458,0.065555,-0.085101,-0.066054,0.125682,0.183033,-0.089495,-0.105902,-0.002404,-0.048234,-0.177614,0.018081,-0.050073,-0.079803,-0.082667,0.059336,0.010944,-0.091095,0.02531,-0.019644,-0.028,0.028213,-0.071438,0.046624,0.018298,-0.009519,0.012128,0.028753,-0.083662,0.096174,0.025856,-0.061586,0.023442,-0.087927,0.024675,0.051401,0.016748,0.038117,-0.047594,-0.002309,-0.059744,-0.11381,-0.046018,0.032236,-0.045228,-0.114042,0.081764,-0.050844,-0.081079,0.06606,0.054679,0.05823,0.021668,0.034201,0.078562,-0.052192,0.103046,-0.16808,-0.051324,0.08091,-0.04793,-0.035219,-0.060131,0.049519,0.116067,-0.129021,-0.124151,0.064871,-0.041783
canon_Task_00180,0.072523,-0.029876,0.03061,-0.037383,-0.045422,-0.016162,0.069076,0.040924,0.010206,0.009263,0.012805,0.051951,-0.020546,0.129288,0.126431,-0.057154,-0.014606,0.029466,-0.104512,-0.002958,0.083108,0.036096,-0.123264,-0.039012,-0.115997,0.082165,-0.002507,0.050693,0.050231,-4.4e-05,0.019534,-0.023112,-0.001464,0.013702,-0.042675,-0.085638,-0.050739,-0.026644,0.021958,0.088661,-0.084108,0.086589,-0.048699,0.013151,0.045572,0.036181,-0.009654,0.065149,-0.016929,0.012777,-0.100858,0.055601,0.146701,0.089633,0.055631,0.057555,-0.013881,0.019323,-0.036452,0.001095,0.040717,-0.058562,-0.114351,0.134421,0.18568,-0.098871,-0.089126,0.011568,-0.080646,-0.147164,0.037839,-0.060355,-0.063755,-0.091842,0.047713,0.014675,-0.093355,0.058592,-0.03211,-0.028563,0.04004,-0.093422,0.046112,0.056236,0.003967,0.009288,0.008092,-0.066796,0.092043,0.041014,-0.049184,0.046167,-0.128888,0.024366,0.048816,-0.025084,0.017049,-0.049953,-0.015516,-0.089161,-0.113818,-0.103609,0.015368,-0.054804,-0.09473,0.081136,-0.019094,-0.083381,0.070457,0.036821,0.057199,0.026338,0.072367,0.06502,-0.028343,0.099604,-0.216666,-0.047147,0.031833,-0.044825,-0.037086,-0.057582,0.068893,0.141613,-0.1376,-0.109291,0.107151,-0.09569
canon_Task_00181,0.671796,0.020902,0.208202,0.214694,-0.275456,0.214852,0.180478,0.74029,0.247513,0.389811,-0.210793,0.483039,0.353887,0.755898,0.218802,-0.104668,-0.472284,0.265687,-0.18377,0.162034,0.248436,0.207944,-0.275647,0.121285,-0.39287,0.544523,0.259638,-0.215203,0.559159,0.067369,0.284064,0.627985,-0.063106,-0.065027,-0.14777,-0.076017,0.232065,0.096749,-0.18809,0.375197,-0.540858,0.887264,0.004105,0.416053,0.036347,-0.057196,-0.601123,0.224783,0.002602,-0.139773,-0.2072,0.259448,0.325979,0.021502,0.257622,0.159191,-0.533789,-0.124382,0.06441,0.083232,-0.022052,-0.329069,-0.646505,0.824809,0.570274,-0.756659,-0.310149,-0.529588,-0.32987,-0.583051,0.023635,0.221911,-0.238332,0.00177,0.408907,0.095298,-0.216656,0.556102,-0.169768,0.096319,0.412546,-0.274403,0.154158,0.042264,0.000721,0.26076,0.1307,-0.005313,0.471236,-0.2725,-0.038638,0.261404,-0.008416,-0.174372,0.441347,-0.23915,0.149828,-0.70608,0.28507,-0.267435,-0.591088,-0.196781,0.664525,-0.17104,-0.673738,0.24732,0.062009,0.154963,0.38956,0.447959,0.058306,0.134944,0.40922,0.201801,-0.378965,0.633289,-0.804039,0.090403,-0.065396,0.243921,0.171684,-0.211752,0.088468,0.623491,-0.682972,-0.346118,0.192068,-0.547032
canon_Task_00182,0.052849,-0.000338,0.009541,-0.069352,-0.02531,0.009502,0.042954,0.029798,0.044847,0.016848,0.003889,0.01168,-0.010481,0.075842,0.119795,-0.05105,0.068352,-0.005511,-0.081291,0.009629,0.033944,0.0169,-0.111383,-0.023362,-0.129804,0.083286,-0.01945,-0.010532,0.03579,-0.029138,0.037182,-0.030972,-0.049246,0.033814,-0.060464,-0.052984,-0.013064,-0.019045,0.034032,0.093595,-0.100989,0.064443,-0.012172,0.001321,0.009415,0.001331,-0.004274,0.0589,0.013467,-0.026403,-0.106297,0.023502,0.167171,0.107267,0.057244,0.080066,-0.02316,0.04209,-0.012969,-0.031457,0.0842,-0.060709,-0.123705,0.134956,0.217243,-0.080327,-0.060318,-0.016729,-0.083471,-0.159544,0.036929,-0.06483,-0.051162,-0.062941,0.057438,-0.018006,-0.096094,0.00537,-0.007841,0.007294,0.030803,-0.125039,0.032136,0.047522,-0.024325,0.0057,-0.018506,-0.029137,0.093184,0.000912,-0.041032,0.028554,-0.09705,0.048755,0.04542,-0.007067,0.001183,-0.035785,-0.042614,-0.061455,-0.055189,-0.100723,0.02118,-0.021862,-0.070685,0.071404,-0.039911,-0.111493,0.104434,0.034196,0.031932,0.054234,0.095115,0.05277,-0.004372,0.100226,-0.205589,-0.043459,0.08209,-0.053006,-0.01886,-0.057864,0.077692,0.13128,-0.145313,-0.118048,0.1526,-0.101804
canon_Task_00185,0.086657,-0.057304,0.033419,-0.020492,-0.013214,-0.021997,0.054507,0.025752,0.017802,-0.023698,0.000561,0.021651,0.005038,0.117518,0.12015,-0.04785,0.065089,0.036004,-0.078577,-0.022078,0.070705,0.034733,-0.121715,-0.026905,-0.106975,0.082028,-0.047294,-0.025068,0.080368,-0.014275,0.02851,-0.006697,0.010164,0.055075,-0.040174,-0.027021,-0.006526,-0.01176,0.022246,0.098137,-0.088653,0.040766,0.00402,0.029754,0.033933,-0.025794,-0.027549,0.013302,-0.002113,-0.022883,-0.105088,0.003726,0.161558,0.070439,0.055021,0.078938,-0.033095,0.025874,-0.052635,-0.053384,0.077461,-0.076068,-0.109948,0.144665,0.152973,-0.081268,-0.030041,-0.010517,-0.068571,-0.140751,0.045991,-0.063708,-0.088827,-0.054504,0.080399,0.017013,-0.092286,0.021115,0.000811,-0.01923,0.006924,-0.119297,0.041496,0.065248,0.003038,-0.011506,-0.014152,-0.073329,0.084965,0.032919,-0.038963,0.040511,-0.123357,0.061926,0.078778,0.017694,0.025534,-0.074153,-0.036493,-0.063225,-0.048204,-0.113803,0.024062,-0.085325,-0.090071,0.056893,-0.007893,-0.099018,0.098276,0.03226,0.04627,0.050289,0.071531,0.052331,-0.018182,0.088813,-0.181229,-0.028687,0.050528,-0.035383,-0.005989,-0.025013,0.041557,0.133201,-0.110953,-0.091224,0.112579,-0.045387
canon_Task_00186,0.082688,-0.026951,0.040029,-0.045998,-0.044474,-0.030219,0.057724,0.03151,0.037954,-0.036895,0.004994,0.021166,-0.003511,0.141575,0.125888,-0.047083,0.058555,0.009334,-0.091802,0.004002,0.104372,0.051984,-0.128693,-0.042968,-0.121854,0.092134,-0.040756,0.000875,0.091567,0.000722,0.009428,-0.007093,-0.048035,0.039558,-0.012743,-0.066577,-0.03992,0.024759,0.016667,0.105048,-0.080128,0.069841,-0.01365,0.036513,0.036525,-0.006696,-0.004336,0.036876,-0.013417,-0.017296,-0.107044,0.024219,0.164794,0.094535,0.052036,0.067753,-0.019212,0.055218,-0.052813,-0.052572,0.08336,-0.079908,-0.097427,0.14195,0.185097,-0.095753,-0.083899,-0.002743,-0.072268,-0.130118,0.041804,-0.056315,-0.091056,-0.066126,0.066541,0.005194,-0.107517,0.026853,-0.030199,-0.016733,0.009367,-0.121094,0.047867,0.058056,0.001115,0.018808,-0.010768,-0.05932,0.079887,0.04201,-0.052146,0.037373,-0.155815,0.051539,0.064424,0.000802,0.005793,-0.053443,-0.029964,-0.068991,-0.075763,-0.101083,0.015737,-0.058985,-0.081611,0.058496,-0.042808,-0.114471,0.082292,0.047809,0.074644,0.042152,0.068348,0.063441,-0.018609,0.10073,-0.180168,-0.038955,0.051261,-0.035573,-0.010938,-0.043685,0.060553,0.109453,-0.094231,-0.092092,0.109673,-0.075374
canon_Task_00187,0.32583,-0.722456,0.06154,-0.339118,0.039193,-0.018748,0.017183,-0.047939,-0.521465,-0.429023,-0.697839,-0.380309,-0.732135,0.868933,1.469917,-1.073896,0.277146,-0.218194,-0.437917,-0.397091,-0.182524,-0.005176,-0.623922,0.555042,-0.058132,0.797388,0.85365,0.060497,0.790582,-0.695566,0.01053,-0.090605,-0.233417,0.317074,-0.214882,-0.100617,-0.557165,0.218776,-0.072133,0.561733,-0.239909,-0.007116,-0.071988,0.770176,0.57686,-0.368886,-0.256687,0.193779,0.28797,-0.103463,-0.90328,-0.034087,1.082089,0.383999,0.038652,0.597959,-0.64706,-0.065915,0.169876,-0.044177,0.721543,0.060931,0.224126,1.089949,0.83917,-0.040033,-0.588026,-0.54059,-0.105531,-1.126116,0.615425,-0.432765,-0.58407,-0.574231,0.357627,0.217435,-1.047269,0.439587,0.067028,0.071677,-0.202162,-0.601513,0.571906,-0.225681,-0.337649,-0.799577,0.090838,-0.123355,0.534126,-0.082064,0.017582,0.192101,-0.263833,0.456991,0.170021,0.326994,-0.43579,-0.002799,-0.534077,-0.332155,0.3546,-0.498333,-0.700573,-0.000733,-0.13737,0.672985,-0.366717,-0.962891,0.38333,0.740763,0.234665,0.263464,0.999585,0.130776,-0.545415,0.340105,-0.83349,-0.493427,0.575889,0.000778,0.201361,-0.100604,-0.363976,1.175865,-0.511386,-0.755877,0.744455,-0.055396
canon_Task_00188,0.375815,-0.626911,0.137617,-0.418526,0.034204,0.097667,0.111956,-0.103456,-0.470601,-0.516059,-0.662712,-0.33309,-0.670828,0.904107,1.459726,-1.096383,0.301042,-0.222243,-0.423563,-0.497369,-0.243189,-0.013431,-0.603027,0.489439,-0.148875,0.835003,0.883894,0.099074,0.780601,-0.688606,0.073292,-0.088357,-0.187882,0.254932,-0.290944,-0.155809,-0.62691,0.287448,-0.205422,0.485812,-0.151415,0.04696,-0.151616,0.757075,0.635866,-0.427216,-0.221146,0.152292,0.236268,-0.071601,-1.002776,-0.039964,1.006321,0.396297,0.015513,0.546665,-0.652934,-0.027394,0.150855,-0.103069,0.726703,0.136507,0.166085,1.11524,0.802802,-0.079552,-0.685658,-0.612271,-0.110081,-1.138644,0.570758,-0.410667,-0.554146,-0.522875,0.364223,0.273426,-0.964319,0.48084,-0.000734,0.022443,-0.184956,-0.491384,0.55092,-0.298998,-0.3396,-0.780283,-0.012872,-0.25053,0.541323,-0.021678,-0.136949,0.281707,-0.290632,0.543732,0.071103,0.349552,-0.370145,0.111103,-0.537101,-0.268021,0.349513,-0.567369,-0.692217,-0.054271,-0.163475,0.683767,-0.432493,-0.921843,0.379296,0.785558,0.200794,0.223506,0.943819,0.148305,-0.534146,0.377453,-0.809049,-0.586125,0.602593,0.005644,0.263767,-0.10508,-0.425368,1.086668,-0.511619,-0.789916,0.665456,-0.05124
canon_Task_00189,0.277256,-0.275045,-0.05658,-0.240269,-0.035335,0.084869,0.007091,-0.071643,-0.315258,-0.134458,0.028762,0.072964,-0.305782,0.210177,0.312205,-0.374945,-0.067562,0.154644,-0.129411,-0.454825,-0.091873,-0.080891,-0.122353,0.182051,0.098928,0.324809,0.274653,0.090252,0.330808,-0.26036,0.064775,0.002302,0.037354,0.085972,-0.031541,-0.198384,-0.131512,0.071427,0.031394,0.149226,0.030948,0.079962,-0.236145,0.183382,0.22976,-0.284607,-0.169568,-0.005423,0.138788,-0.002602,-0.236892,-0.062499,0.428928,0.297194,0.169936,0.215155,-0.134153,-0.2396,0.020311,0.066752,0.340041,0.088405,0.032596,0.560915,0.11642,-0.036613,-0.110587,0.096912,-0.036879,-0.501298,0.173769,-0.18872,0.005158,-0.243275,0.001579,0.203419,-0.241512,0.165755,0.012239,-0.011165,-0.056804,-0.229942,0.155172,0.025692,-0.197909,-0.119604,0.114629,-0.111707,0.284933,0.043975,-0.015422,0.042529,-0.103401,0.138301,-0.018698,-0.020064,-0.077433,-0.066055,-0.119231,-0.085727,0.027144,-0.170985,-0.205211,0.065329,-0.051891,0.284097,-0.145851,-0.385999,0.191983,0.139487,0.189395,0.067947,0.260328,0.102415,-0.070946,0.123858,-0.279567,0.024124,0.305673,0.003171,0.004514,0.009961,-0.153716,0.371195,-0.296958,-0.439408,0.127048,-0.220982
canon_Task_00190,0.026892,-0.013632,0.008943,-0.03218,-0.034812,0.001478,0.032973,0.033836,0.034983,0.002241,-0.004957,-0.005537,0.017162,0.047799,0.083375,-0.040768,0.041634,0.005196,-0.055325,-0.012987,0.032692,0.033119,-0.073774,-0.012803,-0.057116,0.044385,-0.0064,-0.007298,0.049966,-0.001487,-0.002067,-0.020224,-0.026038,0.009571,-0.041099,-0.025393,-0.020971,5.5e-05,0.026198,0.032037,-0.041791,0.041673,-0.036846,0.003843,0.017853,-0.008946,-0.015195,0.024094,-0.00529,-0.022016,-0.055949,0.013064,0.082322,0.04757,0.029831,0.033599,-0.022089,0.018562,-0.015916,-0.01059,0.036533,-0.019445,-0.078291,0.073058,0.103867,-0.059205,-0.059235,-0.014576,-0.03467,-0.096148,0.019006,-0.02377,-0.047989,-0.031644,0.03802,-0.001672,-0.027505,0.027994,-0.005759,0.003571,-0.00387,-0.061001,0.016349,0.019355,0.006637,-0.003252,-0.00888,-0.037421,0.057426,0.022668,-0.048263,0.034248,-0.076613,0.018513,0.044912,0.007431,-0.005695,-0.028888,-0.032947,-0.046919,-0.027255,-0.06726,0.017235,-0.031089,-0.030847,0.018173,-0.029573,-0.074953,0.056331,0.047048,0.026442,0.040454,0.059443,0.051013,-0.020149,0.075562,-0.129717,-0.033809,0.039288,-0.022292,-0.014801,-0.02308,0.029853,0.076298,-0.074027,-0.068511,0.080019,-0.047569
canon_Task_00191,0.074396,-0.038929,0.040538,-0.031675,-0.041854,-0.045938,0.039122,0.047715,0.025007,-0.012215,0.008802,0.029363,-0.006348,0.157811,0.113978,-0.072624,0.037965,0.03018,-0.093936,-0.026815,0.103124,0.050542,-0.136679,-0.044545,-0.109882,0.063721,-0.038136,0.001567,0.064471,-0.013808,-0.001009,-0.007943,-0.005351,0.020669,-0.011319,-0.080797,-0.001987,0.006952,0.026535,0.097048,-0.086949,0.064878,-0.019453,0.026762,0.022183,0.024116,-0.00702,0.021062,0.013485,-0.011951,-0.112486,0.036237,0.16513,0.115895,0.05673,0.043683,-0.041998,0.055217,-0.057137,-0.011963,0.089498,-0.086586,-0.06255,0.167651,0.177107,-0.102252,-0.065672,0.023797,-0.075882,-0.160974,0.020972,-0.072284,-0.07899,-0.065087,0.073891,-0.006005,-0.128991,0.011222,-0.031513,-0.053657,0.051471,-0.130422,0.047317,0.053871,0.006853,0.058431,-0.002257,-0.075349,0.062199,0.003576,-0.050216,0.072085,-0.123776,0.074238,0.0839,0.004013,0.044873,-0.076068,-0.035924,-0.061451,-0.099026,-0.082174,0.013209,-0.038659,-0.097665,0.070885,-0.022361,-0.109762,0.069199,0.031151,0.071325,0.065508,0.04202,0.046369,-0.024673,0.081125,-0.185653,-0.038592,0.045655,-0.052889,-0.032332,-0.038921,0.089763,0.123576,-0.104177,-0.099789,0.152468,-0.064868
canon_Task_00192,0.067814,-0.014896,0.015842,-0.069902,-0.036316,-0.057407,0.084755,0.069396,0.024,-0.007587,0.016787,0.007323,0.00901,0.108122,0.111272,-0.049682,0.089936,0.003227,-0.079041,-0.042821,0.084408,0.056204,-0.118574,-0.046433,-0.104213,0.058054,-0.029307,0.023887,0.085175,-0.02363,0.001046,-0.03002,-0.016186,0.048202,-0.051716,-0.036319,-0.003508,0.010373,0.041515,0.059021,-0.045717,0.072576,-0.028682,0.045535,0.003809,-0.01378,-0.013079,0.001639,-0.006253,-0.051008,-0.101642,0.041627,0.152407,0.111385,0.083319,0.00991,-0.055253,0.039608,-0.032313,-0.024548,0.081595,-0.082547,-0.086487,0.130075,0.196406,-0.098705,-0.068447,-0.029991,-0.046145,-0.178757,0.054415,-0.063602,-0.095158,-0.055045,0.052177,-0.014931,-0.084695,-0.028678,-0.043411,0.009218,-0.005652,-0.12462,0.025732,0.037998,0.016181,-0.031018,-0.004053,-0.087653,0.09397,-0.001378,-0.053519,0.068052,-0.140349,0.06085,0.060739,-0.03257,-0.001884,-0.043808,-0.06537,-0.058845,-0.082547,-0.109867,0.00881,-0.064476,-0.09905,0.049297,-0.015713,-0.104781,0.087677,0.089967,0.054589,0.071078,0.079262,0.061438,-0.038657,0.11683,-0.167046,-0.040196,0.044065,-0.052339,-0.040334,-0.03844,0.032603,0.120007,-0.104271,-0.130791,0.161517,-0.050572
canon_Task_00193,0.067284,0.027411,-0.004856,-0.069362,-0.01671,-0.001918,0.069966,0.070539,-0.001241,-0.031913,0.034986,0.022206,-0.04173,0.141401,0.121215,-0.04831,0.049303,0.012657,-0.124824,-0.05759,0.065382,0.052071,-0.093332,-0.044425,-0.093758,0.100084,0.003291,0.058951,0.110486,-0.031267,0.010786,-0.071391,-0.036386,0.036883,-0.098095,-0.10207,-0.059125,-0.012173,0.03816,0.111947,-0.066992,0.057954,-0.032706,-0.007609,0.013181,-0.010637,-0.020391,0.007592,-0.030587,-0.083689,-0.143197,0.009634,0.138512,0.151858,0.072327,0.054862,-0.048718,0.025467,-0.044354,-0.04655,0.108643,-0.078949,-0.08258,0.16669,0.186037,-0.077043,-0.105724,0.015537,-0.128226,-0.138985,0.021113,-0.073693,-0.072132,-0.041313,0.07353,-0.007896,-0.086556,0.056901,-0.051167,-0.001495,0.004833,-0.088112,0.021903,0.063888,-0.000885,0.017512,-0.039772,-0.059073,0.075304,0.055968,-0.101462,0.039044,-0.132452,0.066018,0.041911,-0.035551,-0.007505,-0.034414,-0.046631,-0.07187,-0.0893,-0.101074,0.038474,-0.044049,-0.138639,0.025187,-0.020482,-0.137842,0.092648,0.008811,0.053438,0.019305,0.065319,0.087064,0.046198,0.081146,-0.164025,-0.053628,0.074825,-0.080505,-0.055599,-0.036241,0.060435,0.110184,-0.132962,-0.126547,0.108648,-0.111413
canon_Task_00194,0.064662,-0.023022,0.019878,-0.054571,-0.0587,-0.04412,0.05441,0.045467,0.018718,-0.038226,0.035412,0.024571,-0.013152,0.128563,0.107669,-0.082843,0.037922,0.03508,-0.107019,-0.006346,0.092916,0.055378,-0.122728,-0.027673,-0.115276,0.087565,-0.006443,0.009662,0.091473,-0.016126,-0.007647,-0.00463,-0.036104,0.028633,-0.026452,-0.060869,-0.05627,0.016292,0.034521,0.099842,-0.041116,0.098697,-0.059825,0.039407,0.036849,-0.00552,-0.011861,0.03153,-0.017002,-0.027072,-0.107722,0.036746,0.140205,0.094028,0.102097,0.063108,-0.03838,0.026588,-0.03277,-0.029215,0.065485,-0.060423,-0.097133,0.132172,0.162489,-0.085975,-0.078569,-0.020939,-0.079851,-0.135309,-0.000341,-0.055531,-0.092212,-0.085097,0.060092,0.003968,-0.090187,0.084688,-0.02231,0.001073,0.016877,-0.100084,0.055113,0.059837,0.031443,-0.017845,-0.002819,-0.052773,0.082233,0.066697,-0.079315,0.05109,-0.145138,0.067744,0.078665,-0.000335,-0.001707,-0.059176,-0.019034,-0.08465,-0.079529,-0.135731,0.021329,-0.059819,-0.07409,0.047641,-0.053533,-0.14374,0.052628,0.052151,0.069495,0.050603,0.088858,0.048121,-0.024312,0.109221,-0.184444,-0.065577,0.042222,-0.036458,-0.010814,-0.044912,0.039909,0.132526,-0.11672,-0.129083,0.112921,-0.064213
canon_Task_00197,0.143829,0.127084,-0.019668,-0.155688,-0.034518,0.052503,0.111779,0.062724,0.02863,-0.063055,-0.09906,0.2097,0.03639,0.241012,0.118083,-0.087593,0.150603,0.186379,-0.16906,-0.312463,0.162477,0.10127,-0.176195,-0.123127,-0.072975,0.095432,-0.058916,0.11349,0.205117,0.001507,0.035776,-0.004593,-0.066373,0.092141,-0.229468,-0.065555,-0.179118,0.051631,0.094827,0.058266,-0.097334,0.06313,-0.13927,0.047578,-0.096482,-0.170535,-0.087926,0.071125,-0.069727,-0.086141,-0.091214,0.134942,0.2271,0.162632,0.062396,0.073259,-0.112518,0.204226,-0.109314,0.124562,0.033039,-0.022347,-0.116392,0.077438,0.17464,-0.064761,-0.271175,0.147285,-0.192842,-0.274617,0.001677,-0.155353,0.006889,-0.153231,0.17208,0.163853,-0.021844,0.00448,-0.070702,0.00623,-0.078582,0.031876,-0.038929,0.067488,0.038653,0.078889,0.010372,-0.198498,0.022902,0.127536,-0.253178,0.147305,-0.030699,-0.032077,0.142184,0.002438,0.066696,-0.171975,0.040952,-0.186898,-0.140066,-0.217774,0.041852,0.026439,-0.262779,-0.003447,-0.065425,0.008216,0.1221,0.156735,0.110012,-0.127853,-0.03077,0.231474,-0.209747,0.151002,-0.165038,-0.0226,0.187466,-0.079812,-0.087553,-0.039684,0.106014,0.098765,-0.140784,-0.170765,-0.043275,0.024835
canon_Task_00198,0.068899,-0.02568,0.010504,-0.048986,-0.0633,-0.022412,0.057675,0.050271,0.030693,0.012033,-0.009802,-0.00187,-0.003597,0.113919,0.120008,-0.054851,0.058645,-0.000305,-0.062781,-0.002732,0.063045,0.012064,-0.128473,-0.023302,-0.102404,0.077364,-0.012321,-0.013258,0.079472,-0.012762,0.010716,0.016192,-0.034567,0.046367,-0.021488,-0.012195,-0.029312,0.00675,0.011648,0.075702,-0.068351,0.085238,-0.028247,0.039849,0.026657,-0.011512,-0.027461,0.040826,0.002942,-0.005571,-0.095374,0.028141,0.140234,0.077927,0.077797,0.028304,-0.053993,0.04626,-0.024565,-0.025264,0.046569,-0.069934,-0.088979,0.103312,0.179018,-0.099849,-0.097787,-0.038142,-0.044995,-0.159702,0.024844,-0.046917,-0.06222,-0.068561,0.055731,-0.001951,-0.079671,0.013532,-0.03077,0.002438,0.017842,-0.093777,0.040609,0.019296,0.018231,-0.028894,0.008734,-0.055815,0.082019,0.005819,-0.058615,0.022098,-0.115761,0.052903,0.066299,0.005268,0.02199,-0.033926,-0.030417,-0.060383,-0.0674,-0.08895,0.025374,-0.050349,-0.071282,0.06157,-0.043714,-0.094967,0.084101,0.052023,0.037968,0.060471,0.068905,0.039994,-0.045838,0.12209,-0.17556,-0.060532,0.043149,-0.019814,-0.019701,-0.04254,0.04783,0.123724,-0.111065,-0.120151,0.129267,-0.052698
canon_Task_00203,0.079568,-0.043205,0.332024,-0.287898,0.250321,0.125818,0.161311,0.119285,0.15204,0.078445,-0.215516,-0.000288,0.010492,0.28577,0.198056,-0.376531,0.48641,0.412035,-0.207891,-0.047727,-0.109197,0.381168,-0.039872,-0.072017,-0.019449,0.359258,-0.023322,0.043041,0.30093,0.163687,-0.247548,0.151053,-0.099598,0.316152,-0.252313,-0.273646,-0.172292,-0.251166,-0.164834,0.317486,-0.447286,0.087479,-0.142555,-0.152343,0.006898,-0.249824,-0.139157,-0.12373,-0.074402,-0.450778,-0.295288,0.040226,0.339998,0.307531,0.027516,0.387133,-0.327869,0.392718,-0.010891,-0.240476,0.273462,-0.217093,-0.043181,0.488894,0.404786,0.066446,-0.241929,0.020668,-0.383112,-0.452685,0.05935,-0.115236,-0.317399,-0.016156,0.417546,-0.183388,0.037966,0.023328,-0.014364,-0.17834,-0.164108,-0.272443,-0.103644,0.341046,-0.16532,-0.072661,0.110195,-0.159118,0.243203,0.692102,-0.108211,0.177847,-0.109025,0.139894,0.400529,0.373924,-0.378144,-0.550376,0.197899,-0.194731,0.148832,-0.399969,0.022439,-0.131932,-0.25297,0.079108,-0.290772,-0.27767,0.128437,0.238469,0.337873,-0.107549,0.243558,0.386631,-0.075496,0.06892,-0.040917,-0.211854,0.158982,-0.129017,0.031932,-0.27393,0.322791,0.207274,-0.312819,-0.05175,-0.219087,-0.061547
canon_Task_00204,0.235882,-0.184393,0.662644,-0.632859,0.472952,0.248123,0.374308,0.300293,0.330963,0.174297,-0.537631,-0.089863,0.012721,0.646389,0.519282,-0.841584,1.132664,0.771517,-0.479153,-0.146664,-0.167727,0.818453,-0.212712,-0.198065,-0.087024,0.798667,-0.024634,-0.007349,0.741554,0.34313,-0.536107,0.325642,-0.278906,0.72843,-0.525949,-0.536217,-0.440589,-0.481935,-0.293093,0.687949,-0.884333,0.256165,-0.279355,-0.235719,0.028923,-0.56294,-0.358441,-0.240699,-0.148584,-0.969438,-0.624267,0.026563,0.79241,0.690795,0.106933,0.745167,-0.748643,0.823832,-0.021773,-0.532331,0.645451,-0.471403,-0.19167,1.071891,0.944008,0.025094,-0.618835,-0.025348,-0.846537,-1.146565,0.177177,-0.339101,-0.760047,-0.086303,0.890865,-0.395491,0.013631,0.018532,-0.105612,-0.338895,-0.349208,-0.607797,-0.187622,0.718342,-0.283125,-0.162951,0.22817,-0.35054,0.59781,1.394628,-0.303708,0.397268,-0.352219,0.315306,0.893509,0.805462,-0.702291,-1.06396,0.268291,-0.477,0.380235,-0.882351,0.042876,-0.323652,-0.492658,0.127835,-0.657826,-0.621729,0.416715,0.562238,0.677564,-0.131596,0.611666,0.807392,-0.271237,0.312294,-0.278843,-0.481743,0.321007,-0.257252,0.074469,-0.566308,0.672199,0.54669,-0.695702,-0.179938,-0.283914,-0.202661
canon_Task_00205,0.227146,-0.179648,0.668974,-0.597629,0.452896,0.257189,0.301119,0.300617,0.361237,0.195983,-0.568618,-0.153936,0.012473,0.645354,0.57343,-0.863657,1.055988,0.71639,-0.447546,-0.001551,-0.17906,0.76056,-0.23418,-0.071032,-0.176262,0.827792,-1.8e-05,-0.037377,0.702482,0.30233,-0.534088,0.323782,-0.246524,0.67366,-0.474349,-0.47703,-0.389489,-0.528114,-0.314894,0.723598,-0.980337,0.223884,-0.262541,-0.199403,0.06712,-0.52056,-0.276164,-0.211941,-0.174576,-0.922319,-0.624578,0.035685,0.818696,0.575036,0.136168,0.818301,-0.73137,0.83919,-0.002435,-0.52204,0.548793,-0.46155,-0.179005,1.067807,0.954182,0.0922,-0.481662,-0.104462,-0.790226,-1.082307,0.205097,-0.276943,-0.787797,-0.066788,0.918177,-0.373103,0.004454,0.08331,-0.036116,-0.352949,-0.354584,-0.670923,-0.129817,0.651307,-0.314271,-0.228464,0.252141,-0.29328,0.592138,1.332337,-0.22553,0.401262,-0.32536,0.346161,0.885889,0.827347,-0.774938,-1.12484,0.338981,-0.452913,0.3764,-0.83173,0.005683,-0.327742,-0.495644,0.171619,-0.605105,-0.624349,0.337021,0.560443,0.648191,-0.122089,0.614035,0.714688,-0.297024,0.290672,-0.286708,-0.484962,0.261739,-0.199497,0.136203,-0.600294,0.646167,0.590332,-0.670496,-0.122075,-0.249135,-0.098214
canon_Task_00206,-0.058149,-0.183206,-0.075061,0.024248,0.165519,-0.162561,-0.048609,0.016778,0.087522,-0.085111,0.243513,-0.274331,0.148723,-0.023349,0.184071,-0.347481,0.1373,-0.271677,-0.377888,-0.099769,0.491642,0.370838,-0.182227,-0.079113,-0.025727,0.189861,-0.004,0.107693,0.254353,0.141456,-0.415953,-0.094857,-0.14705,0.22296,0.012243,0.024747,-0.052582,-0.364544,0.143321,0.367202,-0.213731,0.061565,-0.128092,0.210681,-0.125264,-0.183336,0.024823,-0.274295,-0.151123,-0.277576,-0.190976,0.042516,0.167857,0.444049,0.180465,-0.305434,-0.353519,-0.045849,-0.153086,-0.29554,0.376048,-0.220137,0.292523,0.237335,-0.021534,-0.146848,-0.000475,0.175153,-0.168142,-0.259387,0.072358,-0.278252,-0.508376,-0.152701,0.476991,-0.316738,-0.374453,-0.313127,-0.018159,-0.160725,0.005395,-0.278358,0.194122,0.344185,0.194977,0.112777,0.077182,-0.201254,0.225827,0.054573,-0.129342,0.263072,-0.076342,0.213348,0.274616,-0.098692,0.035767,-0.167403,-0.156469,-0.298312,-0.103928,-0.384318,-0.064593,-0.322699,-0.35905,0.18752,-0.214135,-0.156238,-0.030826,0.184095,0.006253,0.00862,0.163609,-0.312398,-0.130672,0.160518,0.011476,-0.153915,-0.351114,-0.283326,-0.057104,-0.111691,0.159077,0.348174,0.020046,-0.150043,0.424368,-0.124419
canon_Task_00207,0.123367,0.237081,-0.140347,-0.383107,0.095169,0.119355,-0.130819,-0.125705,-0.12992,-0.127654,0.39689,0.114034,-0.051105,-0.011805,0.341299,-0.066565,-0.012993,0.443031,-0.445694,-0.136068,0.336239,-0.413638,-0.697557,0.28397,-0.537073,0.79942,0.062774,-0.069297,0.187134,0.206239,-0.217612,-0.147424,-0.088152,-0.097769,-0.089768,0.000225,-0.193142,0.421257,0.161027,0.275595,-0.267776,0.739676,-0.243973,-0.322315,0.045589,-0.133812,0.423541,0.239054,-0.202052,-0.36959,-0.129366,-0.049035,0.430341,1.102568,0.494868,-0.15989,0.154352,-0.065194,-0.356508,-0.222609,0.178501,-0.576838,-0.139933,0.60547,0.473643,-0.419976,-0.081717,0.247136,-0.693367,-0.662461,0.078531,-0.500217,-0.255561,-0.086816,0.377634,-0.040525,0.1816,-0.00498,-0.187369,-0.614349,0.259729,-0.762463,0.013246,0.299171,-0.244935,-0.070375,-0.32966,-0.565824,0.228926,0.027413,-0.645683,0.888556,-1.014072,0.172468,0.609698,-0.760571,-0.067153,-0.356615,0.016145,-0.706165,-1.113154,-0.462109,0.03816,0.209423,0.008969,0.515468,-0.022835,-1.167413,0.517466,-0.349441,0.033966,0.16099,-0.02595,-0.002112,0.644176,0.372367,-0.696556,-0.532114,0.205532,-0.174443,-0.048013,-0.024277,0.388678,0.470297,-0.388831,-0.464794,0.644145,-0.896755
canon_Task_00208,0.151182,0.230152,-0.10963,-0.306547,0.122073,0.1244,-0.138578,-0.130243,-0.165388,-0.130852,0.38242,0.140002,-0.093213,-0.003424,0.302096,-0.038507,-0.047097,0.457839,-0.408409,-0.16568,0.264775,-0.369404,-0.631036,0.236663,-0.479974,0.696015,0.093884,-0.044881,0.147203,0.187357,-0.159054,-0.156334,-0.076257,-0.146196,-0.098055,-0.033627,-0.185927,0.402684,0.088863,0.218403,-0.25865,0.642243,-0.2366,-0.27164,0.008339,-0.127086,0.373733,0.198338,-0.185356,-0.329267,-0.177703,-0.054369,0.425606,1.0491,0.471097,-0.136905,0.149392,-0.074332,-0.348547,-0.166507,0.168212,-0.517671,-0.058145,0.595717,0.4073,-0.39483,-0.053431,0.237795,-0.645801,-0.611216,0.05873,-0.423731,-0.22561,-0.109237,0.33976,-0.056416,0.089441,-0.000319,-0.183182,-0.536294,0.269702,-0.708555,0.0348,0.292257,-0.216803,-0.058161,-0.322922,-0.551264,0.181823,-0.003466,-0.592344,0.840994,-0.885962,0.201812,0.532111,-0.707477,-0.009559,-0.304328,-0.001767,-0.643762,-1.0124,-0.435908,-0.023976,0.201253,-0.049063,0.498107,0.03592,-1.051439,0.462573,-0.363683,0.058229,0.09499,-0.014695,0.011528,0.615805,0.308546,-0.60551,-0.483864,0.256493,-0.142936,-0.057199,-0.027655,0.374662,0.420778,-0.330971,-0.422932,0.591394,-0.834912
canon_Task_00209,0.105878,0.078455,0.149432,-0.105912,-0.192951,-0.090471,0.22057,0.020582,-0.009362,-0.044735,0.199983,0.155016,-0.064427,0.126831,0.13743,-0.107835,-0.086819,0.151748,-0.112213,-0.046291,0.035167,0.122676,-0.302292,-0.119663,-0.126905,0.022848,-0.204324,0.230417,0.04708,0.03223,-0.065042,-0.118168,-0.08142,0.243003,-0.055642,-0.119714,0.133174,-0.003701,0.015474,0.243315,-0.010876,0.063274,0.074827,0.189614,-0.054602,-0.092082,-0.101796,0.078788,0.047037,0.058702,-0.124986,0.045043,0.065922,0.208039,0.007441,-0.052663,-0.120936,-0.00043,-0.032907,-0.00192,0.023006,-0.137197,-0.206578,-0.042005,0.230986,-0.213379,-0.164436,0.004778,-0.018275,-0.322005,0.06503,-0.216995,-0.168152,-0.172452,0.139599,0.055155,-0.103479,-0.02013,-0.154331,0.264208,0.024684,-0.169945,0.024285,0.371893,0.016692,0.121351,0.041891,-0.267431,0.199817,0.088076,-0.161927,0.014573,0.089961,-0.026387,0.060685,0.040663,0.012098,-0.068402,-0.145268,-0.031401,-0.217691,-0.304059,0.161479,-0.095315,-0.255602,0.159058,-0.023154,0.128664,0.197707,0.234668,0.029727,-0.028154,-0.039303,0.024538,-0.204261,0.084311,-0.083676,0.192781,0.025619,-0.155651,0.023806,0.055771,-0.090894,0.123847,-0.127116,-0.176696,0.115973,-0.11205
canon_Task_00210,0.113963,0.098727,0.110533,-0.09327,-0.189476,-0.079892,0.249484,-0.040749,-0.028989,-0.028495,0.225021,0.178534,-0.073518,0.105349,0.160359,-0.119487,-0.133248,0.15099,-0.146738,-0.054684,0.023284,0.115358,-0.320466,-0.055129,-0.147942,0.020453,-0.170092,0.201851,0.032145,0.007264,-0.087389,-0.132457,-0.0463,0.256511,-0.092734,-0.064674,0.159715,-0.032086,-0.00734,0.271607,-0.036245,0.067413,0.070209,0.183231,-0.095055,-0.144882,-0.080832,0.075283,0.008725,0.065927,-0.114946,0.044621,0.090982,0.218555,-0.021416,-0.007885,-0.153374,-0.065553,-0.049563,0.017587,0.02988,-0.112816,-0.227835,-0.031029,0.211184,-0.238797,-0.140148,-0.045031,-0.010417,-0.316969,0.07742,-0.196828,-0.159372,-0.183543,0.13849,0.061289,-0.092196,0.015101,-0.13575,0.280377,0.023883,-0.201102,0.026819,0.3892,-0.022787,0.103704,0.019775,-0.289773,0.196445,0.056823,-0.1706,0.054207,0.101252,-0.035195,0.064129,-0.004032,-0.010035,-0.067293,-0.154445,-0.005648,-0.219041,-0.349137,0.192322,-0.076469,-0.284624,0.203103,0.028172,0.080953,0.210301,0.24257,0.042719,-0.048757,-0.020149,-0.015409,-0.17858,0.059667,-0.108431,0.171595,0.000122,-0.167116,0.021072,0.086532,-0.144463,0.128605,-0.160076,-0.205762,0.097614,-0.131336
canon_Task_00211,0.02539,-0.686476,0.305522,-0.163667,-0.140224,-0.543722,0.268467,0.275616,-0.149366,0.158406,0.343432,0.040961,0.095838,0.41352,0.669733,-0.54304,0.407686,0.136956,-0.780644,0.116041,0.671249,0.703845,-0.301033,0.193153,-0.413074,0.297265,-0.486139,-0.054345,0.225023,-0.229164,-0.515107,-0.505894,0.053379,0.550277,-0.291432,0.03618,0.638783,-0.59482,1.069698,0.928399,0.024778,0.13577,0.470727,0.120464,-0.496297,0.328862,0.101795,0.11229,0.299699,-0.774259,0.249709,-0.064995,0.676238,0.11724,0.291597,0.632132,-0.127159,-0.354665,0.032936,0.240491,0.934585,-0.666011,-0.594991,0.650644,1.047729,-0.846099,0.126748,0.233403,-0.250667,-1.142512,0.658341,-0.458422,-0.794527,-0.558166,0.32365,-0.391691,-0.335242,-0.379449,0.349992,0.488003,0.184354,-0.592835,0.247365,0.791096,-0.215259,0.629629,0.112778,-0.009105,0.701803,0.32584,0.069518,0.492501,-0.512997,0.293491,0.769384,-0.149114,-0.81031,-0.936916,-0.560567,-0.33798,-0.15437,-0.188524,0.776638,-0.326315,-0.455589,0.045363,0.178597,-0.574635,0.862276,0.279834,0.202558,0.265578,0.694857,0.184277,-0.229869,0.481873,-1.336599,0.32045,0.01559,-0.719179,-0.675836,-0.00231,-0.000588,0.842351,-0.906894,-0.276502,0.377703,-0.191532
canon_Task_00214,0.071588,-0.026063,0.041504,-0.054028,-0.036735,-0.024448,0.050019,0.052781,0.02465,0.002141,-0.003988,0.017343,-0.015393,0.138032,0.122614,-0.051463,0.07739,0.014187,-0.043547,-0.02614,0.079251,0.051086,-0.117439,-0.063497,-0.104934,0.078165,-0.018543,-0.018819,0.09893,-0.018703,0.028564,-0.002475,-0.024469,0.058609,-0.026338,-0.022554,-0.032944,-0.032935,-0.000991,0.074479,-0.093847,0.085453,-0.046661,0.026454,0.023028,-0.022254,-0.03366,0.019319,-0.018299,-0.020697,-0.104195,0.043135,0.144212,0.115928,0.07221,0.031597,-0.0598,0.074706,-0.021362,-0.024411,0.062606,-0.070993,-0.072871,0.121431,0.202327,-0.069619,-0.084576,-0.011634,-0.074267,-0.163249,0.029253,-0.084557,-0.077798,-0.068022,0.05708,-0.025012,-0.09314,-0.013903,-0.051975,0.002749,-0.018938,-0.114032,0.0274,0.071655,0.024756,-0.046636,0.014147,-0.096517,0.098603,0.004971,-0.061393,0.025091,-0.083847,0.064263,0.069379,0.01327,0.010245,-0.049853,-0.032445,-0.087256,-0.053978,-0.103754,0.008714,-0.063846,-0.087123,0.067081,-0.054588,-0.075967,0.086952,0.0629,0.044801,0.043092,0.084759,0.062806,-0.049383,0.130023,-0.165033,-0.06018,0.086051,-0.027237,-0.008113,-0.070358,0.039679,0.10887,-0.12201,-0.123724,0.125766,-0.060017
canon_Task_00215,0.086031,-0.028955,0.019019,-0.041877,-0.053544,-0.0067,0.083521,0.044303,0.03293,0.007994,0.002937,-0.00674,0.01561,0.098375,0.116129,-0.087301,0.057031,0.034987,-0.077785,-0.010383,0.077297,0.026148,-0.087391,-0.001245,-0.131225,0.086567,-0.001732,0.010065,0.101338,-0.006995,0.012037,0.027108,-0.022539,0.040306,-0.055614,-0.058164,0.002276,0.002878,0.026539,0.06926,-0.056088,0.08466,-0.039331,0.024021,0.054846,-0.033125,-0.011394,0.032011,0.007206,-0.010772,-0.101592,-0.006252,0.169607,0.132481,0.055279,0.047629,-0.045578,0.024109,-0.027351,-0.034264,0.074496,-0.071984,-0.069658,0.115121,0.16723,-0.100082,-0.088679,-0.032669,-0.049625,-0.17735,0.06033,-0.055285,-0.059906,-0.039648,0.064586,-0.008788,-0.059544,0.010127,-0.001343,-0.022337,0.03347,-0.131333,0.029716,0.02381,0.016426,0.004321,0.040786,-0.064602,0.11229,0.036238,-0.026845,0.038233,-0.096276,0.057644,0.069187,-0.017576,0.028514,-0.073724,-0.027613,-0.045888,-0.094849,-0.090102,0.010653,-0.057696,-0.082902,0.073316,-0.05703,-0.09242,0.092338,0.055105,0.041386,0.056981,0.054791,0.063819,-0.021839,0.111426,-0.133834,-0.030673,0.048401,-0.045908,-0.031194,-0.05339,0.035016,0.125378,-0.112168,-0.146217,0.112097,-0.071181
canon_Task_00216,0.07942,0.002554,0.046125,-0.042712,-0.036219,-0.02527,0.084203,0.029858,0.061772,-0.025176,0.033057,0.018124,0.032059,0.063722,0.146873,-0.062141,0.082077,0.033728,-0.052567,-0.068847,0.061259,0.057666,-0.120568,-0.014314,-0.106086,0.067799,-0.012363,0.023547,0.10414,-0.006469,-0.010687,0.00311,-0.010743,0.039118,-0.098269,-0.01801,-0.002789,0.002223,0.016365,0.025871,-0.072427,0.109565,-0.042576,0.043558,0.017183,-0.05077,-0.038496,0.002385,-0.035666,-0.04624,-0.102508,0.010082,0.101711,0.111871,0.061217,0.043338,-0.083814,0.033296,-0.065424,-0.042738,0.128242,-0.031364,-0.101692,0.121072,0.162168,-0.099225,-0.098362,-0.034265,-0.059565,-0.176903,-0.006007,-0.057404,-0.084574,-0.045802,0.063049,0.005661,-0.027101,0.02603,-0.007702,-0.007065,-0.00557,-0.113372,0.027956,0.037054,-0.025028,-0.026887,-0.001219,-0.118147,0.116192,0.038977,-0.141261,0.034884,-0.127646,0.040423,0.062161,-0.030133,-3.3e-05,-0.071104,-0.07425,-4.8e-05,-0.085343,-0.119218,0.076394,-0.055037,-0.086549,0.051633,-0.036117,-0.102396,0.118376,0.067045,0.047905,0.027124,0.092099,0.094238,-0.01858,0.102023,-0.164602,-0.048373,0.06345,-0.060207,-0.04337,-0.025228,0.02885,0.115165,-0.130074,-0.145621,0.088984,-0.124138
canon_Task_00217,0.070675,-0.0392,0.023461,-0.041592,-0.02488,-0.006858,0.069454,0.047269,0.037602,-0.013711,0.012553,-0.002567,-0.007654,0.096994,0.145358,-0.059411,0.062187,0.009187,-0.06487,-0.03346,0.050909,0.046836,-0.093942,-0.021263,-0.098408,0.091485,0.008019,-0.003634,0.087216,-0.042442,0.010463,-0.007258,-0.006217,0.076511,-0.05616,-0.017876,-0.025297,-0.026649,9.1e-05,0.075884,-0.073656,0.07284,-0.034739,0.022265,0.028462,-0.04701,-0.023756,0.027225,0.000455,-0.033362,-0.106502,0.005714,0.150201,0.102964,0.062943,0.053498,-0.060236,0.021152,-0.035538,-0.031688,0.103485,-0.041932,-0.071528,0.120172,0.188251,-0.093977,-0.061256,-0.03932,-0.055951,-0.174257,0.033858,-0.043994,-0.069145,-0.060697,0.071524,-0.011726,-0.066856,0.031999,-0.014168,0.019684,-0.009105,-0.136077,0.02678,0.046489,0.007107,-0.036299,0.006144,-0.06724,0.107326,0.04633,-0.059453,0.048053,-0.094576,0.078356,0.071698,0.002758,-0.01514,-0.064842,-0.04366,-0.058176,-0.031655,-0.135127,0.027543,-0.060147,-0.064494,0.060131,-0.047062,-0.090898,0.118057,0.081143,0.033382,0.027428,0.100938,0.062727,-0.031358,0.106617,-0.149289,-0.041934,0.053155,-0.045472,-0.027595,-0.049084,0.012824,0.131162,-0.146193,-0.126878,0.122091,-0.071794
canon_Task_00218,0.101167,-0.016471,-0.006896,-0.060785,-0.05398,-0.027979,0.051145,0.063712,0.047935,0.004685,0.012631,-0.011822,0.027163,0.107228,0.124822,-0.05394,0.077802,0.0154,-0.072825,-0.057822,0.085245,0.062516,-0.151662,-0.014781,-0.162654,0.105631,-0.041711,-0.031914,0.087218,0.032933,-0.029624,-0.009914,0.015269,0.030277,-0.049412,-0.017387,-0.037252,0.017671,-0.000714,0.066486,-0.07817,0.112519,-0.022997,0.016937,-0.004385,-0.069872,-0.015306,-0.00715,-0.042104,-0.056204,-0.084454,0.005088,0.183346,0.112193,0.092959,0.010696,-0.062969,0.095857,-0.072048,-0.032837,0.090604,-0.059646,-0.064332,0.138976,0.168969,-0.096518,-0.073474,-0.007988,-0.098055,-0.18666,0.021467,-0.092582,-0.084612,-0.013544,0.057023,-0.025152,-0.052562,-0.015576,-0.048487,-0.013392,0.006875,-0.166312,0.013027,0.053096,0.021052,-0.027194,0.021218,-0.106903,0.114144,0.022352,-0.111726,0.075263,-0.12881,0.107458,0.110537,-0.000316,-0.015607,-0.106296,-0.025552,-0.086953,-0.102272,-0.134464,0.03416,-0.032844,-0.100305,0.050712,-0.020209,-0.081594,0.088741,0.070836,0.055831,0.061769,0.040469,0.072957,-0.039742,0.11177,-0.135773,-0.059647,0.037098,0.01007,-0.020388,-0.047413,0.024462,0.081425,-0.089674,-0.110647,0.141575,-0.062355
canon_Task_00219,0.129713,-0.056301,0.042205,0.016521,-0.064161,-0.014091,0.096099,0.049267,0.017936,0.006519,-0.005136,0.037876,-0.028671,0.184954,0.115369,-0.033354,0.029704,0.07669,-0.066465,0.001806,0.09718,0.027889,-0.069403,-0.039166,-0.129943,0.110858,-0.040303,0.055878,0.089345,-0.021034,0.051977,0.078995,-0.003256,0.00614,0.003585,-0.144672,-0.010864,-0.025129,-0.073135,0.111788,-0.141378,0.078088,-0.022659,-0.028599,0.069092,-0.008687,0.032643,0.034694,-0.000988,0.06742,-0.18109,0.012092,0.254083,0.120204,0.039601,0.053472,-0.020179,0.062419,-0.051503,-0.000342,0.060386,-0.103449,-0.05549,0.172764,0.214027,-0.069652,-0.132661,-0.038893,-0.074259,-0.152287,0.016055,-0.046538,-0.067147,-0.105779,0.077253,-0.030337,-0.1208,0.038398,-0.067642,-0.055214,0.037772,-0.164026,0.042042,0.046533,0.019863,-0.013622,0.058273,-0.066947,0.109673,0.032978,-0.012683,-0.021803,-0.077562,0.076496,0.074715,-0.045732,0.083967,-0.074309,0.009862,-0.07562,-0.145755,-0.094249,-0.031454,-0.060357,-0.168573,0.093569,-0.042474,-0.020058,0.076209,0.021675,0.095949,-0.013804,0.047223,0.075852,-0.032412,0.116481,-0.096981,-0.048645,0.077465,-0.057792,-0.070851,-0.121772,0.08969,0.117276,-0.108007,-0.133932,0.069765,-0.061382
canon_Task_00220,0.206237,-0.110971,0.341679,-0.181546,-0.350368,-0.170956,0.471324,0.364176,0.285202,0.035329,0.333098,0.38669,0.304618,0.18452,-0.16468,-0.187646,0.189692,0.505898,-0.121045,-0.166682,0.500938,0.231982,0.106481,-0.467854,-0.203275,0.155168,-0.151847,0.040096,0.532804,0.122038,0.07173,0.336175,-0.140986,0.142261,-0.303901,-0.279739,0.259622,-0.110571,0.175936,-0.070311,-0.005222,0.465934,-0.369167,-0.329139,0.347531,0.060562,-0.055857,-0.079263,-0.328996,0.027165,-0.156421,-0.064787,0.22052,0.507447,0.536129,-0.236855,0.169821,-0.139239,-0.037759,-0.399706,0.203856,-0.349744,-0.428112,0.103152,0.660591,-0.500153,-0.325553,0.17584,-0.179878,-0.547089,-0.038264,0.106359,-0.130889,-0.070117,-0.042419,0.053438,0.098519,0.226673,-0.255926,-0.198701,-0.118371,-0.136909,0.065767,0.115182,0.468421,0.138785,0.360228,-0.455947,0.349121,0.431559,-0.388628,-0.036287,-0.562265,-0.169861,0.218797,-0.262242,0.372077,-0.244872,0.112519,0.003067,-0.292655,-0.073641,0.19018,-0.583069,-0.182513,-0.014636,-0.559253,-0.064261,0.341492,0.227359,0.269199,0.122562,0.037406,0.444702,-0.108039,0.744021,-0.341626,0.006085,0.085843,-0.174054,-0.14371,-0.246213,0.287302,0.100731,-0.471944,-0.435653,0.036652,-0.260288
canon_Task_00221,0.340963,-0.311273,0.619719,-0.29304,-0.630847,-0.211643,0.766181,0.625697,0.516124,0.206339,0.312681,0.578017,0.591794,0.365477,-0.204749,-0.429667,0.343976,0.679985,-0.302029,-0.130199,0.750821,0.357147,0.19339,-0.687739,-0.404136,0.212829,-0.11836,-0.11354,0.988878,0.113134,0.180699,0.626488,-0.265002,0.363135,-0.699001,-0.375471,0.493795,-0.342797,0.326838,-0.045416,-0.017809,0.644003,-0.409944,-0.585509,0.594071,0.106118,-0.051294,-0.100439,-0.414472,-0.026022,-0.280665,-0.256853,0.423162,0.824908,0.824519,-0.280829,0.228926,-0.234229,0.030179,-0.688475,0.411316,-0.569435,-0.773018,0.275282,1.270656,-0.982997,-0.417571,0.086853,-0.235902,-1.072411,0.08675,0.33806,-0.299652,0.017253,-0.060033,0.01931,0.081191,0.363688,-0.328364,-0.254504,-0.2143,-0.299576,0.19826,0.061921,0.71544,0.311559,0.606006,-0.596741,0.673199,0.599914,-0.523132,-0.03216,-0.915735,-0.289292,0.356137,-0.438765,0.640853,-0.263245,0.142212,0.024263,-0.19,0.002533,0.258117,-1.075571,-0.356071,0.037659,-0.948006,0.013198,0.654838,0.592473,0.433248,0.340124,0.242691,0.753429,-0.310015,1.31462,-0.680481,-0.079004,0.071476,-0.223641,-0.17488,-0.522608,0.470447,0.302267,-0.788044,-0.641415,0.266996,-0.380306
canon_Task_00222,0.069123,-0.038504,0.008186,-0.033631,-0.034324,-0.028971,0.063829,0.039241,0.036003,0.018057,0.030805,0.010528,0.002667,0.094412,0.105678,-0.065157,0.058126,0.039112,-0.059179,-0.036639,0.078159,0.033331,-0.122211,-0.014121,-0.108896,0.099577,-0.017429,0.005196,0.079644,-0.023816,-0.000499,-0.019384,-0.007096,0.031116,-0.034812,-0.038669,-0.02219,-0.010074,0.011888,0.085334,-0.088697,0.061412,-0.06591,0.008743,0.023797,-0.017733,-0.024515,0.009761,-0.002828,-0.043592,-0.105851,0.024255,0.170589,0.120534,0.074512,0.043407,-0.034414,0.051516,-0.042126,-0.002286,0.075977,-0.095696,-0.078783,0.136947,0.169832,-0.09091,-0.065946,0.008778,-0.092354,-0.155233,0.04007,-0.077045,-0.0932,-0.070769,0.059857,-0.015823,-0.084533,-0.002525,-0.030616,-0.031785,0.015041,-0.135842,0.04141,0.046195,0.002534,-0.004541,0.01187,-0.068066,0.074137,0.029069,-0.063276,0.048363,-0.13034,0.043257,0.063676,-0.030352,0.033028,-0.084514,-0.021231,-0.077231,-0.088373,-0.104101,0.01696,-0.060047,-0.079392,0.046836,-0.040949,-0.109601,0.08542,0.033384,0.059185,0.048494,0.084742,0.052244,9e-06,0.135904,-0.185118,-0.043748,0.053314,-0.031329,-0.034261,-0.063326,0.069475,0.134424,-0.106899,-0.112934,0.143653,-0.079562
canon_Task_00223,0.185189,-0.069136,0.288771,-0.139058,-0.333417,-0.151439,0.412663,0.313075,0.259608,0.019702,0.305554,0.339993,0.255776,0.148717,-0.14743,-0.132611,0.154934,0.420995,-0.082099,-0.137706,0.436529,0.203082,0.115942,-0.415072,-0.150977,0.148677,-0.137562,0.0473,0.413605,0.113294,0.056602,0.299498,-0.122768,0.122406,-0.254802,-0.24029,0.22214,-0.077365,0.14364,-0.056736,0.003663,0.420307,-0.305,-0.289331,0.272359,0.07519,-0.069622,-0.045829,-0.265495,0.046814,-0.108097,-0.065573,0.150782,0.397119,0.4343,-0.225606,0.148291,-0.128025,-0.025252,-0.336522,0.14342,-0.293482,-0.375269,0.087201,0.545843,-0.438346,-0.290234,0.130576,-0.154972,-0.429631,-0.04968,0.106955,-0.082852,-0.076786,-0.043222,0.040161,0.139224,0.217496,-0.228125,-0.181045,-0.094405,-0.089862,0.012009,0.102129,0.403928,0.109733,0.310442,-0.382811,0.286181,0.367305,-0.322104,-0.062181,-0.452244,-0.141662,0.194307,-0.236219,0.290247,-0.23103,0.110231,0.004847,-0.278134,-0.07449,0.192469,-0.455411,-0.136903,-0.052532,-0.48366,-0.023708,0.294301,0.189074,0.206817,0.087678,0.002808,0.389879,-0.104136,0.649302,-0.275072,0.040303,0.070202,-0.145126,-0.119798,-0.217918,0.24222,0.071394,-0.399949,-0.370104,0.014177,-0.251446
canon_Task_00224,0.074365,-0.025756,0.000216,0.00165,-0.063042,-0.03657,0.085798,0.047291,0.045728,0.002719,0.026268,0.011771,0.008797,0.050712,0.136116,-0.035679,0.038521,-0.004227,-0.062857,-0.014492,0.100693,0.03886,-0.081544,-0.018152,-0.118251,0.079967,-0.014014,0.024574,0.094383,-0.051167,-0.007988,0.021097,0.003451,0.057445,-0.070441,-0.040004,0.020381,-0.038622,0.008039,0.077785,-0.060362,0.065964,0.016505,0.020468,0.024106,-0.001426,-0.025554,0.007535,0.004778,-0.00603,-0.076643,0.010639,0.107106,0.09237,0.036022,0.047985,-0.012582,0.029287,-0.057402,-0.036258,0.059956,-0.045761,-0.131594,0.078266,0.18443,-0.113394,-0.055696,-0.009241,-0.06045,-0.122054,0.044922,-0.039095,-0.069049,-0.078832,0.047642,0.011045,-0.065088,-0.012968,0.007127,-0.014634,0.025548,-0.123427,0.028868,0.046062,-0.003388,-0.009543,0.009155,-0.025126,0.093061,0.035227,-0.064193,0.017246,-0.089917,0.05729,0.010348,-0.07047,0.010034,-0.056635,-0.032428,-0.047572,-0.105718,-0.095837,0.046694,-0.08289,-0.075135,0.063695,-0.027918,-0.090769,0.15332,0.037423,0.035325,0.034762,0.069299,0.065711,-0.008469,0.147656,-0.188919,-0.019038,0.043127,-0.095105,-0.062747,-0.063672,0.025817,0.099653,-0.141518,-0.144737,0.137323,-0.044706
canon_Task_00225,0.138287,-0.01473,-0.038665,0.039597,-0.076358,-0.067793,0.1407,0.039481,0.056473,-0.03074,0.008849,-0.011868,-0.004399,0.05632,0.191091,-0.049896,0.038676,0.012822,-0.063653,-0.02124,0.131333,0.037156,-0.094798,0.000779,-0.143818,0.128534,-0.019432,0.074345,0.150917,-0.083458,-0.025675,0.094327,0.051955,0.084784,-0.053917,-0.075836,0.042337,-0.046585,-0.027908,0.119141,-0.113164,0.097393,0.036499,0.043148,0.043651,-0.042256,-0.053297,-0.040456,0.023276,0.034763,-0.100505,0.02344,0.134078,0.098066,0.000701,0.103758,-0.017701,0.07615,-0.125201,-0.079334,0.040176,-0.046333,-0.152139,0.076307,0.199466,-0.092896,-0.055061,-0.031218,-0.080946,-0.129221,0.079338,-0.068852,-0.088245,-0.119323,0.070658,0.067113,-0.037584,-0.026361,0.026901,-0.035949,0.035096,-0.17839,0.028536,0.0697,-0.033553,-0.046024,0.049405,0.011962,0.077104,0.077631,-0.086642,0.007138,-0.094347,0.066885,-0.027032,-0.128671,0.005813,-0.107095,0.01731,-0.047309,-0.16277,-0.138126,0.028333,-0.105348,-0.103032,0.095773,-0.020026,-0.129994,0.234443,0.048447,0.01497,0.04293,0.053434,0.077242,-0.015813,0.183888,-0.196023,0.011221,0.019927,-0.132208,-0.102127,-0.071794,0.027787,0.117847,-0.187205,-0.189707,0.153257,-0.01487
canon_Task_00226,0.240528,-0.145811,0.367695,-0.22376,-0.435916,-0.204353,0.527447,0.372918,0.31036,0.014717,0.401758,0.427663,0.327424,0.182069,-0.156208,-0.213594,0.217191,0.581148,-0.097911,-0.170825,0.57534,0.248192,0.097929,-0.526393,-0.235058,0.185644,-0.202989,0.096506,0.569439,0.166095,0.053852,0.399529,-0.148592,0.188918,-0.276691,-0.363167,0.276179,-0.104063,0.23995,-0.029443,0.006173,0.553519,-0.448609,-0.332412,0.38785,0.117964,-0.084923,-0.029881,-0.34025,0.062124,-0.098713,-0.071172,0.227202,0.528062,0.582284,-0.254757,0.189831,-0.141902,-0.050036,-0.457966,0.193274,-0.393797,-0.472084,0.11364,0.709111,-0.54864,-0.403196,0.213523,-0.20347,-0.584428,-0.031544,0.064663,-0.127792,-0.178419,-0.050499,0.073779,0.168603,0.232941,-0.298659,-0.216028,-0.129025,-0.139847,-0.006003,0.176655,0.526498,0.123156,0.399929,-0.544218,0.361894,0.52513,-0.438078,-0.084737,-0.634898,-0.203439,0.241374,-0.293736,0.419075,-0.330931,0.122188,-0.027623,-0.387403,-0.127552,0.230957,-0.604496,-0.201798,-0.036169,-0.61591,-0.088549,0.421511,0.232954,0.238616,0.110216,-0.000752,0.480799,-0.16921,0.853618,-0.387002,0.047292,0.069732,-0.195709,-0.183928,-0.247234,0.324742,0.164523,-0.545246,-0.477028,0.007294,-0.358104
canon_Task_00227,0.450797,-0.26792,0.108703,-0.211552,-0.383439,-0.003588,0.390207,0.319325,0.215297,0.075848,-0.173517,0.055704,0.018912,0.726187,0.785221,-0.428208,0.475349,0.18537,-0.442745,-0.048688,0.48026,0.15896,-0.647185,-0.140518,-0.675759,0.447079,-0.073241,-0.09758,0.479837,-0.14084,0.16452,0.086671,-0.127434,0.378717,-0.300048,-0.326551,-0.051522,-0.168873,0.131892,0.472757,-0.528284,0.378895,-0.186599,0.103361,0.252674,-0.062105,-0.130619,0.352137,0.067978,-0.045513,-0.614277,0.062188,0.959697,0.572828,0.304501,0.321196,-0.185545,0.145521,-0.082653,-0.236857,0.425377,-0.400467,-0.6441,0.799122,1.155814,-0.568432,-0.510979,-0.116048,-0.346682,-1.071452,0.212312,-0.310134,-0.462466,-0.391511,0.45268,-0.0713,-0.518209,0.065324,-0.134467,-0.033514,0.082128,-0.674212,0.291585,0.125249,0.040442,-0.101947,0.087621,-0.240815,0.692433,0.062488,-0.199096,0.080728,-0.68421,0.179873,0.352158,0.042588,0.202178,-0.303847,-0.191851,-0.351734,-0.362928,-0.54968,0.078926,-0.327722,-0.454603,0.374918,-0.351487,-0.565618,0.590729,0.392157,0.249346,0.360311,0.468853,0.423382,-0.299357,0.815325,-1.171116,-0.239538,0.362836,-0.355969,-0.102476,-0.30998,0.276063,0.915822,-0.766133,-0.682595,0.835879,-0.376152
canon_Task_00235,0.072492,-0.014712,0.015199,-0.018395,-0.020365,-0.031242,0.064743,0.038356,0.027406,0.016132,0.005796,-0.040454,0.002318,0.100349,0.126004,-0.061957,0.079529,0.017516,-0.06385,-0.017269,0.072931,0.044283,-0.139768,-0.019171,-0.102334,0.052547,-0.010001,-0.002343,0.057014,-0.00118,-0.015734,0.022595,-0.040967,0.052957,-0.046714,-0.036841,-0.020062,-0.001024,0.022005,0.081671,-0.080467,0.04359,-0.027278,0.021002,0.001409,0.007082,-0.022116,0.018404,0.020383,-0.0307,-0.066999,0.021572,0.167049,0.070261,0.050834,0.060502,-0.041483,0.036698,-0.053218,-0.006511,0.064808,-0.066475,-0.091943,0.119947,0.155234,-0.107054,-0.084019,-0.010224,-0.062059,-0.152053,0.019712,-0.053316,-0.082914,-0.059007,0.067748,-0.038953,-0.081817,0.000201,-0.00867,-0.013904,0.017704,-0.119332,0.034425,0.035845,0.001392,0.014579,0.013662,-0.035088,0.077077,0.018492,-0.054395,0.025116,-0.126506,0.061436,0.052274,0.017955,0.012218,-0.088551,-0.034225,-0.066201,-0.073473,-0.123429,0.055678,-0.035931,-0.068739,0.020017,-0.04338,-0.115272,0.08826,0.044883,0.056701,0.061296,0.085136,0.052479,-0.038611,0.112109,-0.18672,-0.03456,0.033573,-0.028079,-0.028089,-0.047047,0.068009,0.126349,-0.082988,-0.084099,0.147235,-0.072886
canon_Task_00237,0.059445,-0.034392,0.03786,-0.061277,-0.055091,-0.011425,0.051078,0.050009,0.016414,0.001259,0.003145,-0.007367,0.005855,0.115659,0.109052,-0.057623,0.05629,0.02184,-0.061733,-0.008516,0.069977,0.038309,-0.125476,-0.013773,-0.11012,0.056541,-0.031514,-0.033605,0.071511,-0.01498,0.019423,-0.00018,-0.016749,0.050035,-0.053914,-0.030346,-0.007289,-0.006252,0.048359,0.082088,-0.072908,0.077981,-0.000583,0.044332,0.020733,-0.012789,-0.023226,0.013603,0.018184,-0.017372,-0.097225,0.013828,0.159399,0.074031,0.060819,0.081189,-0.055795,0.049069,-0.028959,-0.002376,0.104009,-0.08643,-0.118979,0.138051,0.195485,-0.100303,-0.059039,-0.033241,-0.050547,-0.161515,0.024464,-0.049626,-0.06963,-0.077453,0.074045,-0.02033,-0.06422,-0.000377,-0.010606,0.040447,0.012374,-0.129084,0.048942,0.042099,0.007688,0.012511,-0.001527,-0.053755,0.085404,0.0145,-0.054699,0.042903,-0.113234,0.06073,0.09005,0.018014,-0.003267,-0.054985,-0.049084,-0.065919,-0.065963,-0.09225,0.058535,-0.052826,-0.107676,0.059268,-0.014715,-0.084293,0.098194,0.049285,0.02892,0.067705,0.087069,0.069651,-0.036544,0.094725,-0.191532,-0.04185,0.051966,-0.013103,-0.023763,-0.046698,0.063468,0.117148,-0.101196,-0.080739,0.133851,-0.072701
canon_Task_00240,0.075925,-0.012646,0.001914,-0.05314,-0.057873,-0.008234,0.053111,0.048793,0.047216,0.018965,-7.5e-05,-0.005815,0.000979,0.10178,0.108674,-0.059897,0.04536,0.015486,-0.077185,-0.002575,0.067445,0.022089,-0.126374,-0.023719,-0.115701,0.069871,-0.016908,-0.001077,0.078183,-0.010943,0.003521,0.006105,-0.041677,0.033093,-0.042195,-0.042999,-0.035707,0.025133,0.041096,0.069663,-0.074722,0.084439,-0.051595,0.040968,0.043834,-0.011479,-0.030182,0.039604,0.00046,-0.014807,-0.093996,0.013493,0.146786,0.095779,0.088871,0.040085,-0.035925,0.053885,-0.032219,-0.021246,0.047684,-0.060468,-0.106505,0.12523,0.16406,-0.093711,-0.096197,-0.023421,-0.076048,-0.157453,0.017222,-0.053578,-0.07432,-0.061206,0.069971,-0.009598,-0.068469,0.023352,-0.019541,-0.005628,0.013478,-0.10481,0.034568,0.039342,0.004579,-0.007825,0.013036,-0.04975,0.103011,0.021697,-0.068199,0.032243,-0.13768,0.034511,0.050912,-0.001195,0.017552,-0.047222,-0.033967,-0.056479,-0.073877,-0.098417,0.023425,-0.039627,-0.069243,0.059094,-0.050883,-0.114266,0.067027,0.037514,0.051658,0.061368,0.078246,0.04547,-0.033046,0.124071,-0.184,-0.043483,0.04333,-0.029395,-0.012309,-0.048097,0.045715,0.119543,-0.099959,-0.112344,0.142865,-0.085938
canon_Task_00242,0.304805,0.031948,0.005577,-0.105662,-0.012923,-0.24771,0.006534,0.063184,-0.189079,0.064157,0.503392,0.144497,-0.284602,0.091105,0.24951,0.182258,-0.22038,-0.1579,-0.13409,0.194829,0.432309,-0.020601,-0.757745,-0.490256,-0.501729,0.036165,-0.199943,-0.008786,-0.154869,-0.386472,0.246505,-0.400608,-0.143705,0.277388,0.025413,-0.080253,-0.458624,-0.412585,0.085044,0.78031,-0.232316,0.196756,-0.090627,0.337586,-0.256439,0.275865,0.055408,0.197278,0.064496,-0.341537,-0.467195,0.013033,0.388673,0.181823,0.841014,-0.002741,0.125579,0.022593,-0.436925,-0.47677,0.604382,-0.620208,-0.531264,0.598583,0.573573,-0.445993,0.234921,0.355123,-0.148139,-0.043023,-0.01507,-0.280131,-0.156114,-0.397759,0.105315,-0.195882,-0.415736,-0.285597,0.007818,0.085977,0.117428,-0.595719,0.222631,0.75358,0.270518,0.232098,-0.241707,0.035535,0.199473,0.16884,-0.049173,-0.061321,-0.634009,0.587227,0.165174,-0.036283,-0.054114,-0.116349,-0.028743,-0.201272,0.22196,-0.613346,0.286456,-0.103944,-0.237783,0.151922,0.067348,-0.58531,0.561287,-0.351181,-0.000346,0.178324,0.405108,-0.372882,0.423051,0.372355,-0.415147,0.157199,-0.116143,-0.412221,-0.045834,0.279615,0.372219,0.405258,-0.793153,-0.276618,0.764289,-0.377551
canon_Task_00243,0.214584,0.027902,0.005134,-0.072144,0.023143,-0.23863,-0.006533,0.060179,-0.182774,0.065697,0.423205,0.09692,-0.234489,0.070349,0.19683,0.123059,-0.188733,-0.110902,-0.12851,0.169662,0.362964,0.024097,-0.581536,-0.370177,-0.366034,0.004265,-0.187557,0.03294,-0.127311,-0.290753,0.159547,-0.325441,-0.101718,0.230894,0.035033,-0.084928,-0.342519,-0.336635,0.097607,0.642855,-0.156857,0.119582,-0.050554,0.241229,-0.22536,0.256497,0.044644,0.151531,0.060183,-0.293561,-0.334259,0.039961,0.305355,0.161723,0.646742,0.002321,0.103482,-0.017841,-0.329041,-0.329136,0.460187,-0.508241,-0.345115,0.45046,0.44642,-0.332029,0.189901,0.328999,-0.133465,-0.024408,-0.027747,-0.223015,-0.12635,-0.322611,0.091897,-0.186649,-0.349763,-0.2635,-0.01377,0.052247,0.099881,-0.467597,0.163709,0.602311,0.229276,0.208686,-0.162065,0.048637,0.142581,0.166047,-0.013245,-0.07199,-0.471298,0.473695,0.132442,-0.052808,-0.077223,-0.120152,-0.022767,-0.186995,0.12935,-0.447526,0.236978,-0.073671,-0.208702,0.117016,0.055467,-0.458703,0.39137,-0.316554,0.018265,0.10863,0.308071,-0.277353,0.34923,0.274164,-0.321712,0.156736,-0.100029,-0.382276,-0.09768,0.226655,0.315093,0.329121,-0.590538,-0.207705,0.586304,-0.269086
canon_Task_00244,0.078172,-0.037951,0.007939,-0.041348,-0.022704,0.00587,0.06666,0.039679,0.056956,-0.011622,0.003352,0.019413,0.005737,0.090876,0.118808,-0.039257,0.046078,0.031393,-0.09021,-0.020703,0.085716,0.064221,-0.108452,-0.039783,-0.119591,0.116068,-0.024998,0.007429,0.085822,-0.009828,0.002643,-0.029105,-0.01369,0.028588,-0.060516,-0.052687,-0.016205,-0.011782,0.036901,0.097867,-0.091755,0.084265,-0.041959,0.019965,0.025631,-0.021786,-0.011737,0.035552,-0.037465,-0.025147,-0.108852,-0.005303,0.184152,0.107795,0.065518,0.071715,-0.03114,0.042898,-0.031199,-0.035405,0.07785,-0.062292,-0.110817,0.125498,0.172801,-0.094758,-0.043559,-0.004139,-0.083621,-0.168832,0.025712,-0.081511,-0.065711,-0.063766,0.078401,0.01002,-0.071477,0.041288,-0.010419,-0.013143,0.02255,-0.128519,0.028276,0.052022,-0.004152,-0.004836,-0.001432,-0.08156,0.117729,0.026154,-0.044733,0.061937,-0.110317,0.04275,0.069384,-0.016774,0.00712,-0.093975,-0.035867,-0.073071,-0.086838,-0.1199,0.031872,-0.059045,-0.091479,0.048212,-0.028485,-0.112331,0.100452,0.039958,0.04816,0.032544,0.092132,0.05644,-0.019248,0.10437,-0.196979,-0.025757,0.060723,-0.056408,-0.026067,-0.044351,0.035521,0.138836,-0.132566,-0.123217,0.125359,-0.082603
canon_Task_00247,0.043755,0.358468,0.187022,-0.25038,0.129818,-0.325845,0.23973,0.073054,0.268841,-0.165881,0.326036,-0.113983,-0.124742,0.081888,0.016057,-0.115826,-0.059421,-0.02416,-0.323606,-0.187006,0.412919,0.321183,0.07603,-0.16042,-0.17248,0.226426,-0.069024,0.392888,0.209244,-0.082892,0.019995,-0.031099,-0.147241,0.158875,-0.145359,-0.387617,-0.084285,0.024,0.024561,0.046206,-0.04035,0.528492,-0.142054,-0.06757,-0.072247,-0.00836,0.316429,-0.110887,-0.144669,-0.189706,-0.475006,0.302907,0.35089,0.330855,0.079038,0.151169,-0.110993,-0.003294,-0.117379,-0.076194,0.292812,-0.210116,-0.352271,0.134586,0.246196,-0.266652,-0.081357,-0.352573,-0.089052,-0.052921,-0.034039,0.004688,-0.002979,0.084695,0.101772,0.03045,-0.036347,-0.012344,-0.200566,0.068953,-0.08837,-0.4335,0.039729,-0.068678,-0.081255,-0.216724,-0.295994,-0.236177,0.153377,-0.221413,-0.250559,-0.169024,-0.021464,0.193233,0.245175,-0.077227,-0.333381,-0.028407,-0.157932,-0.255774,-0.422531,-0.407099,0.320414,-0.05967,0.018355,0.003788,0.081237,-0.418969,0.047,0.084113,0.135758,0.059013,0.099605,0.32082,0.056968,0.075353,-0.286407,0.032558,0.329556,-0.281727,-0.30898,-0.022849,0.049164,0.193203,-0.306765,-0.592287,0.414404,-0.263557
canon_Task_00248,0.056283,0.62966,0.370442,-0.518508,0.207017,-0.599763,0.452719,0.166831,0.47084,-0.29035,0.553408,-0.277834,-0.217593,0.166716,0.054297,-0.268294,0.013587,-0.051067,-0.657842,-0.380752,0.747909,0.591639,0.154496,-0.276797,-0.342814,0.429435,-0.082713,0.659324,0.45647,-0.189862,0.010126,-0.072901,-0.307558,0.355565,-0.387724,-0.665751,-0.077327,0.026038,0.088794,0.067888,-0.018291,0.933211,-0.238938,-0.11077,-0.134853,-0.07701,0.5519,-0.227401,-0.272282,-0.361691,-0.880874,0.466225,0.720085,0.651676,0.119099,0.275093,-0.224374,-0.004226,-0.218983,-0.122564,0.615853,-0.329805,-0.683691,0.199609,0.488771,-0.551116,-0.177685,-0.704265,-0.16624,-0.206125,-0.027591,0.000563,-0.020203,0.154402,0.220691,0.078758,-0.052429,-0.019808,-0.354617,0.184704,-0.220424,-0.832048,0.073161,-0.166347,-0.14035,-0.386306,-0.515213,-0.459442,0.327179,-0.432907,-0.457935,-0.317026,-0.041147,0.372299,0.462041,-0.087716,-0.601698,-0.040384,-0.362687,-0.402969,-0.682334,-0.761564,0.60938,-0.120878,0.031266,-0.009013,0.102799,-0.770487,0.151737,0.304469,0.219468,0.129126,0.218585,0.625357,0.035529,0.208416,-0.573522,0.07835,0.615222,-0.506366,-0.537264,-0.022695,0.038248,0.389681,-0.589639,-1.12593,0.75242,-0.501805
canon_Task_00249,0.064637,0.575148,0.362562,-0.45561,0.191726,-0.569739,0.446359,0.163634,0.423055,-0.266275,0.521667,-0.218219,-0.19679,0.169321,0.053021,-0.255452,-0.038204,-0.035237,-0.592548,-0.366474,0.665724,0.566051,0.129765,-0.269297,-0.333602,0.421791,-0.051318,0.62631,0.4164,-0.17652,0.02256,-0.051165,-0.253792,0.317875,-0.369065,-0.649446,-0.115003,0.033856,0.056837,0.078601,-0.026267,0.892506,-0.241495,-0.095638,-0.121226,-0.03483,0.496731,-0.195405,-0.237284,-0.330645,-0.850131,0.459949,0.683695,0.599575,0.135353,0.268209,-0.221907,-0.00692,-0.184337,-0.126174,0.565845,-0.310302,-0.619881,0.233645,0.50318,-0.536175,-0.192371,-0.664107,-0.162065,-0.197856,-0.029012,0.02533,-0.02303,0.121978,0.185653,0.05233,-0.080257,0.032241,-0.345576,0.165991,-0.185083,-0.752364,0.065805,-0.121658,-0.122072,-0.336131,-0.469418,-0.427078,0.315493,-0.384144,-0.435666,-0.268092,-0.029655,0.356848,0.430663,-0.100698,-0.569961,-0.08887,-0.303777,-0.383333,-0.681266,-0.717223,0.552296,-0.133934,0.017241,0.012343,0.083232,-0.713437,0.149737,0.263175,0.223521,0.102386,0.219947,0.579211,0.036338,0.186017,-0.543095,0.036399,0.579335,-0.450941,-0.5176,-0.045974,0.078385,0.361832,-0.570832,-1.062819,0.707162,-0.458395
canon_Task_00253,0.101425,-0.048593,0.032035,-0.046542,-0.04355,-0.021655,0.05911,0.041699,0.013122,0.005488,-0.012778,0.00569,-0.014947,0.099872,0.123746,-0.082686,0.050726,0.040413,-0.076994,-0.024218,0.05991,0.042334,-0.110848,-0.02976,-0.109661,0.087774,0.004488,-0.007058,0.099871,-0.033355,0.005813,0.028126,-0.011176,0.051928,-0.040124,-0.046569,-0.008152,0.007551,0.03229,0.102667,-0.091757,0.087767,-0.023166,0.042034,0.051507,-0.052936,-0.033046,0.022379,-0.003254,-0.028778,-0.110662,0.018817,0.180423,0.121919,0.081914,0.066271,-0.061881,0.02775,-0.016744,-0.037102,0.09563,-0.066009,-0.090278,0.141297,0.166607,-0.099765,-0.065001,-0.004377,-0.076086,-0.177223,0.064864,-0.061084,-0.078707,-0.067954,0.088344,0.004749,-0.089822,0.014112,-0.016996,-0.004689,0.00581,-0.13912,0.041247,0.062023,-0.010999,-0.010591,0.021266,-0.073778,0.107606,0.024454,-0.025611,0.047386,-0.116696,0.054168,0.069817,-0.007112,0.013456,-0.067565,-0.060503,-0.059263,-0.048432,-0.115657,0.010362,-0.054086,-0.067498,0.088336,-0.025253,-0.124059,0.100634,0.06548,0.060598,0.055337,0.092642,0.034771,-0.045503,0.110854,-0.161592,-0.02584,0.053076,-0.030374,-0.008174,-0.02124,0.027643,0.134578,-0.121782,-0.13473,0.13043,-0.08905
canon_Task_00254,0.109854,-0.048615,0.006325,-0.080282,-0.065266,0.024739,0.055232,0.025912,-0.001207,0.000976,-0.013587,0.026697,-0.034862,0.130469,0.138924,-0.107154,0.018658,0.046888,-0.090078,-0.066451,0.01962,0.027057,-0.129776,0.014217,-0.093462,0.11832,0.043744,0.037148,0.124085,-0.03519,0.029529,0.003386,-0.027748,-0.002166,-0.038225,-0.081457,-0.027801,0.03039,0.019349,0.062543,-0.076344,0.087556,-0.077396,0.066443,0.077027,-0.060335,-0.035534,0.027325,0.013854,0.006912,-0.13445,0.030052,0.191066,0.115645,0.07915,0.083812,-0.064913,0.012375,-0.005588,8.5e-05,0.100703,-0.021262,-0.073818,0.185036,0.148536,-0.088677,-0.109846,-0.006254,-0.072391,-0.220302,0.063362,-0.074723,-0.062232,-0.072076,0.061496,0.027881,-0.103607,0.071439,-0.013217,0.00385,0.018442,-0.122506,0.074701,0.043273,-0.02987,0.002307,0.040022,-0.081522,0.125205,0.040439,-0.032757,0.056548,-0.116119,0.077894,0.035906,0.014333,0.006439,-0.050921,-0.044545,-0.063537,-0.045849,-0.096692,-0.025902,-0.026295,-0.092042,0.131882,-0.039524,-0.123359,0.084976,0.069865,0.087107,0.038832,0.086405,0.065528,-0.057743,0.099656,-0.192656,-0.047599,0.081837,-0.010977,0.005602,-0.035906,0.012328,0.132685,-0.135235,-0.173461,0.101118,-0.094813
canon_Task_00255,0.081889,-0.03743,-0.001906,-0.038793,-0.043955,-0.028889,0.078433,0.032635,0.00652,0.000772,-0.0059,0.016463,-0.009493,0.14429,0.14313,-0.101643,0.042104,0.023909,-0.098104,-0.046506,0.065961,0.043154,-0.123713,-0.007212,-0.091137,0.086227,0.01935,0.043591,0.11098,-0.01439,0.002202,0.019789,-0.018679,0.028935,-0.027596,-0.07566,-0.053307,0.028708,0.036499,0.086421,-0.077615,0.081611,-0.055429,0.049535,0.055419,-0.024844,-0.027662,0.052883,-0.006687,-0.0033,-0.106282,0.044113,0.162447,0.108327,0.065686,0.05563,-0.050716,0.00978,-0.021188,-0.011753,0.075304,-0.038197,-0.070048,0.134897,0.161337,-0.090552,-0.104068,0.001973,-0.054348,-0.17366,0.030931,-0.03876,-0.074573,-0.074891,0.064627,0.009098,-0.099506,0.052756,-0.052651,-0.033337,0.008116,-0.104054,0.028892,0.011537,0.012737,-0.009375,0.025531,-0.082287,0.077835,0.044824,-0.050984,0.038512,-0.121377,0.045194,0.062798,0.002389,0.030283,-0.06839,-0.033315,-0.063985,-0.08093,-0.097432,-0.014933,-0.048304,-0.097649,0.080347,-0.053506,-0.11738,0.066602,0.075512,0.07442,0.037687,0.073526,0.066818,-0.048253,0.113204,-0.194512,-0.045589,0.046066,-0.030812,-0.041735,-0.032205,0.042196,0.145584,-0.098515,-0.148551,0.113443,-0.073717
canon_Task_00256,0.001092,0.011699,-0.030585,-0.145498,0.102385,0.005808,0.095124,0.077219,0.219888,-0.206453,-0.044486,-0.005002,-0.02231,0.288793,0.249469,-0.211583,0.129493,0.053515,-0.040246,-0.133598,0.130961,0.137258,-0.1533,-0.143076,-0.25997,0.145746,-0.049158,0.130193,0.109493,0.020563,-0.041045,-0.115121,-0.030501,0.138212,0.002521,-0.100659,-0.111959,0.091976,0.09045,0.092063,-0.120521,0.082111,-0.063865,0.01883,0.099568,-0.020765,0.012685,0.127172,-0.107747,0.137602,-0.217738,0.022143,0.194312,0.134644,0.062169,0.138965,0.031853,0.04605,-0.032148,-0.080756,0.019763,0.075803,-0.061676,0.128405,0.246703,0.119532,-0.101033,0.014342,-0.110757,-0.109733,-0.033725,-0.153279,-0.2102,-0.023137,0.125885,0.149566,-0.074011,0.172477,-0.224925,-0.080627,-0.047532,-0.02336,-0.077681,-0.047829,0.039358,-0.202448,-0.026413,-0.214381,0.063061,0.135335,-0.203006,0.066054,-0.209704,0.100645,0.058928,0.011832,-0.158798,-0.103586,-0.051743,-0.259166,-0.234904,-0.146928,-0.040641,0.000502,-0.116325,-0.150637,-0.14642,-0.277195,0.026415,0.131193,0.120761,0.084035,0.056535,0.083011,-0.040302,0.050574,-0.20574,-0.100479,0.223103,-0.124678,-0.013803,0.040062,-0.02038,0.057273,-0.09002,-0.18298,0.0799,-0.010118
canon_Task_00257,-0.006728,-0.005932,-0.048263,-0.191435,0.155612,0.014515,0.080611,0.105777,0.290737,-0.288001,-0.055166,0.02736,-0.07635,0.344686,0.285007,-0.234975,0.155033,0.051458,-0.015755,-0.200367,0.171094,0.152938,-0.137676,-0.13567,-0.27764,0.175376,-0.028672,0.151178,0.1333,-0.006183,-0.021564,-0.181098,-0.039494,0.1955,-0.007573,-0.122955,-0.092106,0.145764,0.147089,0.111358,-0.125423,0.075877,-0.03299,0.010152,0.090392,-0.047498,0.02265,0.155131,-0.13573,0.178846,-0.284215,-0.002493,0.202514,0.169421,0.046481,0.187125,0.04122,0.028682,-0.054807,-0.08387,0.047618,0.115432,-0.036689,0.151793,0.292778,0.197776,-0.09479,0.031529,-0.157262,-0.127046,-0.012742,-0.197451,-0.248056,-0.013194,0.13177,0.236973,-0.074117,0.207603,-0.274384,-0.106134,-0.0832,-0.00233,-0.13039,-0.091142,-0.022321,-0.262089,-0.056581,-0.248209,0.032225,0.129395,-0.237913,0.045258,-0.222791,0.070573,0.051286,-0.004031,-0.21621,-0.127639,-0.055806,-0.298191,-0.303989,-0.129673,-0.049859,0.040046,-0.123191,-0.25159,-0.16025,-0.338899,0.042716,0.16414,0.084877,0.110024,0.074055,0.074759,-0.025505,0.033757,-0.219113,-0.089505,0.311571,-0.177438,-0.022712,0.073898,-0.053342,0.051472,-0.115694,-0.186441,0.087803,-0.025052
canon_Task_00258,0.103321,0.141293,-0.08494,-0.142933,0.102277,0.058349,-0.073075,-0.076459,-0.088246,-0.083668,0.235523,0.071491,-0.043501,-0.037345,0.184053,0.010717,-0.061494,0.241302,-0.211576,-0.05395,0.172112,-0.194956,-0.368238,0.138269,-0.287975,0.359474,0.011725,-0.004288,0.090163,0.120261,-0.094125,-0.091168,-0.040835,-0.084033,-0.018029,-0.010115,-0.110784,0.225933,0.057758,0.143789,-0.150009,0.35228,-0.121875,-0.136131,0.012237,-0.057148,0.206867,0.113329,-0.097584,-0.176437,-0.091596,-0.001066,0.216352,0.57095,0.253424,-0.102317,0.094815,-0.041107,-0.216266,-0.119863,0.087211,-0.292389,-0.014777,0.300183,0.177283,-0.18912,-0.024878,0.182874,-0.328374,-0.285026,0.026977,-0.246211,-0.132731,-0.048525,0.19812,-0.025936,0.042487,-0.020623,-0.079249,-0.320431,0.175771,-0.398443,0.002692,0.171234,-0.090625,0.000226,-0.18295,-0.278104,0.085998,0.010758,-0.311274,0.445882,-0.505749,0.11578,0.294232,-0.383,0.016409,-0.181402,0.010758,-0.354082,-0.584868,-0.230329,-0.001174,0.117745,-0.029529,0.272146,0.026994,-0.603343,0.226504,-0.253222,0.030244,0.061954,-0.039914,-0.008382,0.392432,0.133496,-0.31398,-0.249803,0.107775,-0.107481,-0.048159,0.010379,0.211741,0.232548,-0.171837,-0.234643,0.313545,-0.445987
canon_Task_00259,0.113497,0.197938,-0.122851,-0.227224,0.12896,0.07805,-0.107377,-0.098881,-0.099499,-0.096316,0.373702,0.112277,-0.03818,-0.072705,0.253145,-0.016501,-0.066322,0.338903,-0.311659,-0.101799,0.247409,-0.309558,-0.512563,0.215364,-0.428621,0.594547,0.079038,-0.037319,0.119147,0.154992,-0.14002,-0.137418,-0.05679,-0.121528,-0.090282,0.002195,-0.124913,0.32689,0.077079,0.198135,-0.226112,0.556033,-0.216588,-0.262723,0.016182,-0.087512,0.316545,0.174916,-0.149291,-0.279377,-0.141554,-0.017434,0.34497,0.898442,0.383506,-0.123878,0.133119,-0.070225,-0.293115,-0.139421,0.110211,-0.457612,-0.039365,0.488075,0.331717,-0.321538,-0.011166,0.214528,-0.537177,-0.470743,0.059926,-0.372801,-0.193878,-0.059234,0.280411,-0.055942,0.1064,-0.009551,-0.118933,-0.492592,0.263896,-0.62146,-0.002821,0.265848,-0.157232,-0.035712,-0.252045,-0.44145,0.159008,0.011749,-0.495756,0.712861,-0.735234,0.175075,0.448274,-0.640189,-0.013989,-0.301189,0.01868,-0.538736,-0.880918,-0.388109,0.030196,0.160459,0.005968,0.402167,0.019073,-0.909618,0.389232,-0.320312,0.046081,0.096084,-0.000675,-0.008706,0.567862,0.261,-0.50966,-0.414921,0.177549,-0.167086,-0.071458,-0.066118,0.303717,0.36147,-0.305296,-0.36327,0.532436,-0.720429
canon_Task_00260,0.061875,0.144244,0.118622,-0.13339,-0.087504,-0.038892,-0.024204,0.220757,0.201615,-0.039416,-0.042511,0.095203,0.123398,0.079365,0.15967,-0.124686,0.108457,-0.065801,-0.256232,-0.127761,0.359059,0.189159,-0.237533,-0.068569,-0.370212,0.318659,0.036583,-0.021482,0.150874,0.126287,0.052315,0.099303,-0.142253,-0.413155,-0.019717,0.135486,0.391064,0.304393,0.147713,-0.109728,-0.482257,0.164448,-0.323245,0.039586,0.09128,0.300485,0.059687,0.012516,-0.082601,0.126504,-0.155441,0.042222,0.452029,0.143421,0.150165,0.116483,0.270775,-0.121195,-0.273001,-0.169807,0.437118,-0.113803,-0.317674,0.42483,0.398148,-0.294403,0.073693,0.120312,-0.1317,-0.141942,-0.145216,0.154952,0.010326,-0.053661,0.296888,0.05626,0.042965,0.82859,0.212247,-0.29882,-0.029395,-0.097923,-0.038613,-0.106525,-0.206479,0.377164,0.07889,-0.112566,0.268296,-0.206406,-0.029958,0.206248,-0.494624,-0.125833,0.135098,0.026314,0.38602,-0.299768,0.104242,-0.253646,-0.603266,-0.302026,-0.048546,-0.03234,-0.140136,-0.04045,-0.190991,-0.332422,0.185651,0.095588,0.316012,0.155738,-0.33314,0.103873,0.371406,-0.091869,-0.84769,0.006656,-0.081592,-0.027671,-0.011559,0.133731,-0.038961,0.300676,-0.292051,-0.057714,0.149622,-0.113776
canon_Task_00261,0.02042,0.147309,0.145758,-0.147087,-0.043351,-0.06445,-0.007669,0.329107,0.216976,0.036772,-0.03104,0.162515,0.127928,0.13374,0.189985,-0.177441,0.16515,-0.065111,-0.298527,-0.120734,0.420316,0.247402,-0.303695,-0.10047,-0.447485,0.370733,0.020593,0.006628,0.179279,0.148791,0.051016,0.161551,-0.221661,-0.445903,-0.008904,0.200932,0.498613,0.377478,0.156401,-0.13715,-0.586396,0.177039,-0.339367,0.075752,0.029435,0.334469,0.043667,0.052951,-0.099481,0.164174,-0.16149,0.12063,0.526116,0.186934,0.143065,0.092615,0.312468,-0.13313,-0.268132,-0.144634,0.488306,-0.153626,-0.317106,0.448964,0.501997,-0.370904,0.071835,0.145361,-0.153779,-0.138012,-0.089506,0.19505,-0.02979,-0.084974,0.329925,0.048487,0.024876,0.898184,0.264463,-0.359744,0.009157,-0.133875,-0.077411,-0.060588,-0.254684,0.49522,0.11839,-0.131182,0.270251,-0.185013,0.006814,0.226931,-0.546286,-0.111395,0.202317,0.033618,0.454083,-0.39586,0.149177,-0.278876,-0.731783,-0.314643,-0.082673,-0.062569,-0.190686,-0.021335,-0.267062,-0.352099,0.202322,0.117133,0.439329,0.141891,-0.388514,0.138174,0.410848,-0.056436,-1.013855,0.01878,-0.059516,-0.019557,-0.021987,0.116232,-0.012689,0.297827,-0.33785,-0.082886,0.133751,-0.105901
canon_Task_00262,0.04296,-0.01605,0.030536,-0.050905,-0.040286,-0.01318,0.05625,0.044855,0.055613,-0.014633,-0.001131,0.020869,0.010403,0.097445,0.131169,-0.06075,0.059751,0.010033,-0.0725,0.012041,0.06842,0.041906,-0.123416,-0.023077,-0.111093,0.07579,-0.038734,0.011398,0.081616,-0.008737,0.006696,-0.012404,-0.048205,0.0282,-0.044763,-0.036015,-0.000565,0.005068,0.033619,0.071902,-0.098566,0.078943,-0.027934,0.030053,0.038438,0.002602,0.00071,0.040616,-0.014493,-0.015272,-0.113957,0.041163,0.143302,0.100669,0.056406,0.041598,-0.049618,0.059296,-0.034344,-0.042362,0.055066,-0.076029,-0.101711,0.115013,0.187532,-0.080136,-0.090794,-0.018797,-0.059881,-0.152179,0.045583,-0.071979,-0.071702,-0.063478,0.07428,-0.000734,-0.083766,0.006144,-0.017669,-0.013889,0.029958,-0.110797,0.040774,0.050115,-0.004162,-0.008053,-0.001411,-0.077687,0.094878,0.017611,-0.061608,0.051765,-0.127257,0.038095,0.048684,-0.005953,0.030848,-0.043368,-0.039797,-0.056646,-0.088775,-0.081938,0.028749,-0.065512,-0.081394,0.073325,-0.039292,-0.106518,0.101707,0.04241,0.043151,0.034326,0.057098,0.049142,-0.033849,0.10536,-0.188553,-0.061425,0.049176,-0.054148,-0.01546,-0.049281,0.063288,0.115744,-0.114576,-0.123208,0.121061,-0.0689
canon_Task_00264,0.028039,-0.018594,0.050664,-0.04474,-0.046981,-0.046604,0.077592,0.055055,0.011272,-0.006094,0.017603,0.045382,0.003858,0.106736,0.122217,-0.064315,0.051239,-0.005509,-0.063987,0.035526,0.060328,0.03825,-0.054056,-0.028994,-0.057196,0.05014,0.00015,0.030376,0.090643,-0.044856,0.025524,0.034164,-0.068419,0.049096,-0.041252,-0.017459,-0.002376,0.000922,0.020692,0.071858,-0.028155,0.072309,0.01931,0.05427,0.052009,0.037975,-0.021251,0.052226,0.026654,0.01382,-0.102755,0.045584,0.066269,0.085659,0.041477,-0.003942,-0.039984,-0.015276,0.015008,-0.052753,0.066544,-0.079156,-0.055718,0.064512,0.18721,-0.110715,-0.106378,-0.041199,0.003364,-0.108058,0.050705,-0.022967,-0.074844,-0.083111,0.062438,-0.00873,-0.093017,0.019082,-0.006373,0.012215,0.00261,-0.046176,0.035674,0.019452,0.021333,-0.000686,-0.011506,-0.062752,0.077425,0.035431,-0.024361,0.008214,-0.093476,0.028863,0.041598,-0.022938,0.028628,-0.024138,-0.050119,-0.017436,-0.05888,-0.044329,-0.005601,-0.084048,-0.060192,0.069556,-0.061642,-0.086157,0.087421,0.064766,0.019683,0.013603,0.071022,0.03213,-0.048354,0.123808,-0.119605,-0.063205,0.029639,-0.086694,-0.020426,-0.018532,0.024398,0.115211,-0.138701,-0.128708,0.052244,-0.033915
canon_Task_00265,0.036991,-0.020011,0.040797,-0.059776,-0.030727,-0.00523,0.088278,0.03703,0.011611,-0.033357,0.012735,0.055101,-0.008731,0.134031,0.171983,-0.060455,0.067453,-0.005018,-0.11508,0.0874,0.042528,0.029696,-0.098856,-0.040593,-0.114457,0.070298,-0.011214,0.011655,0.106875,-0.045953,0.045232,0.025516,-0.090066,0.062312,-0.020324,-0.006406,-0.009547,0.007193,0.007427,0.107131,-0.047512,0.069667,0.069882,0.056016,0.083727,0.007652,-0.0306,0.052245,0.023482,-0.00837,-0.10344,0.036427,0.119227,0.071937,0.046264,0.024912,-0.003682,0.000731,0.016945,-0.089819,0.060522,-0.064267,-0.102381,0.071761,0.218399,-0.099506,-0.119046,-0.037295,-0.000483,-0.109818,0.076234,-0.016482,-0.074018,-0.059305,0.080884,-0.016458,-0.107398,0.04592,0.002009,0.046553,0.016342,-0.066605,0.045366,0.031572,0.030472,0.008341,-0.028821,-0.053533,0.085819,0.057644,-0.00187,0.013852,-0.113465,0.062866,0.039497,-0.017487,-0.001656,-0.003209,-0.058954,-0.04976,-0.05213,-0.078224,-0.036843,-0.079586,-0.068514,0.115844,-0.063922,-0.10736,0.086628,0.085543,0.049393,0.012122,0.065903,0.048366,-0.03102,0.079084,-0.143315,-0.075174,0.049768,-0.076689,-0.010962,0.00567,-0.000133,0.111722,-0.146531,-0.15123,0.035876,-0.038016
canon_Task_00266,0.085264,-0.023665,0.02424,-0.026672,-0.01298,-0.024099,0.066072,0.04913,0.031314,-0.049292,0.02182,-0.012704,-0.027621,0.117158,0.117043,-0.044891,0.060133,0.033121,-0.074145,-0.045,0.080162,0.066284,-0.123182,-0.059614,-0.125742,0.088073,-0.038217,0.022737,0.080689,-0.021187,0.003547,-0.056589,-0.02088,0.029328,-0.042806,-0.042154,-0.044873,0.002216,0.040765,0.09065,-0.067095,0.044105,-0.012191,0.005792,0.012422,-0.018834,-0.010903,0.006394,-0.028603,-0.044384,-0.135008,-0.013968,0.194326,0.117625,0.08918,0.071685,-0.037671,0.053774,-0.059544,-0.044588,0.097217,-0.055052,-0.086512,0.137606,0.18317,-0.091227,-0.080201,0.023402,-0.088618,-0.149376,0.028818,-0.064828,-0.09102,-0.056849,0.070835,-0.011026,-0.093607,0.025638,-0.0241,0.005147,0.002914,-0.124584,0.040236,0.071539,0.017231,-0.017399,-0.013807,-0.076226,0.084668,0.036334,-0.062049,0.037228,-0.12935,0.107365,0.082786,0.02368,-0.02783,-0.079665,-0.038395,-0.073454,-0.076218,-0.129115,0.023395,-0.035853,-0.107413,0.031635,-0.021802,-0.108394,0.081543,0.035378,0.06575,0.023606,0.086611,0.075502,0.00981,0.091686,-0.160116,-0.022919,0.074321,-0.056033,-0.040691,-0.04289,0.049348,0.12057,-0.106741,-0.119405,0.149121,-0.051592
canon_Task_00267,0.055408,-0.040951,0.028186,-0.064616,-0.077467,0.000798,0.131274,0.069162,0.016349,-0.028592,0.010755,0.006617,0.015139,0.155388,0.113026,-0.029262,0.053454,0.012668,-0.090936,0.00149,0.073248,0.024979,-0.10828,-0.01532,-0.172623,0.111464,0.023724,0.011202,0.108669,-0.044262,0.064038,-0.015782,0.021978,0.044661,-0.120079,-0.009919,0.026895,0.02644,0.016977,0.033358,-0.026241,0.094686,0.018759,0.031888,0.106782,-0.042491,-0.012204,0.033691,-0.017518,0.028184,-0.13814,-0.048098,0.186039,0.116423,0.044283,0.035462,-0.02898,0.061019,-0.035743,-0.044515,0.064781,-0.03819,-0.13127,0.091655,0.207974,-0.12192,-0.077856,-0.057597,-0.09165,-0.186286,0.045804,-0.078556,-0.027899,-0.048911,0.072433,0.052147,-0.077887,0.014589,1.1e-05,0.056972,0.036553,-0.109897,0.041554,0.004512,0.03424,-0.026515,-0.01489,-0.114299,0.100995,-0.040061,-0.057971,0.059347,-0.089017,0.085287,0.019621,0.012265,0.049147,0.008154,-0.025187,-0.058003,-0.141915,-0.124566,0.022245,-0.07922,-0.101648,0.123766,-0.073203,-0.076977,0.109566,0.074471,0.010228,0.070453,0.073111,0.10398,-0.006279,0.118849,-0.184371,-0.043817,0.069285,-0.016547,0.005663,-0.021526,-0.011884,0.114416,-0.117284,-0.178353,0.179726,-0.035961
canon_Task_00268,0.064108,-0.027431,0.031241,-0.051682,-0.034157,-0.026622,0.081416,0.048893,0.001364,0.034379,0.007338,0.036647,-0.003804,0.128862,0.127191,-0.06069,0.046486,0.034908,-0.061992,-0.008417,0.061058,0.041952,-0.131206,-0.048522,-0.100112,0.072585,-0.01583,9e-06,0.052226,-0.018762,0.004729,-0.004178,-0.00858,0.053057,-0.03194,-0.048116,-0.05479,-0.013997,0.016732,0.078174,-0.095911,0.085973,-0.05926,0.049748,0.031677,-0.010052,-0.028183,0.070935,0.007101,-8.7e-05,-0.111595,0.058028,0.169638,0.101519,0.085342,0.067473,-0.064685,0.056759,-0.00877,0.005588,0.057923,-0.06981,-0.07731,0.135097,0.200191,-0.051202,-0.08107,-0.004928,-0.066269,-0.155271,0.014712,-0.066358,-0.05522,-0.096579,0.077998,-0.016824,-0.095777,0.003031,-0.026099,-0.019915,0.026526,-0.128073,0.008288,0.054089,-0.005719,-0.046082,0.013043,-0.080606,0.073688,0.023256,-0.056518,0.051139,-0.09513,0.04449,0.045065,0.015918,0.016342,-0.080613,-0.027271,-0.081442,-0.099436,-0.096025,0.010841,-0.072256,-0.102588,0.084684,-0.032793,-0.114603,0.078444,0.049161,0.045506,0.043427,0.061019,0.039866,-0.056362,0.114678,-0.187784,-0.054897,0.058797,-0.014861,-0.036922,-0.042927,0.076495,0.131598,-0.110928,-0.112175,0.14847,-0.071658
canon_Task_00269,0.071223,-0.018987,0.03054,-0.059853,-0.036536,-0.030567,0.092732,0.031028,0.005271,0.023336,0.024814,0.044362,0.0028,0.111908,0.13254,-0.070554,0.072881,0.050061,-0.069013,-0.053124,0.064164,0.08293,-0.116256,-0.049823,-0.080312,0.069401,2.4e-05,0.019054,0.052541,0.001022,-0.002077,0.004855,-0.004025,0.075211,-0.072955,-0.077354,-0.043765,-0.046674,0.017541,0.06235,-0.061664,0.074365,-0.068047,0.017151,-0.005033,-0.004985,-0.038155,0.053179,0.00706,-0.022004,-0.081787,0.03344,0.148864,0.101465,0.074858,0.055124,-0.05645,0.02041,-0.023724,0.028658,0.088798,-0.062457,-0.108579,0.12992,0.182907,-0.114417,-0.089264,-0.004535,-0.081481,-0.18018,0.012163,-0.052488,-0.064507,-0.10059,0.05858,-0.020849,-0.060404,0.023526,-0.031206,0.011582,0.001485,-0.106215,0.012129,0.065974,0.001367,-0.00296,0.005141,-0.068834,0.098624,0.053862,-0.089388,0.020618,-0.077727,0.05376,0.074099,0.001806,0.008521,-0.069835,-0.032731,-0.07211,-0.073263,-0.111888,0.058074,-0.063509,-0.102381,0.047887,-0.057839,-0.085482,0.113665,0.066627,0.055896,0.008824,0.083319,0.084052,-0.068656,0.13282,-0.185027,-0.033149,0.081387,-0.046749,-0.053619,-0.069306,0.042939,0.1183,-0.158106,-0.113769,0.102439,-0.097438
canon_Task_00270,0.045157,-0.05851,0.027602,-0.069509,0.015592,0.003238,0.096502,0.013483,0.017159,-0.06141,0.041307,0.047007,-0.036168,0.138919,0.13343,-0.045314,0.056999,0.025287,-0.098449,0.039061,0.077828,0.012312,-0.130818,0.017414,-0.168788,0.163976,-0.020434,0.029572,0.047811,-0.032709,0.049779,-0.031097,-0.007741,0.032263,-0.042353,-0.056495,-0.012058,-0.000579,-0.008972,0.107826,-0.045647,0.075179,-0.037316,0.053953,0.054928,-0.062444,-0.018151,0.055724,-0.006925,-0.018146,-0.06949,0.027381,0.170337,0.096094,0.02705,0.072653,0.003225,0.089616,-0.040498,-0.009534,0.052096,-0.046229,-0.117278,0.116592,0.202197,-0.084618,-0.111842,0.004466,-0.098696,-0.116519,0.093703,-0.118588,-0.054524,-0.070974,0.055038,0.032734,-0.077501,0.008688,0.020887,0.00658,0.050323,-0.115179,-0.015223,0.08728,-0.017611,0.012691,-0.053698,-0.108006,0.086937,0.071615,-0.086378,0.099628,-0.120414,0.085951,0.04726,-0.000745,-0.00123,-0.049283,-0.025058,-0.086491,-0.119213,-0.11946,0.03553,-0.09362,-0.062198,0.083896,-0.016589,-0.114368,0.110903,0.066502,0.046099,0.055626,0.020702,0.044914,-0.018162,0.095901,-0.175428,-0.063787,0.113462,-0.044673,-0.016829,-0.049783,0.021798,0.125728,-0.169113,-0.143617,0.075482,-0.070967
canon_Task_00272,0.076082,-0.072771,0.003982,-0.049506,-0.068318,-0.017218,0.06533,0.051389,0.042907,-0.008162,0.014821,0.005479,0.003927,0.135671,0.124919,-0.064001,0.029015,0.024044,-0.090813,0.008181,0.09955,0.03772,-0.124199,-0.01332,-0.150042,0.094575,-0.021331,-0.017407,0.100356,-0.018254,0.025399,-0.000268,0.010443,0.03845,-0.033995,-0.044833,0.006286,-0.014091,0.021874,0.075414,-0.067326,0.068391,-0.033005,0.016939,0.068791,-0.020541,0.005786,0.026149,-0.012995,-0.023237,-0.100778,0.009817,0.187786,0.112373,0.06751,0.051488,-0.042886,0.051825,-0.02542,-0.025617,0.042939,-0.083181,-0.092726,0.114257,0.171358,-0.098874,-0.054471,-0.024203,-0.087504,-0.166956,0.059026,-0.075445,-0.073862,-0.041182,0.072198,0.007767,-0.096499,0.015638,-0.024544,-0.01273,0.041906,-0.130691,0.052417,0.054469,0.005176,0.010742,0.004428,-0.06085,0.097473,0.001492,-0.069561,0.086135,-0.12759,0.058727,0.079767,-0.005572,0.007617,-0.053519,-0.016973,-0.068103,-0.101448,-0.09868,0.02213,-0.072199,-0.085913,0.087916,-0.032608,-0.077419,0.077878,0.045307,0.040216,0.077099,0.06338,0.045587,-0.022252,0.104952,-0.202002,-0.050448,0.028563,-0.037965,-0.042609,-0.044405,0.030762,0.119099,-0.112648,-0.108184,0.167602,-0.06761
canon_Task_00275,0.189247,0.032853,-0.054511,-0.239884,0.09141,0.253685,-0.022532,0.001397,0.448111,-0.391389,-0.251962,-0.118632,0.039985,-0.178493,0.425816,-0.01573,0.549219,-0.284979,-0.245998,-0.133761,0.162463,0.059257,-0.275272,-0.196006,-0.432018,0.530935,-0.021697,-0.20942,0.227112,-0.002019,-0.090152,-0.394759,-0.32364,-0.136231,-0.511067,0.223605,-0.469238,-0.001193,0.056205,0.028791,-0.179007,0.138541,-0.144484,0.068311,-0.119932,-0.082697,0.170334,-0.159965,-0.445919,-0.4737,-0.166614,-0.413052,0.237969,0.227203,0.192494,-0.058092,-0.035029,0.122034,-0.185721,-0.373522,0.296483,0.064063,-0.595629,0.243932,0.132558,-0.202355,-0.195657,0.001136,-0.366901,-0.338288,-0.08674,-0.281523,-0.346525,0.059484,0.256239,0.155225,-0.13746,0.366125,0.028325,-0.141466,-0.175928,-0.064441,0.097038,0.052618,-0.028824,-0.093773,-0.375927,-0.211174,0.388917,0.046022,-0.455746,0.193891,-0.494246,0.385188,0.076032,-0.025343,0.127422,0.017374,-0.256528,-0.066908,0.188119,-0.483684,0.173075,-0.242656,0.129177,-0.289991,-0.123109,-0.404385,0.468318,0.024006,0.019231,0.044542,0.336876,-0.018398,0.119588,0.355562,-0.539933,-0.272025,0.200601,-0.130376,0.311025,0.027667,0.064161,0.403684,-0.419268,-0.27401,0.290587,-0.229172
canon_Task_00276,0.348967,0.029529,-0.080585,-0.542771,0.110844,0.428163,-0.02152,0.038823,0.889543,-0.65086,-0.594613,-0.293117,0.12705,-0.257401,0.852917,-0.137532,1.173474,-0.478828,-0.503181,-0.243271,0.254878,0.129811,-0.643169,-0.375091,-0.841741,0.99729,-0.079439,-0.468228,0.55109,-0.041864,-0.18705,-0.683155,-0.709211,-0.165352,-0.967839,0.425963,-0.88931,0.00569,0.160634,0.124849,-0.431849,0.293928,-0.265568,0.15782,-0.123512,-0.165782,0.243681,-0.317154,-0.77041,-0.969297,-0.411502,-0.7244,0.526521,0.459855,0.389678,-0.000647,-0.192909,0.367004,-0.365718,-0.788703,0.599275,0.021769,-1.166722,0.562378,0.480392,-0.430768,-0.429874,-0.118526,-0.732767,-0.847136,-0.089467,-0.596576,-0.778901,0.070243,0.546494,0.263181,-0.283686,0.668554,0.052345,-0.233118,-0.367205,-0.207616,0.223201,0.097379,-0.038832,-0.142053,-0.706261,-0.389924,0.771498,0.165749,-0.893066,0.376598,-1.02959,0.691222,0.258719,0.066844,0.225266,0.03981,-0.570777,-0.150066,0.415535,-0.952662,0.349859,-0.514315,0.250593,-0.495502,-0.317962,-0.859433,0.942486,0.115436,0.088139,0.169195,0.781317,0.029601,0.151929,0.792721,-1.191903,-0.598491,0.303505,-0.231748,0.587018,-0.001658,0.202038,0.837929,-0.806998,-0.502489,0.65438,-0.490768
canon_Task_00277,0.263397,-0.082122,0.079068,0.202341,0.12252,-0.148191,0.266771,0.066428,0.421705,-0.19287,0.049355,-0.00428,0.002769,0.126159,0.935595,0.021578,0.053783,-0.138937,0.076281,0.405493,0.312273,0.401553,-0.375825,-0.282494,-0.026597,0.495137,-0.188645,0.483072,-0.075306,0.093486,0.080873,-0.18309,-0.029595,-0.195327,0.1847,-0.362136,-0.32685,-0.087475,0.302088,0.252405,-0.430971,0.155049,0.353575,-0.105646,0.370074,0.215023,-0.228972,0.216372,0.323941,-0.144292,-0.160006,0.335989,0.220954,-0.002903,-0.115344,0.458562,0.076483,0.415333,0.132282,-0.203426,-0.119967,-0.288183,-0.435073,0.491273,0.598671,-0.048842,-0.373016,0.198641,-0.138544,0.243421,0.05788,-0.223877,-0.31597,-0.195515,0.195369,-0.553021,-0.04922,-0.073757,0.049263,-0.271433,0.114078,-0.415731,-0.219132,-0.125593,-0.00755,-0.118138,-0.002806,-0.076061,0.044494,0.334669,0.120941,-0.283503,-0.444054,0.23693,-0.1994,0.222122,-0.128046,-0.034245,-0.294911,-0.253903,-0.436842,-0.46203,0.13951,-0.008347,-0.27929,0.127147,-0.262337,-0.373945,-0.201166,-0.211123,0.202771,0.032675,-0.025429,0.084478,0.060563,0.199559,-0.394112,0.103491,0.321504,-0.576276,-0.161062,-0.049319,0.141455,0.230391,-0.058616,-0.47394,0.68654,-0.23801
canon_Task_00278,0.263188,-0.055903,0.107123,0.14034,0.071002,-0.177197,0.245048,0.066933,0.379594,-0.16046,0.012627,-0.009138,-0.014707,0.123509,0.842695,0.018567,0.033786,-0.065879,0.076393,0.331889,0.318409,0.358618,-0.37367,-0.296195,-0.007789,0.415905,-0.190289,0.45156,-0.052143,0.097551,0.065181,-0.141314,-0.053232,-0.176545,0.178303,-0.30222,-0.300373,-0.046898,0.295962,0.215783,-0.42914,0.188023,0.288452,-0.086862,0.323656,0.19502,-0.213483,0.214799,0.219614,-0.088403,-0.195665,0.333238,0.239504,0.049977,-0.022262,0.370661,0.00899,0.354527,0.101152,-0.198887,-0.061636,-0.279199,-0.388153,0.42258,0.530402,-0.015246,-0.385847,0.201231,-0.114884,0.176011,0.024859,-0.189184,-0.25871,-0.195274,0.201918,-0.48046,-0.079157,-0.043387,-0.003155,-0.222242,0.099299,-0.40163,-0.160793,-0.122202,0.007233,-0.166703,0.014566,-0.118862,0.088404,0.300914,0.061406,-0.263863,-0.460719,0.196634,-0.154323,0.18236,-0.099073,-0.048928,-0.291381,-0.237059,-0.449484,-0.400359,0.139297,0.008804,-0.276288,0.131473,-0.263322,-0.389405,-0.18999,-0.189865,0.173986,0.009141,-0.00338,0.111379,0.005235,0.208204,-0.383066,0.099373,0.273986,-0.50974,-0.176742,-0.026315,0.149505,0.246636,-0.073265,-0.454603,0.609939,-0.227422
canon_Task_00280,0.110587,-0.062452,-0.066483,0.094486,0.062902,-0.049794,0.146322,0.017971,0.071492,-0.015797,0.12021,0.005727,0.001619,0.109688,0.309613,-0.046052,0.072571,-0.002131,-0.010272,0.061107,0.081515,0.083214,-0.18757,0.016809,-0.088966,0.209646,-0.007172,0.129783,0.089921,-0.036396,0.059176,-0.042219,0.033827,0.032207,0.060626,-0.174032,-0.113874,-0.069138,0.057698,0.185952,-0.108734,0.020887,-0.007228,-0.03225,0.1077,-0.021239,-0.093118,0.07037,0.175076,-0.054517,-0.084739,0.054162,0.211639,0.082603,-0.035105,0.184912,0.054555,0.0852,-0.034287,-0.05159,0.01811,-0.137705,-0.080943,0.2562,0.288364,-0.132352,-0.117441,0.053409,-0.093892,-0.083147,0.077354,-0.104197,-0.129778,-0.091251,0.062031,-0.138949,-0.035373,-0.066355,-0.002674,-0.085925,0.050392,-0.215259,-0.072798,0.023264,0.062595,0.017876,-0.009212,-0.021055,0.043889,0.099043,0.129887,-0.049261,-0.102081,0.119628,-0.003661,0.003275,-0.004151,-0.062483,-0.019977,-0.155827,-0.118148,-0.245702,0.03946,-0.037367,-0.089095,0.048781,-0.099644,-0.150261,0.093855,-0.009284,0.105915,0.040827,0.048413,0.016961,0.041732,0.141828,-0.18737,0.008098,0.115013,-0.194912,-0.057248,-0.055813,0.070082,0.174571,-0.11559,-0.215908,0.24039,-0.121938
canon_Task_00281,0.022583,-0.008213,-0.000273,-0.102262,-0.109015,-0.067116,0.090056,0.071564,-0.044735,0.001898,-0.078537,-0.05013,-0.004024,0.150906,0.169554,-0.080762,0.147392,-0.034142,-0.086374,-0.031206,0.064877,0.030635,-0.188314,-0.046473,-0.119514,0.105062,0.030408,0.005253,0.110919,0.013945,-0.001337,0.022222,-0.081478,0.076162,-0.063496,0.023389,-0.039496,0.030936,0.063335,0.02376,-0.059456,0.075162,-0.032172,0.079056,0.015022,-0.034508,-0.088154,0.066624,-0.015883,-0.079898,-0.111093,0.016034,0.157768,0.110519,0.059272,0.026873,-0.157063,0.126753,-0.053159,0.000907,0.044435,-0.052569,-0.04687,0.112524,0.156945,-0.113178,-0.155392,-0.097352,-0.097807,-0.20939,0.001261,-0.108974,-0.07012,-0.080844,0.116546,-0.046893,-0.082602,-0.063203,-0.060485,-0.021904,-0.044909,-0.077411,-0.022314,0.018536,-0.037985,-0.03218,-0.036723,-0.031236,0.113463,-0.034314,-0.075975,0.041134,-0.14289,0.041258,0.054114,0.019714,0.016132,-0.013018,-0.035601,-0.082915,-0.07712,-0.142315,0.080135,0.017146,-0.056778,0.035827,-0.060892,-0.094234,0.067073,0.123664,-0.061955,0.046065,0.069593,0.043218,-0.068088,0.2036,-0.187356,-0.074208,-0.001537,-0.040026,0.070915,-0.005131,0.046176,0.129567,-0.109903,-0.12257,0.222211,-0.145394
canon_Task_00282,0.091716,0.098028,0.104414,-0.101156,0.004752,-0.079873,0.077827,0.165381,0.018239,-0.050428,0.211774,0.148981,-0.11205,0.213362,0.098485,-0.062433,-0.089265,-0.007689,-0.057948,-0.019227,0.097643,0.087183,-0.1315,-0.008818,-0.200801,0.156206,0.050017,0.100575,0.070529,-0.134909,0.001329,-0.066001,-0.060556,-0.041047,-0.026335,-0.00456,-0.071948,-0.021064,-0.123418,0.211359,-0.181409,0.198156,-0.080281,0.122005,-0.04831,0.050903,0.034122,0.037366,-0.048854,-0.002526,-0.179754,0.223234,0.135312,0.189928,0.130949,0.035235,-0.003279,0.123037,-0.135213,0.066827,0.050209,-0.055837,-0.061762,0.116279,0.223254,-0.06932,0.003034,-0.07579,-0.127858,-0.023912,0.003617,-0.043573,-0.105954,-0.171675,0.156432,0.061203,-0.091095,0.096505,-0.083958,0.059754,0.117565,-0.060441,0.043228,0.109247,-0.043705,-0.119904,-0.005671,-0.145864,0.007141,0.033882,-0.063018,0.118087,-0.061091,0.167237,0.082614,-0.050686,0.022273,-0.085287,0.044463,-0.065419,-0.175211,-0.16011,0.013367,-0.043065,-0.137359,0.113533,0.117314,-0.164719,0.017095,-0.047591,0.030972,0.017385,0.107542,-0.076623,0.053467,0.125787,-0.127795,-0.129534,0.048106,-0.00687,-0.052626,-0.056009,0.058131,0.079431,-0.243798,-0.184146,0.133623,-0.095728
canon_Task_00284,0.082021,0.02167,0.092658,-0.009614,-0.099863,-0.052421,0.058831,0.056607,-0.012463,-0.014703,-0.037758,-0.004747,-0.047643,0.168618,0.14381,-0.127834,-0.012244,0.046541,-0.087048,-0.033626,0.043343,0.047045,-0.083506,0.006183,-0.118549,0.074535,0.012508,0.1148,0.006306,-0.011067,0.00735,-0.003221,-0.039356,-0.043593,-0.065513,-0.15077,-0.04021,0.034594,0.030648,0.076864,-0.126442,0.081776,-0.016299,0.01027,0.038877,0.102414,0.026523,0.082701,0.070617,0.069995,-0.185384,0.059225,0.183659,0.071939,0.068564,0.142809,-0.087414,0.071465,-0.038293,0.05276,0.083724,-0.061581,-0.096902,0.187581,0.228719,-0.077603,-0.140754,-0.069146,-0.048085,-0.169294,0.018747,-0.053993,-0.066775,-0.174348,0.059466,-0.029751,-0.108455,0.095677,-0.044007,0.038987,0.033691,-0.105667,0.064967,0.022517,-0.050075,-0.046578,0.048367,-0.047573,0.087266,0.015749,-0.068845,-0.00519,-0.120625,0.09892,0.024652,0.012118,0.026455,-0.095196,-0.040431,-0.030704,-0.150726,-0.03494,0.052583,0.039686,-0.193197,0.088811,0.023551,-0.119645,0.023784,0.03326,0.058201,-0.024962,0.040949,0.062348,-0.078113,0.100108,-0.186356,-0.02443,0.094541,-0.037066,-0.072244,-0.080583,0.120451,0.15035,-0.107025,-0.105857,0.117403,-0.108489
canon_Task_00286,0.023544,-0.421875,-0.139633,0.178501,-0.099572,0.246139,-0.025908,0.259859,-0.103019,0.316929,0.375468,-0.142355,-0.035747,0.621724,0.030629,-0.198621,-0.393999,-0.04654,-0.341193,-0.145229,0.159526,-0.182383,-0.222744,-0.071801,-0.227653,-0.243316,0.021914,0.212318,0.13892,0.167477,-0.087308,0.264198,0.473754,-0.172445,0.422322,-0.570977,-0.15311,-0.17394,0.382182,0.125488,-0.096654,-0.309616,-0.453691,-0.319052,0.021152,-0.19075,-0.213488,-0.034748,0.313021,0.201929,-0.142546,0.109954,0.151246,0.707213,-0.076674,0.094217,-0.421648,0.100988,-0.243903,0.758014,0.095712,-0.058231,0.167972,0.570347,-0.005808,-0.104632,-0.235792,0.459252,-0.271459,-0.088006,0.135431,0.070758,0.218179,-0.191683,0.521089,-0.297724,-0.57476,-0.380907,-0.039852,-0.010577,0.292356,-0.514282,0.069462,0.026495,0.31751,0.119902,-0.211374,0.119303,-0.235845,-0.156887,-0.138884,0.42867,0.058015,0.202302,-0.022483,0.038424,0.153247,-0.103035,0.095188,-0.330291,-0.026854,-0.261624,-0.322492,-0.267174,-0.508107,0.349875,0.329516,0.235406,0.240967,0.003017,0.019009,0.513699,0.302444,0.313834,0.212204,0.260943,-0.219046,0.194771,0.207663,0.313003,0.137483,0.041059,0.379506,0.521806,-0.018262,-0.105397,0.964346,-0.48231
canon_Task_00287,0.377333,-0.560332,0.026245,-0.008306,-0.317334,0.194038,0.286384,0.349134,0.0357,0.181911,0.167795,-0.107639,-0.055834,1.019735,0.539295,-0.42609,-0.008694,0.04675,-0.591238,-0.018461,0.489726,-0.074324,-0.671739,-0.15567,-0.765265,0.145315,-0.14153,0.092909,0.449861,0.07898,-0.020757,0.313323,0.274878,0.089899,0.132,-0.594904,-0.20872,-0.250408,0.321565,0.462046,-0.47729,0.142161,-0.430825,-0.153793,0.252439,-0.119423,-0.120362,0.155838,0.180847,0.132501,-0.590779,0.05687,0.879357,0.928278,0.166883,0.247803,-0.503622,0.305307,-0.316397,0.413458,0.391213,-0.462607,-0.369306,0.951051,0.807769,-0.438499,-0.605963,0.243287,-0.525703,-0.869925,0.260279,-0.301662,-0.152182,-0.493795,0.800457,-0.278043,-0.883624,-0.251729,-0.145899,-0.090064,0.248319,-0.895316,0.287366,0.168293,0.329216,0.083879,-0.13394,-0.138378,0.262406,-0.041157,-0.32,0.426189,-0.45765,0.410517,0.248068,0.010764,0.352756,-0.301497,-0.108808,-0.540584,-0.409202,-0.589839,-0.168256,-0.520917,-0.767389,0.57536,0.017035,-0.13691,0.68554,0.15985,0.149748,0.548379,0.565683,0.462952,-0.073632,0.730849,-0.953649,-0.065542,0.283718,0.050443,0.018132,-0.222918,0.557207,1.163022,-0.536064,-0.501324,1.22964,-0.643362
canon_Task_00288,0.386042,-0.547909,0.017853,-0.024396,-0.31459,0.172949,0.279403,0.359235,0.056795,0.162719,0.181439,-0.095215,-0.063743,1.007092,0.547037,-0.420806,0.007596,0.025567,-0.576753,-0.023994,0.487347,-0.068015,-0.649054,-0.151421,-0.74936,0.166055,-0.13642,0.099495,0.457174,0.090411,-0.022917,0.293871,0.253031,0.099174,0.128895,-0.583015,-0.214039,-0.247821,0.327389,0.467211,-0.469235,0.152711,-0.423965,-0.153784,0.260537,-0.127503,-0.109316,0.160447,0.163688,0.132864,-0.591829,0.047365,0.876242,0.925063,0.186113,0.232923,-0.488978,0.304355,-0.315285,0.398644,0.378499,-0.466965,-0.36502,0.937506,0.820699,-0.448842,-0.593955,0.236438,-0.5352,-0.87117,0.26693,-0.315387,-0.148183,-0.49717,0.777048,-0.281467,-0.866252,-0.243982,-0.156538,-0.104886,0.247528,-0.890259,0.266165,0.171697,0.328888,0.079,-0.120694,-0.138761,0.271663,-0.027684,-0.322852,0.405905,-0.460234,0.395639,0.258229,0.001289,0.351155,-0.308891,-0.098971,-0.547034,-0.411764,-0.598268,-0.160471,-0.507158,-0.748051,0.544686,0.00443,-0.146531,0.67138,0.162744,0.146039,0.549548,0.553402,0.461558,-0.085313,0.744214,-0.955982,-0.079575,0.288651,0.039617,-0.000484,-0.236194,0.546087,1.164609,-0.53872,-0.522103,1.211178,-0.644322
canon_Task_00294,0.462092,-0.28728,0.108571,-0.224305,-0.406316,0.019478,0.368558,0.335929,0.211753,0.090612,-0.203338,0.064957,0.015837,0.73806,0.797267,-0.437479,0.461137,0.202099,-0.453492,-0.028812,0.480504,0.164248,-0.64614,-0.14625,-0.679384,0.434366,-0.081035,-0.117121,0.471169,-0.140992,0.17048,0.07793,-0.117993,0.364083,-0.29376,-0.32382,-0.021627,-0.192143,0.153165,0.475014,-0.54798,0.377772,-0.173856,0.10597,0.227952,-0.056069,-0.14763,0.35344,0.0838,-0.052263,-0.575041,0.06953,0.972151,0.546232,0.316211,0.333803,-0.182604,0.139403,-0.062811,-0.218008,0.412378,-0.404258,-0.682355,0.815481,1.147013,-0.563734,-0.495393,-0.090685,-0.339499,-1.097734,0.220717,-0.289949,-0.465603,-0.393676,0.466715,-0.071786,-0.510332,0.06652,-0.118644,-0.017759,0.086508,-0.673382,0.29172,0.1494,0.022968,-0.098105,0.113089,-0.231751,0.714748,0.051455,-0.183527,0.083559,-0.684034,0.181467,0.378787,0.030808,0.184782,-0.330728,-0.200714,-0.343653,-0.370432,-0.528988,0.097133,-0.321392,-0.477963,0.394289,-0.327358,-0.532505,0.60644,0.403795,0.23815,0.363466,0.450627,0.446152,-0.318365,0.828903,-1.178164,-0.193664,0.373172,-0.33473,-0.098803,-0.291348,0.287691,0.904642,-0.778887,-0.66986,0.842803,-0.36385
canon_Task_00295,0.445109,-0.267092,0.126108,-0.222404,-0.363553,-0.011174,0.376693,0.325,0.227868,0.049273,-0.158975,0.049613,0.026421,0.704797,0.774079,-0.439423,0.449,0.163209,-0.451308,-0.025724,0.463159,0.174125,-0.639779,-0.140893,-0.672205,0.441564,-0.073255,-0.116962,0.497639,-0.137173,0.135544,0.081636,-0.150554,0.347221,-0.285698,-0.2903,-0.048803,-0.153277,0.147586,0.456171,-0.519516,0.397503,-0.171237,0.100082,0.254751,-0.059068,-0.130053,0.315988,0.053023,-0.071612,-0.600907,0.063185,0.934865,0.553785,0.325403,0.330221,-0.210726,0.169153,-0.084631,-0.22859,0.425233,-0.40271,-0.644537,0.772579,1.144759,-0.562158,-0.49618,-0.119706,-0.34547,-1.062734,0.226173,-0.292797,-0.475424,-0.382564,0.447146,-0.060657,-0.508341,0.073288,-0.114318,-0.03624,0.067686,-0.661153,0.283975,0.139272,0.036109,-0.084694,0.091674,-0.243085,0.664112,0.088092,-0.216066,0.103506,-0.685313,0.194576,0.363042,0.036115,0.185478,-0.306795,-0.214025,-0.343452,-0.354476,-0.538565,0.102057,-0.34467,-0.446943,0.377091,-0.332679,-0.557054,0.596063,0.387787,0.245799,0.358238,0.476285,0.407292,-0.29891,0.794486,-1.150852,-0.243144,0.332533,-0.307511,-0.100434,-0.307625,0.284059,0.885942,-0.747903,-0.6522,0.810607,-0.387969
canon_Task_00296,0.431095,-0.261165,0.131096,-0.235164,-0.354592,-0.01335,0.389757,0.315602,0.249663,0.047864,-0.157395,0.038405,0.035106,0.690003,0.774371,-0.439128,0.453024,0.150574,-0.464065,-0.021837,0.470243,0.175283,-0.631315,-0.139516,-0.681972,0.455474,-0.082675,-0.125044,0.507878,-0.132296,0.130058,0.06833,-0.164587,0.338039,-0.306166,-0.280042,-0.041783,-0.15584,0.156585,0.459512,-0.522157,0.389814,-0.16782,0.107228,0.25275,-0.052842,-0.124374,0.298812,0.045741,-0.068698,-0.600959,0.063879,0.946133,0.556478,0.32395,0.326568,-0.202441,0.17179,-0.08949,-0.231679,0.425274,-0.407728,-0.649376,0.763701,1.14961,-0.569362,-0.485295,-0.123805,-0.343496,-1.056364,0.229523,-0.278868,-0.46883,-0.374272,0.438741,-0.069398,-0.507484,0.085113,-0.114006,-0.027009,0.06197,-0.663787,0.276383,0.151168,0.047101,-0.086561,0.082786,-0.259918,0.668744,0.08668,-0.228422,0.114995,-0.704121,0.193829,0.376141,0.02773,0.179088,-0.299749,-0.228641,-0.328656,-0.341545,-0.543363,0.107208,-0.364537,-0.446457,0.358116,-0.348426,-0.544383,0.605085,0.395316,0.260119,0.34389,0.472998,0.410783,-0.281497,0.810834,-1.165551,-0.246141,0.335766,-0.315383,-0.09554,-0.310092,0.290212,0.863251,-0.749622,-0.665369,0.81576,-0.388776
canon_Task_00297,0.095314,0.01273,0.077852,-0.061087,-0.053999,-0.04598,0.059396,0.075206,0.071525,-0.066144,-0.060419,0.026263,0.067251,0.204544,0.118425,-0.108688,0.093805,-0.020522,-0.115673,0.011062,0.136854,0.059505,-0.12936,-0.030599,-0.120521,0.062447,-0.140216,-0.030709,0.1382,0.062932,-0.037147,0.032783,-0.047928,0.021986,0.052912,-0.046875,-0.012695,0.00651,0.046119,0.12032,-0.088889,0.129753,0.005008,0.024311,0.030376,0.018768,0.011449,-0.052657,-0.005448,-0.044582,-0.135912,-0.011717,0.13397,0.108407,0.02382,-0.033554,-0.098243,0.108128,-0.06837,-0.083021,0.10319,-0.13646,-0.082304,0.183741,0.139414,-0.138339,-0.159879,-0.013199,-0.063711,-0.199758,-0.01771,-0.080311,-0.134496,-0.002281,0.113809,-0.05433,-0.046006,0.022626,-0.020574,-0.069464,-0.000731,-0.100701,0.076787,0.037761,0.024163,0.062317,-0.001457,-0.037482,0.123639,-0.008911,-0.12217,0.046201,-0.177864,0.037611,0.076165,0.040009,0.005821,-0.024055,0.030842,-0.052088,-0.096991,-0.074752,0.066083,-0.054438,-0.154309,0.000542,-0.033995,-0.068864,0.070374,0.069882,0.061611,0.072343,0.081091,0.071582,-0.052859,0.117956,-0.140882,-0.061323,0.025432,-0.021541,0.014918,-0.074755,0.059931,0.075259,-0.031336,-0.039901,0.11694,-0.143265
canon_Task_00298,0.0791,-0.001705,0.049114,-0.035904,-0.039622,-0.036638,0.078302,0.03763,0.018521,-0.00529,0.045495,0.018727,-0.011648,0.105886,0.127151,-0.054735,0.060456,0.032975,-0.07324,0.003157,0.092674,0.032564,-0.10557,-0.031898,-0.13731,0.091323,-0.037267,0.020863,0.059826,-0.010133,0.001703,0.015563,-0.0412,0.043341,-0.015181,-0.058551,-0.031382,0.000299,0.006865,0.09834,-0.075594,0.0927,-0.035546,0.030795,0.043605,-0.023385,-0.018487,0.023995,-0.006628,-0.017361,-0.099427,0.019731,0.151405,0.090114,0.055764,0.072143,-0.034147,0.053965,-0.047794,-0.012603,0.05407,-0.066142,-0.094499,0.127881,0.178022,-0.109796,-0.100039,-0.027799,-0.079418,-0.133126,0.030136,-0.061466,-0.061156,-0.072088,0.071608,-0.041605,-0.07689,-0.014793,-0.027838,0.00957,0.026441,-0.125378,0.039616,0.060138,0.00398,-0.004483,0.008788,-0.0591,0.11424,0.048981,-0.059838,0.009446,-0.109004,0.070911,0.05562,-0.002605,-0.001163,-0.060376,-0.030801,-0.070463,-0.09969,-0.148158,0.036444,-0.026606,-0.077704,0.069733,-0.038453,-0.105744,0.067533,0.03232,0.054981,0.034775,0.068429,0.053411,-0.021582,0.100366,-0.1505,-0.040035,0.084942,-0.051038,-0.015056,-0.057381,0.035409,0.127439,-0.13552,-0.147519,0.110812,-0.078297
canon_Task_00299,0.078066,-0.012357,0.032685,-0.045297,-0.030461,-0.020799,0.096625,0.042286,0.036049,-0.016794,0.019508,0.009304,0.009345,0.107767,0.114479,-0.075774,0.059759,0.052747,-0.081176,-0.004385,0.058102,0.057227,-0.093771,-0.049159,-0.123287,0.098255,-0.009034,0.01607,0.078086,-0.022943,0.006802,-0.002236,-0.038912,0.048915,-0.054879,-0.070215,-0.041976,-0.004712,0.017493,0.077557,-0.06727,0.079044,-0.04472,0.006051,0.045526,-0.002725,-0.00763,0.01961,-0.018124,-0.035267,-0.117914,-0.006204,0.176778,0.108106,0.071727,0.073051,-0.027389,0.053749,-0.040503,-0.043797,0.077351,-0.062766,-0.092704,0.135333,0.181046,-0.102318,-0.098066,-0.022272,-0.074846,-0.158771,0.027646,-0.032839,-0.070065,-0.06249,0.070558,-0.021304,-0.072269,0.021391,-0.028902,-0.00544,0.019922,-0.122686,0.025535,0.065232,0.041702,-0.025604,0.0177,-0.068019,0.100483,0.070608,-0.065019,0.029437,-0.123217,0.092078,0.050898,-0.002054,-0.016033,-0.055452,-0.035979,-0.058886,-0.093324,-0.126314,0.035901,-0.071206,-0.086414,0.06451,-0.050241,-0.108793,0.0649,0.042017,0.051642,0.037799,0.092872,0.058559,-0.002763,0.108504,-0.135107,-0.051585,0.058662,-0.050494,-0.041533,-0.056938,0.04,0.107903,-0.133686,-0.135289,0.132331,-0.090618
canon_Task_00302,0.085141,-0.037551,0.031627,-0.029848,-0.012411,-0.006875,0.053738,0.028967,0.030556,-0.030543,-0.039478,-0.013117,-0.004467,0.078175,0.139286,-0.069748,0.039615,0.02715,-0.087904,-0.034335,0.060469,0.058188,-0.09589,-0.02722,-0.103197,0.091437,0.024573,0.026239,0.100737,-0.040901,-0.004199,-0.002437,-0.045177,0.03315,-0.061159,-0.056031,-0.027423,0.00404,0.009787,0.079311,-0.090249,0.041892,-0.028616,0.051178,0.04231,0.004623,-0.010175,0.020666,-0.023722,-0.021509,-0.136928,0.011479,0.190145,0.126137,0.042247,0.091662,-0.061632,0.053058,-0.053811,-0.010857,0.086841,-0.047994,-0.089475,0.134332,0.174278,-0.109948,-0.088619,-0.028962,-0.076858,-0.17152,0.05362,-0.060985,-0.08931,-0.083916,0.067199,0.001674,-0.098586,0.027987,-0.009784,-0.001022,0.015515,-0.146225,0.044053,0.06426,-0.006799,-0.005458,0.008691,-0.04355,0.106971,0.016703,-0.065527,0.039003,-0.101781,0.070932,0.051692,0.003569,0.018544,-0.077008,-0.061289,-0.068368,-0.045465,-0.107528,0.019549,-0.046581,-0.072701,0.044309,-0.009289,-0.111662,0.097326,0.066772,0.047034,0.012722,0.115644,0.054721,-0.028198,0.104583,-0.175692,-0.039355,0.078999,-0.05578,-0.016233,-0.053443,0.050106,0.149656,-0.116008,-0.09897,0.136666,-0.083332
canon_Task_00303,0.078427,-0.024609,0.018117,-0.02511,-0.038895,-0.009173,0.057587,0.043772,0.052472,-0.018757,-0.015551,-0.000789,0.002323,0.121961,0.126281,-0.067434,0.051917,0.018166,-0.080956,0.003814,0.091743,0.014209,-0.088588,0.00303,-0.152875,0.105506,-0.022797,0.013073,0.101476,0.008757,0.012228,0.031102,-0.029231,0.032529,-0.042804,-0.060824,0.010723,0.022718,0.044328,0.101967,-0.094208,0.102088,-0.024896,0.029916,0.045132,0.003546,-0.015047,0.039926,-0.021984,-0.008833,-0.099345,-0.000846,0.156897,0.091563,0.03341,0.054073,-0.024931,0.028342,-0.05177,-0.031583,0.059042,-0.052893,-0.112571,0.118391,0.184801,-0.102501,-0.081855,-0.023008,-0.067806,-0.14899,0.037314,-0.049456,-0.069422,-0.061462,0.070741,0.010321,-0.07726,0.032,-0.011299,-0.026731,0.043205,-0.108091,0.034269,0.01783,0.013124,0.007773,0.004292,-0.053879,0.103493,0.019404,-0.025398,0.013836,-0.129776,0.04946,0.046496,-0.023158,0.030922,-0.074143,-0.014061,-0.068274,-0.094801,-0.109514,0.041659,-0.038395,-0.056015,0.032264,-0.039503,-0.117881,0.097432,0.071874,0.055754,0.054715,0.07905,0.060823,-0.035334,0.113847,-0.18635,-0.029048,0.066256,-0.058873,0.004506,-0.050448,0.060788,0.155002,-0.126917,-0.114979,0.10992,-0.079019
canon_Task_00305,0.038856,0.048982,0.11535,-0.078895,-0.058849,-0.074449,0.050393,0.072994,0.00995,-0.069746,0.048251,0.090618,-0.037756,0.152476,0.154049,-0.091916,0.01653,-0.029466,-0.044192,-0.042748,0.131677,0.038906,-0.135132,-0.010676,-0.117859,0.113385,-0.057285,0.05749,0.049296,-0.053141,-0.00629,-0.048393,0.015099,-0.028713,-0.021596,-0.041127,-0.029071,-0.021782,-0.054739,0.101983,-0.17585,0.149521,-0.08449,0.040464,-0.015889,-0.022698,0.054695,0.05815,-0.029944,0.022568,-0.187813,0.189071,0.098336,0.121128,0.064163,0.089479,-0.10518,0.103638,-0.024356,0.04786,0.136179,-0.099756,-0.056912,0.148279,0.15343,-0.041953,-0.01343,-0.048473,-0.088031,-0.13602,0.012449,-0.109009,-0.087878,-0.096092,0.067037,0.076773,-0.071955,0.101166,-0.043789,-0.065108,0.022057,-0.164189,0.0572,0.040638,-0.136894,-0.035011,-0.012976,-0.162924,0.099129,-0.033613,-0.176774,0.122242,-0.137435,0.033284,0.064736,-0.076875,0.029166,-0.090866,-0.01437,-0.037118,-0.137056,-0.109429,0.09133,-0.031703,-0.138022,0.147924,0.043735,-0.088668,0.05457,0.038742,0.045891,-0.007382,0.03892,0.001522,-0.111672,0.088031,-0.237372,-0.132056,0.111248,-0.033058,-0.047491,-0.110101,0.100335,0.102016,-0.149897,-0.145566,0.106566,-0.095733
canon_Task_00310,0.3553,0.43302,0.011919,-0.217052,-0.145927,-0.298294,0.21736,0.325644,-0.160827,-0.374345,-0.019698,-0.043647,0.050001,0.634996,0.311976,0.014267,0.174509,0.224424,-0.445686,0.248831,0.272309,0.433047,-0.189193,-0.648845,-0.267708,0.377986,-0.050298,0.372461,0.330163,0.157525,0.107074,-0.251014,-0.222795,0.147799,-0.155809,-0.327411,-0.391963,0.195539,0.268544,0.088845,-0.020728,-0.086325,-0.165643,0.302824,0.27119,0.190401,0.080252,0.157467,-0.254544,-0.187778,-0.489443,-0.015317,0.676473,0.822686,0.066343,0.100227,-0.071388,0.319879,-0.417771,-0.3844,-0.026779,-0.422574,0.077559,0.082571,0.253085,-0.303713,-0.793725,0.291423,-0.386127,-0.271283,-0.196797,-0.483504,-0.067023,-0.09214,0.164378,0.055184,-0.322766,-0.005867,-0.120294,-0.106991,-0.284159,-0.161629,0.121185,0.305273,0.149921,0.280203,-0.167229,-0.407932,0.432817,0.098835,-0.233477,-0.055826,-0.388503,0.20467,0.257294,0.230169,-0.132304,-0.108431,-0.041755,-0.531546,-0.556114,-0.204586,0.160841,-0.234587,-0.436293,-0.278157,0.057469,-0.159846,0.202401,-0.016913,-0.190568,-0.268497,-0.320221,0.295617,0.082886,0.32669,-0.129977,0.153683,0.108206,-0.359096,-0.465694,-0.065822,0.378591,0.245633,-0.07344,-0.286399,-0.028165,-0.140266
canon_Task_00311,0.390918,0.425388,-0.016172,-0.201374,-0.16692,-0.274105,0.207122,0.359638,-0.173231,-0.367184,0.028475,-0.064539,0.05829,0.687456,0.328331,0.004597,0.160779,0.26482,-0.453935,0.242781,0.250398,0.448645,-0.20243,-0.684916,-0.286327,0.427434,-0.025615,0.403237,0.350529,0.187547,0.101206,-0.251896,-0.2341,0.132716,-0.162137,-0.306615,-0.377696,0.214677,0.288759,0.098647,-0.001449,-0.089427,-0.170603,0.268682,0.27778,0.183294,0.085383,0.150437,-0.244694,-0.184544,-0.490632,-0.035545,0.764434,0.849923,0.106131,0.120144,-0.06062,0.330964,-0.437044,-0.38321,-0.043086,-0.430707,0.072827,0.110276,0.273686,-0.322522,-0.801503,0.322485,-0.401631,-0.294385,-0.208253,-0.499859,-0.061224,-0.101854,0.176116,0.035269,-0.339769,0.064877,-0.112526,-0.11071,-0.304989,-0.162697,0.114124,0.333454,0.198678,0.293339,-0.182474,-0.428355,0.464203,0.073655,-0.225763,-0.050432,-0.410883,0.267977,0.288047,0.226466,-0.158746,-0.148024,-0.017397,-0.586778,-0.613075,-0.218769,0.139231,-0.254921,-0.448593,-0.268599,0.047336,-0.156266,0.22015,-0.023189,-0.173061,-0.292618,-0.340111,0.342357,0.106048,0.342803,-0.144048,0.168441,0.1354,-0.340919,-0.48305,-0.078005,0.386727,0.232439,-0.048764,-0.298823,0.003265,-0.16855
canon_Task_00312,0.093906,-0.021729,0.032179,-0.003109,-0.025151,-0.024401,0.075315,0.053639,0.048758,-0.02104,0.01415,0.013723,0.00946,0.111989,0.146962,-0.047258,0.039269,0.019228,-0.075633,-0.029728,0.092105,0.060446,-0.102276,-0.012712,-0.104472,0.105828,-0.033442,0.043238,0.075186,-0.006876,-0.00093,-0.013277,-0.023544,0.026398,-0.040235,-0.065971,-0.031702,-0.005132,0.029738,0.108498,-0.081003,0.079888,-0.013806,0.003051,0.009097,-0.015983,-0.011856,0.019155,-0.021198,-0.033503,-0.104857,-0.000682,0.15528,0.106018,0.060366,0.055675,-0.048115,0.032639,-0.055808,-0.034853,0.084941,-0.06323,-0.070507,0.147754,0.181092,-0.108255,-0.10001,0.00307,-0.071091,-0.156361,0.02075,-0.063386,-0.084574,-0.061303,0.079745,-0.040475,-0.083267,0.013254,-0.022221,-0.036325,0.031324,-0.13929,0.017312,0.03817,0.002578,0.015851,-0.005299,-0.061573,0.090441,0.043876,-0.063257,0.036237,-0.114095,0.076451,0.071339,-0.008895,-0.004196,-0.076767,-0.028623,-0.077322,-0.083937,-0.13917,0.026365,-0.048957,-0.092745,0.036091,-0.036375,-0.098023,0.082799,0.039867,0.056061,0.023939,0.077681,0.0858,-0.009903,0.098709,-0.160959,-0.032082,0.058451,-0.080245,-0.026292,-0.063598,0.043289,0.139078,-0.114139,-0.126037,0.119085,-0.088599
canon_Task_00314,0.073275,-0.057668,-0.064623,-0.063928,-0.10683,0.05548,0.001677,0.090096,0.120437,-0.064087,-0.070161,0.00719,0.011836,0.17299,0.245829,-0.123708,-0.022983,-0.067383,-0.154588,0.030625,0.20718,0.074255,-0.114595,-0.007471,-0.051712,0.104733,-0.054288,0.056961,0.155008,-0.001943,-0.090067,-0.10544,-0.005435,0.011572,-0.016809,-0.02737,-0.122396,-0.13021,0.129519,0.074979,-0.063686,0.18529,-0.041704,-0.05073,0.043961,-0.001492,0.104291,0.085665,-0.104473,-0.079616,-0.090313,-0.014755,0.124054,0.10186,0.20972,-0.088674,-0.092109,-0.009026,0.043085,-0.117486,0.118624,-0.069241,-0.051539,0.161036,0.170643,-0.009188,-0.113575,0.065803,-0.020108,-0.320523,-0.050144,-0.122535,-0.161191,0.024789,0.034817,-0.0754,-0.030923,0.060523,-0.127099,-0.009828,-0.07185,-0.10037,0.117478,0.006433,0.007337,-0.133136,0.086318,-0.084178,0.257851,-0.03076,-0.097423,-0.006883,-0.181147,0.024095,0.119405,-0.042192,-0.09818,-0.027898,-0.082166,-0.088288,-0.075537,-0.035957,0.003486,-0.045756,-0.229541,0.04804,-0.114403,-0.016643,0.04978,0.045449,-0.001194,0.053339,0.061609,0.069398,-0.151608,0.137726,-0.098347,-0.04375,-0.019272,-0.153213,-0.1744,-0.060893,-0.066923,0.168951,-0.140527,-0.117781,0.107969,-0.043849
canon_Task_00317,0.060753,0.056718,0.083456,-0.107796,-0.027064,0.030516,0.060424,0.164438,0.074952,0.02021,0.029003,0.030268,0.03816,0.207178,0.120168,-0.125423,0.143526,0.048551,-0.092162,0.035502,0.05709,0.068764,-0.158108,-0.01494,-0.197495,0.026552,-0.164842,0.033612,0.031287,0.080987,-0.036592,0.099392,-0.154032,0.001984,0.05635,-0.033835,0.023419,0.040052,0.047729,0.060155,-0.147981,0.078324,0.058624,0.00441,0.013492,-0.009789,0.007574,0.004478,0.04076,0.048626,-0.082449,0.084907,0.159479,0.137813,0.034058,0.060273,-0.042774,0.206147,-0.045359,0.034985,0.070472,-0.119082,-0.13228,0.17339,0.262975,-0.129389,-0.17329,0.019943,-0.125436,-0.128982,0.075706,-0.134193,-0.062113,-0.153679,0.079358,-0.007493,-0.025239,-0.001948,-0.027312,0.050926,0.11707,-0.055409,0.02861,0.054801,-0.026095,0.07814,0.105526,-0.052694,0.005226,0.06298,-0.10866,0.001283,-0.184499,0.035873,0.141982,0.066885,-0.002809,-0.182562,0.041158,-0.074968,-0.15495,-0.000603,0.074478,-0.046882,-0.17274,0.095859,-0.0179,-0.118905,0.045153,0.06736,0.137798,0.064536,0.049695,0.111545,-0.032467,0.099708,-0.212893,-0.010384,0.111748,0.000378,-0.05667,-0.122482,0.10687,0.064757,-0.116454,-0.057154,-0.048526,-0.120563
canon_Task_00318,0.11308,0.269793,0.255146,-0.260917,-0.016011,0.076736,0.242717,0.206519,0.114337,-0.221508,0.043208,0.081202,-0.113028,0.48013,0.227098,-0.282385,0.397102,0.204383,-0.274622,0.032733,0.148058,0.074557,-0.21545,-0.186035,-0.548451,-0.113918,-0.439666,0.227437,0.040001,0.211343,0.0014,0.257348,-0.060446,-0.069764,0.056355,-0.072868,0.094475,0.031575,-0.042165,0.061976,-0.24012,0.069408,0.242256,-0.079853,-0.033208,-0.167829,0.034547,-0.085859,0.021558,0.160766,-0.348273,0.170424,0.442113,0.515957,-0.076487,0.115142,0.03257,0.62568,-0.149417,-0.079174,0.213713,0.014486,-0.066362,0.225718,0.399563,0.003401,-0.39135,0.212186,-0.305501,-0.108205,0.356129,-0.175791,0.160693,-0.275733,0.197363,0.034912,0.114281,-0.21835,-0.180462,0.189686,0.251908,-0.099063,0.014258,0.07384,-0.125791,0.127679,0.173259,-0.140658,-0.043981,0.093017,-0.156043,0.048611,-0.392667,0.128641,0.17061,0.186913,0.002,-0.38287,-0.083,-0.044921,-0.432107,0.116629,-0.14137,-0.0181,-0.47802,0.216623,-0.008076,0.052168,-0.193812,0.247653,0.26483,0.120163,-0.270082,0.345556,0.056013,0.032908,-0.09217,0.067349,0.266147,0.018071,-0.170367,-0.05486,0.170079,-0.080832,-0.040212,-0.021059,-0.129184,-0.111891
canon_Task_00319,0.104985,0.1279,0.148618,-0.166888,-0.004516,0.04543,0.087951,0.162587,0.078106,-0.105184,0.043528,0.075374,-0.024571,0.280846,0.140816,-0.156998,0.200635,0.087593,-0.139241,0.03302,0.096912,0.050283,-0.176563,-0.089847,-0.313061,0.001148,-0.243991,0.077583,0.038363,0.102897,0.002478,0.135,-0.120891,-0.021247,0.078302,-0.031412,0.006806,0.050646,-0.017433,0.056845,-0.170193,0.083451,0.093104,-0.016826,0.035157,-0.085917,0.019779,-0.046528,0.006574,0.067479,-0.191511,0.118117,0.23813,0.272902,0.006627,0.053339,-0.040438,0.3342,-0.088178,-0.017701,0.121151,-0.093454,-0.109029,0.194684,0.268405,-0.074024,-0.232308,0.073667,-0.205502,-0.095207,0.155907,-0.170015,0.007096,-0.179433,0.12162,0.0243,0.017981,-0.062359,-0.08525,0.084852,0.1603,-0.070804,0.041211,0.078884,-0.065027,0.067007,0.114105,-0.083252,-0.006649,0.08148,-0.153301,0.032259,-0.238433,0.073122,0.162622,0.094614,0.001246,-0.214359,0.011341,-0.072282,-0.211541,0.008427,0.00552,-0.047365,-0.256025,0.136263,0.010128,-0.070129,-0.039937,0.094807,0.16429,0.081551,-0.024588,0.145009,0.027046,0.057667,-0.122906,-0.005286,0.145398,0.021819,-0.061907,-0.099936,0.10216,0.011439,-0.100457,-0.052806,-0.07984,-0.134177
canon_Task_00320,0.059915,-0.039197,0.011708,-0.051803,-0.037693,-0.030695,0.066086,0.025661,0.025929,0.014088,0.003929,0.006014,-0.001193,0.097809,0.111009,-0.082718,0.070886,0.018911,-0.077605,0.042888,0.075818,-0.020604,-0.119021,-0.006316,-0.112233,0.052742,0.001842,-0.020246,0.050555,-0.060638,0.01675,0.02095,-0.020664,0.079105,-0.015002,-0.055072,-0.045579,-0.06046,0.008992,0.080747,-0.075393,0.086866,-0.045269,0.030693,0.029639,-0.014219,0.002702,0.064164,0.026788,-0.021629,-0.076539,0.015329,0.129841,0.055942,0.059097,0.052536,-0.027994,0.004235,-0.000959,-0.026284,0.071454,-0.06605,-0.106736,0.126687,0.166749,-0.08067,-0.071933,-0.017573,-0.045244,-0.148717,0.022351,-0.029447,-0.059314,-0.073643,0.063817,-0.029732,-0.06399,-0.020812,-0.017492,-0.009646,0.026245,-0.118749,0.032482,0.018816,-0.006383,-0.019061,-0.010874,-0.014444,0.087668,0.023885,-0.033592,-0.004136,-0.120034,0.007757,0.011749,0.000363,0.027041,-0.02307,-0.040849,-0.034597,-0.063697,-0.115391,0.054159,-0.053516,-0.059658,0.077591,-0.068393,-0.110591,0.094551,0.034902,0.031769,0.049263,0.099203,0.005244,-0.034212,0.117817,-0.178145,-0.03898,0.028964,-0.044152,-0.02939,-0.042823,0.066804,0.171888,-0.143552,-0.120896,0.133272,-0.078686
canon_Task_00321,0.070344,-0.014149,0.034267,-0.039803,-0.057757,-0.021085,0.073087,0.070147,0.066093,-0.001968,-0.01414,0.020091,0.025107,0.09876,0.10981,-0.064461,0.079503,0.04407,-0.085555,-0.022698,0.081584,0.051211,-0.072595,-0.050789,-0.094873,0.068926,-0.023401,0.010916,0.104185,0.009363,0.014707,0.043415,-0.044878,0.05232,-0.072395,-0.040583,0.033302,0.004853,0.042471,0.056828,-0.110991,0.102506,-0.013252,0.010725,0.047552,0.009267,-0.027864,0.027406,-0.000324,0.001421,-0.109508,-0.001195,0.15222,0.127592,0.061952,0.037415,-0.046776,0.020405,-0.042817,-0.048072,0.094127,-0.077799,-0.113556,0.123145,0.194239,-0.116853,-0.0889,-0.016518,-0.066445,-0.178157,0.019304,-0.017788,-0.067021,-0.067169,0.083925,-0.003316,-0.058229,0.03516,-0.032016,-0.014755,0.002194,-0.112864,0.032019,0.034567,0.023334,0.005497,0.025219,-0.074034,0.116235,0.018651,-0.070538,0.006003,-0.113327,0.0329,0.064633,-0.022086,0.05772,-0.095716,-0.032441,-0.018282,-0.099015,-0.077992,0.050342,-0.056573,-0.100286,0.045566,-0.058702,-0.087527,0.107979,0.062656,0.034075,0.029973,0.053752,0.092314,-0.033364,0.148383,-0.170926,-0.024202,0.05369,-0.047132,-0.032344,-0.039953,0.057382,0.118803,-0.132685,-0.127139,0.085159,-0.093767
canon_Task_00322,0.271689,0.00304,0.398789,-0.139168,-0.050585,-0.20898,0.00081,0.057653,0.041425,0.033084,-0.080201,0.084773,-0.113058,0.490749,0.387673,-0.083547,0.600528,-0.11362,0.213246,-0.316227,0.416065,0.300949,-0.353157,-0.365272,-0.118291,0.087098,-0.378129,-0.385703,0.143095,-0.017222,0.115611,0.313244,-0.005209,0.527098,0.118531,0.190443,0.07405,-0.028703,-0.17858,0.311183,-0.518773,0.219281,0.402277,0.269351,-0.246775,-0.320434,-0.23895,0.029703,-0.135151,0.1492,-0.009972,0.146799,0.213431,0.123951,0.048781,0.029462,-0.313566,0.008041,-0.117873,0.032563,0.312033,-0.170238,-0.321577,0.198111,0.538524,-0.392886,0.01122,-0.049682,-0.094917,-0.259192,-0.041228,-0.057308,-0.153521,-0.281574,0.20438,-0.000765,-0.491008,-0.192436,-0.288004,0.052986,-0.216018,-0.285769,0.04023,0.115515,-0.053861,-0.42292,0.012344,-0.378219,0.091277,-0.258817,-0.22815,-0.182516,-0.189754,0.036373,0.426836,0.026478,0.234604,-0.295472,-0.36301,-0.169431,-0.007901,-0.206294,-0.014266,-0.106746,-0.228759,-0.090874,0.079689,-0.05603,0.48321,0.474367,0.064622,-0.07938,0.176192,0.198493,-0.599834,0.568449,-0.49272,-0.020328,0.508166,0.083503,0.252301,0.080157,0.143139,0.28046,-0.194164,-0.190498,0.141533,0.115882
canon_Task_00323,0.478133,-0.063935,0.727308,-0.356573,-0.170371,-0.531012,0.009646,0.116088,0.036305,0.098319,-0.199336,0.076568,-0.237871,1.044534,0.850775,-0.254065,1.229263,-0.261298,0.350359,-0.607041,0.838261,0.584569,-0.814393,-0.644687,-0.275642,0.242965,-0.685558,-0.763927,0.388223,-0.079901,0.142539,0.577307,-0.104121,1.050918,0.169161,0.37348,0.081936,-0.014075,-0.262604,0.631041,-0.955662,0.428611,0.724007,0.596863,-0.453914,-0.574638,-0.490166,0.089182,-0.192741,0.228173,-0.046366,0.273895,0.475907,0.249409,0.106866,0.05762,-0.676083,0.061276,-0.261975,0.072937,0.660828,-0.374736,-0.655628,0.421731,1.147961,-0.829521,-0.064737,-0.118148,-0.193408,-0.654722,-0.058908,-0.213461,-0.404183,-0.640077,0.421524,0.01342,-1.007152,-0.376584,-0.560448,0.051421,-0.417618,-0.580031,0.105902,0.213501,-0.087984,-0.760905,-0.003058,-0.732562,0.199568,-0.506806,-0.453995,-0.310433,-0.512612,0.070281,0.862666,0.137382,0.459225,-0.584358,-0.724952,-0.368199,-0.032036,-0.414334,0.026192,-0.221483,-0.37865,-0.171961,0.091279,-0.275421,0.987646,0.952346,0.081988,-0.023886,0.442594,0.368761,-1.192709,1.163395,-1.206207,-0.075945,0.919351,0.12789,0.455787,0.169778,0.274869,0.670264,-0.399254,-0.385649,0.382892,0.187262
canon_Task_00324,0.088792,-0.051327,0.065023,-0.18782,-0.062548,-0.117682,0.285045,0.120157,0.062672,0.063108,0.32554,0.251564,0.000858,0.211486,-0.050923,-0.042765,0.088896,0.529665,0.052652,-0.309056,0.364261,0.201108,-0.112861,-0.292922,-0.150194,0.331621,-0.246436,0.402363,0.308045,0.121462,-0.101087,0.062204,0.050779,0.003003,0.24216,-0.217661,0.051633,0.025965,0.189475,0.032225,-0.250615,0.298865,-0.521557,-0.071336,0.158796,-0.148944,-0.032432,-0.010538,-0.355977,0.099907,-0.023687,0.159264,0.381284,0.413864,0.298696,-0.017396,0.052465,0.160838,-0.162664,-0.127381,0.073786,-0.13153,-0.036505,0.055271,0.272807,-0.016201,-0.310267,0.391285,-0.058064,-0.252865,0.033162,-0.250598,0.137425,-0.199622,0.06931,0.172183,-0.098918,-0.009237,-0.151008,-0.10973,-0.060389,-0.26601,-0.074222,0.112888,0.136791,-0.258546,0.216728,-0.527692,0.162645,0.293198,-0.181143,-0.036889,-0.455426,-0.110409,-0.042989,-0.152458,0.155662,-0.398987,-0.023392,-0.079123,-0.527741,-0.336115,0.058295,-0.150487,-0.172851,0.105816,-0.246445,-0.385639,0.198353,0.128662,0.231405,-0.084809,-0.135627,0.186664,-0.050406,0.421061,-0.198298,0.096191,0.2532,-0.101689,-0.184283,0.089749,0.231007,0.180983,-0.361211,-0.451868,-0.170876,-0.165054
canon_Task_00325,0.035848,-0.018072,0.026316,-0.029675,-0.051955,-0.008577,0.026334,0.063377,0.062211,-0.009661,-0.016687,0.000637,0.01831,0.13813,0.143368,-0.067413,0.077671,-0.010545,-0.07795,-0.017685,0.095301,0.041558,-0.120397,-0.016852,-0.0953,0.110961,-0.013404,0.007098,0.098966,0.017846,0.000943,-0.000779,-0.037798,0.002555,-0.033591,-0.047326,-0.023974,-0.008114,0.024178,0.084705,-0.114969,0.076271,-0.028559,0.021154,0.017842,0.011107,-0.018011,0.0429,0.007598,0.003009,-0.096179,0.037954,0.136853,0.095326,0.035374,0.035585,-0.053897,0.07739,-0.051849,-0.027838,0.075242,-0.058932,-0.079849,0.135235,0.192166,-0.088594,-0.086615,-0.01467,-0.068991,-0.169068,0.024404,-0.071612,-0.096441,-0.069264,0.061023,-0.02269,-0.070536,0.036059,-0.035261,-0.050412,-0.003393,-0.130668,0.021387,0.022144,-0.017745,-0.001941,0.014813,-0.054575,0.06106,0.000302,-0.067035,0.038942,-0.109791,0.05113,0.091243,0.007884,0.018202,-0.079703,-0.021618,-0.081584,-0.096241,-0.107003,0.007717,-0.032394,-0.06735,0.03251,-0.056371,-0.109476,0.110774,0.069589,0.065454,0.047508,0.060553,0.090676,-0.055651,0.111788,-0.198073,-0.052142,0.057004,-0.057662,0.005975,-0.054694,0.067218,0.130998,-0.112921,-0.112752,0.106882,-0.06681
canon_Task_00326,0.060318,-0.038397,0.024498,-0.044951,-0.037266,-0.013785,0.057992,0.05379,0.046525,-0.017566,0.010134,-0.002421,-0.006008,0.103702,0.131505,-0.080409,0.018294,-0.00131,-0.104715,0.025125,0.045664,0.022452,-0.08661,-0.019864,-0.116569,0.112859,0.024314,-0.00692,0.069214,-0.054701,0.01382,-0.035788,-0.044225,0.035232,-0.075164,-0.039635,-0.038997,-0.001162,0.051508,0.104663,-0.060394,0.05593,-0.017866,0.006178,0.059527,0.015686,-0.022212,0.046367,0.019744,-0.044202,-0.152616,0.002249,0.158359,0.094907,0.068217,0.099568,-0.024094,0.025268,-0.021046,-0.029957,0.065494,-0.080872,-0.126879,0.149888,0.19425,-0.082377,-0.051717,-0.063535,-0.079047,-0.137871,0.034269,-0.046382,-0.079049,-0.069415,0.081744,-0.004339,-0.065144,0.064947,-0.001599,0.026325,0.023309,-0.125694,0.055828,0.059946,-0.003444,-0.003055,0.002556,-0.011541,0.103489,0.051719,-0.045072,0.037198,-0.128526,0.081982,0.05175,0.021086,-0.048256,-0.039054,-0.015131,-0.060495,-0.065079,-0.137702,0.039316,-0.042372,-0.067328,0.068637,-0.035688,-0.141135,0.072216,0.055389,0.031707,0.063487,0.117443,0.042204,0.005954,0.099402,-0.181467,-0.05366,0.048983,-0.060542,-0.015854,-0.044427,0.048081,0.138095,-0.142793,-0.122725,0.163389,-0.084707
canon_Task_00327,0.185145,-0.154149,-0.106134,0.184885,0.26518,-0.047562,0.223522,0.115795,0.164138,0.412519,0.034041,0.249707,0.115478,0.443794,0.090984,0.173984,-0.048152,0.466131,0.064566,-0.269157,0.480844,0.244644,-0.31618,-0.013655,-0.185841,0.502333,-0.258468,0.251378,0.42288,-0.002883,-0.000262,-0.061331,0.280891,-0.181889,0.477608,-0.040879,0.146569,-0.206109,-0.063836,0.241598,-0.813564,0.038309,-0.579412,-0.190538,-0.06918,-0.484918,0.102785,-0.124306,-0.311089,0.062475,-0.439288,0.253334,0.72682,0.466026,0.196616,0.152212,-0.245507,0.320711,-0.273611,0.119676,0.098899,-0.163664,0.123038,0.49514,0.441633,0.238657,-0.020973,0.222649,0.008208,-0.485947,0.145481,-0.121132,0.090237,0.042473,0.365392,0.087331,-0.723749,-0.316737,-0.043435,-0.086844,0.095711,-0.617625,0.152888,-0.177036,-0.181883,-0.545172,-0.081646,-0.463474,0.314503,-0.122177,0.174145,0.117185,-0.199223,-0.174049,-0.080443,-0.220566,0.33759,-0.339617,-0.208112,-0.06955,-0.350338,-0.435531,0.106548,-0.171811,-0.429417,0.225482,-0.094797,-0.63766,0.240175,0.001069,0.422168,-0.039773,0.150054,0.088668,0.272184,0.347207,-0.52586,-0.019408,0.349393,-0.102693,-0.129413,-0.115066,0.2189,0.587838,-0.429195,-0.369172,0.157254,-0.006761
canon_Task_00328,0.218736,-0.181884,-0.117662,0.181495,0.297977,-0.042548,0.232861,0.139197,0.162165,0.469623,-0.004164,0.282402,0.110155,0.497816,0.08008,0.191538,-0.057569,0.610569,0.06773,-0.342433,0.550516,0.289069,-0.408673,-0.049687,-0.207324,0.55743,-0.285738,0.280426,0.509663,-0.000794,-0.025085,-0.081895,0.292723,-0.219057,0.536629,-0.060332,0.148318,-0.23394,-0.033287,0.232534,-0.922457,0.044832,-0.732939,-0.206674,-0.058794,-0.545921,0.114785,-0.151882,-0.415897,0.068056,-0.492535,0.252105,0.874307,0.546753,0.277932,0.184461,-0.268462,0.393927,-0.326244,0.10366,0.13593,-0.166224,0.114807,0.544937,0.528432,0.274335,-0.073098,0.273824,-0.007833,-0.601207,0.157901,-0.133528,0.123376,0.047377,0.40913,0.123221,-0.836685,-0.325964,-0.074755,-0.07292,0.087988,-0.689978,0.197281,-0.19361,-0.186654,-0.652384,-0.059249,-0.533047,0.412838,-0.127638,0.157975,0.134778,-0.299625,-0.216968,-0.114839,-0.238274,0.418115,-0.369905,-0.264649,-0.092442,-0.408724,-0.506828,0.095993,-0.196891,-0.489177,0.236184,-0.155111,-0.766308,0.280795,0.002759,0.516169,-0.056521,0.170443,0.116364,0.29331,0.437109,-0.63656,-0.009471,0.413112,-0.10169,-0.150862,-0.115899,0.289271,0.669284,-0.490865,-0.430798,0.196711,-0.020727
canon_Task_00329,0.215699,-0.224435,-0.113146,0.226208,0.326779,-0.047842,0.250467,0.119161,0.175824,0.496026,-0.033363,0.269118,0.137943,0.504479,0.113196,0.186496,-0.030115,0.61233,0.078639,-0.31554,0.580291,0.304713,-0.391457,-0.043079,-0.223618,0.605236,-0.307166,0.300919,0.518445,0.002945,-0.04154,-0.083932,0.328297,-0.221444,0.585976,-0.058334,0.160636,-0.284504,-0.036267,0.290104,-0.982142,0.025202,-0.712908,-0.21772,-0.060385,-0.57543,0.120803,-0.152148,-0.412963,0.079563,-0.497626,0.255593,0.927861,0.532756,0.251882,0.226565,-0.287045,0.422199,-0.32961,0.107903,0.117999,-0.176457,0.129407,0.564886,0.536742,0.314928,-0.047769,0.255501,0.014902,-0.604387,0.200965,-0.162927,0.108933,0.041566,0.440934,0.107987,-0.88195,-0.360588,-0.05333,-0.074375,0.099609,-0.719692,0.202053,-0.203442,-0.235683,-0.697171,-0.06397,-0.550821,0.429787,-0.129167,0.209509,0.119584,-0.297094,-0.241721,-0.135641,-0.238829,0.41799,-0.416788,-0.298457,-0.071395,-0.380365,-0.538636,0.111414,-0.206821,-0.484359,0.242693,-0.146612,-0.802265,0.280632,0.014047,0.534576,-0.061931,0.196975,0.105743,0.287699,0.438966,-0.652898,-0.012848,0.427508,-0.128811,-0.120313,-0.127627,0.285305,0.745653,-0.526797,-0.412896,0.188836,-0.023306
canon_Task_00330,0.077092,-0.016969,0.020987,-0.027847,-0.04302,-0.017524,0.055167,0.049891,0.026643,-0.015725,0.042709,0.045153,0.009875,0.141762,0.138551,-0.060404,0.024018,0.003437,-0.074372,-0.02374,0.090429,0.059007,-0.111886,-0.028739,-0.121249,0.116165,-0.017081,0.032506,0.093331,-0.004253,-7.8e-05,-0.022956,-0.016185,-0.001243,-0.016273,-0.040941,0.006931,0.00239,0.01488,0.088612,-0.071417,0.125116,-0.024752,0.029878,0.021465,-0.002509,-0.030806,0.033387,-0.018892,-0.000852,-0.084436,0.045957,0.148983,0.076697,0.089286,0.029619,-0.051721,0.026182,-0.027966,0.0043,0.075882,-0.059006,-0.091276,0.125237,0.180618,-0.102587,-0.083073,-0.023858,-0.061974,-0.169314,0.022075,-0.053501,-0.064908,-0.057868,0.063791,-0.010066,-0.071421,0.050251,-0.023974,-0.005893,0.008231,-0.121433,0.049456,0.058835,-0.004822,-0.010135,0.014511,-0.092508,0.103246,0.010621,-0.045704,0.062477,-0.114358,0.073597,0.080234,-0.028012,-0.01449,-0.102688,-0.035294,-0.081848,-0.101673,-0.103223,0.035275,-0.043977,-0.095079,0.056016,-0.015168,-0.095812,0.109732,0.067188,0.064243,0.039815,0.046226,0.07138,-0.056574,0.130311,-0.180017,-0.036047,0.078094,-0.024816,-0.022175,-0.031773,0.037725,0.1069,-0.13128,-0.144643,0.081037,-0.075205
canon_Task_00333,0.027291,0.252494,-0.02508,-0.107416,-0.028086,0.098215,0.181828,0.191615,0.00087,-0.15663,0.13429,0.152031,-0.034431,0.108642,0.293689,-0.13839,0.041064,-0.311409,-0.230985,-0.084405,0.118534,0.065358,-0.11202,-0.241158,-0.268613,0.193862,-0.018916,0.026679,-0.102511,-0.120048,0.057475,-0.27692,-0.022575,0.050042,-0.332123,0.103574,0.083848,-0.026546,0.003049,0.165692,-0.168852,0.239574,0.014966,0.013306,-0.102592,0.160858,0.046662,0.202889,-0.291333,0.037298,-0.184619,-0.06327,0.166985,0.228072,0.120554,0.047045,-0.097853,-0.027926,-0.106008,0.177621,0.189472,0.10065,-0.358707,-0.07684,0.313879,-0.147637,-0.01955,-0.085341,-0.195924,0.067232,-0.029604,-0.302804,0.044146,-0.175331,0.303163,0.107449,-0.283636,0.085049,0.035132,-0.044669,0.210084,-0.141637,-0.034907,0.175227,-0.045373,-0.070759,-0.089968,-0.153952,0.198098,-0.064637,-0.336534,0.200729,-0.199111,0.340336,-0.224962,-0.153259,0.06199,-0.11173,-0.090102,-0.069183,-0.302135,-0.148391,0.136665,-0.178148,-0.205408,0.021625,0.258437,-0.165038,0.132811,0.045857,-0.181056,-0.091818,0.164747,-0.064991,-0.031363,0.030983,-0.081506,-0.153339,0.113364,-0.134791,-0.085595,0.011668,-0.193324,0.317576,-0.404361,-0.539549,0.070744,-0.087757
canon_Task_00334,0.032817,0.239661,-0.040507,-0.072244,0.059842,0.104176,0.217177,0.173829,-0.054705,-0.115148,0.160679,0.19795,-0.046667,0.110426,0.284348,-0.139712,0.003888,-0.248708,-0.24045,-0.051572,0.128351,0.006249,-0.145722,-0.259221,-0.281873,0.143378,0.040766,0.081396,-0.112245,-0.129887,0.08183,-0.241102,-0.081388,0.068929,-0.364937,0.093648,0.036779,-0.050874,-0.075861,0.207659,-0.208494,0.271103,-0.079037,0.049838,-0.12852,0.238226,0.04936,0.219355,-0.288466,0.053671,-0.268586,-0.061271,0.160735,0.313835,0.11942,0.073906,-0.131547,-0.043491,-0.135437,0.265927,0.201682,0.113121,-0.259809,-0.077395,0.332721,-0.203531,0.004313,-0.143807,-0.222821,0.06833,-0.032707,-0.35742,0.063238,-0.199861,0.361615,0.153929,-0.353992,0.131517,0.042805,-0.106604,0.286328,-0.171699,-0.054666,0.255509,-0.017282,-0.045627,-0.082123,-0.106376,0.165552,-0.035775,-0.305414,0.259752,-0.169408,0.421454,-0.283206,-0.172337,0.090963,-0.162936,-0.022721,-0.096834,-0.345074,-0.143524,0.131698,-0.219835,-0.164633,0.035218,0.314406,-0.192708,0.102136,0.0207,-0.148554,-0.116187,0.256924,-0.090843,0.058048,0.037078,-0.059021,-0.227758,0.099186,-0.139846,-0.063156,-0.018982,-0.116392,0.362402,-0.516271,-0.556769,0.049787,-0.126604
canon_Task_00335,0.025645,-0.087454,0.005963,-0.078407,-0.031426,0.038891,0.066158,0.068954,-0.000874,-0.044048,0.089627,0.157493,-0.014869,0.164889,0.089957,-0.022853,-0.010947,0.073275,-0.061867,0.022239,0.044234,0.104245,-0.129223,-0.07156,-0.153877,0.119101,-0.06625,0.023922,0.060954,-0.021461,0.028275,-0.096694,0.054304,0.015099,-0.082395,-0.098547,0.021616,-0.111999,-0.030693,0.138048,-0.069339,0.101378,-0.018303,-0.002909,-0.009881,0.033822,0.04505,0.055452,-0.073264,-0.037298,-0.065008,0.030431,0.201103,0.103082,0.091524,0.059947,0.02771,0.074984,-0.043803,-0.013539,0.094582,-0.101159,-0.166504,0.136529,0.190416,-0.100329,-0.053488,0.031418,-0.091053,-0.154855,0.106241,-0.058065,-0.027878,-0.08738,0.077283,0.04726,-0.109393,0.025884,-0.008914,0.007604,0.099419,-0.109614,0.005069,0.102068,0.027103,0.083976,-0.05658,-0.101309,0.067787,0.052408,-0.020345,0.121796,-0.108267,0.125319,0.077727,-0.045028,0.00628,-0.084966,0.019777,-0.084587,-0.084461,-0.111041,0.024072,-0.123847,-0.146636,0.134314,-0.021366,-0.017355,0.131393,0.055798,0.053016,0.007366,0.045949,0.055629,0.027033,0.087003,-0.188918,-0.035705,0.047357,-0.091981,-0.057748,-0.069499,0.053544,0.078731,-0.213439,-0.172748,0.079093,-0.093344
canon_Task_00336,0.231708,0.1858,-0.24467,-0.066672,-0.136411,-0.062641,0.086467,-0.032726,0.13258,0.05283,-0.048172,0.092315,0.146009,0.015426,0.493374,-0.278995,0.11813,0.341254,-0.308441,-0.033719,0.032516,0.332306,0.274029,-0.238052,-0.172993,0.047548,-0.18756,0.285247,0.172595,-0.02039,0.160847,0.298315,0.104628,0.333385,-0.365312,-0.050754,0.047622,0.106453,0.204301,0.581214,-0.210246,-0.033737,0.000377,-0.070423,0.386438,-0.115815,-0.017841,0.117424,0.011021,-0.190178,-0.323482,-0.259455,0.410937,0.193064,0.113493,0.144488,0.020176,-0.015869,-0.290347,-0.212664,-0.308142,-0.343919,-0.364661,0.388363,0.345608,-0.118612,-0.212686,0.17567,0.04462,-0.101956,-0.121262,-0.005968,0.10598,-0.06821,0.255256,-0.006064,-0.233967,0.201572,-0.073485,0.051866,0.010759,-0.3955,0.068255,0.337592,0.048831,-0.002061,-0.058271,0.06918,0.260948,0.23619,-0.07115,-0.164108,-0.105864,0.133662,0.195902,-0.257146,-0.245515,-0.247577,-0.0067,-0.078011,-0.117271,-0.534054,-0.101734,-0.202319,-0.081614,0.047044,0.07592,-0.398285,0.142903,0.253439,0.107338,0.130576,0.297808,0.26288,0.084539,0.168037,0.07438,0.059524,0.327077,-0.179868,-0.096417,0.189029,-0.370889,0.389573,-0.443206,-0.432399,-0.017809,-0.382284
canon_Task_00337,0.258348,0.236432,-0.289663,-0.113695,-0.162934,-0.053824,0.093018,-0.046709,0.160727,0.093682,-0.078147,0.135822,0.15914,0.054069,0.602956,-0.375739,0.124451,0.447512,-0.406609,-0.028995,0.024515,0.400844,0.381969,-0.29409,-0.21454,0.058368,-0.21481,0.343707,0.182588,-0.055827,0.199736,0.377232,0.149905,0.43837,-0.490246,-0.080248,0.044551,0.105676,0.26596,0.760117,-0.263582,-0.050468,-0.030165,-0.10392,0.485336,-0.116117,-0.000895,0.175505,0.029894,-0.275624,-0.419242,-0.321134,0.510478,0.222253,0.153059,0.201009,0.025467,-0.043377,-0.33394,-0.255165,-0.394038,-0.441832,-0.486535,0.530374,0.468043,-0.127001,-0.249469,0.231697,0.027602,-0.113127,-0.181227,0.026256,0.165833,-0.095607,0.321093,0.01317,-0.308985,0.261814,-0.09382,0.076085,0.02489,-0.517233,0.088213,0.431356,0.037619,-0.012811,-0.11301,0.110951,0.317862,0.271734,-0.099452,-0.196803,-0.119347,0.151197,0.238655,-0.310689,-0.363696,-0.321192,0.002268,-0.10183,-0.133466,-0.673883,-0.123521,-0.259748,-0.106379,0.066419,0.090251,-0.504127,0.15574,0.318919,0.126205,0.178879,0.419357,0.32222,0.122665,0.224367,0.071824,0.053264,0.423881,-0.229133,-0.112613,0.264384,-0.462284,0.514248,-0.595695,-0.533769,0.008152,-0.509822
canon_Task_00338,0.304354,0.22995,-0.366308,-0.137494,-0.203431,-0.05782,0.11159,-0.057543,0.198252,0.087516,-0.084835,0.138248,0.199721,0.056303,0.751187,-0.482475,0.169058,0.51267,-0.485596,-0.025234,0.035584,0.48342,0.415301,-0.34512,-0.271452,0.067729,-0.256651,0.394117,0.257234,-0.056494,0.23542,0.401071,0.142561,0.510385,-0.567474,-0.068184,0.012413,0.128046,0.334008,0.87473,-0.310331,-0.063288,-0.040078,-0.145655,0.634994,-0.136801,-0.024132,0.243987,0.015114,-0.308382,-0.492832,-0.384331,0.639601,0.25955,0.206559,0.241609,0.048364,-0.037301,-0.362475,-0.321066,-0.471294,-0.510903,-0.584957,0.602973,0.557258,-0.126553,-0.273489,0.282609,0.041828,-0.176676,-0.199622,0.00737,0.157656,-0.114012,0.372125,0.004401,-0.368553,0.356499,-0.102232,0.091876,0.006683,-0.587873,0.129425,0.497291,0.069057,-0.045853,-0.10249,0.106291,0.394406,0.365185,-0.118048,-0.236291,-0.189097,0.180624,0.29404,-0.366027,-0.414941,-0.32838,-0.024158,-0.136944,-0.125985,-0.818242,-0.178347,-0.315916,-0.105233,0.082009,0.077595,-0.623157,0.151496,0.394884,0.155143,0.215815,0.504624,0.371758,0.096389,0.264411,0.046281,0.055083,0.495061,-0.292386,-0.1491,0.295093,-0.568086,0.609368,-0.668348,-0.623265,0.037415,-0.562532
canon_Task_00339,0.28033,0.223288,-0.320522,-0.119434,-0.185218,-0.069602,0.111304,-0.060112,0.177298,0.075639,-0.061409,0.138578,0.167124,0.055063,0.661976,-0.413717,0.157039,0.466111,-0.438338,-0.038814,0.030416,0.429267,0.379837,-0.306746,-0.212626,0.066793,-0.234208,0.369672,0.212199,-0.063385,0.214981,0.374385,0.143837,0.446436,-0.518124,-0.087654,0.034245,0.115469,0.286511,0.790195,-0.254146,-0.057661,-0.030962,-0.115349,0.52402,-0.135527,-0.010417,0.16915,0.03148,-0.29781,-0.445367,-0.344131,0.569559,0.250192,0.158523,0.216514,0.036954,-0.034125,-0.34334,-0.28342,-0.399018,-0.471754,-0.512073,0.553719,0.509104,-0.13665,-0.291962,0.255447,0.050542,-0.137863,-0.16873,5.1e-05,0.145953,-0.086815,0.316777,-0.007562,-0.329616,0.279473,-0.099879,0.0918,0.016659,-0.549969,0.111082,0.438418,0.057603,-0.003729,-0.092053,0.092453,0.36311,0.310845,-0.101424,-0.22848,-0.138685,0.184626,0.240712,-0.317418,-0.389372,-0.313702,-0.012102,-0.093814,-0.131378,-0.721907,-0.14164,-0.274677,-0.112639,0.063294,0.075882,-0.556365,0.168984,0.331704,0.144158,0.194864,0.452538,0.353044,0.129463,0.217018,0.090161,0.056292,0.448241,-0.261679,-0.149812,0.276029,-0.513992,0.525642,-0.605483,-0.580117,0.011497,-0.529377
canon_Task_00340,-0.056395,0.0378,-0.023239,-0.197645,0.182471,0.005548,0.07715,0.124164,0.337247,-0.375785,-0.046193,0.0444,-0.086195,0.370549,0.312059,-0.288658,0.145324,0.047732,0.02223,-0.256722,0.171708,0.153047,-0.169742,-0.184436,-0.365138,0.184249,-0.025156,0.175907,0.111897,0.013036,-0.032127,-0.225305,-0.055076,0.152124,0.033837,-0.110929,-0.128184,0.165659,0.10261,0.066904,-0.144858,0.100632,-0.081419,0.042972,0.121837,-0.02534,0.054931,0.156905,-0.186085,0.261243,-0.321584,0.039221,0.198537,0.157218,0.093499,0.17817,0.062989,0.030626,-0.048246,-0.092107,0.008877,0.133042,-0.02445,0.166475,0.320032,0.247747,-0.113713,-0.000872,-0.126256,-0.07937,-0.066407,-0.221667,-0.283316,-0.004013,0.152899,0.287351,-0.111617,0.286374,-0.343364,-0.156185,-0.055099,0.031939,-0.129008,-0.064814,0.024291,-0.341726,-0.042576,-0.296775,0.063653,0.146833,-0.353041,0.095995,-0.258168,0.134965,0.018831,-0.024328,-0.255913,-0.114708,-0.051795,-0.36527,-0.352514,-0.144261,-0.050309,0.038832,-0.131495,-0.274092,-0.202168,-0.37184,0.047474,0.21149,0.150711,0.100678,0.062902,0.062947,-0.026671,0.053406,-0.2433,-0.184029,0.37338,-0.156183,-0.001959,0.036326,-0.062635,0.023889,-0.125381,-0.259674,0.081517,-0.004172
canon_Task_00554,0.473509,-0.086409,0.175797,-0.234577,-0.295711,0.244461,0.69704,0.110707,0.23817,0.429809,-0.029685,-0.027666,0.23325,-0.092441,0.195197,-0.056459,0.527893,0.56855,-0.380709,0.019745,-0.199801,-0.042632,-0.555426,-0.723822,-0.569339,-0.140503,0.31129,-0.806421,0.259313,-0.391204,0.543465,0.112861,0.009662,0.563516,-0.872196,-0.208921,-0.395505,-0.61055,-0.254934,-0.087744,-0.310242,-0.11281,-0.531431,-0.292772,0.595883,-0.043727,-0.288909,0.103071,0.057061,-0.203936,-0.73052,-0.318385,0.967007,0.560639,0.628832,0.520745,0.221188,0.072498,0.180518,-0.459618,0.371344,-0.094102,-1.178673,0.46569,1.015544,-0.516764,-0.062211,-0.43788,-0.337433,-0.66902,0.027489,0.59412,-0.0592,-0.124997,0.244427,-0.241041,-0.327324,0.183966,-0.129758,0.333042,-0.231876,-0.703484,0.332744,0.09341,0.549643,-0.274875,-0.068348,-0.073601,0.595071,0.376576,-0.323276,-0.152183,-0.611887,0.323843,-0.0586,0.10583,0.591454,0.401549,-0.3911,0.078827,0.45583,-0.789018,0.028008,-0.830651,-0.3011,0.503612,-0.572826,-0.238332,0.434124,0.046215,0.18309,0.257813,0.657929,0.468588,-0.061128,0.884827,-0.991624,-0.218618,-0.025377,0.019322,-0.088552,-0.337815,0.564477,0.510973,-0.514122,-0.416211,1.324298,-0.483155
canon_Task_00576,0.183383,-0.064617,0.038862,-0.208413,-0.621351,-0.261794,0.319877,0.130186,0.56504,0.399176,0.463407,0.661943,0.080289,0.613811,0.469054,-0.095646,-0.057901,-0.337575,-0.444024,-0.2407,0.089345,0.644519,-0.315107,-0.457391,-0.668802,0.790528,-0.32142,0.171178,0.049818,-0.111555,0.061983,-0.422666,-0.095033,-0.41518,0.241274,-0.651121,-0.176243,0.132715,-0.167399,0.55152,-0.319724,0.192178,-0.307816,-0.152864,-0.163292,-0.042076,0.019217,0.177924,0.113763,0.492501,-0.73115,0.529554,0.87035,0.41241,0.438484,0.58353,-0.316301,0.607495,-0.202626,0.561446,-0.284099,-0.311546,-0.376974,0.772418,1.291136,-0.686924,-0.128432,-0.25082,-0.20744,-0.643237,0.452956,-0.399392,-0.444646,-0.691204,-0.039229,0.014968,-0.201904,0.862993,0.030821,-0.051377,0.195955,-0.489459,0.00446,0.678115,-0.068582,0.129564,0.245102,-0.504058,0.350934,0.757136,-0.147602,0.989554,-0.394837,0.669102,0.691084,-0.229343,0.083158,-0.670555,0.149578,-0.735516,-0.272875,-0.378702,-0.271259,-0.4785,-0.45297,0.353596,0.491792,-0.208878,0.459967,0.345694,0.786428,-0.107153,0.188936,0.05541,-0.330141,0.587762,-1.036178,-0.781826,0.625224,0.246175,-0.275846,-0.892978,0.569381,-0.342967,-0.738645,-0.528241,0.353634,-0.255775
